DATE,SYMBOL,DELIV_QTY,DELIV_PER
20261001,938113,50,100.0
20261001,938180,20,100.0
20261001,938212,1465,100.0
20261001,938214,1149,73.37
20261001,938218,291,100.0
20261001,938220,141,100.0
20261001,938222,590,100.0
20261001,938224,56,100.0
20261001,938226,344,100.0
20261001,938364,105,100.0
20261001,938370,258,100.0
20261001,938490,1,100.0
20261001,938524,10,100.0
20261001,938526,485,70.49
20261001,938530,1,100.0
20261001,938604,50,100.0
20261001,938634,108,100.0
20261001,938664,150,100.0
20261001,938706,25,100.0
20261001,938898,100,100.0
20261001,938904,8,100.0
20261001,938910,150,100.0
20261001,938916,26,100.0
20261001,939002,6,100.0
20261001,939010,46,100.0
20261001,939012,1200,100.0
20261001,939090,100,100.0
20261001,939148,200,100.0
20261001,939164,67,100.0
20261001,939166,253,100.0
20261001,939192,289,100.0
20261001,939194,100,100.0
20261001,939196,75,100.0
20261001,939198,380,100.0
20261001,939202,100,100.0
20261001,939212,50,100.0
20261001,939214,200,100.0
20261001,939216,1,100.0
20261001,939248,25,100.0
20261001,939264,40,100.0
20261001,939266,10,100.0
20261001,939299,59,100.0
20261001,939337,29,100.0
20261001,939481,10,100.0
20261001,939571,128,100.0
20261001,939577,34,100.0
20261001,939617,100,90.91
20261001,939623,400,100.0
20261001,939627,1,100.0
20261001,939631,10,100.0
20261001,939647,200,100.0
20261001,939657,100,100.0
20261001,939677,10,100.0
20261001,939775,1,100.0
20261001,939823,80,100.0
20261001,939825,9,100.0
20261001,939829,119,100.0
20261001,939839,10,100.0
20261001,939841,350,100.0
20261001,939843,10,100.0
20261001,939851,313,100.0
20261001,939879,110,100.0
20261001,939881,10,100.0
20261001,939899,10,100.0
20261001,939901,21,100.0
20261001,939955,41,100.0
20261001,939959,85,100.0
20261001,939969,26,100.0
20261001,939977,1470,100.0
20261001,940001,13,100.0
20261001,940011,15,100.0
20261001,940027,194,100.0
20261001,940043,1652,100.0
20261001,940049,5,100.0
20261001,940069,245,100.0
20261001,940101,2208,97.31
20261001,940103,6,100.0
20261001,940151,100,100.0
20261001,940165,180,100.0
20261001,940175,200,100.0
20261001,940233,88,100.0
20261001,940245,80,100.0
20261001,940321,97,100.0
20261001,940325,2,100.0
20261001,940331,100,100.0
20261001,940339,1,100.0
20261001,940357,300,100.0
20261001,940361,200,100.0
20261001,940369,50,100.0
20261001,940383,30,100.0
20261001,940385,10,100.0
20261001,940399,25,100.0
20261001,940429,100,100.0
20261001,940435,60,100.0
20261001,940439,300,100.0
20261001,940441,12,100.0
20261001,940443,100,100.0
20261001,940459,101,100.0
20261001,940471,160,100.0
20261001,940473,35,100.0
20261001,940483,64,100.0
20261001,940501,31,100.0
20261001,940517,29,100.0
20261001,940619,92,100.0
20261001,940629,800,100.0
20261001,940637,20,100.0
20261001,940643,50,90.91
20261001,940647,20,100.0
20261001,940651,52,100.0
20261001,940655,190,100.0
20261001,940659,35,100.0
20261001,940661,100,100.0
20261001,940665,120,100.0
20261001,940667,150,100.0
20261001,940675,311,100.0
20261001,940677,100,100.0
20261001,940681,230,100.0
20261001,940683,100,66.67
20261001,940687,62,100.0
20261001,940691,172,100.0
20261001,940699,30,100.0
20261001,940701,50,100.0
20261001,940705,1,100.0
20261001,940709,132,100.0
20261001,940713,57,91.94
20261001,940715,54,94.74
20261001,940717,25,100.0
20261001,940719,750,100.0
20261001,940721,5,100.0
20261001,940725,50,100.0
20261001,940731,2,100.0
20261001,940751,271,100.0
20261001,940757,131,100.0
20261001,940759,94,100.0
20261001,940767,20,100.0
20261001,940783,5,100.0
20261001,940789,241,100.0
20261001,940795,216,82.44
20261001,940821,160,79.21
20261001,940833,500,100.0
20261001,940835,15,100.0
20261001,940837,148,91.36
20261001,940841,3235,91.57
20261001,940843,18,94.74
20261001,940849,499,100.0
20261001,940855,68,53.12
20261001,940859,15,88.24
20261001,940861,2,100.0
20261001,940872,10,100.0
20261001,940874,89,100.0
20261001,940886,17,100.0
20261001,940894,50,100.0
20261001,940904,50,100.0
20261001,940906,70,100.0
20261001,940933,103,100.0
20261001,940949,12,100.0
20261001,940951,20,100.0
20261001,940955,64,100.0
20261001,940963,9,100.0
20261001,940979,250,100.0
20261001,940995,10,100.0
20261001,941009,40,100.0
20261001,941021,5,100.0
20261001,941033,29,100.0
20261001,941035,288,100.0
20261001,941037,49,100.0
20261001,941047,55,68.75
20261001,941049,250,100.0
20261001,941051,10,100.0
20261001,941057,20,100.0
20261001,941061,1,100.0
20261001,941063,7,100.0
20261001,941073,200,100.0
20261001,941087,14,100.0
20261001,941093,300,84.03
20261001,941099,200,100.0
20261001,941105,15,100.0
20261001,941111,1000,77.52
20261001,941113,20,100.0
20261001,941117,85,100.0
20261001,941119,54,100.0
20261001,941121,42,80.77
20261001,941125,242,100.0
20261001,941127,20,100.0
20261001,941133,222,100.0
20261001,941135,26,100.0
20261001,941141,25,100.0
20261001,941143,50,100.0
20261001,941145,28,100.0
20261001,941149,76,100.0
20261001,941151,50,100.0
20261001,941165,55,100.0
20261001,941173,101,100.0
20261001,941175,50,50.0
20261001,941185,1486,96.68
20261001,941189,202,100.0
20261001,941191,10,100.0
20261001,941193,1362,99.27
20261001,941195,7,100.0
20261001,941199,165,100.0
20261001,941203,17,100.0
20261001,941231,437,90.48
20261001,941233,55,100.0
20261001,941251,421,100.0
20261001,941253,428,100.0
20261001,941255,100,100.0
20261001,941257,751,97.28
20261001,941261,90,100.0
20261001,941265,200,100.0
20261001,941269,100,100.0
20261001,941273,150,100.0
20261001,957810,1,100.0
20261001,960183,2,100.0
20261001,961728,232,100.0
20261001,961730,323,100.0
20261001,961732,381,100.0
20261001,961749,100,100.0
20261001,961779,1697,87.7
20261001,961785,2620,83.97
20261001,961792,360,100.0
20261001,961798,1000,100.0
20261001,961800,2500,100.0
20261001,961803,85,100.0
20261001,961804,150,100.0
20261001,961810,58,100.0
20261001,961816,110,100.0
20261001,961826,291,100.0
20261001,961839,1,100.0
20261001,961851,1000,100.0
20261001,961863,500,100.0
20261001,961885,675,100.0
20261001,961895,1200,100.0
20261001,961897,50,100.0
20261001,961910,47,100.0
20261001,961921,702,100.0
20261001,972715,2,100.0
20261001,972721,1,100.0
20261001,972773,16,100.0
20261001,972848,2,100.0
20261001,973027,2,100.0
20261001,973491,6715,100.0
20261001,973572,2,100.0
20261001,973878,2,100.0
20261001,973881,1,100.0
20261001,974370,1,100.0
20261001,974452,1,100.0
20261001,974720,1,100.0
20261001,974749,2,100.0
20261001,974998,8,100.0
20261001,974999,1,100.0
20261001,975000,2,100.0
20261001,975229,9,100.0
20261001,975231,3,100.0
20261001,975239,2,100.0
20261001,975263,2,100.0
20261001,975282,5,100.0
20261001,975375,4,100.0
20261001,975625,1,100.0
20261001,975790,3,100.0
20261001,976020,1,100.0
20261001,976087,5,100.0
20261001,976146,70,100.0
20261001,976148,1,100.0
20261001,976228,3,100.0
20261001,976261,10,100.0
20261001,976275,22,100.0
20261001,976289,2,100.0
20261001,976294,3,60.0
20261001,976325,55,94.83
20261001,976411,5,100.0
20261001,976437,13,92.86
20261001,976519,1,100.0
20261001,976560,1,100.0
20261001,976577,1,100.0
20261001,976600,1,100.0
20261001,976685,14,100.0
20261001,976712,72,100.0
20261001,976757,27,100.0
20261001,976776,6,100.0
20261001,976799,3,100.0
20261001,976808,26,100.0
20261001,976855,2,100.0
20261001,976868,5,100.0
20261001,976872,1,100.0
20261001,976875,6,100.0
20261001,976896,1,100.0
20261001,976915,1,100.0
20261001,976928,2,100.0
20261001,977009,1,100.0
20261001,977010,1,100.0
20261001,977017,11,100.0
20261001,977022,1,100.0
20261001,977028,4,100.0
20261001,977064,1,100.0
20261001,977093,3,100.0
20261001,977117,7,100.0
20261001,977128,120,100.0
20261001,977132,1,100.0
20261001,977134,1,100.0
20261001,977200,4,100.0
20261001,977226,4,80.0
20261001,977241,30,85.71
20261001,977249,27,100.0
20261001,977250,71,100.0
20261001,977280,6,85.71
20261001,977298,18,100.0
20261001,977309,81,97.59
20261001,977331,2,100.0
20261001,977354,1,100.0
20261001,977356,10,100.0
20261001,977367,138,82.14
20261001,977379,1,100.0
20261001,977380,1,100.0
20261001,977382,26,89.66
20261001,977383,16,100.0
20261001,977396,1,100.0
20261001,977397,1,100.0
20261001,977411,62,100.0
20261001,977413,9,100.0
20261001,977418,1,100.0
20261001,977419,1,100.0
20261001,977424,2,100.0
20261001,977431,1,100.0
20261001,977440,25,100.0
20261001,977453,4,100.0
20261001,977468,1,100.0
20261001,977477,21,100.0
20261001,977495,1,100.0
20261001,977508,2,100.0
20261001,977509,1,100.0
20261001,977515,13,100.0
20261001,977516,13,100.0
20261001,977541,137,60.89
20261001,977544,1,100.0
20261001,977564,319,100.0
20261001,977575,1,100.0
20261001,977576,17,65.38
20261001,977582,1,100.0
20261001,977583,8,100.0
20261001,977596,7,53.85
20261001,977623,1,100.0
20261001,977642,10,100.0
20261001,977643,14,100.0
20261001,977649,61,100.0
20261001,977662,5,100.0
20261001,977671,1,100.0
20261001,977676,3,100.0
20261001,977680,2,100.0
20261001,977692,1,100.0
20261001,977700,21,100.0
20261001,977710,5,100.0
20261001,977712,5,83.33
20261001,977725,1,100.0
20261001,977730,5,100.0
20261001,977732,115,79.31
20261001,977736,2,100.0
20261001,977740,36,100.0
20261001,977753,103,100.0
20261001,977773,30,100.0
20261001,977774,31,55.36
20261001,977801,70,100.0
20261001,977803,1,50.0
20261001,977806,26,86.67
20261001,977815,14,100.0
20261001,977846,11,91.67
20261001,977855,15,100.0
20261001,977868,122,99.19
20261001,977869,113,91.13
20261001,977875,1,100.0
20261001,977892,1,100.0
20261001,977894,1,100.0
20261001,977903,16,100.0
20261001,977913,1,100.0
20261001,977921,3,100.0
20261001,977935,613,98.24
20261001,977948,194,100.0
20261001,977984,10,100.0
20261001,977996,50,100.0
20261001,978004,12,100.0
20261001,978007,11,100.0
20261001,978013,1,100.0
20261001,978019,6,100.0
20261001,978021,2,100.0
20261001,978024,14,100.0
20261001,978034,1,100.0
20261001,978039,393,98.99
20261001,978046,1,100.0
20261001,978051,22,100.0
20261001,978055,29,82.86
20261001,978068,1,100.0
20261001,978075,3,75.0
20261001,978079,100,100.0
20261001,978086,11,100.0
20261001,978094,1,100.0
20261001,978115,8,100.0
20261001,978127,5,100.0
20261001,978163,10,83.33
20261001,978167,148,81.32
20261001,978169,278,89.68
20261001,978189,1,100.0
20261001,978196,20,100.0
20261001,978197,5,100.0
20261001,978199,4,100.0
20261001,500002,3420,47.28
20261001,500003,19307,37.83
20261001,500008,42004,56.14
20261001,500009,12209,100.0
20261001,500012,52920,81.64
20261001,500013,4101,100.0
20261001,500014,11621,73.14
20261001,500016,1501,10.55
20261001,500020,17930,57.03
20261001,500023,1316,98.95
20261001,500027,854,49.94
20261001,500028,6382,88.27
20261001,500031,6790,65.56
20261001,500032,358024,33.43
20261001,500033,4726,43.72
20261001,500034,186270,51.86
20261001,500038,23117,31.89
20261001,500039,3742,55.49
20261001,500040,6780,35.89
20261001,500041,33,78.57
20261001,500042,702,55.36
20261001,500043,4758,52.84
20261001,500048,4142,32.4
20261001,500049,1025887,65.55
20261001,500051,27435,100.0
20261001,500052,56866,40.26
20261001,500058,20596,99.86
20261001,500059,468,100.0
20261001,500060,28917,61.28
20261001,500067,6597,46.28
20261001,500068,29,93.55
20261001,500069,1937,88.81
20261001,500074,5330,89.52
20261001,500078,732,54.87
20261001,500083,8058,63.73
20261001,500084,100079,61.8
20261001,500085,25668,51.28
20261001,500086,103431,42.41
20261001,500087,22003,46.67
20261001,500089,117,72.22
20261001,500092,1913,72.79
20261001,500093,151940,39.9
20261001,500096,47585,58.2
20261001,500097,5741,61.92
20261001,500101,16454,52.94
20261001,500103,213024,39.38
20261001,500104,301315,66.79
20261001,500106,905735,38.33
20261001,500108,421634,33.66
20261001,500109,318362,28.44
20261001,500110,35743,37.43
20261001,500112,667498,33.33
20261001,500113,905939,60.12
20261001,500114,31598,68.26
20261001,500116,1357475,58.97
20261001,500117,67440,57.12
20261001,500119,20672,43.9
20261001,500120,175,100.0
20261001,500123,46,42.59
20261001,500124,56674,50.77
20261001,500125,10595,40.99
20261001,500126,168,60.87
20261001,500128,586639,77.54
20261001,500133,145,75.52
20261001,500135,49172,35.21
20261001,500136,24664,55.03
20261001,500142,1000,100.0
20261001,500143,5932,100.0
20261001,500144,10290,43.5
20261001,500147,223,55.75
20261001,500148,3706,43.24
20261001,500150,674,67.54
20261001,500151,41,100.0
20261001,500153,10451,100.0
20261001,500159,64,100.0
20261001,500160,14756,79.34
20261001,500163,11502,52.47
20261001,500164,5763,54.31
20261001,500165,14138,60.94
20261001,500166,7149,89.65
20261001,500168,590,72.57
20261001,500170,6006,99.92
20261001,500171,2232,49.09
20261001,500173,3209,71.84
20261001,500174,4100,98.8
20261001,500178,91,100.0
20261001,500179,38376,72.19
20261001,500180,2757714,60.14
20261001,500182,18872,49.21
20261001,500183,657398,100.0
20261001,500184,37060,29.53
20261001,500185,390363,47.97
20261001,500186,7179,46.51
20261001,500187,4078,58.59
20261001,500188,40360,46.87
20261001,500189,75,100.0
20261001,500191,6810,100.0
20261001,500192,94193,53.77
20261001,500193,15797,83.57
20261001,500199,1447,70.28
20261001,500201,7412,52.4
20261001,500202,30,100.0
20261001,500206,707,99.72
20261001,500207,98990,62.99
20261001,500209,1006336,44.82
20261001,500210,279,54.28
20261001,500213,878,66.77
20261001,500214,7980,59.06
20261001,500215,458,100.0
20261001,500219,41343,62.2
20261001,500220,159,100.0
20261001,500227,718,83.39
20261001,500228,34631,50.01
20261001,500233,6631,42.55
20261001,500235,6660,57.27
20261001,500236,2070,100.0
20261001,500238,66803,64.84
20261001,500239,4425,78.36
20261001,500240,9975,100.0
20261001,500241,5797,57.19
20261001,500243,136,70.1
20261001,500245,4257,61.54
20261001,500246,293,100.0
20261001,500247,3402828,61.35
20261001,500249,10673,55.48
20261001,500250,1952,71.5
20261001,500251,29980,59.02
20261001,500252,79,54.86
20261001,500253,71872,42.13
20261001,500257,119154,75.2
20261001,500259,1,100.0
20261001,500260,2721,49.41
20261001,500262,36344,32.58
20261001,500264,5041,84.23
20261001,500265,12593,44.09
20261001,500266,173,66.03
20261001,500267,120,100.0
20261001,500268,47343,36.58
20261001,500270,658,94.95
20261001,500271,3938,28.08
20261001,500277,3216,99.97
20261001,500279,12320,61.77
20261001,500280,2339,77.53
20261001,500282,3013,99.9
20261001,500284,869,70.82
20261001,500285,1887716,52.13
20261001,500288,997703,38.8
20261001,500290,342,55.97
20261001,500292,8820,85.88
20261001,500294,422688,51.13
20261001,500295,281658,53.63
20261001,500296,797,72.39
20261001,500298,356,88.78
20261001,500300,15343,43.19
20261001,500304,15340,78.72
20261001,500306,13321,50.99
20261001,500307,106,59.89
20261001,500312,1174880,78.34
20261001,500313,200,100.0
20261001,500314,14218,73.28
20261001,500317,3335,88.39
20261001,500319,1376,67.06
20261001,500322,324,100.0
20261001,500325,1120203,44.19
20261001,500327,1785,99.94
20261001,500330,36148,33.96
20261001,500331,14286,49.64
20261001,500333,18522,40.71
20261001,500335,1026,50.54
20261001,500336,26585,40.1
20261001,500337,463,99.14
20261001,500338,24295,68.31
20261001,500339,44070,30.04
20261001,500342,961,99.79
20261001,500343,4035,99.6
20261001,500346,399,99.25
20261001,500350,1478,80.28
20261001,500354,7513,83.1
20261001,500355,24621,79.47
20261001,500356,662,99.85
20261001,500357,7531,100.0
20261001,500360,12316,100.0
20261001,500365,77133,71.37
20261001,500367,913,5.61
20261001,500368,304665,64.87
20261001,500370,108,81.2
20261001,500371,4890,100.0
20261001,500378,85333,53.75
20261001,500380,6465,62.45
20261001,500387,1933,57.44
20261001,500388,1600,100.0
20261001,500390,11286,100.0
20261001,500399,12948,98.76
20261001,500400,144155,54.59
20261001,500402,31220,72.09
20261001,500403,12623,62.5
20261001,500404,23143,57.47
20261001,500405,5030,53.28
20261001,500407,418,85.66
20261001,500408,14456,44.9
20261001,500410,8680,58.01
20261001,500411,11560,62.64
20261001,500412,16958,59.14
20261001,500413,40196,69.08
20261001,500414,23041,38.08
20261001,500418,249,100.0
20261001,500420,3895,41.84
20261001,500421,19618,100.0
20261001,500422,4688,100.0
20261001,500425,381099,74.63
20261001,500426,2675,100.0
20261001,500429,1987,99.45
20261001,500439,20,95.24
20261001,500440,74519,44.96
20261001,500444,6136,57.66
20261001,500449,410262,100.0
20261001,500450,10,100.0
20261001,500456,33037,66.04
20261001,500458,320,82.47
20261001,500459,1410,60.0
20261001,500460,30631,42.02
20261001,500463,25993,42.9
20261001,500464,175,100.0
20261001,500467,486,94.55
20261001,500469,430655,72.34
20261001,500470,2550264,72.89
20261001,500472,1819,53.74
20261001,500477,1049773,63.44
20261001,500480,9023,51.7
20261001,500483,2773,42.35
20261001,500488,562,58.06
20261001,500490,463,54.73
20261001,500493,19689,56.2
20261001,500495,12787,39.57
20261001,500500,194823,80.02
20261001,500510,104661,56.35
20261001,500520,232665,55.63
20261001,500530,878,42.48
20261001,500540,2141,100.0
20261001,500547,65931,44.18
20261001,500550,4075,44.61
20261001,500570,525064,56.77
20261001,500575,12875,41.33
20261001,500620,53489,57.49
20261001,500645,6914,46.02
20261001,500650,505,77.69
20261001,500655,1136,63.53
20261001,500660,1654,43.56
20261001,500670,24612,40.42
20261001,500672,1820,38.62
20261001,500674,1002,62.31
20261001,500680,1647,48.28
20261001,500690,21768,51.14
20261001,500696,74192,64.78
20261001,500710,1045,57.39
20261001,500730,30785,48.1
20261001,500770,21832,39.7
20261001,500777,36489,51.67
20261001,500780,7664,81.24
20261001,500790,159401,85.08
20261001,500800,36414,55.93
20261001,500820,49985,70.36
20261001,500825,18212,83.22
20261001,500830,11984,55.01
20261001,500840,5344,56.63
20261001,500850,157234,68.5
20261001,500870,91695,68.89
20261001,500875,1210584,47.91
20261001,500877,23720,49.3
20261001,500878,1749,38.66
20261001,500940,24286,60.2
20261001,501148,112,100.0
20261001,501150,44924,71.29
20261001,501151,1,100.0
20261001,501242,4101,87.89
20261001,501261,1746965,100.0
20261001,501270,1,100.0
20261001,501295,7555,90.79
20261001,501298,42,100.0
20261001,501301,25690,51.42
20261001,501314,145662,65.41
20261001,501343,15718,16.12
20261001,501370,839,48.08
20261001,501391,11,52.38
20261001,501421,496,85.08
20261001,501423,3117,51.16
20261001,501425,4518,59.51
20261001,501430,137,100.0
20261001,501455,119533,55.34
20261001,501700,624,90.7
20261001,501831,8069,80.53
20261001,501833,2687,87.61
20261001,501848,17221,81.32
20261001,501945,60214,100.0
20261001,502015,5098,83.41
20261001,502090,1574,85.4
20261001,502137,407,69.57
20261001,502157,1584,41.67
20261001,502168,1287,90.76
20261001,502175,4163,82.44
20261001,502180,10611,98.28
20261001,502219,12968,43.82
20261001,502281,1802,100.0
20261001,502330,7179,54.19
20261001,502355,5816,43.77
20261001,502420,19488,82.58
20261001,502445,4295,80.46
20261001,502448,32215,100.0
20261001,502450,1250,83.84
20261001,502587,4648,98.1
20261001,502820,63,100.0
20261001,502865,5327,69.06
20261001,502873,26,100.0
20261001,502893,109,91.6
20261001,502901,1360,81.1
20261001,502933,1,100.0
20261001,502937,53098,66.51
20261001,502958,15,100.0
20261001,502986,8700,45.71
20261001,503031,21093,84.73
20261001,503092,161,100.0
20261001,503100,2666,35.59
20261001,503101,3310,68.44
20261001,503127,5,100.0
20261001,503162,48,100.0
20261001,503169,1090,67.33
20261001,503310,26539,39.06
20261001,503349,27,100.0
20261001,503624,1145,78.37
20261001,503635,29,100.0
20261001,503639,11694,100.0
20261001,503641,69883,84.96
20261001,503657,8073,81.66
20261001,503659,1546,100.0
20261001,503663,541565,68.35
20261001,503675,19526,99.53
20261001,503685,758,100.0
20261001,503722,1031,98.75
20261001,503772,5,100.0
20261001,503776,131,100.0
20261001,503804,62,100.0
20261001,503806,6169,44.19
20261001,503811,326,69.81
20261001,503816,1592,81.94
20261001,503837,1753,100.0
20261001,503960,791,55.94
20261001,504000,14491,96.44
20261001,504028,110123,100.0
20261001,504036,1634,54.63
20261001,504058,96,84.21
20261001,504067,82300,48.55
20261001,504076,22217,82.66
20261001,504080,25,100.0
20261001,504084,587,85.44
20261001,504092,368,77.97
20261001,504093,1940,69.83
20261001,504112,8243,62.6
20261001,504132,2241,85.18
20261001,504176,3887,71.0
20261001,504180,1629,67.12
20261001,504212,1583,37.2
20261001,504220,6523,88.04
20261001,504240,4430,100.0
20261001,504258,92,77.31
20261001,504273,28856,100.0
20261001,504286,3634,96.98
20261001,504340,8940,86.04
20261001,504341,7434,66.2
20261001,504351,742806,100.0
20261001,504356,91,86.67
20261001,504369,2493,100.0
20261001,504378,19538,89.49
20261001,504380,137,69.54
20261001,504392,5215,100.0
20261001,504397,183,100.0
20261001,504605,108,85.04
20261001,504614,4503,51.3
20261001,504646,1895,100.0
20261001,504648,251,100.0
20261001,504731,27755,40.16
20261001,504741,897,66.79
20261001,504746,6236,88.72
20261001,504786,864,100.0
20261001,504810,4,66.67
20261001,504840,1,100.0
20261001,504879,13921,49.12
20261001,504882,437,91.61
20261001,504903,131834,100.0
20261001,504908,59,100.0
20261001,504918,73820,68.04
20261001,504959,353,92.17
20261001,504973,53337,89.89
20261001,505010,349,81.92
20261001,505029,77,100.0
20261001,505036,56,75.68
20261001,505075,5853,100.0
20261001,505160,3248,44.96
20261001,505163,72,82.76
20261001,505192,4443,68.22
20261001,505196,6007,100.0
20261001,505200,24542,56.63
20261001,505212,88,100.0
20261001,505216,6,100.0
20261001,505232,118,100.0
20261001,505242,1023,54.47
20261001,505250,184,67.9
20261001,505255,9198,64.07
20261001,505283,3024,46.79
20261001,505299,522,78.38
20261001,505302,16,100.0
20261001,505324,6470,100.0
20261001,505336,3470314,100.0
20261001,505343,1205656,76.27
20261001,505355,685,64.81
20261001,505358,20598,71.41
20261001,505368,22,100.0
20261001,505400,6558,55.05
20261001,505412,835,73.37
20261001,505502,48663,100.0
20261001,505504,3928,100.0
20261001,505509,7428,63.07
20261001,505515,57590,74.4
20261001,505523,810274,66.36
20261001,505526,8424,77.01
20261001,505533,5493,48.35
20261001,505537,262589,41.27
20261001,505590,3243,100.0
20261001,505650,3508,99.97
20261001,505681,67,100.0
20261001,505688,576,100.0
20261001,505690,404,71.38
20261001,505693,39552,90.24
20261001,505700,34917,47.61
20261001,505710,18845,62.04
20261001,505712,20918,100.0
20261001,505714,11736,47.34
20261001,505720,3693,84.53
20261001,505725,85314,15.14
20261001,505726,981,57.3
20261001,505729,8174,87.68
20261001,505737,2363,98.83
20261001,505744,14120,35.87
20261001,505750,6287,77.62
20261001,505790,1270,61.89
20261001,505797,12626,84.24
20261001,505800,304,73.25
20261001,505807,50,100.0
20261001,505827,1010,77.81
20261001,505840,11989,100.0
20261001,505850,966,89.69
20261001,505854,1561,85.25
20261001,505872,4817,88.34
20261001,505890,1699,42.11
20261001,505893,460,60.93
20261001,505978,757,91.65
20261001,506003,827,50.09
20261001,506022,32653,56.57
20261001,506074,119534,100.0
20261001,506076,135225,99.69
20261001,506109,8792,26.31
20261001,506122,145555,100.0
20261001,506128,2021,90.38
20261001,506134,25521,100.0
20261001,506146,43569,67.13
20261001,506166,1136,54.75
20261001,506180,44,100.0
20261001,506184,12098,76.58
20261001,506186,9297,61.93
20261001,506194,158,96.93
20261001,506197,13100,100.0
20261001,506222,421,28.27
20261001,506235,27768,43.55
20261001,506260,11139,66.31
20261001,506261,22682,100.0
20261001,506285,1486,67.42
20261001,506365,222,99.55
20261001,506390,463,87.36
20261001,506395,3022,32.41
20261001,506401,11547,59.04
20261001,506405,3941,49.41
20261001,506414,5055,38.87
20261001,506480,8504,64.59
20261001,506520,16403,57.97
20261001,506525,3773,100.0
20261001,506528,3141,100.0
20261001,506532,363,84.42
20261001,506543,41,100.0
20261001,506579,6996,86.21
20261001,506590,21654,44.9
20261001,506597,3463,55.88
20261001,506605,55,94.83
20261001,506618,72,84.71
20261001,506640,4,80.0
20261001,506642,361181,100.0
20261001,506655,36394,78.59
20261001,506680,437,100.0
20261001,506685,5156,48.7
20261001,506687,18,100.0
20261001,506690,4838,48.46
20261001,506734,10,100.0
20261001,506767,1363,57.49
20261001,506808,1665,94.44
20261001,506820,478,48.04
20261001,506852,31771,64.62
20261001,506854,5017,59.8
20261001,506858,194,86.61
20261001,506863,5439,69.58
20261001,506879,9661,35.12
20261001,506919,995,86.0
20261001,506935,2,100.0
20261001,506947,1251,100.0
20261001,506979,1643,100.0
20261001,506981,225,71.66
20261001,507155,9719,76.93
20261001,507180,145938,100.0
20261001,507205,25642,38.68
20261001,507265,520,100.0
20261001,507300,257,99.61
20261001,507315,11640,85.19
20261001,507410,19567,58.4
20261001,507438,72,88.89
20261001,507474,7029,91.49
20261001,507486,10,100.0
20261001,507488,2823,71.41
20261001,507490,12552,98.71
20261001,507498,4181,84.33
20261001,507514,69313,68.4
20261001,507515,582,65.99
20261001,507526,5220,78.03
20261001,507552,3335,75.59
20261001,507580,2755,100.0
20261001,507598,3746,71.14
20261001,507609,161,100.0
20261001,507621,8609,88.55
20261001,507645,1,100.0
20261001,507685,355196,62.55
20261001,507690,1620,69.86
20261001,507717,497,72.45
20261001,507747,601,68.45
20261001,507753,41675,47.85
20261001,507759,2896,85.4
20261001,507779,2065,80.73
20261001,507785,11,78.57
20261001,507789,4924,69.51
20261001,507794,5145,65.98
20261001,507813,2109,99.95
20261001,507815,429,58.29
20261001,507817,1,100.0
20261001,507828,39819,82.05
20261001,507833,13161,88.03
20261001,507836,92,80.0
20261001,507852,699,92.22
20261001,507872,6160,99.92
20261001,507878,343609,62.37
20261001,507880,10965,66.77
20261001,507910,1572,91.24
20261001,507912,2216,74.19
20261001,507944,3421,83.81
20261001,507946,6793,94.66
20261001,507948,1023,98.18
20261001,507960,1289,92.67
20261001,507962,6510,100.0
20261001,507966,96,100.0
20261001,507968,21,100.0
20261001,507970,175,100.0
20261001,507981,784,95.26
20261001,507998,9808,89.94
20261001,508136,243,100.0
20261001,508486,53,74.65
20261001,508494,1455,79.55
20261001,508664,1555,100.0
20261001,508670,10,100.0
20261001,508807,121,87.68
20261001,508814,930,75.92
20261001,508867,223,100.0
20261001,508869,19243,55.21
20261001,508875,19,100.0
20261001,508905,4855,88.59
20261001,508906,1044,100.0
20261001,508918,5909,99.98
20261001,508933,4882,64.21
20261001,508941,2631,99.85
20261001,508954,1281,75.93
20261001,508956,6170,99.53
20261001,508961,82,100.0
20261001,508969,7226,83.7
20261001,508980,7137,100.0
20261001,508989,10733,80.9
20261001,509015,7,100.0
20261001,509020,16543,98.78
20261001,509024,1199,48.64
20261001,509026,65,100.0
20261001,509038,38,100.0
20261001,509040,1208,89.22
20261001,509046,335,100.0
20261001,509048,4413,100.0
20261001,509051,1035740,72.58
20261001,509053,10887,76.3
20261001,509055,21892,100.0
20261001,509069,39,100.0
20261001,509073,10,100.0
20261001,509079,4165,41.28
20261001,509084,1,100.0
20261001,509152,373,82.16
20261001,509162,16114,100.0
20261001,509196,387,90.42
20261001,509220,3282,85.8
20261001,509243,274,58.05
20261001,509423,35,100.0
20261001,509438,2,100.0
20261001,509449,1052,100.0
20261001,509470,7,77.78
20261001,509472,1,100.0
20261001,509480,7134,31.24
20261001,509486,100,100.0
20261001,509488,20634,22.33
20261001,509496,7369,53.43
20261001,509525,111,58.73
20261001,509546,253,100.0
20261001,509557,4057,66.72
20261001,509563,3854,63.44
20261001,509567,1088,71.39
20261001,509597,4,50.0
20261001,509631,18854,35.39
20261001,509635,232,93.93
20261001,509675,580,87.61
20261001,509709,6473,99.72
20261001,509715,4735,78.47
20261001,509732,2569,92.08
20261001,509760,1156,100.0
20261001,509762,1,100.0
20261001,509820,4079,72.36
20261001,509835,896,99.89
20261001,509845,100,100.0
20261001,509874,28788,100.0
20261001,509895,130,96.3
20261001,509930,2498,43.89
20261001,509945,3,100.0
20261001,509953,12,100.0
20261001,509966,11170,68.29
20261001,510245,27182,83.33
20261001,511000,111,100.0
20261001,511012,521159,100.0
20261001,511016,1203,100.0
20261001,511018,8466,67.3
20261001,511034,4976,44.79
20261001,511066,6445,88.49
20261001,511076,26800,60.62
20261001,511092,11604,100.0
20261001,511108,51,100.0
20261001,511110,408,100.0
20261001,511116,60092,100.0
20261001,511122,1,100.0
20261001,511131,160,50.31
20261001,511144,8868,100.0
20261001,511147,7173,89.67
20261001,511153,981,100.0
20261001,511169,302,100.0
20261001,511187,20600,100.0
20261001,511194,101,100.0
20261001,511196,8944,45.25
20261001,511208,126787,91.02
20261001,511218,538095,84.85
20261001,511243,197765,87.75
20261001,511246,35,100.0
20261001,511260,7151,90.13
20261001,511333,1860,99.2
20261001,511355,11577,100.0
20261001,511359,1100,99.37
20261001,511377,16,100.0
20261001,511391,1069,98.34
20261001,511411,1571,68.42
20261001,511413,72,87.8
20261001,511431,40694,75.47
20261001,511441,21,100.0
20261001,511447,3088168,58.4
20261001,511451,42,100.0
20261001,511463,10819,99.98
20261001,511473,1088,67.2
20261001,511493,2123,100.0
20261001,511501,1214,63.13
20261001,511505,23230,100.0
20261001,511507,1048,99.43
20261001,511509,2984,99.2
20261001,511523,98244,100.0
20261001,511525,149527,68.69
20261001,511533,2266,53.72
20261001,511535,534,100.0
20261001,511543,1016,100.0
20261001,511549,109,97.32
20261001,511551,3721,53.08
20261001,511557,865246,100.0
20261001,511559,1,100.0
20261001,511571,5240,90.16
20261001,511577,2374,64.56
20261001,511589,13244,89.4
20261001,511593,113,100.0
20261001,511601,2089,98.96
20261001,511605,8932,63.62
20261001,511609,19,100.0
20261001,511611,368,97.87
20261001,511626,218,100.0
20261001,511628,376696,53.75
20261001,511630,12080,64.15
20261001,511644,47722,99.94
20261001,511654,81,98.78
20261001,511658,14093,57.56
20261001,511664,11055,87.81
20261001,511672,2300,100.0
20261001,511676,2768,86.45
20261001,511692,2722,91.56
20261001,511696,70,100.0
20261001,511700,4506153,66.36
20261001,511702,1648,88.98
20261001,511710,56044,100.0
20261001,511712,130,99.24
20261001,511714,279,89.14
20261001,511716,9665,100.0
20261001,511724,2879,85.18
20261001,511726,7563,100.0
20261001,511728,1000,100.0
20261001,511734,26240,100.0
20261001,511738,300,100.0
20261001,511740,1720,93.73
20261001,511742,26839,88.45
20261001,511754,891,78.43
20261001,511756,21,100.0
20261001,511764,32,66.67
20261001,511766,1197,95.0
20261001,511768,3257,59.61
20261001,512008,5138,71.93
20261001,512014,196,69.01
20261001,512018,13866,84.23
20261001,512020,4,80.0
20261001,512025,37996,82.55
20261001,512038,45582,43.29
20261001,512047,62855,84.93
20261001,512048,36488,89.41
20261001,512062,1467,100.0
20261001,512064,3,75.0
20261001,512065,647,100.0
20261001,512068,97396,42.7
20261001,512070,20721,51.24
20261001,512093,1701211,100.0
20261001,512097,163467,100.0
20261001,512099,27,100.0
20261001,512103,2452,67.05
20261001,512109,2,100.0
20261001,512115,2818,78.13
20261001,512131,2642,100.0
20261001,512149,1059694,73.26
20261001,512161,2141,98.71
20261001,512165,1639,99.64
20261001,512169,112374,100.0
20261001,512175,18248,76.54
20261001,512179,3673,46.09
20261001,512197,165,100.0
20261001,512217,13124,98.04
20261001,512229,3299,100.0
20261001,512237,18216,59.86
20261001,512247,49556,93.72
20261001,512257,10160,78.64
20261001,512267,138445,96.06
20261001,512277,1116,99.82
20261001,512296,9212,68.83
20261001,512301,7422,100.0
20261001,512329,3723,36.44
20261001,512344,12,100.0
20261001,512345,1000,100.0
20261001,512359,810715,82.74
20261001,512361,48721,99.99
20261001,512377,5698,100.0
20261001,512379,107591,100.0
20261001,512381,13,61.9
20261001,512393,12570,100.0
20261001,512399,188596,87.1
20261001,512415,28798,84.13
20261001,512437,875,100.0
20261001,512441,3670056,59.95
20261001,512443,128200,89.85
20261001,512453,741,87.69
20261001,512455,56056,56.23
20261001,512463,101703,41.62
20261001,512477,58,100.0
20261001,512485,1,100.0
20261001,512489,16286,100.0
20261001,512493,2317,88.64
20261001,512499,831038,100.0
20261001,512519,83,100.0
20261001,512527,131,100.0
20261001,512529,112150,57.06
20261001,512531,540,100.0
20261001,512559,20562,73.14
20261001,512573,17651,45.61
20261001,512587,2417,83.14
20261001,512589,3814,80.11
20261001,512591,1547141,65.02
20261001,512595,1218,62.62
20261001,512599,25708,44.9
20261001,512600,2457,90.73
20261001,512608,15425,83.61
20261001,512618,200,100.0
20261001,512624,17617,64.54
20261001,512626,438,50.4
20261001,512634,4362,85.01
20261001,513005,36,76.6
20261001,513023,8003,57.45
20261001,513043,4303,83.42
20261001,513059,9440,100.0
20261001,513063,3693,99.65
20261001,513097,7537,41.28
20261001,513108,1378,82.91
20261001,513117,240,91.95
20261001,513119,21702,92.48
20261001,513121,438,95.84
20261001,513173,2123,91.04
20261001,513228,20779,43.3
20261001,513250,310949,76.04
20261001,513252,603,51.63
20261001,513262,48857,26.87
20261001,513269,23874,24.35
20261001,513295,772,81.09
20261001,513303,2888,92.92
20261001,513307,61261,69.26
20261001,513337,1286206,54.37
20261001,513343,7852,100.0
20261001,513349,7521,49.82
20261001,513353,3258,88.6
20261001,513361,431230,75.86
20261001,513369,515,100.0
20261001,513375,13804,59.91
20261001,513377,90419,57.95
20261001,513397,311,100.0
20261001,513418,28766,100.0
20261001,513430,2,100.0
20261001,513436,612,100.0
20261001,513456,544,70.83
20261001,513460,1637,100.0
20261001,513472,141329,61.25
20261001,513488,534,100.0
20261001,513496,2106,100.0
20261001,513498,267,100.0
20261001,513502,182230,74.88
20261001,513507,2000,100.0
20261001,513509,240,100.0
20261001,513511,1075,98.71
20261001,513513,932,93.01
20261001,513517,17553,61.19
20261001,513519,3808,68.45
20261001,513528,10789,100.0
20261001,513532,1763,100.0
20261001,513536,21403,66.55
20261001,513544,88,100.0
20261001,513548,1,100.0
20261001,513554,104,100.0
20261001,513566,2281,100.0
20261001,513575,3412,93.94
20261001,513599,533409,46.2
20261001,513629,1395,76.56
20261001,513642,584,89.3
20261001,513683,33344,48.58
20261001,513687,804,100.0
20261001,513693,1643,99.82
20261001,513699,527,100.0
20261001,513709,156,79.19
20261001,513713,95688,59.31
20261001,513721,835,100.0
20261001,513729,638,85.98
20261001,514010,40604,100.0
20261001,514028,3,100.0
20261001,514030,3823,93.33
20261001,514036,1,100.0
20261001,514043,26123,62.15
20261001,514045,444,88.8
20261001,514060,48727,100.0
20261001,514087,18,64.29
20261001,514113,221,99.55
20261001,514138,31,100.0
20261001,514142,17226,70.93
20261001,514162,517735,37.35
20261001,514165,22713,73.03
20261001,514167,691,51.19
20261001,514171,73,57.03
20261001,514175,34467,79.7
20261001,514177,5,100.0
20261001,514183,3943,64.16
20261001,514197,2316,87.56
20261001,514211,53789,71.73
20261001,514223,269,100.0
20261001,514234,2928,63.67
20261001,514238,416,65.72
20261001,514240,2142,51.8
20261001,514248,100,100.0
20261001,514260,1258,100.0
20261001,514264,4,100.0
20261001,514266,10195,78.67
20261001,514272,1014,89.1
20261001,514274,3142,94.78
20261001,514280,746,46.6
20261001,514286,29773,94.43
20261001,514300,1206,99.26
20261001,514302,642,99.84
20261001,514312,2811,96.56
20261001,514316,5267,69.53
20261001,514318,95,65.97
20261001,514324,693,57.42
20261001,514326,8165,87.97
20261001,514330,2235,75.48
20261001,514332,174,81.69
20261001,514336,78,100.0
20261001,514354,15633,36.18
20261001,514358,12,52.17
20261001,514360,51008,80.81
20261001,514378,1191,86.12
20261001,514386,1943158,97.25
20261001,514400,1604,93.58
20261001,514402,4632,88.55
20261001,514414,64,100.0
20261001,514418,333,81.62
20261001,514428,65,95.59
20261001,514440,71851,86.05
20261001,514442,119,100.0
20261001,514448,2349,77.17
20261001,514450,677,100.0
20261001,514454,99,100.0
20261001,514470,67293,98.72
20261001,515008,21174,100.0
20261001,515018,455,100.0
20261001,515030,3754,55.9
20261001,515037,299,100.0
20261001,515043,3246,60.55
20261001,515055,67088,53.43
20261001,515059,701,99.72
20261001,515085,56791,67.56
20261001,515093,710,41.52
20261001,515147,12894,60.66
20261001,516003,1891,74.89
20261001,516016,401,97.57
20261001,516020,30,100.0
20261001,516022,461,99.78
20261001,516030,1826,99.89
20261001,516032,56172,69.17
20261001,516038,5436,80.99
20261001,516062,530,100.0
20261001,516064,1108,52.02
20261001,516072,2368,57.38
20261001,516078,10938,100.0
20261001,516082,819,66.86
20261001,516092,1040,99.81
20261001,516096,736,58.74
20261001,516098,394,92.27
20261001,516106,2056,85.92
20261001,516108,8039,91.05
20261001,516110,83722,78.94
20261001,517015,1909,70.21
20261001,517035,63413,61.04
20261001,517041,1374,71.86
20261001,517059,2766,76.77
20261001,517063,4837,69.98
20261001,517096,1208,51.36
20261001,517119,3470,66.51
20261001,517146,21745,47.07
20261001,517168,1680,69.22
20261001,517170,7220,89.03
20261001,517172,200,100.0
20261001,517174,110,70.06
20261001,517201,6861,100.0
20261001,517206,513,63.33
20261001,517214,1644,98.21
20261001,517230,83,100.0
20261001,517236,2687,92.53
20261001,517238,148,99.33
20261001,517246,51985,100.0
20261001,517258,197,100.0
20261001,517264,942,73.71
20261001,517271,32879,41.45
20261001,517273,223,89.2
20261001,517286,187740,100.0
20261001,517288,683,96.74
20261001,517300,19058,44.64
20261001,517320,7620,100.0
20261001,517334,2384707,82.59
20261001,517336,500,100.0
20261001,517344,2141,91.11
20261001,517354,127199,79.01
20261001,517356,188143,100.0
20261001,517360,340,96.59
20261001,517370,251,100.0
20261001,517372,1737,91.76
20261001,517380,1997,64.59
20261001,517385,2197,73.5
20261001,517393,157842,100.0
20261001,517397,151,100.0
20261001,517399,36671,100.0
20261001,517411,169,100.0
20261001,517415,1912,100.0
20261001,517417,7891,100.0
20261001,517421,1372,58.78
20261001,517429,2,100.0
20261001,517431,78379,96.56
20261001,517437,6,75.0
20261001,517447,428,90.49
20261001,517449,2341,86.74
20261001,517467,20182,45.11
20261001,517477,2369,96.93
20261001,517494,2545,86.56
20261001,517498,152807,57.61
20261001,517500,20146,70.14
20261001,517506,1675,58.92
20261001,517514,2898,60.44
20261001,517522,2398,45.5
20261001,517530,3319,99.04
20261001,517536,1398,75.24
20261001,517544,4860,72.53
20261001,517546,9640,95.62
20261001,517554,12640855,100.0
20261001,517556,82678,60.26
20261001,517562,7747,79.9
20261001,517569,7291,45.44
20261001,518011,2360,91.19
20261001,518053,494,100.0
20261001,518075,5829,88.12
20261001,518091,186,98.94
20261001,519003,59,77.63
20261001,519014,1,100.0
20261001,519031,410,100.0
20261001,519091,116,75.82
20261001,519097,6172,100.0
20261001,519105,8494,65.43
20261001,519126,3378,72.43
20261001,519136,2690,92.66
20261001,519152,21,100.0
20261001,519156,258,78.42
20261001,519183,7787,59.9
20261001,519191,17350,100.0
20261001,519214,355,100.0
20261001,519216,43214,70.83
20261001,519224,1870,86.69
20261001,519230,2331,84.46
20261001,519234,212,100.0
20261001,519238,2742,100.0
20261001,519242,24186,100.0
20261001,519260,2614,100.0
20261001,519262,3,100.0
20261001,519287,114999,100.0
20261001,519295,1474,63.89
20261001,519299,588604,100.0
20261001,519307,258102,100.0
20261001,519331,4131,99.85
20261001,519359,408,97.14
20261001,519367,26,70.27
20261001,519383,1708,86.31
20261001,519397,4873,82.69
20261001,519421,4100,92.72
20261001,519457,1775,89.74
20261001,519463,1555,85.63
20261001,519471,54,100.0
20261001,519477,51736,53.0
20261001,519479,237,100.0
20261001,519483,882,85.55
20261001,519494,592,71.15
20261001,519500,523,83.68
20261001,519506,2000,100.0
20261001,519528,221,100.0
20261001,519532,5618,80.88
20261001,519552,7399,35.79
20261001,519566,1841,83.99
20261001,519574,896,51.44
20261001,519600,3676,44.0
20261001,519602,161743,46.12
20261001,519604,503,87.02
20261001,519606,22806,100.0
20261001,519612,184,100.0
20261001,520008,51684,58.08
20261001,520021,6446,70.18
20261001,520043,218,100.0
20261001,520051,51058,39.27
20261001,520056,388,50.85
20261001,520057,3091,86.03
20261001,520059,44133,57.17
20261001,520066,49856,45.1
20261001,520073,2032,59.43
20261001,520075,964,79.41
20261001,520086,1919,100.0
20261001,520111,2201,59.86
20261001,520113,11246,41.98
20261001,520119,333,82.63
20261001,520121,2202,100.0
20261001,520123,292,92.4
20261001,520127,27761,53.58
20261001,520131,100,100.0
20261001,520141,327,86.28
20261001,520151,373,100.0
20261001,520155,704,95.52
20261001,521005,2507409,61.35
20261001,521014,9,100.0
20261001,521016,15108,52.57
20261001,521018,8573,98.82
20261001,521034,2613,80.2
20261001,521036,200,100.0
20261001,521048,130,92.86
20261001,521054,35,100.0
20261001,521062,659,76.45
20261001,521064,390406,65.33
20261001,521068,700,100.0
20261001,521070,1365892,86.19
20261001,521080,456,100.0
20261001,521097,318,99.38
20261001,521105,5031,95.21
20261001,521109,1911,98.51
20261001,521113,12820,78.46
20261001,521131,1,50.0
20261001,521137,20329,100.0
20261001,521141,342,98.28
20261001,521149,1027,64.79
20261001,521163,344,81.9
20261001,521167,6065,100.0
20261001,521178,3267,94.07
20261001,521180,3352,100.0
20261001,521194,146,100.0
20261001,521200,817,99.88
20261001,521206,29969,92.44
20261001,521210,328,100.0
20261001,521216,965,82.76
20261001,521220,2600,100.0
20261001,521222,15,100.0
20261001,521226,5,100.0
20261001,521228,19832,81.13
20261001,521234,2,66.67
20261001,521238,32435,88.51
20261001,521240,70,100.0
20261001,521244,1714,100.0
20261001,521246,5276,87.74
20261001,521248,25518,48.96
20261001,522001,1318,100.0
20261001,522004,5956,69.56
20261001,522005,3345,53.69
20261001,522014,14249,58.62
20261001,522017,3676,85.27
20261001,522027,81,100.0
20261001,522029,2770,85.73
20261001,522034,4157,47.58
20261001,522036,17,94.44
20261001,522064,340,88.08
20261001,522073,50,100.0
20261001,522074,21766,52.35
20261001,522091,2494,80.35
20261001,522101,6555,43.23
20261001,522105,12373,100.0
20261001,522108,236,70.66
20261001,522113,568,50.31
20261001,522122,44,100.0
20261001,522134,3437,69.11
20261001,522150,32174,100.0
20261001,522152,1739,84.87
20261001,522163,55198,100.0
20261001,522165,9189,96.35
20261001,522183,85,96.59
20261001,522195,2227,62.14
20261001,522205,12692,47.35
20261001,522209,5579,95.6
20261001,522215,9492,51.27
20261001,522217,331,92.72
20261001,522229,2904,62.42
20261001,522231,11764,66.53
20261001,522235,10,100.0
20261001,522237,84,93.33
20261001,522241,2314,42.54
20261001,522249,2566,56.98
20261001,522251,2060,58.59
20261001,522257,48552,100.0
20261001,522261,1070,41.67
20261001,522267,707,66.32
20261001,522273,329,82.04
20261001,522275,10090,40.1
20261001,522281,38113,50.65
20261001,522285,154151,56.57
20261001,522287,6609,55.95
20261001,522289,3240,54.62
20261001,522292,101,100.0
20261001,522294,18044,90.21
20261001,522295,2460,81.4
20261001,522650,4680,59.78
20261001,523011,1,100.0
20261001,523019,9056,72.2
20261001,523021,668,100.0
20261001,523023,3102,99.87
20261001,523025,1016,51.47
20261001,523054,1,100.0
20261001,523100,1441,82.63
20261001,523105,2189386,100.0
20261001,523120,207,100.0
20261001,523127,2394,75.95
20261001,523144,7,100.0
20261001,523160,3189,73.13
20261001,523204,1949,100.0
20261001,523207,52,91.23
20261001,523222,10489,100.0
20261001,523229,10756,65.51
20261001,523232,3251,82.95
20261001,523242,200,100.0
20261001,523248,332,95.68
20261001,523260,1581,64.58
20261001,523261,2115,34.31
20261001,523269,1096,98.12
20261001,523277,899255,76.08
20261001,523283,61,88.41
20261001,523289,1386,58.78
20261001,523301,118,72.39
20261001,523309,24972,76.79
20261001,523319,6049,49.57
20261001,523323,599,69.09
20261001,523367,2581,40.7
20261001,523369,4519,42.65
20261001,523371,3944,46.04
20261001,523373,177631,56.87
20261001,523384,128,99.22
20261001,523385,1637,80.84
20261001,523387,49153,77.28
20261001,523391,1361,97.01
20261001,523395,295,58.88
20261001,523398,5189,45.01
20261001,523405,42587,45.06
20261001,523411,1877,100.0
20261001,523419,1782,100.0
20261001,523425,10,100.0
20261001,523445,1377,54.13
20261001,523457,1436,52.31
20261001,523465,575,100.0
20261001,523467,6905,100.0
20261001,523475,699,84.52
20261001,523483,14,93.33
20261001,523489,14,100.0
20261001,523519,2521,99.84
20261001,523537,971,84.0
20261001,523539,20843,39.32
20261001,523550,1390,96.13
20261001,523558,31120,100.0
20261001,523566,23,100.0
20261001,523574,7893,100.0
20261001,523586,3443,70.47
20261001,523598,70249,52.0
20261001,523606,2356,65.08
20261001,523610,9867,59.46
20261001,523618,1828,46.72
20261001,523620,369,100.0
20261001,523630,28939,56.19
20261001,523642,6197,66.97
20261001,523648,1514,69.01
20261001,523650,12365,83.77
20261001,523660,4197,73.3
20261001,523672,7188,94.42
20261001,523676,2310,78.54
20261001,523694,3496,63.09
20261001,523696,3705,81.45
20261001,523704,1957,43.45
20261001,523708,478,66.57
20261001,523710,40,100.0
20261001,523716,964,66.53
20261001,523722,23563,100.0
20261001,523732,10136,94.82
20261001,523736,250,86.51
20261001,523752,40462,74.57
20261001,523754,215,68.25
20261001,523782,7829,71.75
20261001,523790,300,100.0
20261001,523792,3235,100.0
20261001,523796,1000,100.0
20261001,523826,1403,87.69
20261001,523828,2898,58.17
20261001,523832,48,100.0
20261001,523838,9316,66.03
20261001,523840,3975,99.55
20261001,523842,34952,100.0
20261001,523844,113,100.0
20261001,523850,11,50.0
20261001,523862,3443,78.79
20261001,523874,10133,100.0
20261001,523888,264,3.85
20261001,524000,7559,38.8
20261001,524019,746,69.59
20261001,524031,50,100.0
20261001,524037,8475,58.64
20261001,524038,3639,93.74
20261001,524051,1011,48.23
20261001,524055,100,100.0
20261001,524075,313,96.01
20261001,524080,120,97.56
20261001,524091,12679,57.2
20261001,524109,19643,100.0
20261001,524129,625,92.73
20261001,524136,219,100.0
20261001,524156,1639,90.55
20261001,524164,119612,39.71
20261001,524174,74686,84.06
20261001,524200,4494,54.18
20261001,524202,2601,79.91
20261001,524204,253,93.36
20261001,524208,35751,56.24
20261001,524210,44,97.78
20261001,524212,51686,55.31
20261001,524218,23212,100.0
20261001,524226,19265,58.46
20261001,524230,41363,46.47
20261001,524238,131826,100.0
20261001,524280,13019,38.62
20261001,524288,598,72.14
20261001,524314,3385,91.61
20261001,524322,96927,71.58
20261001,524324,2137,100.0
20261001,524330,1269,78.62
20261001,524332,26212,60.02
20261001,524336,7713,100.0
20261001,524342,3608,56.29
20261001,524348,5905,52.68
20261001,524370,57413,100.0
20261001,524372,6579,57.23
20261001,524394,8006,57.8
20261001,524396,2726,54.01
20261001,524400,17040,99.88
20261001,524404,46237,32.77
20261001,524412,13650,59.08
20261001,524414,604,100.0
20261001,524434,43411,93.91
20261001,524440,1990,57.5
20261001,524444,12035265,61.49
20261001,524458,100,66.67
20261001,524470,1496598,44.43
20261001,524480,1118,83.18
20261001,524488,156261,61.44
20261001,524494,133082,87.98
20261001,524500,3881,100.0
20261001,524502,670,100.0
20261001,524506,871,100.0
20261001,524514,100,100.0
20261001,524516,22459,100.0
20261001,524518,20305,54.01
20261001,524520,97051,52.09
20261001,524522,781,99.49
20261001,524534,663,96.51
20261001,524542,1977,98.41
20261001,524548,72,97.3
20261001,524558,1777,42.8
20261001,524564,351,100.0
20261001,524570,71,93.42
20261001,524572,1519,55.8
20261001,524576,2134,100.0
20261001,524582,271,81.63
20261001,524592,30022,100.0
20261001,524594,332,95.95
20261001,524598,203,100.0
20261001,524602,3152,86.86
20261001,524606,2561,63.6
20261001,524614,27047,92.51
20261001,524622,27390,76.07
20261001,524624,612,53.54
20261001,524628,4,100.0
20261001,524632,317982,47.09
20261001,524634,4458,81.41
20261001,524636,4577,100.0
20261001,524640,11224,100.0
20261001,524648,12847,55.82
20261001,524654,484,100.0
20261001,524661,3129732,44.46
20261001,524663,242570,53.03
20261001,524667,20008,61.48
20261001,524669,61,42.96
20261001,524675,235,94.38
20261001,524687,24020,83.3
20261001,524703,611,98.71
20261001,524709,26078,62.19
20261001,524711,3946,78.56
20261001,524715,101726,70.02
20261001,524717,8960,52.99
20261001,524723,16,100.0
20261001,524727,40,100.0
20261001,524731,406,91.86
20261001,524735,34276,47.05
20261001,524742,3099,45.61
20261001,524743,15279,72.53
20261001,524748,982,88.23
20261001,524752,109,96.46
20261001,524768,2145,90.01
20261001,524774,2554,88.8
20261001,524790,504,75.11
20261001,524804,6255,28.33
20261001,524808,615,100.0
20261001,524816,16403,57.21
20261001,524818,1002,63.38
20261001,524820,5093,65.61
20261001,524824,11430,88.26
20261001,524828,506,82.82
20261001,526001,11606,97.96
20261001,526025,8230,71.88
20261001,526027,53823,100.0
20261001,526043,912,77.29
20261001,526071,956,100.0
20261001,526073,1261,100.0
20261001,526075,2246,100.0
20261001,526081,51635,100.0
20261001,526095,100,100.0
20261001,526113,12,100.0
20261001,526115,1470,100.0
20261001,526125,2364,100.0
20261001,526133,100,100.0
20261001,526137,988,99.4
20261001,526139,51082,83.14
20261001,526143,1520,93.83
20261001,526159,14020,89.49
20261001,526161,1,100.0
20261001,526169,3635,88.14
20261001,526173,41677,63.48
20261001,526179,2777,82.06
20261001,526187,10300,100.0
20261001,526193,1608,92.63
20261001,526211,609,88.78
20261001,526217,681,100.0
20261001,526227,116229,53.02
20261001,526231,56603,100.0
20261001,526237,355,49.17
20261001,526241,2171,100.0
20261001,526247,8464,82.45
20261001,526251,175,63.18
20261001,526263,4589,100.0
20261001,526269,1866,76.38
20261001,526299,18649,35.41
20261001,526315,3947,100.0
20261001,526325,3,100.0
20261001,526331,95,100.0
20261001,526335,36212,79.35
20261001,526345,2528,99.76
20261001,526355,370,73.12
20261001,526365,2105,45.27
20261001,526367,467,61.77
20261001,526371,2439480,77.05
20261001,526373,83,89.25
20261001,526381,145,99.32
20261001,526397,692,100.0
20261001,526407,1342,99.63
20261001,526409,92921,91.87
20261001,526415,141209,81.31
20261001,526423,4613,91.51
20261001,526433,11852,54.34
20261001,526435,253,70.08
20261001,526439,603,100.0
20261001,526441,7267,89.73
20261001,526443,61918,100.0
20261001,526445,41465,100.0
20261001,526468,2608,100.0
20261001,526471,5448,75.32
20261001,526473,5225,86.14
20261001,526479,979,67.99
20261001,526481,1510,99.8
20261001,526488,2475,99.96
20261001,526490,40572,71.23
20261001,526492,8285,62.85
20261001,526494,3415,100.0
20261001,526506,1510,100.0
20261001,526508,3899,96.49
20261001,526519,770,100.0
20261001,526525,271,100.0
20261001,526530,22767,100.0
20261001,526532,586,100.0
20261001,526544,31155,91.52
20261001,526546,1651,100.0
20261001,526550,30,100.0
20261001,526570,33845,77.07
20261001,526574,13,100.0
20261001,526582,14129,49.27
20261001,526596,1991,82.0
20261001,526604,3040,100.0
20261001,526608,748,48.79
20261001,526612,799,28.9
20261001,526614,2433,100.0
20261001,526616,494,66.67
20261001,526622,237401,80.32
20261001,526638,6162,88.32
20261001,526640,2271,91.61
20261001,526642,2917,85.42
20261001,526650,171229,42.89
20261001,526666,61,68.54
20261001,526668,491,56.63
20261001,526675,15848,99.47
20261001,526677,11197,100.0
20261001,526703,569,100.0
20261001,526705,5,100.0
20261001,526709,34690,64.31
20261001,526711,1068,77.45
20261001,526717,8367,100.0
20261001,526721,62,96.88
20261001,526723,930,94.7
20261001,526725,7,100.0
20261001,526727,474,95.76
20261001,526729,12832,38.23
20261001,526731,300,56.18
20261001,526739,1909,70.89
20261001,526747,9737,96.0
20261001,526755,17702,97.01
20261001,526761,1770,76.26
20261001,526775,11624,40.23
20261001,526783,35,53.03
20261001,526795,1300,100.0
20261001,526797,18626,59.43
20261001,526807,1613,47.84
20261001,526813,2,100.0
20261001,526817,17,77.27
20261001,526821,385,100.0
20261001,526827,31805,79.02
20261001,526829,91198,43.79
20261001,526839,119,100.0
20261001,526841,128812,69.26
20261001,526847,1,100.0
20261001,526849,53,100.0
20261001,526851,258,100.0
20261001,526853,618,100.0
20261001,526859,84853,72.96
20261001,526861,9164,86.96
20261001,526865,120,100.0
20261001,526869,128,100.0
20261001,526871,279,98.94
20261001,526873,1123,100.0
20261001,526877,10,100.0
20261001,526881,3338,43.29
20261001,526885,1584,89.24
20261001,526891,59,100.0
20261001,526899,17196,83.54
20261001,526901,127,100.0
20261001,526905,1436,93.49
20261001,526931,21,91.3
20261001,526935,4998345,70.18
20261001,526945,313,98.74
20261001,526947,2247,61.04
20261001,526951,393,30.92
20261001,526953,7491,68.2
20261001,526961,119868,84.89
20261001,526965,1681,79.33
20261001,526967,2000,100.0
20261001,526971,2249,100.0
20261001,526981,2976,67.84
20261001,526987,80308,86.31
20261001,527001,16429,73.83
20261001,527005,5214,92.09
20261001,530001,2402,49.34
20261001,530005,13255,55.14
20261001,530007,27084,47.88
20261001,530017,1999,86.31
20261001,530019,10826,48.75
20261001,530023,564,70.77
20261001,530025,4897,72.01
20261001,530027,2041,100.0
20261001,530037,3063,60.14
20261001,530043,922,98.29
20261001,530045,725,59.18
20261001,530053,5924,78.64
20261001,530057,22023,86.15
20261001,530063,3370,100.0
20261001,530065,850,96.59
20261001,530067,5853,94.94
20261001,530073,22526,75.55
20261001,530075,12363,30.38
20261001,530077,2416,68.38
20261001,530079,1024,54.82
20261001,530109,246573,63.33
20261001,530111,824,97.63
20261001,530117,4860,73.59
20261001,530119,20,100.0
20261001,530125,4125,90.16
20261001,530127,3200,100.0
20261001,530129,879,63.6
20261001,530133,485,90.65
20261001,530135,21821,60.24
20261001,530139,1730,100.0
20261001,530141,95,100.0
20261001,530145,36777,100.0
20261001,530163,12457,76.9
20261001,530167,208,100.0
20261001,530169,600,80.97
20261001,530171,1245,99.84
20261001,530175,2997,89.25
20261001,530177,1290,100.0
20261001,530179,35888,100.0
20261001,530185,61848,86.1
20261001,530187,20264,100.0
20261001,530197,251,100.0
20261001,530199,5650,58.31
20261001,530201,16959,100.0
20261001,530207,1901,99.95
20261001,530213,125,100.0
20261001,530215,137722,99.03
20261001,530217,3657,100.0
20261001,530231,1,100.0
20261001,530233,91,67.91
20261001,530235,152,100.0
20261001,530239,16289,37.24
20261001,530245,4,100.0
20261001,530249,437337,93.13
20261001,530251,103805,100.0
20261001,530253,11758,67.46
20261001,530255,7746,67.18
20261001,530259,407,100.0
20261001,530263,42033,68.91
20261001,530265,3299,92.23
20261001,530267,302,100.0
20261001,530271,3,60.0
20261001,530281,240,100.0
20261001,530289,3995,99.9
20261001,530291,250,100.0
20261001,530295,500,100.0
20261001,530299,1340,95.92
20261001,530305,10932,55.68
20261001,530307,6478,72.98
20261001,530309,25276,69.73
20261001,530313,5070,83.48
20261001,530315,1350,57.52
20261001,530317,11995,66.92
20261001,530331,39,100.0
20261001,530343,56791,41.78
20261001,530355,16606,68.29
20261001,530357,121338,67.69
20261001,530361,4372,100.0
20261001,530363,17056,100.0
20261001,530365,1229,76.96
20261001,530367,24964,51.59
20261001,530369,656,98.8
20261001,530377,24620,68.45
20261001,530393,502,100.0
20261001,530401,665,85.37
20261001,530405,296,63.79
20261001,530407,3404,59.39
20261001,530419,1017,83.02
20261001,530421,14487,77.88
20261001,530427,2794,74.17
20261001,530429,1176,70.55
20261001,530433,1067,99.35
20261001,530439,1627,82.3
20261001,530443,37,100.0
20261001,530445,7621,80.36
20261001,530449,181,96.28
20261001,530457,37438,82.51
20261001,530459,1,100.0
20261001,530461,4675,91.92
20261001,530475,2445,55.27
20261001,530477,19761,70.23
20261001,530495,1320,100.0
20261001,530499,149,78.01
20261001,530517,14671,57.32
20261001,530521,5238,88.08
20261001,530525,47827,100.0
20261001,530533,1,50.0
20261001,530545,760,96.32
20261001,530549,29293,32.41
20261001,530555,37320,49.48
20261001,530557,4323047,100.0
20261001,530571,2,100.0
20261001,530577,244,100.0
20261001,530579,122547,100.0
20261001,530581,9,100.0
20261001,530585,14598,100.0
20261001,530589,14409,92.74
20261001,530595,9901,100.0
20261001,530615,18864,100.0
20261001,530617,154441,85.37
20261001,530621,1536,100.0
20261001,530627,6730,77.58
20261001,530643,1945,70.04
20261001,530655,29624,57.65
20261001,530663,51732,100.0
20261001,530665,29610,73.17
20261001,530675,100,100.0
20261001,530677,2593,99.62
20261001,530689,14408,92.43
20261001,530695,3389,62.04
20261001,530697,745,77.44
20261001,530699,932,100.0
20261001,530705,295,85.51
20261001,530709,1,100.0
20261001,530711,314,95.73
20261001,530723,255,100.0
20261001,530741,6000,100.0
20261001,530745,482,100.0
20261001,530747,1920,97.26
20261001,530755,250,100.0
20261001,530757,142,100.0
20261001,530759,5974,66.16
20261001,530779,319,100.0
20261001,530787,3650,100.0
20261001,530789,24,100.0
20261001,530795,12,100.0
20261001,530799,14,100.0
20261001,530803,12029,39.44
20261001,530805,281757,62.65
20261001,530809,12,100.0
20261001,530813,11163,62.34
20261001,530821,2707,99.08
20261001,530825,296,100.0
20261001,530829,1149,59.94
20261001,530839,24266,100.0
20261001,530843,1027618,35.35
20261001,530845,370,58.18
20261001,530853,120,100.0
20261001,530855,2318,100.0
20261001,530871,1890,99.21
20261001,530879,17650,91.8
20261001,530881,97806,93.57
20261001,530883,68885,100.0
20261001,530889,100,100.0
20261001,530897,74,100.0
20261001,530907,17285,100.0
20261001,530919,13642,51.47
20261001,530925,300,100.0
20261001,530943,121802,70.56
20261001,530951,293,80.94
20261001,530953,2982,100.0
20261001,530959,23397,96.19
20261001,530961,183836,82.63
20261001,530965,364296,43.79
20261001,530973,13,100.0
20261001,530977,250,89.93
20261001,530979,151,73.3
20261001,530991,2955,84.48
20261001,530993,151,100.0
20261001,530997,1150,82.14
20261001,530999,3132,40.16
20261001,531003,12,100.0
20261001,531015,1084,78.55
20261001,531017,1354,85.0
20261001,531025,746881,51.18
20261001,531033,82,100.0
20261001,531035,35309,100.0
20261001,531039,3,100.0
20261001,531041,264,95.65
20261001,531043,64,100.0
20261001,531049,1220,100.0
20261001,531067,679,97.14
20261001,531069,139,100.0
20261001,531080,203,100.0
20261001,531082,14622,94.23
20261001,531083,3126,94.41
20261001,531091,307,100.0
20261001,531092,4963,79.98
20261001,531099,3690,100.0
20261001,531109,103,98.1
20261001,531112,19545,47.64
20261001,531119,433,100.0
20261001,531120,172245,64.78
20261001,531126,27920,84.59
20261001,531127,20352,100.0
20261001,531129,64674,77.36
20261001,531137,55408,74.14
20261001,531144,55584,73.24
20261001,531146,4800,100.0
20261001,531147,97559,80.15
20261001,531153,30426,79.68
20261001,531155,3,100.0
20261001,531156,11231,100.0
20261001,531157,15596,97.93
20261001,531158,3095,93.93
20261001,531161,30,100.0
20261001,531162,67571,41.2
20261001,531163,5,100.0
20261001,531168,54,100.0
20261001,531169,393,97.28
20261001,531173,19118,88.3
20261001,531176,14924,85.57
20261001,531178,401,100.0
20261001,531179,527,46.19
20261001,531191,55,100.0
20261001,531199,26,100.0
20261001,531201,771,66.29
20261001,531205,5253217,52.14
20261001,531209,1164,93.95
20261001,531210,2711,100.0
20261001,531212,56,100.0
20261001,531213,64947,28.96
20261001,531215,4553,84.69
20261001,531216,51564,69.3
20261001,531219,1500,100.0
20261001,531221,124,57.67
20261001,531223,4128,93.41
20261001,531225,3209,99.6
20261001,531228,3,100.0
20261001,531233,13831,90.51
20261001,531234,909,100.0
20261001,531235,3,100.0
20261001,531237,976,82.99
20261001,531241,5677,70.81
20261001,531246,1008,85.28
20261001,531253,2452,77.4
20261001,531254,7498,97.97
20261001,531255,12,100.0
20261001,531257,9458,79.58
20261001,531259,1,100.0
20261001,531266,923,43.07
20261001,531268,6649,59.45
20261001,531272,985,100.0
20261001,531273,143319,85.02
20261001,531274,8,100.0
20261001,531278,322,100.0
20261001,531279,16625,100.0
20261001,531280,2290,100.0
20261001,531281,2576,100.0
20261001,531286,10,100.0
20261001,531287,638,99.84
20261001,531288,58,100.0
20261001,531289,23486,100.0
20261001,531297,2127,99.49
20261001,531301,173,100.0
20261001,531304,1250,92.59
20261001,531306,192,100.0
20261001,531307,9408,93.04
20261001,531310,3856,83.52
20261001,531314,7,100.0
20261001,531319,1546,48.66
20261001,531322,11381,87.67
20261001,531323,4,100.0
20261001,531324,562,99.65
20261001,531328,1383130,69.33
20261001,531334,20,100.0
20261001,531335,12208,64.6
20261001,531340,41,100.0
20261001,531344,25968,49.21
20261001,531346,2221,88.77
20261001,531349,3658,74.44
20261001,531352,213,95.09
20261001,531357,104803,62.82
20261001,531358,186934,97.7
20261001,531359,159,70.04
20261001,531360,185,100.0
20261001,531364,1047,91.76
20261001,531370,26967,77.51
20261001,531373,3608,73.96
20261001,531380,41,91.11
20261001,531381,92,63.89
20261001,531387,153,100.0
20261001,531390,45150,74.24
20261001,531395,241661,100.0
20261001,531396,6,100.0
20261001,531397,144,100.0
20261001,531398,1057,82.0
20261001,531399,11393,73.87
20261001,531400,29270,100.0
20261001,531402,39337,79.92
20261001,531406,2092,100.0
20261001,531411,5456290,100.0
20261001,531412,27,100.0
20261001,531416,766,94.33
20261001,531417,29993,69.53
20261001,531420,1353,100.0
20261001,531426,6210,73.02
20261001,531431,19430,46.68
20261001,531433,101,100.0
20261001,531436,947,78.46
20261001,531437,1852,96.06
20261001,531439,345,100.0
20261001,531441,1,100.0
20261001,531449,99168,28.03
20261001,531453,345,100.0
20261001,531454,7182,57.95
20261001,531456,5312,100.0
20261001,531458,21701,100.0
20261001,531460,209,100.0
20261001,531465,50711,100.0
20261001,531471,6124,100.0
20261001,531472,4976,98.79
20261001,531486,21301,100.0
20261001,531489,202,93.52
20261001,531494,20720,59.79
20261001,531497,16633,99.47
20261001,531500,27459,100.0
20261001,531502,528026,89.75
20261001,531503,2189,99.86
20261001,531506,2415,81.45
20261001,531508,1939,56.17
20261001,531512,119788,86.19
20261001,531515,1483,100.0
20261001,531518,245625,100.0
20261001,531525,30225,100.0
20261001,531529,16719,100.0
20261001,531530,963,100.0
20261001,531531,2100,76.0
20261001,531533,1168,78.07
20261001,531537,4770,100.0
20261001,531539,5591,84.83
20261001,531540,9700,99.13
20261001,531541,29599,100.0
20261001,531543,57621,41.48
20261001,531548,3011,68.4
20261001,531550,800,99.26
20261001,531552,2615,76.62
20261001,531553,103,100.0
20261001,531556,587,99.32
20261001,531557,1557,100.0
20261001,531569,4412,69.36
20261001,531572,36,100.0
20261001,531574,330,100.0
20261001,531582,3,100.0
20261001,531583,2225,96.53
20261001,531585,6,100.0
20261001,531591,2493,94.18
20261001,531592,270818,90.53
20261001,531594,1063,100.0
20261001,531595,60981,40.47
20261001,531599,3229,64.09
20261001,531608,1,33.33
20261001,531609,30,100.0
20261001,531613,707,100.0
20261001,531624,540,100.0
20261001,531626,17889,91.56
20261001,531628,3308,100.0
20261001,531633,1086,82.71
20261001,531635,382,92.49
20261001,531637,3841,80.05
20261001,531638,10,100.0
20261001,531642,20721,52.14
20261001,531644,286,96.62
20261001,531651,17,100.0
20261001,531652,3302,96.83
20261001,531658,42346,63.38
20261001,531661,9768,100.0
20261001,531663,238077,82.7
20261001,531667,5350,100.0
20261001,531668,3186,100.0
20261001,531671,58913,90.2
20261001,531673,5367,90.8
20261001,531676,400,100.0
20261001,531680,2257,100.0
20261001,531681,6527,100.0
20261001,531688,1002,64.6
20261001,531692,805,82.9
20261001,531694,3503,72.95
20261001,531716,3976,100.0
20261001,531717,543,97.31
20261001,531719,6208,85.82
20261001,531723,2061969,100.0
20261001,531726,3714,76.06
20261001,531727,7291,100.0
20261001,531737,67815,65.03
20261001,531739,181552,72.35
20261001,531744,714,100.0
20261001,531746,4515,58.48
20261001,531752,2760526,56.74
20261001,531758,546,89.51
20261001,531761,5449,70.63
20261001,531762,3968,100.0
20261001,531768,3648,54.28
20261001,531769,560,100.0
20261001,531771,673,77.27
20261001,531778,778,99.23
20261001,531780,17783,67.12
20261001,531784,100552,67.84
20261001,531795,19431,52.03
20261001,531802,7968,74.11
20261001,531810,3,42.86
20261001,531812,3904,71.2
20261001,531813,10,100.0
20261001,531814,1643,91.69
20261001,531821,2,100.0
20261001,531822,45,100.0
20261001,531832,4049,79.41
20261001,531834,1768,100.0
20261001,531840,3005,51.74
20261001,531841,1940,100.0
20261001,531842,7193,99.9
20261001,531845,10400,92.33
20261001,531846,297,100.0
20261001,531847,1,100.0
20261001,531859,14092,63.29
20261001,531861,458,99.78
20261001,531862,4986,96.03
20261001,531867,3669,100.0
20261001,531869,29545,86.51
20261001,531878,72,100.0
20261001,531888,1800,65.72
20261001,531889,186061,71.0
20261001,531892,340,100.0
20261001,531893,345123,49.88
20261001,531900,3440,94.56
20261001,531902,21,100.0
20261001,531909,86833,100.0
20261001,531910,3284,100.0
20261001,531911,273,100.0
20261001,531913,10607,87.48
20261001,531918,145,100.0
20261001,531921,543,71.07
20261001,531923,2842,59.27
20261001,531925,2704,85.73
20261001,531928,5,100.0
20261001,531929,577,100.0
20261001,531930,2021,100.0
20261001,531931,22,100.0
20261001,531944,174,100.0
20261001,531950,5139,92.8
20261001,531952,1726,100.0
20261001,531959,56612,72.26
20261001,531962,1460,87.64
20261001,531977,144766,100.0
20261001,531978,86,65.15
20261001,531979,472,95.55
20261001,531982,7146,100.0
20261001,531989,206,100.0
20261001,531991,53723,83.39
20261001,531994,1,100.0
20261001,531996,1374,79.93
20261001,531997,5375,100.0
20261001,532001,251,93.66
20261001,532005,120,100.0
20261001,532007,10,100.0
20261001,532011,1208,65.09
20261001,532015,46599,86.48
20261001,532016,1011,99.8
20261001,532019,5242,100.0
20261001,532022,437737,100.0
20261001,532029,24246,89.73
20261001,532039,6760,83.76
20261001,532041,12105,100.0
20261001,532042,125,100.0
20261001,532051,539,59.49
20261001,532053,55,96.49
20261001,532054,1065,53.84
20261001,532056,13,100.0
20261001,532057,75,100.0
20261001,532067,1900,57.7
20261001,532070,6510,51.6
20261001,532090,39864,83.89
20261001,532092,37286,88.55
20261001,532100,1172,89.26
20261001,532102,923,80.47
20261001,532113,2680,100.0
20261001,532123,84153,77.26
20261001,532124,206,100.0
20261001,532134,3298216,89.12
20261001,532140,15899,82.37
20261001,532141,298,67.42
20261001,532143,15772,60.21
20261001,532144,44782,38.02
20261001,532145,7,53.85
20261001,532149,201184,53.69
20261001,532150,11743,56.15
20261001,532154,488921,60.84
20261001,532155,164692,58.41
20261001,532156,8668,59.66
20261001,532159,9159,70.18
20261001,532160,2127,69.94
20261001,532162,7798,42.41
20261001,532163,6479,55.96
20261001,532167,2,100.0
20261001,532172,21217,100.0
20261001,532173,3811,100.0
20261001,532174,4465881,74.92
20261001,532175,20948,49.28
20261001,532178,254934,40.53
20261001,532180,28210,71.96
20261001,532181,78697,41.59
20261001,532183,45828,85.0
20261001,532187,48617,71.73
20261001,532189,4993,40.0
20261001,532209,114327,46.15
20261001,532210,74832,34.48
20261001,532212,2378,89.16
20261001,532215,310812,71.87
20261001,532216,28,100.0
20261001,532217,242,100.0
20261001,532218,282360,44.84
20261001,532219,574,89.13
20261001,532221,135558,78.62
20261001,532230,1188,100.0
20261001,532234,215008,51.97
20261001,532240,2361,41.84
20261001,532256,164,52.9
20261001,532259,3763,41.59
20261001,532262,10,83.33
20261001,532268,2412,80.86
20261001,532271,26238,100.0
20261001,532275,53617,42.54
20261001,532281,169541,72.52
20261001,532284,469,100.0
20261001,532285,6593,67.14
20261001,532286,5206,36.56
20261001,532290,27662,93.13
20261001,532296,16485,45.83
20261001,532300,10677,31.88
20261001,532303,300,100.0
20261001,532304,720,90.23
20261001,532305,19633,39.73
20261001,532309,7843,48.24
20261001,532310,5850,89.33
20261001,532313,2781,60.38
20261001,532315,2132,95.48
20261001,532320,1146,96.46
20261001,532321,97798,71.49
20261001,532323,64421,55.37
20261001,532324,101,100.0
20261001,532326,374,97.14
20261001,532329,3690,100.0
20261001,532331,1825,46.45
20261001,532332,3,100.0
20261001,532333,43,95.56
20261001,532334,109,97.32
20261001,532335,426,100.0
20261001,532339,1866,92.51
20261001,532340,1,100.0
20261001,532341,4430,55.84
20261001,532343,13813,47.15
20261001,532344,179,100.0
20261001,532348,522929,53.55
20261001,532349,1907,53.99
20261001,532350,1261,100.0
20261001,532351,71527,100.0
20261001,532354,16294,100.0
20261001,532355,500,99.4
20261001,532356,30651,52.53
20261001,532357,17,100.0
20261001,532359,38828,100.0
20261001,532362,19495,83.42
20261001,532365,1614,62.12
20261001,532366,16913,61.89
20261001,532368,581927,69.22
20261001,532369,1297,34.68
20261001,532370,1430,48.72
20261001,532371,350080,40.65
20261001,532372,3134,89.57
20261001,532373,1117,80.65
20261001,532374,268056,100.0
20261001,532375,8987,54.0
20261001,532376,1827,98.23
20261001,532378,22,100.0
20261001,532379,46126,100.0
20261001,532380,17120,64.7
20261001,532382,8816,57.58
20261001,532384,697,68.13
20261001,532386,32293,100.0
20261001,532388,200975,56.95
20261001,532390,4745,39.79
20261001,532392,11304,99.96
20261001,532395,17745,35.09
20261001,532397,476,100.0
20261001,532398,4469,85.22
20261001,532400,136086,61.72
20261001,532402,7753,73.58
20261001,532404,1486,86.14
20261001,532406,35321,43.01
20261001,532407,78561,52.61
20261001,532408,6264,100.0
20261001,532410,1446,58.73
20261001,532416,3489,96.22
20261001,532419,129,100.0
20261001,532424,157904,89.77
20261001,532425,19744,100.0
20261001,532430,3083,56.43
20261001,532432,47576,73.71
20261001,532435,2904,97.25
20261001,532439,15052,38.74
20261001,532440,1009,53.3
20261001,532443,102,43.78
20261001,532444,4747,99.19
20261001,532454,800009,51.1
20261001,532455,1154,64.18
20261001,532456,5471,100.0
20261001,532457,12741,67.34
20261001,532460,607,72.52
20261001,532461,385501,57.27
20261001,532466,3162,41.1
20261001,532467,35674,76.06
20261001,532468,241,83.68
20261001,532475,8640,84.78
20261001,532477,120006,52.68
20261001,532478,8816,53.03
20261001,532481,16869,72.22
20261001,532482,20102,49.86
20261001,532483,490495,54.49
20261001,532485,29149,84.98
20261001,532486,3063,62.65
20261001,532488,19062,59.18
20261001,532493,9732,69.69
20261001,532497,33403,86.15
20261001,532500,33865,51.65
20261001,532503,83,83.84
20261001,532504,4392,53.97
20261001,532505,234031,53.48
20261001,532507,7863,99.83
20261001,532508,24916,61.9
20261001,532509,3535,69.38
20261001,532513,9217,63.48
20261001,532514,85224,46.96
20261001,532515,2728,87.3
20261001,532521,421,100.0
20261001,532522,423908,92.49
20261001,532523,238349,75.85
20261001,532524,65913,60.28
20261001,532525,428240,47.48
20261001,532527,26170,58.57
20261001,532528,2537,56.78
20261001,532529,3700,84.92
20261001,532531,7869,39.31
20261001,532538,28072,72.05
20261001,532539,21017,38.04
20261001,532540,139493,67.63
20261001,532541,62566,41.08
20261001,532543,3425,100.0
20261001,532548,2820,58.51
20261001,532553,23918,63.22
20261001,532555,449131,81.71
20261001,532604,70847,66.38
20261001,532605,18665,44.04
20261001,532610,86921,58.88
20261001,532612,9562,52.48
20261001,532613,6367,99.53
20261001,532616,2234,88.69
20261001,532624,1,100.0
20261001,532626,9672,54.17
20261001,532627,2094431,52.61
20261001,532628,35895,100.0
20261001,532629,136,100.0
20261001,532630,6984,49.95
20261001,532633,722,85.54
20261001,532636,20490,30.98
20261001,532637,12787,92.69
20261001,532638,6254,53.79
20261001,532640,959,100.0
20261001,532641,54519,75.65
20261001,532642,85,47.49
20261001,532644,73143,98.13
20261001,532645,10,100.0
20261001,532648,4293536,51.65
20261001,532649,2638,84.07
20261001,532650,18478,49.82
20261001,532651,175,89.29
20261001,532652,56600,33.16
20261001,532654,53869,88.33
20261001,532656,75894,92.35
20261001,532660,3696,100.0
20261001,532661,1642,41.92
20261001,532662,12437,93.39
20261001,532663,1124,63.65
20261001,532666,217028,57.59
20261001,532667,1869218,49.5
20261001,532668,5303,47.47
20261001,532670,513295,38.26
20261001,532673,77866,100.0
20261001,532674,6243,100.0
20261001,532676,57309,91.29
20261001,532683,442,50.57
20261001,532684,7692,47.24
20261001,532686,7325,43.62
20261001,532687,1483,87.34
20261001,532689,10203,51.74
20261001,532694,26658,72.77
20261001,532695,3718,94.22
20261001,532698,2954,44.62
20261001,532699,567,83.51
20261001,532700,1340,99.33
20261001,532701,9905,100.0
20261001,532705,11877,73.82
20261001,532707,3,17.65
20261001,532708,103449,100.0
20261001,532710,59338,71.21
20261001,532712,746648,100.0
20261001,532713,244306,77.09
20261001,532714,50159,47.31
20261001,532716,1750,83.14
20261001,532717,3975,72.91
20261001,532719,23342,71.77
20261001,532720,54948,59.88
20261001,532721,11483,72.72
20261001,532722,11823,60.94
20261001,532725,2768,30.59
20261001,532726,3958,57.81
20261001,532728,964,99.28
20261001,532729,3836,72.54
20261001,532730,368,76.99
20261001,532732,114,84.44
20261001,532733,74864,16.62
20261001,532734,92655,54.04
20261001,532735,170759,38.57
20261001,532737,2458,78.23
20261001,532738,146365,100.0
20261001,532740,35608,62.8
20261001,532741,30396,65.05
20261001,532742,958,58.66
20261001,532744,162,100.0
20261001,532748,37531,29.03
20261001,532749,308413,45.66
20261001,532754,91614,31.01
20261001,532755,100397,66.2
20261001,532756,5775,53.03
20261001,532757,208,48.6
20261001,532759,70518,20.83
20261001,532761,262,63.9
20261001,532762,12085,36.39
20261001,532764,56,100.0
20261001,532767,75187,61.83
20261001,532768,6175,62.44
20261001,532771,318657,56.59
20261001,532772,23327,46.59
20261001,532773,761,99.48
20261001,532774,1070,88.72
20261001,532775,2660934,46.91
20261001,532776,17923,87.48
20261001,532777,9178,34.22
20261001,532779,21554,64.12
20261001,532780,42124,100.0
20261001,532782,6641,100.0
20261001,532783,28771,49.02
20261001,532784,1257,37.9
20261001,532785,914,95.81
20261001,532790,9102,51.27
20261001,532794,76450,83.29
20261001,532795,26821,100.0
20261001,532796,12489,50.07
20261001,532797,5193,68.95
20261001,532798,281110,63.45
20261001,532799,9675,42.73
20261001,532801,379,100.0
20261001,532804,1497,59.19
20261001,532805,97072,45.99
20261001,532806,1610,93.28
20261001,532807,1168,99.83
20261001,532808,5261,53.74
20261001,532809,12762,40.28
20261001,532810,625982,64.0
20261001,532811,2409,56.42
20261001,532812,101,99.02
20261001,532814,12183,39.2
20261001,532815,12365,51.63
20261001,532817,12804,93.95
20261001,532820,1795,99.12
20261001,532822,12610633,45.57
20261001,532825,3822,100.0
20261001,532826,1357,100.0
20261001,532827,933,39.57
20261001,532828,4397,100.0
20261001,532829,5597,56.04
20261001,532830,8853,52.32
20261001,532832,181217,71.07
20261001,532834,21902,60.19
20261001,532835,618,30.95
20261001,532839,709100,73.64
20261001,532841,687,97.59
20261001,532842,1963,83.07
20261001,532843,76945,34.52
20261001,532845,140,100.0
20261001,532847,19813,80.51
20261001,532848,398269,30.64
20261001,532850,29235,100.0
20261001,532851,717,66.33
20261001,532853,813,100.0
20261001,532855,398,63.07
20261001,532856,72920,61.52
20261001,532859,1118,93.09
20261001,532864,19705,79.2
20261001,532866,19120,90.53
20261001,532867,38161,59.51
20261001,532868,31375,38.5
20261001,532869,2859,89.93
20261001,532870,26850,100.0
20261001,532872,36389,49.43
20261001,532873,29681,100.0
20261001,532875,11470,49.07
20261001,532878,163,100.0
20261001,532880,13836,58.9
20261001,532884,12426,60.06
20261001,532885,358344,57.97
20261001,532887,39043,100.0
20261001,532888,39439,29.52
20261001,532889,5069,66.36
20261001,532890,54011,100.0
20261001,532891,5534,57.72
20261001,532892,9869,46.06
20261001,532893,13016,73.16
20261001,532894,32934,93.03
20261001,532895,746,94.31
20261001,532896,410,100.0
20261001,532898,592724,74.98
20261001,532899,4464,55.2
20261001,532900,239829,31.2
20261001,532902,28475,86.3
20261001,532904,21425,77.59
20261001,532906,7427,75.68
20261001,532907,10,100.0
20261001,532911,78568,73.54
20261001,532915,20757,64.1
20261001,532916,714,86.97
20261001,532918,2369,100.0
20261001,532921,45424,65.39
20261001,532922,258989,47.79
20261001,532923,19896,52.48
20261001,532924,4177,81.0
20261001,532925,3,100.0
20261001,532926,37010,59.08
20261001,532927,2727,43.09
20261001,532928,1064965,31.97
20261001,532929,8125,52.76
20261001,532930,7171,100.0
20261001,532931,6258,100.0
20261001,532932,1379,82.57
20261001,532933,15501,83.51
20261001,532934,857,100.0
20261001,532935,1003,100.0
20261001,532937,2506,59.34
20261001,532939,1864739,49.11
20261001,532940,1855,63.75
20261001,532941,9067,100.0
20261001,532942,95725,57.6
20261001,532944,6427,100.0
20261001,532945,708590,61.8
20261001,532946,673,99.85
20261001,532947,361341,52.8
20261001,532951,5736,79.57
20261001,532952,219,50.46
20261001,532953,9789,38.05
20261001,532955,713935,60.31
20261001,532957,71,87.65
20261001,532966,26427,48.68
20261001,532967,12570,57.81
20261001,532974,2728,82.62
20261001,532975,12173,100.0
20261001,532976,17222,65.44
20261001,532977,21170,28.91
20261001,532978,43535,62.1
20261001,532980,16638,75.97
20261001,532983,474,51.63
20261001,532985,7338,81.42
20261001,532986,176,100.0
20261001,532989,4913,100.0
20261001,532992,202,100.0
20261001,532993,1147,92.5
20261001,532994,183,61.41
20261001,532998,2346,68.94
20261001,533001,366,89.05
20261001,533006,36060,100.0
20261001,533007,300121,100.0
20261001,533012,3499,80.72
20261001,533014,412,95.81
20261001,533019,1,100.0
20261001,533022,2924,58.35
20261001,533023,2619,42.43
20261001,533029,940,100.0
20261001,533033,7437,67.84
20261001,533047,2847,49.2
20261001,533048,120484,100.0
20261001,533056,7415,68.43
20261001,533080,2696,64.42
20261001,533088,6206,67.43
20261001,533090,10105637,66.97
20261001,533095,14,100.0
20261001,533096,659520,44.77
20261001,533098,431907,56.09
20261001,533100,7209,79.4
20261001,533101,349,96.68
20261001,533104,2342,63.59
20261001,533106,28408,44.78
20261001,533107,553,100.0
20261001,533108,619,100.0
20261001,533110,120,99.17
20261001,533121,440,66.97
20261001,533122,756042,53.72
20261001,533137,22406,89.69
20261001,533138,1800,55.28
20261001,533146,3355,57.24
20261001,533148,31024,41.88
20261001,533149,28385,68.63
20261001,533150,12147,46.97
20261001,533151,4635,71.78
20261001,533152,3823,90.06
20261001,533155,11354,41.78
20261001,533156,39437,65.3
20261001,533158,4015,64.7
20261001,533160,45018,66.93
20261001,533161,504,100.0
20261001,533162,72534,62.89
20261001,533164,2801,50.96
20261001,533166,45285,88.68
20261001,533167,7425,96.1
20261001,533168,2018,79.89
20261001,533169,22810,44.25
20261001,533172,1563,93.93
20261001,533177,2549,100.0
20261001,533179,20813,44.95
20261001,533181,2603,100.0
20261001,533192,36435,100.0
20261001,533193,9557,69.71
20261001,533202,177850,83.79
20261001,533203,1923,88.01
20261001,533206,356786,58.08
20261001,533208,9348,100.0
20261001,533210,930,86.27
20261001,533217,543,100.0
20261001,533218,1631,68.02
20261001,533227,1,100.0
20261001,533229,5625,44.29
20261001,533230,34164,45.93
20261001,533239,67184,81.19
20261001,533244,222347,75.83
20261001,533248,71045,46.64
20261001,533252,5,100.0
20261001,533257,18374,71.39
20261001,533259,312,77.61
20261001,533260,980,86.42
20261001,533262,6544,56.8
20261001,533263,231522,70.77
20261001,533267,2214,70.46
20261001,533268,344,100.0
20261001,533269,12900,46.23
20261001,533270,459,100.0
20261001,533271,72764,66.05
20261001,533272,57960,42.6
20261001,533273,5558,51.38
20261001,533274,12198,41.41
20261001,533275,116183,85.33
20261001,533278,107360,49.08
20261001,533282,18207,51.92
20261001,533284,4470,96.19
20261001,533285,127703,68.67
20261001,533286,30240,54.87
20261001,533287,35247,95.2
20261001,533289,10122,100.0
20261001,533292,20051,67.62
20261001,533293,14407,32.01
20261001,533294,2679,89.9
20261001,533295,90636,64.65
20261001,533296,2733,75.87
20261001,533298,2611,85.38
20261001,533301,56351,100.0
20261001,533302,386,74.23
20261001,533303,1085,54.63
20261001,533306,37,77.08
20261001,533315,110951,100.0
20261001,533316,106,59.89
20261001,533326,95789,36.3
20261001,533329,41,100.0
20261001,533333,516405,35.56
20261001,533336,1,100.0
20261001,533339,18273,50.68
20261001,533343,2128,96.16
20261001,533344,136138,87.7
20261001,533385,39070,65.09
20261001,533398,13328,46.63
20261001,533407,4650,100.0
20261001,533408,4804,61.65
20261001,533427,56583,47.1
20261001,533451,2871,87.29
20261001,533452,130,100.0
20261001,533470,459,91.25
20261001,533477,228,97.02
20261001,533482,6781,99.99
20261001,533506,138647,72.92
20261001,533519,108900,37.43
20261001,533520,297293,49.34
20261001,533540,1628,98.37
20261001,533543,5496,85.94
20261001,533552,7120,76.62
20261001,533553,87061,28.55
20261001,533570,22095,71.99
20261001,533573,12647,58.72
20261001,533576,824,100.0
20261001,533581,108816,72.98
20261001,533602,37649,76.53
20261001,533608,861,74.48
20261001,533629,1137,100.0
20261001,533632,18536,100.0
20261001,533638,15934,100.0
20261001,533644,3868,80.65
20261001,533655,14350,59.41
20261001,533676,217979,56.13
20261001,533704,58390,58.15
20261001,533719,35458,94.62
20261001,533758,114154,73.42
20261001,533761,35669,50.79
20261001,533896,566,94.49
20261001,533941,13769,52.4
20261001,533982,5220,64.5
20261001,534060,425401,74.15
20261001,534063,5,100.0
20261001,534064,69103,100.0
20261001,534076,5900,34.21
20261001,534091,49947,49.74
20261001,534139,67618,48.6
20261001,534190,99,100.0
20261001,534309,382094,48.3
20261001,534312,117,100.0
20261001,534328,143,94.08
20261001,534338,4058,86.51
20261001,534369,19991,100.0
20261001,534392,4272,66.6
20261001,534422,5808,63.48
20261001,534425,3368,100.0
20261001,534532,17598,99.06
20261001,534535,880133,100.0
20261001,534597,53578,54.6
20261001,534598,2752,93.1
20261001,534600,69598,50.41
20261001,534612,1261,60.16
20261001,534615,4702,100.0
20261001,534618,9007,55.2
20261001,534623,14459,76.04
20261001,534674,327720,74.48
20261001,534675,23241,80.72
20261001,534680,86,95.56
20261001,534691,1459,100.0
20261001,534732,2106,66.46
20261001,534733,93321,100.0
20261001,534741,182955,100.0
20261001,534742,3801,61.62
20261001,534748,148204,43.69
20261001,534755,60627,100.0
20261001,534796,248,100.0
20261001,534804,1046,79.73
20261001,534809,5517926,48.1
20261001,534816,106236,47.24
20261001,534976,542,55.48
20261001,535136,2740,62.54
20261001,535204,17118,100.0
20261001,535205,16326,73.8
20261001,535267,18907,92.64
20261001,535276,40031,91.48
20261001,535322,6889,86.23
20261001,535387,847,80.82
20261001,535431,56493,58.97
20261001,535458,3875,97.26
20261001,535514,25,100.0
20261001,535566,71,98.61
20261001,535601,1563,100.0
20261001,535602,3308,51.02
20261001,535621,298,77.81
20261001,535648,4836,72.57
20261001,535657,20,100.0
20261001,535667,4283,98.91
20261001,535693,3811,83.3
20261001,535719,22554,67.01
20261001,535730,428440,74.58
20261001,535754,10057,61.45
20261001,535755,181933,56.04
20261001,535789,369489,43.34
20261001,535910,6710,100.0
20261001,535916,13765,81.62
20261001,535917,12000,100.0
20261001,535958,280859,82.87
20261001,536073,36837,48.12
20261001,536264,3666,88.0
20261001,536493,120,94.49
20261001,536507,1305,100.0
20261001,536565,223,90.65
20261001,536659,670031,57.33
20261001,536672,12278,85.99
20261001,536709,10614,100.0
20261001,536737,4800,100.0
20261001,536773,125,82.24
20261001,536846,3,100.0
20261001,536960,125613,82.03
20261001,536974,16773,41.92
20261001,537007,53177,62.87
20261001,537008,7910,42.01
20261001,537069,13268,100.0
20261001,537254,5732,100.0
20261001,537259,28577,89.43
20261001,537291,2112,81.77
20261001,537292,402,74.86
20261001,537326,13286,86.59
20261001,537392,2020,100.0
20261001,537483,3166,58.02
20261001,537536,2670,90.05
20261001,537669,1000,100.0
20261001,537707,234575,68.53
20261001,537708,3402,83.46
20261001,537709,14107,100.0
20261001,537750,377,92.4
20261001,537766,140736,56.65
20261001,537785,3745,59.9
20261001,537800,2673846,39.45
20261001,537820,184301,100.0
20261001,537839,6524,85.21
20261001,537985,4210,59.53
20261001,538057,46539,68.95
20261001,538081,286,100.0
20261001,538119,11141,100.0
20261001,538212,113691,100.0
20261001,538268,5949,88.32
20261001,538273,112,100.0
20261001,538351,5350,100.0
20261001,538365,861,99.65
20261001,538382,1,100.0
20261001,538395,1,100.0
20261001,538401,37105,46.21
20261001,538422,176194,57.17
20261001,538446,9020,100.0
20261001,538451,367135,89.21
20261001,538464,2850,81.43
20261001,538476,12418,100.0
20261001,538496,12000,100.0
20261001,538520,18760,100.0
20261001,538521,2135,100.0
20261001,538539,11751,80.47
20261001,538540,158636,86.62
20261001,538542,283,74.47
20261001,538546,6237,61.11
20261001,538556,16057,51.09
20261001,538562,17737,35.77
20261001,538563,106,100.0
20261001,538564,78,90.7
20261001,538565,8148,78.47
20261001,538567,7472,83.82
20261001,538568,7,100.0
20261001,538569,4670,84.77
20261001,538596,21,100.0
20261001,538597,3590,71.34
20261001,538598,7211,73.48
20261001,538607,251784,63.42
20261001,538609,493,88.99
20261001,538610,458048,100.0
20261001,538611,1160,100.0
20261001,538634,1060,87.46
20261001,538635,2423,69.79
20261001,538646,61,50.41
20261001,538647,102,46.15
20261001,538666,3980,52.74
20261001,538668,7037,32.68
20261001,538674,564,100.0
20261001,538683,13197,66.14
20261001,538685,523,100.0
20261001,538706,149816,63.89
20261001,538708,5510,94.35
20261001,538713,773,94.15
20261001,538714,394,93.81
20261001,538715,2482,100.0
20261001,538716,5,71.43
20261001,538730,155033,98.76
20261001,538732,401,79.56
20261001,538734,12621,63.79
20261001,538742,2868,100.0
20261001,538743,62,100.0
20261001,538770,255,72.03
20261001,538772,83940,66.99
20261001,538778,14800,74.96
20261001,538786,577,76.83
20261001,538787,22156,62.52
20261001,538788,10444,95.02
20261001,538795,1902,94.91
20261001,538812,3478,100.0
20261001,538817,34783,66.97
20261001,538833,527,100.0
20261001,538834,4885,88.27
20261001,538835,13814,61.05
20261001,538836,4202,67.97
20261001,538837,54481,83.84
20261001,538838,10,100.0
20261001,538857,5390,99.54
20261001,538860,531271,100.0
20261001,538862,4391,26.65
20261001,538868,160909,100.0
20261001,538874,12124,100.0
20261001,538881,156,100.0
20261001,538882,30522,66.7
20261001,538890,5234,61.58
20261001,538891,36941,53.57
20261001,538894,19,100.0
20261001,538895,1004,100.0
20261001,538896,1484,84.56
20261001,538897,3121,100.0
20261001,538902,5930,100.0
20261001,538918,75,100.0
20261001,538920,30590,39.47
20261001,538922,272,100.0
20261001,538923,120759,100.0
20261001,538926,45346,56.93
20261001,538928,35768,95.97
20261001,538935,101,100.0
20261001,538942,100,100.0
20261001,538952,319,100.0
20261001,538961,6984,87.56
20261001,538962,21438,47.27
20261001,538964,3,100.0
20261001,538965,2145,63.33
20261001,538970,99532,72.65
20261001,538975,35125,100.0
20261001,538979,2543,54.83
20261001,538987,5060,96.47
20261001,538992,218,100.0
20261001,539006,807,42.61
20261001,539011,1050,92.35
20261001,539012,642,74.56
20261001,539013,518,100.0
20261001,539014,8,100.0
20261001,539016,326,96.17
20261001,539017,37994,69.08
20261001,539018,447,74.75
20261001,539031,10450,99.56
20261001,539032,8623,91.36
20261001,539040,37281,59.38
20261001,539041,3750,100.0
20261001,539042,14233,82.88
20261001,539044,2325,100.0
20261001,539045,4110,97.51
20261001,539046,4938,62.65
20261001,539056,16455,61.13
20261001,539083,532617,45.88
20261001,539090,4677,78.12
20261001,539091,2744041,100.0
20261001,539097,10188,100.0
20261001,539098,0,0.0
20261001,539099,5000,100.0
20261001,539110,1,100.0
20261001,539111,300,100.0
20261001,539113,612,100.0
20261001,539115,82,100.0
20261001,539117,16004,42.05
20261001,539118,8366,59.86
20261001,539120,43,100.0
20261001,539121,8607,73.82
20261001,539122,2713,54.61
20261001,539123,5461,72.23
20261001,539124,156,98.73
20261001,539126,127007,100.0
20261001,539132,54775,73.93
20261001,539141,3228,79.02
20261001,539143,24897,62.42
20261001,539148,5551,59.36
20261001,539149,1511,86.79
20261001,539150,60217,48.33
20261001,539151,21383,35.08
20261001,539174,19,73.08
20261001,539176,2312,91.82
20261001,539177,9445,54.86
20261001,539189,1105,100.0
20261001,539190,239,100.0
20261001,539195,8430,53.97
20261001,539196,3882,55.17
20261001,539199,18541,41.13
20261001,539200,17829,100.0
20261001,539201,3343,87.15
20261001,539206,15,100.0
20261001,539216,803267,71.39
20261001,539217,1626828,56.15
20261001,539218,122,96.83
20261001,539219,13442,80.16
20261001,539220,502,76.99
20261001,539221,5807,60.81
20261001,539222,2629970,38.52
20261001,539224,5074,100.0
20261001,539226,14832,94.52
20261001,539227,5680,56.89
20261001,539228,122317,100.0
20261001,539230,5,100.0
20261001,539251,2018,100.0
20261001,539252,1076,100.0
20261001,539254,165171,41.26
20261001,539255,778,81.21
20261001,539265,1200,100.0
20261001,539267,2042,99.61
20261001,539268,22835,60.61
20261001,539275,304,96.82
20261001,539276,38,100.0
20261001,539278,10118,100.0
20261001,539287,2,100.0
20261001,539289,4283,64.15
20261001,539290,29006,98.46
20261001,539300,3744,95.66
20261001,539301,2430,63.18
20261001,539302,2720,61.55
20261001,539309,148676,100.0
20261001,539310,436398,100.0
20261001,539312,373,100.0
20261001,539313,7008,74.42
20261001,539314,16251,72.08
20261001,539331,4306,64.81
20261001,539332,26832,73.7
20261001,539334,829,63.87
20261001,539336,85353,65.02
20261001,539337,3500,74.07
20261001,539346,75113,77.61
20261001,539353,401,98.53
20261001,539359,39528,76.42
20261001,539383,24,100.0
20261001,539391,102,100.0
20261001,539398,2212,54.1
20261001,539399,563,87.69
20261001,539400,145,93.55
20261001,539402,2140,100.0
20261001,539404,11002,83.7
20261001,539405,2909,100.0
20261001,539406,256,100.0
20261001,539407,2746,39.86
20261001,539408,28769,100.0
20261001,539428,5883,63.1
20261001,539435,2667,99.92
20261001,539436,119660,55.46
20261001,539437,617718,59.17
20261001,539448,15540,61.59
20261001,539449,91901,65.14
20261001,539450,16816,72.34
20261001,539455,5714,78.93
20261001,539469,25601,64.24
20261001,539470,193621,64.89
20261001,539479,121484,68.43
20261001,539480,11,100.0
20261001,539486,289,100.0
20261001,539487,12,22.22
20261001,539492,241,87.32
20261001,539494,1611,58.28
20261001,539495,35,100.0
20261001,539506,103430,63.92
20261001,539515,1823,100.0
20261001,539516,7537,59.3
20261001,539517,5746,82.74
20261001,539518,1543,43.46
20261001,539519,992683,100.0
20261001,539522,630,100.0
20261001,539523,1106,52.02
20261001,539524,15659,44.72
20261001,539526,182720,82.94
20261001,539527,736,71.25
20261001,539528,26645,73.52
20261001,539533,479224,55.63
20261001,539542,416,69.57
20261001,539545,5,100.0
20261001,539546,2495,23.81
20261001,539551,20055,52.39
20261001,539552,10359,91.98
20261001,539559,423968,100.0
20261001,539561,871639,100.0
20261001,539562,214,100.0
20261001,539593,8183,100.0
20261001,539594,738757,81.81
20261001,539596,1050,100.0
20261001,539598,66700,73.12
20261001,539607,447781,53.41
20261001,539620,1301,85.42
20261001,539621,24680,100.0
20261001,539636,22261,64.09
20261001,539658,323,67.01
20261001,539659,1828,97.18
20261001,539660,97730,64.37
20261001,539661,68931,68.37
20261001,539662,649,76.44
20261001,539669,102071,100.0
20261001,539673,18693,100.0
20261001,539678,7057,59.47
20261001,539679,2546348,100.0
20261001,539682,4353,20.16
20261001,539686,12737,32.16
20261001,539692,5570,75.93
20261001,539697,33439,100.0
20261001,539724,3210,100.0
20261001,539725,14981,60.83
20261001,539730,5508,61.02
20261001,539742,10634,100.0
20261001,539760,1516,90.13
20261001,539761,509310,69.09
20261001,539762,74677,71.49
20261001,539767,153404,100.0
20261001,539770,1564,99.36
20261001,539773,87153,74.11
20261001,539784,203,100.0
20261001,539785,15127,64.47
20261001,539787,2720,51.26
20261001,539798,12681,72.28
20261001,539799,6029,65.52
20261001,539800,7458,86.04
20261001,539807,714664,54.41
20261001,539814,1111,77.37
20261001,539834,5158,77.68
20261001,539835,21478,98.73
20261001,539837,6836,44.24
20261001,539841,32334,77.26
20261001,539843,2225,82.84
20261001,539854,22,100.0
20261001,539871,3721,47.36
20261001,539872,8111,60.58
20261001,539875,128,100.0
20261001,539876,161434,54.52
20261001,539883,148,58.04
20261001,539884,30493,90.58
20261001,539889,23253,48.77
20261001,539894,28558,89.6
20261001,539895,59522,100.0
20261001,539900,470,74.96
20261001,539911,600,100.0
20261001,539921,15870,57.85
20261001,539922,243,100.0
20261001,539927,1,100.0
20261001,539938,827,98.45
20261001,539939,4886,72.49
20261001,539945,25966,65.4
20261001,539946,288,100.0
20261001,539947,90,100.0
20261001,539956,3661,48.55
20261001,539957,4042,37.62
20261001,539963,26925,71.13
20261001,539978,16053,62.95
20261001,539979,767,100.0
20261001,539980,138697,94.9
20261001,539984,102,100.0
20261001,539985,15000,65.22
20261001,539986,18096,84.52
20261001,539991,109,100.0
20261001,539992,322709,30.18
20261001,539997,3683,51.11
20261001,540005,3552,39.27
20261001,540006,16176,99.07
20261001,540008,142,24.65
20261001,540023,1703,56.79
20261001,540025,7704,64.59
20261001,540026,615,56.16
20261001,540047,2876,60.85
20261001,540048,1840,46.41
20261001,540061,4179,71.3
20261001,540062,1,100.0
20261001,540065,65277,41.04
20261001,540066,465,100.0
20261001,540072,210000,100.0
20261001,540073,45937,51.97
20261001,540078,12057,68.11
20261001,540079,62968,58.56
20261001,540080,1351,57.46
20261001,540082,2250,100.0
20261001,540083,3145,100.0
20261001,540097,15734,70.28
20261001,540115,2338,51.41
20261001,540124,14808,41.12
20261001,540125,17536,100.0
20261001,540132,12167,100.0
20261001,540133,7927,28.99
20261001,540135,1570970,54.84
20261001,540136,6145,77.69
20261001,540143,2102,100.0
20261001,540145,37228,65.22
20261001,540146,1000,100.0
20261001,540147,49630,70.29
20261001,540153,1876,45.05
20261001,540154,17,100.0
20261001,540168,21511,85.65
20261001,540173,5800,40.37
20261001,540174,369,100.0
20261001,540175,108983,49.77
20261001,540180,59865,31.34
20261001,540181,1429,99.72
20261001,540189,508,100.0
20261001,540190,1443050,58.87
20261001,540192,2217,67.2
20261001,540198,1066,74.7
20261001,540199,6,85.71
20261001,540203,4730,59.24
20261001,540204,64763,92.54
20261001,540205,3780,46.17
20261001,540210,1014,78.67
20261001,540212,2670,29.08
20261001,540222,43692,47.06
20261001,540243,49685,100.0
20261001,540252,245223,79.62
20261001,540254,105093,100.0
20261001,540259,978382,70.47
20261001,540266,18659,67.58
20261001,540267,3000,65.22
20261001,540268,2407,100.0
20261001,540269,90000,100.0
20261001,540293,25735,38.81
20261001,540310,5786,100.0
20261001,540311,2519,77.32
20261001,540332,1000,100.0
20261001,540358,6804,70.17
20261001,540360,498865,100.0
20261001,540361,86284,88.32
20261001,540366,8353,78.18
20261001,540376,15616,59.07
20261001,540377,710050,55.42
20261001,540386,7922,100.0
20261001,540393,29948,99.75
20261001,540395,1136,82.86
20261001,540396,5804,33.14
20261001,540401,26764,61.55
20261001,540403,212,93.81
20261001,540404,17938,90.95
20261001,540405,9426,88.22
20261001,540425,2895,56.63
20261001,540455,3412,51.26
20261001,540467,2,100.0
20261001,540481,189,100.0
20261001,540492,174586,82.91
20261001,540497,5,100.0
20261001,540515,2,100.0
20261001,540519,1457,94.18
20261001,540526,188511,91.73
20261001,540530,196260,57.41
20261001,540544,1424,60.06
20261001,540545,19286,100.0
20261001,540565,28815,95.53
20261001,540570,43384,79.73
20261001,540575,8566,65.24
20261001,540590,751,89.62
20261001,540595,62341,51.28
20261001,540596,1897,56.69
20261001,540597,2199,81.44
20261001,540602,4492,76.89
20261001,540611,191449,87.0
20261001,540612,11249,65.56
20261001,540615,18346,100.0
20261001,540642,286619,57.13
20261001,540648,555,92.65
20261001,540649,5162,53.88
20261001,540650,3839,88.62
20261001,540654,14532,76.8
20261001,540669,4639,94.27
20261001,540673,3409,54.58
20261001,540678,39209,39.94
20261001,540679,11,91.67
20261001,540680,4003,62.33
20261001,540686,8531,82.87
20261001,540691,57103,57.26
20261001,540692,7244,58.17
20261001,540693,202451,60.4
20261001,540694,4197,100.0
20261001,540696,1572,100.0
20261001,540699,12287,39.83
20261001,540700,2757,96.7
20261001,540701,7643,59.62
20261001,540703,64319,100.0
20261001,540704,369,63.95
20261001,540709,138122,100.0
20261001,540710,14252,60.06
20261001,540716,7288,46.72
20261001,540717,37777,73.86
20261001,540718,47875,76.6
20261001,540719,73181,70.69
20261001,540724,684,52.7
20261001,540725,29263,39.73
20261001,540726,12274,76.76
20261001,540727,934,92.57
20261001,540728,2,100.0
20261001,540729,2250,100.0
20261001,540730,203107,67.1
20261001,540735,671,82.23
20261001,540737,979,71.99
20261001,540738,18839,57.29
20261001,540743,3440,40.06
20261001,540749,7719,73.65
20261001,540750,187626,57.27
20261001,540755,59167,63.93
20261001,540756,6000,100.0
20261001,540757,1584,100.0
20261001,540762,5379,39.41
20261001,540767,6393,43.76
20261001,540768,31339,86.05
20261001,540769,93171,43.35
20261001,540774,780,76.62
20261001,540775,25,100.0
20261001,540776,1690,48.15
20261001,540777,80991,47.22
20261001,540782,1000,100.0
20261001,540786,80108,100.0
20261001,540787,11784,69.01
20261001,540788,401,100.0
20261001,540789,766,100.0
20261001,540795,8934,43.82
20261001,540796,8,100.0
20261001,540797,10966,73.02
20261001,540809,71047,91.22
20261001,540811,45000,69.23
20261001,540821,32232,75.83
20261001,540824,3427,100.0
20261001,540829,5214,100.0
20261001,540850,7000,87.5
20261001,540874,67388,75.42
20261001,540879,110138,47.65
20261001,540900,44048,55.65
20261001,540901,7688,98.37
20261001,540902,3959,48.15
20261001,540904,1281,100.0
20261001,540914,16264,75.16
20261001,540923,6191,97.79
20261001,540935,4736,44.91
20261001,540936,8047,70.81
20261001,540937,33966,76.91
20261001,540952,1643,100.0
20261001,540953,61483,78.85
20261001,540954,26485,80.72
20261001,540955,1364,100.0
20261001,540956,69279,69.54
20261001,540961,104,100.0
20261001,540975,133924,69.62
20261001,540980,18,85.71
20261001,541005,1,50.0
20261001,541019,13392,57.77
20261001,541083,3750,68.18
20261001,541096,1538,56.19
20261001,541097,1319,92.43
20261001,541143,22242,45.4
20261001,541144,2683,86.27
20261001,541152,5131,73.9
20261001,541153,188165,41.68
20261001,541154,41041,58.69
20261001,541161,26215,100.0
20261001,541163,6380,52.16
20261001,541167,654,49.1
20261001,541178,4000,100.0
20261001,541195,21603,35.54
20261001,541206,72,100.0
20261001,541228,9432,100.0
20261001,541233,746392,54.21
20261001,541269,141,98.6
20261001,541276,29351,48.88
20261001,541301,23623,59.99
20261001,541302,5,100.0
20261001,541303,240585,98.15
20261001,541304,30,100.0
20261001,541313,2602,50.08
20261001,541336,4222,76.15
20261001,541337,6000,100.0
20261001,541338,16477,66.53
20261001,541347,27503,100.0
20261001,541352,76,74.51
20261001,541353,4000,62.5
20261001,541358,1959,100.0
20261001,541400,5146,65.43
20261001,541402,1779,73.24
20261001,541403,2586,47.16
20261001,541418,3176,77.71
20261001,541444,87191,40.76
20261001,541445,12800,76.19
20261001,541450,25037,31.49
20261001,541540,6547,38.45
20261001,541546,19882,95.79
20261001,541556,585305,38.45
20261001,541557,212,52.22
20261001,541578,10787,63.35
20261001,541601,2166083,48.23
20261001,541627,100,100.0
20261001,541634,560,100.0
20261001,541701,300,100.0
20261001,541702,385027,100.0
20261001,541729,63946,79.21
20261001,541735,84459,85.09
20261001,541741,8789,100.0
20261001,541770,258180,97.02
20261001,541771,4371,100.0
20261001,541778,736,100.0
20261001,541809,62783,65.23
20261001,541865,9646,96.28
20261001,541890,32569,100.0
20261001,541929,662,80.44
20261001,541946,55670,98.93
20261001,541956,338614,29.98
20261001,541967,19322,37.27
20261001,541972,75,94.94
20261001,541973,3000,66.67
20261001,541974,21898,43.2
20261001,541988,19710,71.7
20261001,542011,41471,52.4
20261001,542012,720342,100.0
20261001,542013,104,100.0
20261001,542019,17128,76.33
20261001,542020,11571,100.0
20261001,542025,336000,100.0
20261001,542034,12557,80.61
20261001,542046,204573,49.93
20261001,542057,1239,87.75
20261001,542066,26195,44.28
20261001,542123,212,80.92
20261001,542131,19238,96.0
20261001,542141,5072,39.43
20261001,542146,2500,100.0
20261001,542155,10000,100.0
20261001,542176,24,100.0
20261001,542206,953,100.0
20261001,542216,1055,27.58
20261001,542230,80,100.0
20261001,542231,44282,56.45
20261001,542232,1517,100.0
20261001,542233,2679,89.63
20261001,542248,9231,95.23
20261001,542285,71868,88.02
20261001,542323,42483,44.71
20261001,542332,15241,100.0
20261001,542333,553,85.21
20261001,542337,6284,87.25
20261001,542351,2693,99.67
20261001,542367,13550,62.58
20261001,542376,1,100.0
20261001,542383,1261,70.25
20261001,542399,38954,92.48
20261001,542437,6119,100.0
20261001,542446,56043,75.0
20261001,542459,1987,42.87
20261001,542460,755,31.01
20261001,542484,6359,59.56
20261001,542513,179,61.94
20261001,542524,390,100.0
20261001,542543,175000,70.0
20261001,542579,298377,64.98
20261001,542580,4648,100.0
20261001,542597,9381,47.83
20261001,542602,6210,68.29
20261001,542627,56993,100.0
20261001,542628,11608,70.66
20261001,542649,450752,50.39
20261001,542650,8403,51.66
20261001,542651,94998,51.0
20261001,542652,13063,54.24
20261001,542654,30,50.0
20261001,542655,231988,64.48
20261001,542665,4180,46.91
20261001,542666,19112,82.95
20261001,542668,4000,100.0
20261001,542669,91637,70.96
20261001,542670,2301,93.96
20261001,542677,1,100.0
20261001,542678,548,100.0
20261001,542679,2,100.0
20261001,542682,571,100.0
20261001,542684,3342,100.0
20261001,542685,3797,97.26
20261001,542721,16811,100.0
20261001,542725,2756359,83.43
20261001,542726,3809,50.25
20261001,542727,121000,78.37
20261001,542729,106,98.15
20261001,542730,4204,69.0
20261001,542747,17286,76.91
20261001,542752,7372,49.17
20261001,542758,17338,56.0
20261001,542759,6348,63.83
20261001,542760,56744,64.81
20261001,542770,3018,59.59
20261001,542772,13841,45.35
20261001,542773,10178,66.39
20261001,542774,73055,90.93
20261001,542801,1000,100.0
20261001,542802,28417,79.96
20261001,542803,8025,91.1
20261001,542812,20240,82.86
20261001,542830,182062,55.42
20261001,542850,2000,100.0
20261001,542851,18517,100.0
20261001,542852,31539,79.9
20261001,542857,7129,63.96
20261001,542862,3423,82.44
20261001,542863,1320,80.0
20261001,542865,5784,88.17
20261001,542867,8018,42.15
20261001,542904,147513,39.09
20261001,542905,4287,76.31
20261001,542907,3972,66.51
20261001,542909,32,59.26
20261001,542910,3000,100.0
20261001,542918,5134,100.0
20261001,542919,24805,42.3
20261001,542920,20459,55.53
20261001,542921,82808,65.01
20261001,542922,5366,99.06
20261001,542938,100,100.0
20261001,543064,28166,50.74
20261001,543066,19031,55.16
20261001,543071,94,48.45
20261001,543079,1303,100.0
20261001,543083,1,100.0
20261001,543092,2176,91.31
20261001,543110,907,100.0
20261001,543144,2041,79.57
20261001,543150,7431,79.37
20261001,543161,4,100.0
20261001,543165,4,100.0
20261001,543167,12949,99.98
20261001,543171,38301,100.0
20261001,543172,500,100.0
20261001,543173,257,99.23
20261001,543174,7568,88.95
20261001,543175,2024,100.0
20261001,543176,82,96.47
20261001,543177,21259,90.57
20261001,543178,1,100.0
20261001,543181,15,93.75
20261001,543182,214,96.83
20261001,543184,100,100.0
20261001,543186,202,99.02
20261001,543187,2821,33.94
20261001,543193,4004,89.82
20261001,543207,104767,80.09
20261001,543208,16755,92.02
20261001,543209,6000,100.0
20261001,543210,871,100.0
20261001,543211,2098,88.0
20261001,543212,14441,63.67
20261001,543213,3144,58.96
20261001,543214,730,78.41
20261001,543216,76,72.38
20261001,543217,7066,62.64
20261001,543218,3033,98.03
20261001,543219,23285,60.71
20261001,543220,163222,66.77
20261001,543221,17925,46.14
20261001,543223,4371,76.27
20261001,543224,2179,94.86
20261001,543226,10792,97.04
20261001,543227,42227,66.09
20261001,543228,6992,58.17
20261001,543229,47,100.0
20261001,543230,2485,68.67
20261001,543231,29,93.55
20261001,543232,44263,47.15
20261001,543233,4091,71.25
20261001,543235,162508,44.4
20261001,543236,1323,94.7
20261001,543237,24316,49.38
20261001,543238,52216,94.83
20261001,543240,7446,65.01
20261001,543241,23,25.0
20261001,543242,46237,74.87
20261001,543243,18381,50.99
20261001,543245,12848,46.35
20261001,543246,598,99.67
20261001,543248,89963,45.63
20261001,543249,10016,61.49
20261001,543250,3115,57.98
20261001,543251,17,100.0
20261001,543252,384,100.0
20261001,543253,85287,51.61
20261001,543254,3188,64.14
20261001,543255,587,81.53
20261001,543256,2598,99.96
20261001,543257,411651,45.24
20261001,543258,1816,62.21
20261001,543259,3354,39.16
20261001,543260,2236,71.44
20261001,543261,22025,75.69
20261001,543262,2000,66.67
20261001,543263,277732,57.68
20261001,543264,1235,100.0
20261001,543265,44063,48.86
20261001,543266,3892,84.44
20261001,543267,483503,53.26
20261001,543268,8619,94.33
20261001,543270,14449,100.0
20261001,543271,13138,60.9
20261001,543272,745358,63.54
20261001,543273,10136,56.45
20261001,543275,2559,65.58
20261001,543276,4835,85.24
20261001,543277,69234,43.78
20261001,543278,280076,42.26
20261001,543279,4826,62.33
20261001,543280,14036,33.48
20261001,543281,29757,86.88
20261001,543283,2772,100.0
20261001,543284,18907,100.0
20261001,543285,800,50.0
20261001,543287,109536,73.85
20261001,543288,14331,52.86
20261001,543290,69677,74.0
20261001,543291,44055,74.89
20261001,543292,6803,67.96
20261001,543298,301292,99.07
20261001,543299,10703,48.93
20261001,543300,134936,44.18
20261001,543306,365,80.4
20261001,543308,972193,97.06
20261001,543309,6000,50.0
20261001,543310,4000,100.0
20261001,543311,20429,57.64
20261001,543317,1363,58.32
20261001,543318,6651,52.53
20261001,543320,4802024,73.43
20261001,543321,1382,53.36
20261001,543322,1320,41.9
20261001,543323,4595,60.96
20261001,543324,6537,34.25
20261001,543325,472737,77.44
20261001,543326,94985,77.57
20261001,543327,18915,98.62
20261001,543328,3349,67.66
20261001,543329,3319,55.28
20261001,543330,29384,43.61
20261001,543331,19661,53.12
20261001,543332,2930,73.34
20261001,543333,4784,30.61
20261001,543334,14762,36.85
20261001,543335,65391,49.59
20261001,543336,27564,59.46
20261001,543341,2092,85.08
20261001,543346,2000,50.0
20261001,543347,162,98.18
20261001,543348,741,70.77
20261001,543349,8266,42.55
20261001,543350,4283,52.31
20261001,543351,1200,100.0
20261001,543357,125,30.71
20261001,543358,42751,76.83
20261001,543363,3800,79.17
20261001,543364,12242,51.0
20261001,543365,21172,57.73
20261001,543366,2400,100.0
20261001,543367,22136,47.41
20261001,543373,22437,100.0
20261001,543374,7600,34.92
20261001,543376,1078,99.45
20261001,543377,10000,100.0
20261001,543378,23500,92.16
20261001,543383,997,91.05
20261001,543384,57374,45.64
20261001,543386,8986,52.31
20261001,543387,6228,52.04
20261001,543388,1309,93.97
20261001,543389,229409,62.15
20261001,543390,958075,60.17
20261001,543391,1500,66.67
20261001,543396,22441,33.16
20261001,543397,5659,51.97
20261001,543398,17911,50.8
20261001,543399,15506,76.15
20261001,543400,72000,67.92
20261001,543401,5935,69.66
20261001,543410,7800,100.0
20261001,543411,43326,66.13
20261001,543412,13315,35.67
20261001,543413,8604,39.28
20261001,543414,33601,59.65
20261001,543415,8592,58.5
20261001,543416,449,98.9
20261001,543417,16686,59.29
20261001,543418,272,97.49
20261001,543419,16872,64.67
20261001,543420,3298,71.46
20261001,543425,6523,55.06
20261001,543426,3285,68.98
20261001,543427,3745,70.04
20261001,543428,14820,42.53
20261001,543433,794,89.92
20261001,543434,14460,57.1
20261001,543437,26875,64.57
20261001,543438,1952,96.92
20261001,543440,1285,99.92
20261001,543441,32789,60.46
20261001,543442,30,100.0
20261001,543449,6592,65.01
20261001,543450,52984,66.56
20261001,543451,521,100.0
20261001,543452,55143,65.05
20261001,543454,1461,91.48
20261001,543458,89325,42.75
20261001,543460,1000,100.0
20261001,543461,15000,100.0
20261001,543462,8504,78.28
20261001,543463,5840,61.84
20261001,543464,9000,81.82
20261001,543465,4418,65.69
20261001,543470,155,98.73
20261001,543471,8059,28.14
20261001,543472,2448,98.27
20261001,543473,21044,87.97
20261001,543474,76334,80.65
20261001,543475,1600,100.0
20261001,543480,3,100.0
20261001,543481,563728,91.89
20261001,543482,6463,59.41
20261001,543489,9455,57.47
20261001,543490,30872,36.29
20261001,543497,47200,83.69
20261001,543498,527752,62.52
20261001,543499,61566,62.74
20261001,543500,16000,100.0
20261001,543501,201,59.12
20261001,543512,6484,92.33
20261001,543513,27509,100.0
20261001,543514,11042,49.6
20261001,543515,17625,67.14
20261001,543516,280000,100.0
20261001,543517,8598,71.19
20261001,543518,33000,73.33
20261001,543519,36000,100.0
20261001,543520,52000,100.0
20261001,543523,14852,49.61
20261001,543524,5681,46.3
20261001,543525,15564,20.93
20261001,543526,173862,57.13
20261001,543527,1274,63.99
20261001,543528,4743,49.74
20261001,543529,260606,87.97
20261001,543530,77967,51.49
20261001,543531,5684,99.98
20261001,543532,1037,51.57
20261001,543533,40827,65.24
20261001,543534,5570,49.74
20261001,543535,108,100.0
20261001,543539,385,95.06
20261001,543540,1200,100.0
20261001,543542,14200,53.58
20261001,543544,184500,83.96
20261001,543546,124000,98.41
20261001,543547,2761,54.58
20261001,543563,29355,91.41
20261001,543568,61050,71.4
20261001,543569,8805,83.71
20261001,543570,7540,56.52
20261001,543571,4867,46.61
20261001,543572,99637,56.99
20261001,543573,30358,29.77
20261001,543574,10325,96.36
20261001,543575,8891,84.04
20261001,543576,7547,79.38
20261001,543577,412,65.19
20261001,543578,1850,100.0
20261001,543590,19554,92.45
20261001,543591,3393,77.8
20261001,543592,33247,64.93
20261001,543593,10467,65.06
20261001,543594,108000,65.45
20261001,543595,1000,66.67
20261001,543596,2334,36.21
20261001,543597,2782,60.92
20261001,543599,5135,64.01
20261001,543600,15229,57.46
20261001,543605,434,91.95
20261001,543606,1000,100.0
20261001,543607,276,64.64
20261001,543608,156,57.14
20261001,543613,12000,100.0
20261001,543614,145,92.36
20261001,543615,8800,91.67
20261001,543616,25800,62.32
20261001,543619,3600,80.9
20261001,543620,57452,54.68
20261001,543626,174147,58.15
20261001,543627,302,72.25
20261001,543628,9723,49.84
20261001,543635,99876,51.62
20261001,543636,6525,66.9
20261001,543637,9600,66.67
20261001,543638,17708,85.84
20261001,543643,65056,86.15
20261001,543644,6825,60.56
20261001,543645,76,90.48
20261001,543650,12512,55.94
20261001,543652,16692,60.63
20261001,543653,10712,45.9
20261001,543654,8797,44.05
20261001,543656,8000,100.0
20261001,543657,16685,68.48
20261001,543663,18965,56.35
20261001,543664,41742,42.36
20261001,543665,1064,89.34
20261001,543666,1392,98.51
20261001,543667,13207,42.0
20261001,543668,75,90.36
20261001,543669,885,95.78
20261001,543670,42518,80.93
20261001,543671,1303,91.76
20261001,543677,24875,79.19
20261001,543678,7000,100.0
20261001,543686,3778,69.27
20261001,543687,3219,79.62
20261001,543688,166356,69.78
20261001,543689,6977,75.38
20261001,543699,187,85.0
20261001,543700,10,100.0
20261001,543709,7875,58.88
20261001,543710,3486,43.24
20261001,543711,17461,66.55
20261001,543712,169,100.0
20261001,543713,13000,76.47
20261001,543714,6680,49.53
20261001,543720,32179,34.22
20261001,543725,8557,68.54
20261001,543732,12182,88.93
20261001,543737,1963,100.0
20261001,543738,30,100.0
20261001,543743,6565,69.66
20261001,543745,30000,83.33
20261001,543746,7200,36.36
20261001,543747,24821,94.5
20261001,543748,10911,38.88
20261001,543754,1600,100.0
20261001,543765,6000,100.0
20261001,543766,656,100.0
20261001,543767,263560,92.69
20261001,543768,550341,59.07
20261001,543769,16000,100.0
20261001,543774,1817,98.27
20261001,543775,40890,59.17
20261001,543776,32247,61.78
20261001,543781,11120,44.74
20261001,543782,7020,84.78
20261001,543787,5940,92.31
20261001,543798,12000,100.0
20261001,543799,6750,100.0
20261001,543805,20250,67.5
20261001,543806,4800,41.38
20261001,543811,2522,81.25
20261001,543812,2532,41.52
20261001,543813,500,100.0
20261001,543819,2538,50.23
20261001,543828,16000,80.0
20261001,543829,5027,98.24
20261001,543830,2000,100.0
20261001,543831,4875,100.0
20261001,543848,4000,100.0
20261001,543853,469,68.47
20261001,543860,3712,100.0
20261001,543861,11274,87.59
20261001,543874,5000,50.0
20261001,543875,1,100.0
20261001,543895,74750,93.15
20261001,543896,8307,37.21
20261001,543897,500,100.0
20261001,543898,1360,91.09
20261001,543899,845,65.86
20261001,543900,4863,62.79
20261001,543901,10,100.0
20261001,543902,18000,69.23
20261001,543903,78084,73.79
20261001,543904,9145,46.53
20261001,543910,876,100.0
20261001,543911,93640,56.1
20261001,543912,4251,77.12
20261001,543913,11005,71.45
20261001,543914,27269,100.0
20261001,543915,1261,86.13
20261001,543916,14400,100.0
20261001,543917,11792,88.44
20261001,543918,26364,63.91
20261001,543919,16607,91.62
20261001,543920,23343,52.77
20261001,543921,5000,100.0
20261001,543922,801,59.03
20261001,543923,8374,60.63
20261001,543924,2000,100.0
20261001,543926,46800,70.91
20261001,543927,805,99.63
20261001,543928,15100,71.9
20261001,543929,38869,60.11
20261001,543931,13200,66.67
20261001,543932,19768,61.76
20261001,543933,10370,28.34
20261001,543934,135,100.0
20261001,543935,5053,66.93
20261001,543936,36240,53.69
20261001,543937,2400,100.0
20261001,543939,13500,71.05
20261001,543940,854743,55.52
20261001,543941,800,50.0
20261001,543942,185273,66.58
20261001,543943,14000,63.64
20261001,543944,1845,95.45
20261001,543945,33707,47.96
20261001,543946,116178,99.56
20261001,543947,61,92.42
20261001,543948,522,64.84
20261001,543949,289,99.66
20261001,543950,16097,42.32
20261001,543952,16146,71.98
20261001,543953,5500,22.0
20261001,543954,20657,85.53
20261001,543955,4808,56.21
20261001,543956,4860,100.0
20261001,543957,12381,70.82
20261001,543958,8888,97.42
20261001,543959,10061,51.74
20261001,543960,2996,39.71
20261001,543962,571,100.0
20261001,543963,138000,95.83
20261001,543965,21215,60.26
20261001,543969,2284,92.02
20261001,543971,81600,60.44
20261001,543972,22466,35.58
20261001,543974,24309,55.18
20261001,543975,200,73.53
20261001,543976,10444,59.29
20261001,543977,5894,40.77
20261001,543978,144161,34.16
20261001,543980,4203,58.73
20261001,543981,13587,44.4
20261001,543982,3800,86.36
20261001,543983,4446,43.24
20261001,543984,28252,37.57
20261001,543985,53374,74.69
20261001,543986,31849,88.25
20261001,543988,13157,37.13
20261001,543989,39134,66.64
20261001,543990,2933,14.75
20261001,543991,5200,86.67
20261001,543992,64705,54.9
20261001,543993,569,95.47
20261001,543994,354109,69.57
20261001,543995,18403,58.94
20261001,543996,11956,75.77
20261001,543997,61200,66.02
20261001,543998,8111,100.0
20261001,543999,5467,94.26
20261001,544000,6000,100.0
20261001,544001,14125,100.0
20261001,544002,2000,100.0
20261001,544003,2756,85.72
20261001,544004,3432,66.55
20261001,544006,31607,86.89
20261001,544007,111534,89.15
20261001,544008,3536,66.19
20261001,544009,29915,57.9
20261001,544011,2400,100.0
20261001,544012,13509,47.57
20261001,544013,3000,100.0
20261001,544014,27558,31.39
20261001,544015,2000,80.0
20261001,544020,66826,100.0
20261001,544021,16799,46.21
20261001,544022,11218,55.17
20261001,544023,14250,100.0
20261001,544026,168770,52.39
20261001,544027,30453,50.78
20261001,544028,23531,52.62
20261001,544029,24782,56.31
20261001,544030,8971,52.71
20261001,544035,3200,66.67
20261001,544036,3200,80.0
20261001,544037,47500,65.52
20261001,544042,11737,69.61
20261001,544043,55,88.71
20261001,544044,5007,69.55
20261001,544045,284,38.22
20261001,544046,9242,36.29
20261001,544047,24000,88.89
20261001,544052,6000,50.0
20261001,544053,601094,47.37
20261001,544054,1247,61.67
20261001,544055,8531,64.64
20261001,544057,1368,58.19
20261001,544058,5121,82.38
20261001,544059,12000,85.71
20261001,544060,20739,100.0
20261001,544061,47731,37.31
20261001,544066,200,83.68
20261001,544067,6664,29.4
20261001,544073,2000,100.0
20261001,544074,5400,100.0
20261001,544079,6,60.0
20261001,544081,14562,43.88
20261001,544083,2000,100.0
20261001,544088,15813,63.23
20261001,544089,520424,76.37
20261001,544090,28,77.78
20261001,544091,15600,100.0
20261001,544092,1219,85.48
20261001,544093,46,75.41
20261001,544095,16931,61.54
20261001,544100,2366,91.25
20261001,544101,1600,100.0
20261001,544102,90,49.72
20261001,544105,1500,100.0
20261001,544106,3600,100.0
20261001,544107,8811,46.3
20261001,544108,14400,77.42
20261001,544109,7540,70.18
20261001,544110,1427,47.93
20261001,544111,5876,50.99
20261001,544112,946,92.74
20261001,544117,2290,79.38
20261001,544118,9341,27.51
20261001,544119,14033,38.64
20261001,544120,1765,47.46
20261001,544121,9000,100.0
20261001,544122,4834,45.82
20261001,544123,1475,99.66
20261001,544124,269,73.5
20261001,544129,4906,67.94
20261001,544130,40809,72.07
20261001,544131,5118,72.26
20261001,544132,409903,71.6
20261001,544133,36599,36.37
20261001,544134,2337,71.18
20261001,544135,48564,100.0
20261001,544136,872,97.87
20261001,544137,12709,71.97
20261001,544138,15011,49.5
20261001,544139,6000,100.0
20261001,544140,13238,28.49
20261001,544141,16800,72.41
20261001,544142,14422,84.45
20261001,544143,500,100.0
20261001,544144,2689,88.08
20261001,544149,237,83.75
20261001,544150,39000,66.38
20261001,544151,9000,100.0
20261001,544156,4500,100.0
20261001,544158,3379,71.05
20261001,544159,56395,97.12
20261001,544160,80000,100.0
20261001,544161,30561,44.62
20261001,544162,57757,94.79
20261001,544163,2000,100.0
20261001,544164,2000,100.0
20261001,544165,12000,57.14
20261001,544166,38400,100.0
20261001,544167,15339,82.35
20261001,544168,1000,100.0
20261001,544169,12000,66.67
20261001,544170,22000,52.38
20261001,544171,3200,100.0
20261001,544172,10586,48.11
20261001,544173,7000,100.0
20261001,544174,5559,52.46
20261001,544175,1200,100.0
20261001,544176,9999,51.71
20261001,544177,1000,100.0
20261001,544179,1488283,97.92
20261001,544180,29425,86.88
20261001,544181,19471,53.46
20261001,544182,118,100.0
20261001,544183,2000,80.0
20261001,544184,6089,76.35
20261001,544185,3395,80.18
20261001,544186,24326,74.38
20261001,544187,19626,100.0
20261001,544188,24000,85.71
20261001,544189,2500,83.33
20261001,544190,4000,100.0
20261001,544191,38712,83.89
20261001,544192,18864,52.71
20261001,544193,229198,71.87
20261001,544194,85013,91.6
20261001,544195,2000,100.0
20261001,544196,16,88.89
20261001,544197,1301,100.0
20261001,544198,6420,49.13
20261001,544199,8800,78.57
20261001,544200,58572,85.14
20261001,544201,52000,100.0
20261001,544202,6537,63.29
20261001,544203,46345,47.97
20261001,544204,5040,98.53
20261001,544205,2902,100.0
20261001,544206,17440,46.41
20261001,544207,602,98.69
20261001,544209,2333,51.49
20261001,544210,1933,56.24
20261001,544212,37027,59.13
20261001,544213,45000,63.03
20261001,544214,2000,100.0
20261001,544215,8247,99.11
20261001,544216,104485,73.53
20261001,544217,3436,59.14
20261001,544218,16483,85.26
20261001,544219,12600,91.3
20261001,544220,1200,100.0
20261001,544221,3000,100.0
20261001,544222,2687,39.61
20261001,544223,5739,63.39
20261001,544224,45960,75.69
20261001,544225,2183147,43.78
20261001,544226,108251,35.69
20261001,544227,23876,60.66
20261001,544229,245138,61.28
20261001,544230,21374,64.75
20261001,544232,2680,56.43
20261001,544233,42,100.0
20261001,544234,78,100.0
20261001,544235,6755,66.03
20261001,544238,24617,50.62
20261001,544239,5803,88.26
20261001,544240,7259,52.73
20261001,544241,30408,53.46
20261001,544242,12000,66.67
20261001,544243,33278,62.77
20261001,544244,3436,59.09
20261001,544246,1766,49.52
20261001,544247,3836,61.12
20261001,544248,13200,61.11
20261001,544249,1313,99.92
20261001,544250,1030,84.77
20261001,544251,3200,100.0
20261001,544252,229968,55.49
20261001,544253,21556,50.89
20261001,544254,5293,84.93
20261001,544256,7820,48.22
20261001,544258,2236,70.4
20261001,544259,3000,100.0
20261001,544260,23154,56.87
20261001,544261,7929,67.58
20261001,544262,5273,39.31
20261001,544263,5695,52.12
20261001,544264,15278,61.72
20261001,544266,1279,98.69
20261001,544267,48800,59.8
20261001,544268,154341,67.25
20261001,544271,18918,58.84
20261001,544272,6400,100.0
20261001,544273,53717,82.81
20261001,544274,42515,59.83
20261001,544275,25240,82.01
20261001,544276,52601,96.75
20261001,544277,27489,44.61
20261001,544278,27517,100.0
20261001,544279,4779,64.66
20261001,544280,26812,53.28
20261001,544281,9421,100.0
20261001,544282,707246,44.73
20261001,544283,72018,49.51
20261001,544284,13505,80.04
20261001,544285,1152059,74.46
20261001,544286,37719,49.19
20261001,544288,22149,47.58
20261001,544289,168082,52.56
20261001,544290,49113,67.86
20261001,544291,7100,68.27
20261001,544292,14960,41.62
20261001,544293,3656,75.06
20261001,544294,6844,48.43
20261001,544296,3200,53.33
20261001,544301,2935,75.24
20261001,544302,1648,13.21
20261001,544303,1200,57.14
20261001,544304,11200,87.5
20261001,544305,36424,48.56
20261001,544306,25533,48.76
20261001,544307,347834,61.97
20261001,544308,368,91.77
20261001,544309,6132,61.08
20261001,544310,59000,46.37
20261001,544311,19271,55.48
20261001,544312,8000,66.67
20261001,544313,8000,100.0
20261001,544314,4957,54.69
20261001,544315,2096,55.48
20261001,544316,18713,51.87
20261001,544317,45186,32.41
20261001,544318,19962,72.8
20261001,544319,8660,46.09
20261001,544320,3629,49.98
20261001,544321,414,47.15
20261001,544322,11135,38.44
20261001,544323,26108,60.02
20261001,544324,6000,75.0
20261001,544325,417303,83.01
20261001,544326,4163,88.42
20261001,544327,4000,100.0
20261001,544328,10004,69.89
20261001,544329,138000,93.24
20261001,544330,19000,100.0
20261001,544331,38000,90.48
20261001,544332,6000,60.0
20261001,544333,26978,50.48
20261001,544334,7500,100.0
20261001,544335,18000,100.0
20261001,544336,11606,39.89
20261001,544338,16866,87.88
20261001,544339,3929,79.91
20261001,544340,75200,58.75
20261001,544341,1600,50.0
20261001,544342,52870,100.0
20261001,544343,6000,75.0
20261001,544344,3136,44.58
20261001,544345,6919,68.82
20261001,544346,25,92.59
20261001,544347,2000,100.0
20261001,544348,7200,85.71
20261001,544349,3200,100.0
20261001,544350,12671,63.61
20261001,544351,1600,100.0
20261001,544352,155,100.0
20261001,544353,9600,100.0
20261001,544354,20700,75.0
20261001,544355,308,65.12
20261001,544356,1928,53.36
20261001,544361,1007,77.94
20261001,544362,12965,40.13
20261001,544363,75,100.0
20261001,544364,2203,93.55
20261001,544365,26000,76.47
20261001,544367,13257,50.27
20261001,544368,1200,50.0
20261001,544369,12000,100.0
20261001,544371,2925,100.0
20261001,544373,8000,100.0
20261001,544375,1320,86.22
20261001,544376,1282,78.31
20261001,544377,3439,98.85
20261001,544378,1000,100.0
20261001,544379,5825,69.03
20261001,544380,500,100.0
20261001,544381,13200,84.62
20261001,544382,7913,60.84
20261001,544383,25200,100.0
20261001,544384,242135,66.85
20261001,544385,6004,93.36
20261001,544386,717,100.0
20261001,544387,9500,73.08
20261001,544388,2000,100.0
20261001,544389,426,57.26
20261001,544390,44301,42.83
20261001,544391,6000,100.0
20261001,544392,2000,100.0
20261001,544393,6400,100.0
20261001,544394,4989,74.81
20261001,544395,626000,53.2
20261001,544396,2351,60.67
20261001,544397,341567,53.28
20261001,544398,18000,100.0
20261001,544399,15600,100.0
20261001,544400,38000,95.0
20261001,544401,414,68.09
20261001,544402,11221,54.43
20261001,544403,48270,64.26
20261001,544404,2303,63.92
20261001,544405,175648,39.66
20261001,544406,71600,52.8
20261001,544407,26996,36.35
20261001,544408,10897,50.31
20261001,544409,1000,100.0
20261001,544410,25943,47.12
20261001,544411,27937,65.06
20261001,544412,9000,100.0
20261001,544413,8502,63.59
20261001,544414,14396,62.38
20261001,544415,193,99.48
20261001,544416,1109,90.98
20261001,544418,18026,57.66
20261001,544419,35000,51.48
20261001,544420,45222,49.66
20261001,544421,28705,41.32
20261001,544422,3600,75.0
20261001,544423,1494,68.53
20261001,544424,1259,88.72
20261001,544425,8400,100.0
20261001,544426,2400,100.0
20261001,544427,10949,99.78
20261001,544428,6000,83.33
20261001,544429,11921,61.15
20261001,544430,143851,59.52
20261001,544431,5000,100.0
20261001,544432,11671,76.01
20261001,544433,8400,63.64
20261001,544434,87200,100.0
20261001,544435,41600,72.22
20261001,544436,3600,100.0
20261001,544437,1200,100.0
20261001,544438,70348,83.88
20261001,544439,13755,68.78
20261001,544440,51750,100.0
20261001,544441,12000,78.95
20261001,544442,15000,83.33
20261001,544443,671,50.38
20261001,544444,110400,100.0
20261001,544445,3000,100.0
20261001,544446,7091,69.92
20261001,544447,1218,51.22
20261001,544448,48941,53.9
20261001,544449,150787,86.16
20261001,544450,182,100.0
20261001,544451,27600,70.41
20261001,544452,14000,100.0
20261001,544453,3600,66.67
20261001,544454,1364,81.43
20261001,544455,45919,59.82
20261001,544456,25588,100.0
20261001,544457,14120,92.38
20261001,544458,66000,50.97
20261001,544459,93537,56.24
20261001,544460,116800,100.0
20261001,544461,92,96.84
20261001,544462,1,100.0
20261001,544463,37200,93.94
20261001,544464,30000,100.0
20261001,544465,1546,51.26
20261001,544466,3255,40.67
20261001,544467,305437,63.13
20261001,544469,57505,100.0
20261001,544470,3202,50.18
20261001,544471,6000,75.0
20261001,544472,17600,61.11
20261001,544473,77668,75.46
20261001,544475,4000,100.0
20261001,544476,27135,51.0
20261001,544477,32228,51.28
20261001,544478,91,100.0
20261001,544479,2677,60.25
20261001,544480,1088431,89.2
20261001,544481,9932,69.11
20261001,544482,6000,100.0
20261001,544483,3600,75.0
20261001,544484,21407,30.22
20261001,544485,17246,79.46
20261001,544486,70043,73.89
20261001,544487,3498,91.38
20261001,544488,107951,55.83
20261001,544490,10275,33.57
20261001,544491,3790,78.22
20261001,544492,2914,79.4
20261001,544493,2856,81.72
20261001,544494,3200,100.0
20261001,544495,2400,100.0
20261001,544496,54467,54.68
20261001,544497,82236,100.0
20261001,544498,3200,66.67
20261001,544499,20,100.0
20261001,544500,6000,100.0
20261001,544501,35000,100.0
20261001,544502,2854,100.0
20261001,544503,9000,81.82
20261001,544504,4000,90.91
20261001,544505,4000,66.67
20261001,544506,12600,70.0
20261001,544507,153588,72.21
20261001,544508,10800,75.0
20261001,544510,9600,85.71
20261001,544511,16800,70.0
20261001,544512,22344,73.69
20261001,544513,5855,99.76
20261001,544515,71211,38.55
20261001,544516,97500,41.85
20261001,544517,1532,67.22
20261001,544518,35200,100.0
20261001,544519,3379,58.63
20261001,544520,15600,100.0
20261001,544521,3924,56.13
20261001,544522,38,60.32
20261001,544523,2447,46.14
20261001,544524,36800,77.97
20261001,544525,62638,61.01
20261001,544526,1225,52.85
20261001,544527,8407,44.21
20261001,544528,4950,60.88
20261001,544529,34800,100.0
20261001,544530,11223,70.54
20261001,544531,9000,71.43
20261001,544532,24488,52.7
20261001,544533,3177,58.11
20261001,544534,1877,21.67
20261001,544535,5600,87.5
20261001,544536,72,98.63
20261001,544537,36759,46.8
20261001,544538,70000,100.0
20261001,544539,4800,100.0
20261001,544540,13277,46.79
20261001,544541,99000,67.07
20261001,544542,57000,80.28
20261001,544543,2708,98.98
20261001,544544,31200,100.0
20261001,544545,6387,39.78
20261001,544546,15600,81.25
20261001,544547,25,96.15
20261001,544548,65600,63.08
20261001,544550,336819,34.57
20261001,544553,800,100.0
20261001,544554,20000,100.0
20261001,544555,21600,100.0
20261001,544556,38400,96.0
20261001,544557,8811,72.64
20261001,544558,1424,76.85
20261001,544560,8000,57.14
20261001,544561,18000,75.0
20261001,544562,12474,68.2
20261001,544563,12000,100.0
20261001,544564,2864,100.0
20261001,544566,13500,90.0
20261001,544567,400,50.0
20261001,544568,25200,75.0
20261001,544569,256939,49.12
20261001,544570,2282,55.55
20261001,544572,923,52.35
20261001,544574,122517,53.91
20261001,544575,2000,100.0
20261001,544576,22569,49.74
20261001,544578,4452,25.65
20261001,544579,391,100.0
20261001,544580,24490,58.87
20261001,544581,65878,99.12
20261001,544582,20400,94.44
20261001,544583,46067,59.26
20261001,544584,4000,100.0
20261001,544585,4000,100.0
20261001,544586,316213,99.5
20261001,544587,860,53.88
20261001,544594,6000,71.43
20261001,544595,2075,71.11
20261001,544596,3600,100.0
20261001,544597,27619,70.73
20261001,544598,11217,100.0
20261001,544599,2707,63.38
20261001,544600,97473,45.19
20261001,544601,276,72.44
20261001,544602,551118,79.28
20261001,544603,310394,46.65
20261001,544604,4073,48.93
20261001,544605,103412,78.92
20261001,544606,480098,36.28
20261001,544607,19200,100.0
20261001,544608,163422,62.6
20261001,544609,159314,42.6
20261001,544610,19200,64.0
20261001,544611,8400,70.0
20261001,544612,565166,95.75
20261001,544613,10231,48.79
20261001,544614,4429,29.81
20261001,544615,690,100.0
20261001,544616,54000,94.74
20261001,544617,36784,56.0
20261001,544618,24,100.0
20261001,544619,6304,47.19
20261001,544622,441703,47.07
20261001,544623,33600,51.85
20261001,544624,9000,100.0
20261001,544625,3600,85.71
20261001,544626,9500,100.0
20261001,544627,2000,100.0
20261001,544628,6000,30.0
20261001,544629,1000,100.0
20261001,544631,6189,86.47
20261001,544632,108284,37.73
20261001,544633,55041,53.82
20261001,544634,100268,28.21
20261001,544635,16000,83.33
20261001,544636,10000,55.56
20261001,544637,36000,74.07
20261001,544638,137,53.1
20261001,544639,500,90.91
20261001,544640,1200,100.0
20261001,544641,4800,80.0
20261001,544642,4316,48.81
20261001,544644,1260,48.48
20261001,544645,22702,55.22
20261001,544646,50000,71.43
20261001,544647,13188,54.12
20261001,544654,15594,83.28
20261001,544655,657,92.8
20261001,544656,4400,52.38
20261001,544657,5400,100.0
20261001,544658,49497,75.1
20261001,544660,5118,99.53
20261001,544661,2981,88.38
20261001,544662,15,78.95
20261001,544663,1000,50.0
20261001,544664,5817,47.09
20261001,544665,6400,80.0
20261001,544666,413721,30.77
20261001,544667,8400,58.33
20261001,544668,29400,74.24
20261001,544669,8400,100.0
20261001,544670,26400,100.0
20261001,544671,8000,72.73
20261001,544672,4,50.0
20261001,544673,11200,50.0
20261001,544674,990,99.8
20261001,544675,56000,100.0
20261001,544676,2400,100.0
20261001,544678,826980,72.46
20261001,544679,11048,43.77
20261001,544680,240,100.0
20261001,544681,39000,65.0
20261001,544682,62400,100.0
20261001,544683,21000,100.0
20261001,544684,102000,100.0
20261001,544685,111754,38.52
20261001,544686,2000,40.0
20261001,544687,38000,79.17
20261001,544688,22000,84.62
20261001,544693,3200,100.0
20261001,544695,105000,100.0
20261001,544698,1600,100.0
20261001,544699,29619,49.77
20261001,544700,16909,54.15
20261001,544701,37043,75.42
20261001,544702,13120,56.65
20261001,544703,5720,100.0
20261001,544704,4212,87.77
20261001,544705,5199,72.7
20261001,544706,182,100.0
20261001,544707,54000,47.37
20261001,544708,8400,87.5
20261001,544709,24573,54.19
20261001,544710,171000,60.64
20261001,544711,11000,61.11
20261001,544716,2630,86.34
20261001,544717,6666,35.28
20261001,544718,13375,79.93
20261001,544720,144191,56.73
20261001,544721,80886,82.09
20261001,544722,2951,83.65
20261001,544723,3709,41.46
20261001,544724,51000,85.0
20261001,544725,217,100.0
20261001,544726,17367,70.82
20261001,544731,49886,68.02
20261001,544732,946,74.43
20261001,544733,3694,50.12
20261001,544734,3164,61.48
20261001,544735,119000,66.85
20261001,544736,161,37.27
20261001,544737,5195,100.0
20261001,544738,6000,85.71
20261001,544739,55128,31.62
20261001,544740,182400,100.0
20261001,544741,38400,100.0
20261001,544742,2782,57.47
20261001,544743,25718,60.12
20261001,544744,38427,81.34
20261001,544745,2199,99.68
20261001,544746,44800,96.55
20261001,544747,4800,66.67
20261001,544748,356240,71.76
20261001,544750,4959,63.58
20261001,544751,49200,74.55
20261001,544753,3538,91.28
20261001,544754,57479,32.38
20261001,544755,22400,100.0
20261001,544756,27985,92.48
20261001,544757,1887,96.52
20261001,544758,56531,83.53
20261001,544759,33000,84.62
20261001,544760,3982,89.14
20261001,544761,612,99.67
20261001,544762,580,99.66
20261001,544763,6768,99.56
20261001,544764,11231,60.34
20261001,544765,20800,100.0
20261001,544766,3932,100.0
20261001,544767,21000,100.0
20261001,544768,10000,83.33
20261001,544769,8400,100.0
20261001,544770,30400,73.08
20261001,544771,20000,71.43
20261001,544772,72000,94.74
20261001,544773,117000,46.99
20261001,544774,5000,55.56
20261001,544777,74756,87.31
20261001,544778,2000,100.0
20261001,544779,4000,71.43
20261001,544780,247995,45.09
20261001,544781,890878,42.37
20261001,544782,1863364,64.71
20261001,544783,39961,100.0
20261001,544784,1456275,58.23
20261001,544785,31307,100.0
20261001,544786,7384,87.47
20261001,544793,132000,100.0
20261001,544794,30000,86.21
20261001,544795,94553,89.56
20261001,544796,12800,71.11
20261001,544797,24000,80.0
20261001,544799,110483,47.11
20261001,544800,1600,100.0
20261001,544801,6825,100.0
20261001,544802,120816,59.4
20261001,544803,15509,48.93
20261001,544804,21600,90.0
20261001,544805,1200,100.0
20261001,544806,13003,67.13
20261001,544807,3000,100.0
20261001,544808,100524,73.75
20261001,544809,54000,75.0
20261001,544810,64000,93.02
20261001,544811,3000,100.0
20261001,544812,68000,100.0
20261001,544813,4000,100.0
20261001,544814,9690,54.75
20261001,544821,60063,85.69
20261001,544822,36407,56.0
20261001,544823,48000,100.0
20261001,544825,29023,64.31
20261001,544826,83600,53.32
20261001,544827,827710,99.17
20261001,544829,158234,71.68
20261001,544830,289929,91.84
20261001,544831,6560,77.9
20261001,544832,30600,79.69
20261001,544833,18669,52.22
20261001,544834,9600,80.0
20261001,544835,2000,100.0
20261001,544837,369561,89.74
20261001,544838,53037,46.89
20261001,544839,8155,56.49
20261001,544840,2000,100.0
20261001,544841,563,88.94
20261001,544842,530,97.43
20261001,544843,16800,93.33
20261001,544844,48800,60.1
20261001,544845,5982,73.0
20261001,544846,339,100.0
20261001,544847,103191,64.26
20261001,544848,8000,83.33
20261001,544849,594,99.5
20261001,544850,2813,81.0
20261001,544851,54863,46.68
20261001,544852,54000,97.83
20261001,544853,12148,27.45
20261001,544854,39600,84.62
20261001,544855,2937,69.86
20261001,544856,3200,57.14
20261001,544857,5025,100.0
20261001,544858,43200,90.0
20261001,544859,84000,84.85
20261001,544860,177393,54.94
20261001,544861,7353,100.0
20261001,544862,3980,63.78
20261001,544863,16800,77.78
20261001,544864,17445,49.14
20261001,544865,26898,41.82
20261001,544866,458356,34.13
20261001,544867,78291,69.35
20261001,544868,99415,100.0
20261001,544869,63000,82.89
20261001,544870,89413,50.85
20261001,544871,48733,39.14
20261001,544872,15600,56.52
20261001,544873,24532,79.77
20261001,544874,11540,99.99
20261001,544875,25,100.0
20261001,544876,24000,86.96
20261001,544877,50000,100.0
20261001,544878,14,56.0
20261001,544879,413122,53.72
20261001,544880,145777,58.77
20261001,544881,5037,45.62
20261001,544882,94627,47.13
20261001,544883,108000,89.26
20261001,544884,13200,64.71
20261001,544885,31409,58.98
20261001,544886,24280,47.16
20261001,544887,120,100.0
20261001,544888,191556,47.05
20261001,544889,70886,32.23
20261001,544890,114262,52.59
20261001,544891,75976,42.05
20261001,544892,422,98.37
20261001,544893,51783,58.14
20261001,544894,262476,48.16
20261001,544895,436800,56.64
20261001,544897,60000,83.33
20261001,544898,13317,100.0
20261001,544899,24406,69.84
20261001,544900,13000,72.22
20261001,544901,3871,56.0
20261001,544902,4000,100.0
20261001,544903,281176,78.68
20261001,544904,81600,86.08
20261001,544905,122000,73.49
20261001,544906,5101,56.12
20261001,544907,1,100.0
20261001,544908,5859,98.57
20261001,544909,70311,46.94
20261001,544910,10000,100.0
20261001,544911,191837,42.14
20261001,544912,33539,41.98
20261001,544913,328226,43.96
20261001,544914,181386,50.91
20261001,544915,54171,38.17
20261001,544916,72540,23.83
20261001,544917,335088,28.72
20261001,544918,44283,44.7
20261001,544919,51600,68.25
20261001,544920,97600,58.1
20261001,544921,131482,60.93
20261001,544922,24000,100.0
20261001,544923,29564,100.0
20261001,544924,71200,100.0
20261001,544925,104400,100.0
20261001,544928,46400,100.0
20261001,544929,16613,100.0
20261001,544930,39600,100.0
20261001,544932,104000,100.0
20261001,544933,32000,100.0
20261001,544934,423579,41.54
20261001,544935,330802,100.0
20261001,544936,4169858,39.22
20261001,544937,2112006,66.38
20261001,544938,49373,100.0
20261001,544939,141000,100.0
20261001,544940,267600,100.0
20261001,544941,164400,100.0
20261001,544942,108709,46.24
20261001,544943,223200,100.0
20261001,544944,81600,100.0
20261001,544945,519343,37.84
20261001,544946,4000,100.0
20261001,544947,18000,100.0
20261001,544948,310400,100.0
20261001,544949,161553,100.0
20261001,544950,683889,100.0
20261001,544951,108018,30.43
20261001,544952,747355,41.08
20261001,544953,35995589,47.89
20261001,544954,1682000,100.0
20261001,544955,450000,100.0
20261001,555555,1877,80.32
20261001,570002,500,100.0
20261001,570004,2229,71.95
20261001,570005,56149,100.0
20261001,590003,63951,48.23
20261001,590005,669,64.58
20261001,590006,1823,44.54
20261001,590013,819,55.56
20261001,590018,4,80.0
20261001,590021,1533,63.58
20261001,590022,4,100.0
20261001,590024,5506,38.9
20261001,590025,127,100.0
20261001,590030,18520,71.31
20261001,590031,495,85.94
20261001,590041,10062,100.0
20261001,590051,17424,80.58
20261001,590056,7,87.5
20261001,590057,92,100.0
20261001,590062,10205,60.93
20261001,590065,82,86.32
20261001,590066,3216,78.86
20261001,590070,1455,100.0
20261001,590071,354,61.78
20261001,590072,5,100.0
20261001,590073,6184,59.1
20261001,590075,1206,95.79
20261001,590078,1812,56.0
20261001,590086,505,55.01
20261001,590095,494086,56.58
20261001,590096,149285,52.44
20261001,590097,28678,54.49
20261001,590098,52704,46.06
20261001,590099,2482,38.84
20261001,590101,10899,60.99
20261001,590103,497941,82.73
20261001,590104,16786,58.67
20261001,590106,41329,66.22
20261001,590107,18913,61.71
20261001,590108,43653,57.46
20261001,590109,3287,93.25
20261001,590110,1092,59.61
20261001,590113,2777,63.68
20261001,590115,370,87.47
20261001,590134,2641,85.55
20261001,590136,19037,60.41
20261001,590137,886,79.75
20261001,590138,43572,76.01
20261001,590139,4987,89.95
20261001,590140,731681,26.22
20261001,590141,772396,79.68
20261001,590142,384544,84.13
20261001,590143,68317,92.68
20261001,590144,48051,70.81
20261001,590145,325681,58.94
20261001,590146,308,61.35
20261001,590147,130,71.43
20261001,590148,197804,78.5
20261001,590149,9394,49.9
20261001,590150,29513,72.95
20261001,590151,58910,53.43
20261001,590152,129097,74.56
20261001,590153,326824,78.9
20261001,590154,56929,95.16
20261001,590155,4654,79.72
20261001,590156,17170,61.93
20261001,590157,6558,59.32
20261001,590158,83046,75.18
20261001,590159,5102,89.29
20261001,590160,411,73.26
20261001,590161,658659,58.84
20261001,710058,11298,73.37
20261001,751142,132820,100.0
20261001,751143,22913,100.0
20261001,751144,1281242,100.0
20261001,800177,46087,95.08
20261001,800295,2,100.0
20261001,800296,12,85.71
20261001,800297,1,100.0
20261001,800300,1,100.0
20261001,800301,3,100.0
20261001,800312,1,50.0
20261001,800314,13,100.0
20261001,800316,1050,100.0
20261001,800318,42,77.78
20261001,800320,1,100.0
20261001,800322,76,97.44
20261001,800324,41,97.62
20261001,800325,250,86.81
20261001,800326,1,50.0
20261001,800327,250,99.21
20261001,800331,30,96.77
20261001,800332,7,77.78
20261001,800333,10,50.0
20261001,800334,1000,100.0
20261001,800339,6,75.0
20261001,800340,44,97.78
20261001,800341,33,89.19
20261001,800342,5,100.0
20261001,800367,38,100.0
20261001,800385,23,100.0
20261001,800386,24,100.0
20261001,800428,1134,100.0
20261001,800434,1,100.0
20261001,800437,13,92.86
20261001,800438,1,100.0
20261001,800439,6,54.55
20261001,800441,1577,100.0
20261001,800442,3000,100.0
20261001,800443,1,100.0
20261001,800488,94,76.42
20261001,800573,34,91.89
20261001,800574,3,100.0
20261001,800575,18,100.0
20261001,800580,69,98.57
20261001,800584,200,100.0
20261001,800588,13927,100.0
20261001,800596,225,95.34
20261001,800597,687,100.0
20261001,800598,4100,99.95
20261001,800603,55,70.51
20261001,800605,358,65.69
20261001,800607,6114,99.92
20261001,800674,200,100.0
20261001,800807,4918,100.0
20261001,800808,3002,100.0
20261001,800809,1181,100.0
20261001,800816,736,100.0
20261001,805207,500,100.0
20261001,805228,9500,100.0
20261001,805247,100,100.0
20261001,810978,100,100.0
20261001,811117,100,100.0
20261001,890217,337,84.25
20261001,890226,12,100.0
20261001,890228,176,100.0
20261001,890231,300,100.0
20261001,890234,550050,100.0
20261001,890238,278,100.0
20261001,890239,105,100.0
20261001,890240,2242,83.88
20261001,935574,97,100.0
20261001,935584,101,99.02
20261001,935666,102,100.0
20261001,935682,771,99.36
20261001,936048,81,100.0
20261001,936224,25,100.0
20261001,936226,100,100.0
20261001,936236,25,100.0
20261001,936398,30,100.0
20261001,936412,243,100.0
20261001,936574,20,100.0
20261001,936656,144,100.0
20261001,936744,100,100.0
20261001,936810,20,71.43
20261001,936975,71,100.0
20261001,937037,20,100.0
20261001,937053,7,100.0
20261001,937091,20,100.0
20261001,937345,112,88.19
20261001,937369,100,100.0
20261001,937373,573,100.0
20261001,937381,3,75.0
20261001,937385,1,100.0
20261001,937455,854,99.88
20261001,937469,400,100.0
20261001,937501,12,100.0
20261001,937537,22,100.0
20261001,937581,10,100.0
20261001,937619,510,100.0
20261001,937621,550,100.0
20261001,937637,74,100.0
20261001,937743,57,100.0
20261001,937747,21,100.0
20261001,937785,100,33.44
20261001,937799,583,99.32
20261001,937803,5,100.0
20261001,937805,223,100.0
20261001,937829,10,100.0
20261001,937885,8,100.0
20261001,937999,140,99.29
20261001,938001,190,100.0
20261001,938005,14,100.0
20261001,938011,115,100.0
