DATE,SYMBOL,DELIV_QTY,DELIV_PER
20261007,500002,12499,75.66
20261007,500003,78988,49.01
20261007,500008,22244,57.28
20261007,500009,5935,100.0
20261007,500012,89610,66.5
20261007,500013,8165,100.0
20261007,500014,4960,89.68
20261007,500016,2079,66.46
20261007,500020,11745,71.49
20261007,500023,121,97.58
20261007,500027,507,66.45
20261007,500028,6877,85.25
20261007,500031,4232,64.78
20261007,500032,482423,36.77
20261007,500033,684,49.57
20261007,500034,340334,67.58
20261007,500038,33259,32.83
20261007,500039,4965,62.37
20261007,500040,8721,61.47
20261007,500041,64,92.75
20261007,500042,1233,58.46
20261007,500043,4627,57.04
20261007,500048,6269,45.5
20261007,500049,595936,70.46
20261007,500051,74367,100.0
20261007,500052,20392,50.01
20261007,500058,2780,99.18
20261007,500059,3286,100.0
20261007,500060,37714,57.53
20261007,500067,5960,36.86
20261007,500068,3,100.0
20261007,500069,144,100.0
20261007,500074,1814,47.88
20261007,500078,981,67.98
20261007,500083,4618,94.0
20261007,500084,93678,63.18
20261007,500085,39308,65.27
20261007,500086,38511,47.16
20261007,500087,24173,66.28
20261007,500089,180,100.0
20261007,500092,147,57.42
20261007,500093,63087,59.85
20261007,500096,242179,91.69
20261007,500097,14351,66.12
20261007,500101,12379,51.64
20261007,500103,3057630,85.2
20261007,500104,68226,43.03
20261007,500106,780131,45.71
20261007,500108,148796,82.4
20261007,500109,418385,40.1
20261007,500110,472202,30.11
20261007,500112,224840,53.23
20261007,500113,140157,45.91
20261007,500114,87836,54.05
20261007,500116,83504,52.46
20261007,500117,44686,50.4
20261007,500119,37691,62.47
20261007,500120,165,51.4
20261007,500123,26,56.52
20261007,500124,32006,45.84
20261007,500125,7762,50.27
20261007,500126,84,71.79
20261007,500128,145347,58.25
20261007,500133,94,69.12
20261007,500135,8006,43.15
20261007,500136,3264,87.06
20261007,500142,1,100.0
20261007,500143,1316,100.0
20261007,500144,21397,65.69
20261007,500147,131,65.5
20261007,500148,2294,59.12
20261007,500150,116,55.24
20261007,500151,869,100.0
20261007,500153,137316,100.0
20261007,500159,172,99.42
20261007,500160,39091,95.07
20261007,500163,3833,65.23
20261007,500164,101480,98.05
20261007,500165,31212,57.76
20261007,500166,1005,94.81
20261007,500168,556,84.76
20261007,500170,1261,54.87
20261007,500171,7301,58.47
20261007,500173,3295,74.53
20261007,500174,8500,97.98
20261007,500178,268,100.0
20261007,500179,3037,84.78
20261007,500180,3081643,84.99
20261007,500182,6202,46.38
20261007,500183,1088821,100.0
20261007,500184,48493,55.34
20261007,500185,458846,47.91
20261007,500186,36411,67.8
20261007,500187,922,51.0
20261007,500188,57186,43.34
20261007,500189,397,90.23
20261007,500191,111,100.0
20261007,500192,4465,57.7
20261007,500193,24493,78.58
20261007,500199,1624,84.63
20261007,500201,283075,42.77
20261007,500202,10100,100.0
20261007,500206,470,90.38
20261007,500207,17965,58.02
20261007,500209,1400389,86.45
20261007,500210,183,64.66
20261007,500213,1705,82.49
20261007,500214,4828,52.08
20261007,500215,216,77.14
20261007,500219,154006,35.68
20261007,500220,3164,58.65
20261007,500227,769,87.69
20261007,500228,55480,67.93
20261007,500233,3362,49.28
20261007,500234,500,81.97
20261007,500235,1433,76.18
20261007,500236,795,100.0
20261007,500238,11958,60.37
20261007,500239,1753,79.57
20261007,500240,23997,83.9
20261007,500241,3265,66.39
20261007,500243,35,47.3
20261007,500245,3177,71.41
20261007,500246,245,100.0
20261007,500247,907532,63.76
20261007,500248,100,100.0
20261007,500249,3036,56.18
20261007,500250,1456,65.56
20261007,500251,27433,37.58
20261007,500252,271,73.84
20261007,500253,16325,32.03
20261007,500257,9023,42.8
20261007,500260,2091,64.66
20261007,500262,4043,88.74
20261007,500264,3701,80.67
20261007,500265,94852,80.31
20261007,500266,1022,86.98
20261007,500267,228,100.0
20261007,500268,110148,52.15
20261007,500270,459,64.38
20261007,500271,1895,49.5
20261007,500277,360,94.24
20261007,500279,14199,66.88
20261007,500280,978,70.56
20261007,500282,4,100.0
20261007,500284,3974,94.26
20261007,500285,1173816,53.87
20261007,500288,576809,44.48
20261007,500290,91,75.21
20261007,500292,3613,75.18
20261007,500294,60971,50.25
20261007,500295,340883,60.31
20261007,500296,1156,92.41
20261007,500298,974,91.97
20261007,500300,37364,94.46
20261007,500304,3454,61.77
20261007,500306,149747,41.38
20261007,500307,73,100.0
20261007,500312,235664,62.24
20261007,500313,3030,100.0
20261007,500314,5011,64.43
20261007,500317,703,96.7
20261007,500319,1858,80.02
20261007,500322,40,100.0
20261007,500325,300111,52.78
20261007,500327,202,94.39
20261007,500330,35017,40.19
20261007,500331,15297,48.5
20261007,500333,2516,82.49
20261007,500335,1366,55.51
20261007,500336,3339,44.41
20261007,500337,809,97.82
20261007,500338,39169,90.74
20261007,500339,69361,45.98
20261007,500342,839,85.09
20261007,500343,262,58.48
20261007,500346,542,53.4
20261007,500350,2519,97.86
20261007,500354,8209,77.54
20261007,500355,5814,69.02
20261007,500356,1428,90.49
20261007,500357,725,100.0
20261007,500360,15263,100.0
20261007,500365,63117,58.45
20261007,500367,2097,11.24
20261007,500368,51281,38.12
20261007,500370,1,100.0
20261007,500371,394,100.0
20261007,500378,11403,43.98
20261007,500380,3797,66.58
20261007,500387,435,58.16
20261007,500388,2,100.0
20261007,500390,1334,100.0
20261007,500399,9830,100.0
20261007,500400,560624,79.82
20261007,500402,1116,48.73
20261007,500403,3718,54.51
20261007,500404,36871,66.97
20261007,500405,5227,66.55
20261007,500407,1073,84.42
20261007,500408,9640,52.46
20261007,500410,3238,55.15
20261007,500411,252620,98.94
20261007,500412,5983,49.68
20261007,500413,9549,39.47
20261007,500414,39318,58.0
20261007,500420,1927,47.89
20261007,500421,21593,100.0
20261007,500422,3202,100.0
20261007,500425,107674,61.2
20261007,500426,14038,100.0
20261007,500429,419,100.0
20261007,500439,57,91.94
20261007,500440,63404,64.65
20261007,500444,4117,51.97
20261007,500449,178037,100.0
20261007,500450,1,100.0
20261007,500456,7729,61.39
20261007,500458,11035,92.81
20261007,500459,513,69.14
20261007,500460,34456,56.5
20261007,500463,70595,47.15
20261007,500464,1504,100.0
20261007,500467,115,100.0
20261007,500469,119014,59.24
20261007,500470,550640,59.2
20261007,500472,645,63.74
20261007,500477,774853,67.37
20261007,500480,6351,66.95
20261007,500483,31586,88.44
20261007,500488,227,50.78
20261007,500490,598,57.89
20261007,500493,14157,62.86
20261007,500495,15127,91.32
20261007,500500,109378,75.21
20261007,500510,95405,64.31
20261007,500520,103750,67.43
20261007,500530,798,66.95
20261007,500540,1081,100.0
20261007,500547,68513,57.86
20261007,500550,1606,42.57
20261007,500570,265815,48.2
20261007,500575,8370,46.7
20261007,500620,28836,69.54
20261007,500645,10247,44.56
20261007,500650,171,77.03
20261007,500655,1338,51.54
20261007,500660,3835,55.33
20261007,500670,12292,43.39
20261007,500672,1151,47.35
20261007,500674,196,68.06
20261007,500680,24389,97.28
20261007,500690,16244,63.9
20261007,500696,9713,47.71
20261007,500710,629,67.2
20261007,500730,26577,47.36
20261007,500770,35478,54.27
20261007,500777,14471,48.72
20261007,500780,1908,51.68
20261007,500790,381973,85.84
20261007,500800,10877,54.11
20261007,500820,7915,32.44
20261007,500825,71143,98.0
20261007,500830,2955,67.1
20261007,500840,2704,61.72
20261007,500850,34719,18.89
20261007,500870,197015,75.67
20261007,500875,639878,52.38
20261007,500877,9690,54.1
20261007,500878,923,50.38
20261007,500940,19472,59.95
20261007,501148,64,100.0
20261007,501150,8420,69.36
20261007,501151,7,100.0
20261007,501242,316,100.0
20261007,501261,1137593,100.0
20261007,501270,1,100.0
20261007,501295,7552,90.66
20261007,501298,2,66.67
20261007,501301,13579,51.87
20261007,501311,700,100.0
20261007,501314,94355,94.34
20261007,501343,125,100.0
20261007,501351,7,100.0
20261007,501370,741,94.52
20261007,501391,35,100.0
20261007,501421,417,94.34
20261007,501423,2515,55.67
20261007,501425,4630,65.89
20261007,501430,65,100.0
20261007,501455,67295,44.84
20261007,501477,2,100.0
20261007,501700,7345,96.14
20261007,501831,1700,85.21
20261007,501833,7980,82.28
20261007,501848,7148,79.17
20261007,501945,27537,100.0
20261007,502015,7716,96.92
20261007,502090,1305,57.09
20261007,502137,71,56.8
20261007,502157,913,51.64
20261007,502168,5027,69.74
20261007,502175,3695,68.01
20261007,502180,2887,73.52
20261007,502219,13303,57.37
20261007,502250,36,100.0
20261007,502281,4358,100.0
20261007,502294,61,100.0
20261007,502330,11073,74.65
20261007,502355,6844,59.07
20261007,502420,16557,86.92
20261007,502445,2180,86.68
20261007,502448,19039,100.0
20261007,502450,10966,99.54
20261007,502587,1475,79.99
20261007,502589,50,100.0
20261007,502820,331,100.0
20261007,502865,2207,79.05
20261007,502873,73,100.0
20261007,502893,1,100.0
20261007,502901,390,100.0
20261007,502937,13203,62.66
20261007,502986,2185,46.98
20261007,503031,8280,95.29
20261007,503092,44,100.0
20261007,503100,2153,23.48
20261007,503101,1392,56.47
20261007,503127,1,100.0
20261007,503162,61,100.0
20261007,503169,239,71.13
20261007,503310,31926,32.92
20261007,503349,31,100.0
20261007,503624,47,70.15
20261007,503635,450,100.0
20261007,503639,11607,100.0
20261007,503641,311607,84.89
20261007,503657,2966,47.85
20261007,503659,556,100.0
20261007,503663,1346963,86.75
20261007,503675,70386,100.0
20261007,503681,2,100.0
20261007,503685,2927,100.0
20261007,503722,131,64.85
20261007,503776,221,100.0
20261007,503804,3078,82.1
20261007,503806,2526,76.71
20261007,503811,547,77.7
20261007,503816,2354,89.57
20261007,503837,10101,100.0
20261007,503863,570,100.0
20261007,503960,1267,71.74
20261007,504000,6023,96.48
20261007,504028,46359,100.0
20261007,504036,3436,80.17
20261007,504058,355,100.0
20261007,504067,25436,50.77
20261007,504076,44422,73.77
20261007,504084,584,73.18
20261007,504092,648,93.51
20261007,504093,1538,73.62
20261007,504112,2733,47.04
20261007,504132,981,90.0
20261007,504176,2070,69.3
20261007,504180,2946,92.55
20261007,504212,2986,45.77
20261007,504220,1302,100.0
20261007,504240,2259,100.0
20261007,504258,365,97.59
20261007,504273,1850,100.0
20261007,504286,559,95.07
20261007,504340,16461,97.01
20261007,504341,3159,53.09
20261007,504351,11573437,53.04
20261007,504369,1600,100.0
20261007,504378,43092,99.21
20261007,504380,116,94.31
20261007,504392,36218,100.0
20261007,504397,3869,100.0
20261007,504605,213,89.5
20261007,504614,3057,56.0
20261007,504646,2049,100.0
20261007,504648,2410,100.0
20261007,504697,144,100.0
20261007,504731,1867,55.63
20261007,504741,2169,59.77
20261007,504746,4228,93.81
20261007,504786,1318,100.0
20261007,504810,92,30.87
20261007,504840,35,83.33
20261007,504879,769,81.29
20261007,504882,1034,83.93
20261007,504903,35836,100.0
20261007,504908,188,90.38
20261007,504918,11020,62.37
20261007,504959,277,95.19
20261007,504973,301403,99.34
20261007,504988,19,100.0
20261007,505010,127,61.65
20261007,505029,338,89.66
20261007,505036,358,95.72
20261007,505075,14969,100.0
20261007,505160,2722,65.7
20261007,505163,615,97.93
20261007,505192,1115,53.43
20261007,505196,2345,100.0
20261007,505200,9218,75.87
20261007,505212,956,100.0
20261007,505216,1,100.0
20261007,505232,16,100.0
20261007,505242,543,49.32
20261007,505250,141,100.0
20261007,505255,5282,59.0
20261007,505283,2424,54.4
20261007,505299,885,74.68
20261007,505324,280,100.0
20261007,505336,2029865,100.0
20261007,505343,532508,79.66
20261007,505355,903,55.84
20261007,505358,3098,76.87
20261007,505368,76,84.44
20261007,505400,2229,50.54
20261007,505412,257,64.41
20261007,505502,35819,100.0
20261007,505504,11055,100.0
20261007,505509,8554,59.85
20261007,505515,31383,81.84
20261007,505523,1114864,73.37
20261007,505526,9527,67.65
20261007,505533,1753,62.3
20261007,505537,223092,43.31
20261007,505590,915,100.0
20261007,505650,6998,88.1
20261007,505681,100,100.0
20261007,505688,6030,100.0
20261007,505690,15,93.75
20261007,505693,115476,47.38
20261007,505700,21379,68.38
20261007,505710,28312,70.07
20261007,505712,12975,100.0
20261007,505714,6655,57.44
20261007,505720,5814,73.03
20261007,505725,108665,15.93
20261007,505726,303,67.18
20261007,505729,56720,95.14
20261007,505737,524,90.66
20261007,505744,15173,84.81
20261007,505750,472,72.28
20261007,505790,428,57.22
20261007,505797,572,100.0
20261007,505800,1096,91.72
20261007,505827,871,72.89
20261007,505840,4501,100.0
20261007,505850,971,56.49
20261007,505854,912,93.73
20261007,505872,4105,62.64
20261007,505890,507,64.83
20261007,505893,1161,58.87
20261007,505978,341,94.99
20261007,506003,3908,72.65
20261007,506022,15417,74.41
20261007,506074,237096,100.0
20261007,506076,245,35.87
20261007,506079,509,100.0
20261007,506105,413,98.8
20261007,506109,10089,40.27
20261007,506122,398321,100.0
20261007,506128,1031,79.12
20261007,506134,11052,86.55
20261007,506146,110433,97.26
20261007,506166,25230,19.9
20261007,506180,6,100.0
20261007,506184,12933,81.71
20261007,506186,8213,100.0
20261007,506194,39,100.0
20261007,506197,8350,100.0
20261007,506222,1313,77.05
20261007,506235,15396,52.46
20261007,506248,2897,78.85
20261007,506260,10741,81.39
20261007,506261,7993,100.0
20261007,506285,870,67.44
20261007,506365,154,100.0
20261007,506390,1022,98.27
20261007,506395,51671,93.0
20261007,506401,3897,54.47
20261007,506405,15356,54.47
20261007,506414,5794,35.92
20261007,506480,4775,69.37
20261007,506520,9520,90.2
20261007,506525,3067,100.0
20261007,506528,166,100.0
20261007,506532,29,55.77
20261007,506579,12288,87.54
20261007,506590,8811,43.76
20261007,506597,14874,67.17
20261007,506605,60,100.0
20261007,506640,400,100.0
20261007,506642,347190,100.0
20261007,506655,13477,38.61
20261007,506680,1266,99.53
20261007,506685,2318,62.72
20261007,506687,329,100.0
20261007,506690,2610,56.17
20261007,506734,261,100.0
20261007,506767,6221,37.93
20261007,506808,517,83.93
20261007,506820,528,63.92
20261007,506852,15626,57.07
20261007,506854,7434,52.35
20261007,506858,242,73.56
20261007,506863,3171,73.76
20261007,506879,3481,42.77
20261007,506919,58,100.0
20261007,506947,1293,100.0
20261007,506979,156,79.19
20261007,506981,2582,98.44
20261007,507155,6062,74.42
20261007,507180,83817,100.0
20261007,507205,15487,33.77
20261007,507265,15625,100.0
20261007,507300,142,100.0
20261007,507315,3110,82.19
20261007,507410,94779,41.13
20261007,507438,141,99.3
20261007,507474,15890,90.03
20261007,507486,50,50.0
20261007,507488,4405,52.47
20261007,507490,23158,78.24
20261007,507498,3461,71.52
20261007,507514,12304,58.11
20261007,507515,1173,94.98
20261007,507526,915,62.5
20261007,507552,633,90.95
20261007,507580,1427,100.0
20261007,507598,1550,75.91
20261007,507609,4,100.0
20261007,507621,6565,92.17
20261007,507645,4,100.0
20261007,507685,187224,61.83
20261007,507690,1274,90.29
20261007,507717,258,75.22
20261007,507747,303,70.63
20261007,507753,20896,36.9
20261007,507759,43,100.0
20261007,507779,772,46.82
20261007,507785,83,100.0
20261007,507789,7051,70.02
20261007,507794,15061,94.37
20261007,507813,105,100.0
20261007,507815,833,69.3
20261007,507817,1,100.0
20261007,507828,15391,85.11
20261007,507833,5429,77.84
20261007,507836,77,96.25
20261007,507852,167,98.82
20261007,507864,86,100.0
20261007,507872,738,78.18
20261007,507878,577363,67.52
20261007,507880,6893,70.94
20261007,507910,3117,95.26
20261007,507912,301541,98.83
20261007,507938,2200,100.0
20261007,507944,1047,78.9
20261007,507946,211,100.0
20261007,507948,315,89.24
20261007,507960,281,96.9
20261007,507962,27051,100.0
20261007,507966,7,100.0
20261007,507968,33,94.29
20261007,507970,45,76.27
20261007,507981,413,81.94
20261007,507998,6738,89.04
20261007,508136,401,100.0
20261007,508486,29,100.0
20261007,508494,264,100.0
20261007,508571,92,100.0
20261007,508664,517,100.0
20261007,508670,4,100.0
20261007,508807,65,95.59
20261007,508814,508,78.52
20261007,508867,5,100.0
20261007,508869,173620,95.96
20261007,508875,424,100.0
20261007,508905,31,100.0
20261007,508906,2187,68.09
20261007,508918,1583,94.9
20261007,508933,6854,87.27
20261007,508941,1392,98.93
20261007,508954,6506,91.7
20261007,508956,3870,51.39
20261007,508961,110,100.0
20261007,508963,815,100.0
20261007,508969,9824,89.24
20261007,508980,4270,100.0
20261007,508989,1074,86.82
20261007,509009,2224,68.45
20261007,509015,1157,100.0
20261007,509020,10790,96.98
20261007,509024,1064,69.68
20261007,509026,30,100.0
20261007,509038,233,100.0
20261007,509040,390,72.09
20261007,509046,533,100.0
20261007,509048,232,100.0
20261007,509051,680786,74.38
20261007,509053,2626,61.72
20261007,509055,10365,100.0
20261007,509069,1014,95.3
20261007,509073,487,100.0
20261007,509079,1999,55.48
20261007,509084,255,100.0
20261007,509152,813,99.88
20261007,509162,12795,100.0
20261007,509196,3273,78.56
20261007,509220,906,94.38
20261007,509243,92,58.23
20261007,509438,15,93.75
20261007,509449,113,91.87
20261007,509470,5,100.0
20261007,509472,1,100.0
20261007,509480,4317,44.37
20261007,509486,5050,100.0
20261007,509488,12966,53.19
20261007,509496,9989,59.32
20261007,509525,104,81.25
20261007,509557,2544,82.57
20261007,509563,2935,90.53
20261007,509567,1316,74.52
20261007,509631,30028,52.54
20261007,509635,855,71.19
20261007,509675,6230,60.6
20261007,509709,27133,99.79
20261007,509715,5226,86.12
20261007,509732,24706,92.68
20261007,509760,1458,100.0
20261007,509762,3103,100.0
20261007,509820,3490,69.98
20261007,509835,752,95.55
20261007,509874,12918,100.0
20261007,509895,56,94.92
20261007,509930,5258,50.46
20261007,509945,4,100.0
20261007,509953,1,100.0
20261007,509966,4787,72.74
20261007,510245,22725,83.36
20261007,511000,4586,99.96
20261007,511012,643236,100.0
20261007,511016,482,100.0
20261007,511018,41185,55.46
20261007,511034,6145,61.36
20261007,511066,1520,95.9
20261007,511076,12726,55.92
20261007,511092,67336,100.0
20261007,511108,100,62.5
20261007,511116,47470,100.0
20261007,511131,2,66.67
20261007,511144,19986,100.0
20261007,511147,535,100.0
20261007,511153,15302,100.0
20261007,511169,1050,100.0
20261007,511176,8,100.0
20261007,511185,10,100.0
20261007,511187,1162,100.0
20261007,511194,160,100.0
20261007,511196,5679,45.3
20261007,511208,25290,88.0
20261007,511218,312245,79.13
20261007,511243,124239,70.05
20261007,511246,1343,76.66
20261007,511260,5050,82.98
20261007,511333,2699,31.03
20261007,511355,13939,100.0
20261007,511359,172,77.13
20261007,511391,11,100.0
20261007,511411,2955,61.65
20261007,511413,327,99.7
20261007,511431,66690,89.53
20261007,511447,2597630,73.71
20261007,511451,23,100.0
20261007,511463,13377,72.79
20261007,511473,6172,77.38
20261007,511493,2350,100.0
20261007,511501,724,87.97
20261007,511505,47307,100.0
20261007,511507,8,100.0
20261007,511509,19836,67.02
20261007,511523,91478,100.0
20261007,511525,24552,97.98
20261007,511533,2423,58.81
20261007,511535,3759,100.0
20261007,511539,174,97.21
20261007,511543,15,100.0
20261007,511549,4030,98.22
20261007,511551,409,84.85
20261007,511557,745667,100.0
20261007,511559,12,100.0
20261007,511563,10,100.0
20261007,511571,866,50.0
20261007,511577,538,90.42
20261007,511589,3067,91.61
20261007,511593,83,100.0
20261007,511601,887,98.67
20261007,511605,24509,41.84
20261007,511609,62,98.41
20261007,511611,11363,99.03
20261007,511626,407,86.41
20261007,511628,336505,40.02
20261007,511630,882,91.21
20261007,511644,436046,47.93
20261007,511654,85,100.0
20261007,511658,3871,78.5
20261007,511664,799,100.0
20261007,511672,4771,100.0
20261007,511676,1431,72.16
20261007,511692,6949,63.67
20261007,511696,8,72.73
20261007,511700,7243665,57.68
20261007,511702,1419,100.0
20261007,511710,27542,100.0
20261007,511712,289,96.01
20261007,511714,13,100.0
20261007,511716,2038,100.0
20261007,511724,6402,91.73
20261007,511726,50242,100.0
20261007,511728,56,100.0
20261007,511734,3329,100.0
20261007,511738,1300,100.0
20261007,511740,74,88.1
20261007,511742,10353,93.8
20261007,511754,3672,98.34
20261007,511756,398,100.0
20261007,511764,4904,92.32
20261007,511766,103,76.3
20261007,511768,40834,46.95
20261007,512008,3733,46.93
20261007,512014,85,50.0
20261007,512018,7211,81.5
20261007,512020,13,92.86
20261007,512025,15296,84.86
20261007,512036,7,100.0
20261007,512038,10262,53.78
20261007,512047,32811,54.96
20261007,512048,447745,81.4
20261007,512062,212,100.0
20261007,512064,1666,88.15
20261007,512065,2121,100.0
20261007,512068,53474,44.86
20261007,512070,12753,65.56
20261007,512093,116145,100.0
20261007,512097,91059,91.92
20261007,512103,942,91.19
20261007,512115,7686,83.21
20261007,512131,5004,100.0
20261007,512149,1246753,68.29
20261007,512161,4288,97.39
20261007,512165,1534,100.0
20261007,512169,11069,100.0
20261007,512175,13302,81.6
20261007,512179,944,61.02
20261007,512197,1255,100.0
20261007,512217,12705,96.62
20261007,512229,3671,100.0
20261007,512237,17994,41.62
20261007,512247,13965,67.45
20261007,512257,15611,79.34
20261007,512267,69321,100.0
20261007,512277,231,100.0
20261007,512296,26926,52.84
20261007,512301,5544,100.0
20261007,512329,3492,44.01
20261007,512344,42,100.0
20261007,512345,1,100.0
20261007,512359,295717,100.0
20261007,512361,47149,100.0
20261007,512377,1205,100.0
20261007,512379,118277,100.0
20261007,512381,92,98.92
20261007,512393,1602,100.0
20261007,512399,29195,83.38
20261007,512415,18329,100.0
20261007,512425,1,100.0
20261007,512437,82,100.0
20261007,512441,3572218,57.24
20261007,512443,59428,90.86
20261007,512453,205,81.67
20261007,512455,12895,61.09
20261007,512463,84897,57.94
20261007,512477,7,100.0
20261007,512479,1,100.0
20261007,512489,2004,100.0
20261007,512493,2225,98.76
20261007,512499,1138586,100.0
20261007,512519,70,100.0
20261007,512527,8,100.0
20261007,512529,100714,47.06
20261007,512531,527,93.77
20261007,512553,5,100.0
20261007,512559,4848,75.98
20261007,512573,6899,52.53
20261007,512587,208,98.11
20261007,512589,1429,91.37
20261007,512591,783380,77.0
20261007,512595,1175,77.35
20261007,512597,18,100.0
20261007,512599,45211,40.84
20261007,512600,9441,95.32
20261007,512604,250,100.0
20261007,512608,14166,72.23
20261007,512618,141,100.0
20261007,512624,23796,97.53
20261007,512626,236,76.13
20261007,512634,302,55.72
20261007,513005,402,77.76
20261007,513023,11041,41.45
20261007,513043,33126,71.72
20261007,513059,2034,100.0
20261007,513063,1815,100.0
20261007,513097,5232,75.05
20261007,513108,59,40.41
20261007,513117,1390,99.93
20261007,513119,105074,96.27
20261007,513121,5895,96.78
20261007,513149,154,100.0
20261007,513173,1536,88.68
20261007,513228,13352,55.16
20261007,513250,214631,67.66
20261007,513252,68,97.14
20261007,513262,19176,43.29
20261007,513269,13170,24.32
20261007,513295,801,83.18
20261007,513303,948,86.42
20261007,513307,10859,91.94
20261007,513337,1285529,74.48
20261007,513343,100,100.0
20261007,513349,6317,58.46
20261007,513353,4204,78.9
20261007,513361,279772,81.58
20261007,513369,390,100.0
20261007,513375,9090,64.02
20261007,513377,41836,63.27
20261007,513397,247,100.0
20261007,513418,33510,100.0
20261007,513422,123,99.19
20261007,513430,31,100.0
20261007,513436,158,100.0
20261007,513452,414,100.0
20261007,513456,324,65.72
20261007,513460,153,100.0
20261007,513472,192273,89.65
20261007,513488,1652,100.0
20261007,513496,1398,100.0
20261007,513498,741,100.0
20261007,513502,132045,74.1
20261007,513507,100,100.0
20261007,513509,253,100.0
20261007,513511,1,100.0
20261007,513513,1131,100.0
20261007,513517,3246,59.43
20261007,513519,2854,83.45
20261007,513528,10064,100.0
20261007,513532,22825,39.92
20261007,513536,42390,69.62
20261007,513540,300,100.0
20261007,513544,116,100.0
20261007,513548,57,98.28
20261007,513554,222,100.0
20261007,513566,2826,100.0
20261007,513575,4266,67.96
20261007,513599,183790,47.47
20261007,513629,1026,95.35
20261007,513642,640,92.89
20261007,513683,16123,41.48
20261007,513687,162,100.0
20261007,513693,1114,74.07
20261007,513699,26,100.0
20261007,513709,227,60.21
20261007,513713,27099,86.56
20261007,513721,659,100.0
20261007,513729,155,100.0
20261007,514010,76535,100.0
20261007,514028,1206,99.59
20261007,514030,5156,99.17
20261007,514043,19993,57.16
20261007,514045,174,97.75
20261007,514060,39218,100.0
20261007,514087,6,100.0
20261007,514113,106,100.0
20261007,514142,5828,81.75
20261007,514162,158995,42.25
20261007,514165,12427,74.19
20261007,514167,1023,60.68
20261007,514171,1127,96.08
20261007,514175,19035,98.46
20261007,514183,4533,71.03
20261007,514197,1257,100.0
20261007,514211,373690,73.02
20261007,514223,4306,100.0
20261007,514234,1206,81.1
20261007,514238,70,98.59
20261007,514240,1103,99.1
20261007,514260,2516,100.0
20261007,514264,153,100.0
20261007,514266,1899,89.83
20261007,514272,1071,65.46
20261007,514274,1930,76.19
20261007,514280,153,62.96
20261007,514286,13152,92.89
20261007,514302,535,50.95
20261007,514312,17,0.05
20261007,514316,10213,46.88
20261007,514318,2577,60.85
20261007,514324,131,76.61
20261007,514326,918,95.72
20261007,514330,4892,82.83
20261007,514332,1911,94.51
20261007,514336,1193,100.0
20261007,514354,24699,45.82
20261007,514358,2181,100.0
20261007,514360,60926,74.35
20261007,514378,2375,97.94
20261007,514386,1867577,88.69
20261007,514400,63,100.0
20261007,514402,15642,75.29
20261007,514414,845,100.0
20261007,514418,10,100.0
20261007,514428,1,100.0
20261007,514440,91373,77.65
20261007,514442,1032,100.0
20261007,514448,828,59.06
20261007,514450,230,100.0
20261007,514454,456,100.0
20261007,514470,1193,75.7
20261007,515008,28602,100.0
20261007,515018,313,99.05
20261007,515030,2562,49.09
20261007,515037,502,100.0
20261007,515043,3208,70.49
20261007,515055,42375,40.27
20261007,515059,1,33.33
20261007,515085,47025,72.13
20261007,515147,11163,76.84
20261007,516003,148,74.75
20261007,516016,120,98.36
20261007,516020,172,100.0
20261007,516022,11,100.0
20261007,516030,11723,72.28
20261007,516032,21771,73.97
20261007,516038,4190,93.26
20261007,516062,363,100.0
20261007,516064,1125,66.06
20261007,516072,1861,55.74
20261007,516078,3007,100.0
20261007,516082,226,69.11
20261007,516092,255,100.0
20261007,516096,63,73.26
20261007,516098,2729,75.39
20261007,516106,1138,87.07
20261007,516108,9264,97.55
20261007,516110,65934,85.85
20261007,517015,2097,66.21
20261007,517035,47357,52.89
20261007,517041,862,54.01
20261007,517059,1090,81.4
20261007,517063,8637,86.3
20261007,517096,9641,48.12
20261007,517119,5406,94.25
20261007,517146,20669,49.64
20261007,517168,450,63.03
20261007,517170,5162,59.61
20261007,517172,26009,100.0
20261007,517174,986,98.7
20261007,517201,5263,100.0
20261007,517206,358,68.32
20261007,517214,697,86.26
20261007,517230,26,100.0
20261007,517236,343,99.71
20261007,517238,195,77.69
20261007,517246,20706,100.0
20261007,517258,121,100.0
20261007,517264,816,66.02
20261007,517271,11220,29.21
20261007,517273,1780,66.24
20261007,517286,64604,100.0
20261007,517288,1565,77.82
20261007,517300,9788,61.95
20261007,517320,36974,100.0
20261007,517334,216863,54.46
20261007,517336,500,100.0
20261007,517344,5192,56.91
20261007,517354,35873,82.0
20261007,517356,611764,100.0
20261007,517360,161,96.41
20261007,517370,59,100.0
20261007,517372,1913,74.32
20261007,517380,1792,50.42
20261007,517385,2180,70.1
20261007,517393,178613,100.0
20261007,517397,84,96.55
20261007,517399,1446,100.0
20261007,517411,304,98.7
20261007,517415,5709,100.0
20261007,517417,6970,100.0
20261007,517421,167,69.01
20261007,517429,632,61.9
20261007,517431,35816,89.24
20261007,517437,404,50.31
20261007,517447,2151,98.17
20261007,517449,1038,88.57
20261007,517467,292086,36.83
20261007,517477,1031,100.0
20261007,517494,15500,69.33
20261007,517498,243842,48.8
20261007,517500,19137,70.41
20261007,517506,333,69.81
20261007,517514,1395,78.28
20261007,517522,3052,59.27
20261007,517530,609,86.14
20261007,517536,1292,80.5
20261007,517544,1304,53.84
20261007,517546,2526,84.79
20261007,517554,5325420,100.0
20261007,517556,45512,100.0
20261007,517562,529,82.27
20261007,517569,7843,54.88
20261007,518011,332,99.1
20261007,518053,89,68.99
20261007,518075,4131,86.08
20261007,518091,1482,72.97
20261007,519003,2289,99.83
20261007,519014,200,100.0
20261007,519031,41,100.0
20261007,519091,31,77.5
20261007,519097,2655,100.0
20261007,519105,7127,64.72
20261007,519126,1664,67.18
20261007,519136,2787,68.95
20261007,519152,2,100.0
20261007,519156,62,66.67
20261007,519183,12789,73.3
20261007,519191,5527,100.0
20261007,519214,4,100.0
20261007,519216,4721,66.14
20261007,519224,395,100.0
20261007,519230,4912,97.93
20261007,519234,45,100.0
20261007,519238,119,100.0
20261007,519242,7400,100.0
20261007,519260,700,100.0
20261007,519262,508,100.0
20261007,519279,4182,100.0
20261007,519285,102,100.0
20261007,519287,88381,100.0
20261007,519295,466,99.36
20261007,519299,15117,100.0
20261007,519307,63017,100.0
20261007,519331,192,55.01
20261007,519359,100,90.09
20261007,519367,200,100.0
20261007,519383,1265,55.6
20261007,519397,2578,80.76
20261007,519413,1100,100.0
20261007,519421,2286,84.08
20261007,519457,161,100.0
20261007,519463,2857,93.92
20261007,519471,1068,100.0
20261007,519475,30,100.0
20261007,519477,15304,52.7
20261007,519479,55,100.0
20261007,519483,323,81.16
20261007,519494,2,100.0
20261007,519500,6126,85.53
20261007,519506,1000,100.0
20261007,519528,110,99.1
20261007,519532,25029,99.99
20261007,519552,2432,33.9
20261007,519566,17764,63.91
20261007,519574,8,100.0
20261007,519600,2916,64.94
20261007,519602,100160,69.01
20261007,519604,2551,95.12
20261007,519606,6572,100.0
20261007,519612,3162,77.42
20261007,520008,38588,59.94
20261007,520021,2662,76.12
20261007,520043,316,96.93
20261007,520051,192544,34.95
20261007,520056,166,77.93
20261007,520057,1229,71.08
20261007,520059,11318,53.69
20261007,520066,126179,81.21
20261007,520073,1100,72.51
20261007,520075,1117,88.93
20261007,520086,650,100.0
20261007,520111,974,58.82
20261007,520113,4051,49.35
20261007,520119,495,57.49
20261007,520123,2392,98.36
20261007,520127,2879,87.24
20261007,520141,1068,99.81
20261007,520151,80,100.0
20261007,520155,2,66.67
20261007,521005,1874613,65.94
20261007,521016,7129,39.02
20261007,521018,537,95.55
20261007,521034,2542,93.08
20261007,521036,120,100.0
20261007,521048,6,100.0
20261007,521054,101,100.0
20261007,521062,26913,93.63
20261007,521064,141208,62.3
20261007,521070,2227567,54.69
20261007,521080,3910,99.36
20261007,521097,71,97.26
20261007,521105,2727,100.0
20261007,521109,1908,97.85
20261007,521113,9014,91.85
20261007,521131,26,96.3
20261007,521137,49765,100.0
20261007,521141,130,97.01
20261007,521149,672,70.74
20261007,521163,42,100.0
20261007,521167,3501,100.0
20261007,521178,2224,71.44
20261007,521180,172,100.0
20261007,521194,251,94.01
20261007,521200,600,100.0
20261007,521206,4678,84.56
20261007,521210,40,100.0
20261007,521216,4750,99.85
20261007,521220,10,100.0
20261007,521228,22531,75.07
20261007,521232,200,100.0
20261007,521238,12029,100.0
20261007,521240,350,99.72
20261007,521244,90,100.0
20261007,521246,15147,69.96
20261007,521248,21132,54.62
20261007,522001,5067,75.13
20261007,522004,5562,56.0
20261007,522005,814,69.87
20261007,522014,1083,82.73
20261007,522017,1122,74.35
20261007,522027,604,100.0
20261007,522029,14711,98.2
20261007,522034,1656,76.07
20261007,522064,100,47.39
20261007,522073,61,100.0
20261007,522074,17628,76.8
20261007,522091,4499,87.72
20261007,522101,3455,53.52
20261007,522105,18212,100.0
20261007,522108,598,59.09
20261007,522113,720,54.84
20261007,522122,8,100.0
20261007,522134,19668,92.68
20261007,522150,5395,100.0
20261007,522152,1198,84.19
20261007,522163,183903,100.0
20261007,522165,679,49.63
20261007,522183,468,99.57
20261007,522195,6892,62.03
20261007,522205,16212,53.76
20261007,522207,538,80.54
20261007,522209,15740,86.0
20261007,522215,16799,54.32
20261007,522217,213,95.09
20261007,522229,40889,45.45
20261007,522231,3040,61.22
20261007,522235,27,100.0
20261007,522237,798,90.37
20261007,522241,1318,81.01
20261007,522249,7739,70.92
20261007,522251,1101,95.32
20261007,522257,130297,52.52
20261007,522261,704,44.73
20261007,522267,759,95.59
20261007,522273,552,100.0
20261007,522275,11161,52.75
20261007,522281,5268,35.7
20261007,522285,96544,43.39
20261007,522287,8719,57.23
20261007,522289,2077,47.09
20261007,522292,313,100.0
20261007,522294,334,100.0
20261007,522295,292,69.36
20261007,522650,6377,77.56
20261007,523007,161,88.95
20261007,523011,28,54.9
20261007,523019,18991,67.35
20261007,523021,89,96.74
20261007,523023,679,54.19
20261007,523025,4232,68.01
20261007,523054,3,100.0
20261007,523062,1,100.0
20261007,523100,3050,71.45
20261007,523105,15446020,100.0
20261007,523116,5,100.0
20261007,523120,7,100.0
20261007,523127,1087,70.77
20261007,523144,1299,100.0
20261007,523160,1609,77.36
20261007,523186,98,94.23
20261007,523204,930,100.0
20261007,523207,1341,83.6
20261007,523222,16389,100.0
20261007,523229,2597,65.02
20261007,523232,568,98.27
20261007,523242,68500,100.0
20261007,523248,535,66.71
20261007,523260,2910,99.9
20261007,523261,1673,69.88
20261007,523269,2729,88.89
20261007,523277,906594,80.55
20261007,523283,827,100.0
20261007,523289,1759,67.73
20261007,523301,139,70.2
20261007,523309,4330,77.71
20261007,523319,7700,27.57
20261007,523323,101,85.59
20261007,523329,1,50.0
20261007,523367,3647,44.85
20261007,523369,10675,67.98
20261007,523371,28273,58.74
20261007,523373,95722,62.16
20261007,523385,541,71.09
20261007,523387,167572,66.65
20261007,523391,200,99.01
20261007,523395,62,54.39
20261007,523398,3006,68.94
20261007,523405,49134,56.94
20261007,523411,1388,84.89
20261007,523419,6314,100.0
20261007,523445,6782,40.41
20261007,523457,264,64.71
20261007,523465,952,100.0
20261007,523467,26491,100.0
20261007,523475,18153,62.92
20261007,523483,20,51.28
20261007,523489,2862,99.65
20261007,523519,269,100.0
20261007,523537,519,98.67
20261007,523539,13842,45.79
20261007,523550,8283,77.24
20261007,523558,13194,100.0
20261007,523566,1975,100.0
20261007,523574,5013,100.0
20261007,523586,7651,69.7
20261007,523594,19,100.0
20261007,523598,26124,39.1
20261007,523606,5390,69.2
20261007,523610,5773,55.97
20261007,523618,5136,42.73
20261007,523620,34,100.0
20261007,523630,23820,75.03
20261007,523638,115,89.84
20261007,523642,4176,76.33
20261007,523648,4092,74.32
20261007,523650,5304,85.73
20261007,523660,11904,91.2
20261007,523672,5067,70.47
20261007,523676,580,66.21
20261007,523694,5196,72.24
20261007,523696,2911,76.52
20261007,523704,1658,63.97
20261007,523708,1265,45.95
20261007,523710,49,100.0
20261007,523716,1667,74.79
20261007,523722,3196,100.0
20261007,523732,517,63.28
20261007,523736,118,100.0
20261007,523752,16760,100.0
20261007,523754,1140,98.53
20261007,523782,7317,80.42
20261007,523792,1208,100.0
20261007,523796,31188,100.0
20261007,523826,4184,66.35
20261007,523828,5917,55.07
20261007,523832,2705,100.0
20261007,523836,706,54.06
20261007,523838,2364,67.2
20261007,523840,9631,86.42
20261007,523842,36156,100.0
20261007,523844,20465,81.71
20261007,523850,130,68.42
20261007,523862,263,100.0
20261007,523874,12263,100.0
20261007,523888,633,9.53
20261007,524000,389887,91.28
20261007,524019,186,54.71
20261007,524037,7031,91.7
20261007,524038,3782,97.12
20261007,524051,1054,32.46
20261007,524055,11,100.0
20261007,524075,58,92.06
20261007,524080,410,99.76
20261007,524091,5560,81.55
20261007,524109,4078,100.0
20261007,524129,1181,98.66
20261007,524136,6068,100.0
20261007,524164,162608,37.64
20261007,524174,27965,83.46
20261007,524200,5668,62.03
20261007,524202,966,91.05
20261007,524204,1173,89.2
20261007,524208,10959,44.2
20261007,524210,12,100.0
20261007,524212,11549,50.3
20261007,524218,5745,100.0
20261007,524226,10259,31.17
20261007,524230,21052,52.41
20261007,524238,297144,100.0
20261007,524280,12495,52.38
20261007,524288,10831,76.48
20261007,524314,181,100.0
20261007,524322,145742,66.24
20261007,524324,2864,100.0
20261007,524330,1425,89.06
20261007,524332,17608,80.55
20261007,524336,17374,100.0
20261007,524342,2656,81.95
20261007,524348,3339,56.36
20261007,524370,23483,100.0
20261007,524372,3872,48.56
20261007,524394,6156,61.11
20261007,524396,100,100.0
20261007,524400,2000,90.91
20261007,524404,56649,43.62
20261007,524408,2854,78.36
20261007,524412,9868,66.04
20261007,524414,483,93.6
20261007,524434,3927,80.19
20261007,524440,7798,57.86
20261007,524444,2160269,72.53
20261007,524458,1864,99.79
20261007,524470,1394811,44.51
20261007,524480,87,87.0
20261007,524488,42978,100.0
20261007,524494,51521,96.98
20261007,524500,13599,65.15
20261007,524502,5308,100.0
20261007,524506,1251,95.42
20261007,524516,25938,100.0
20261007,524518,1206,84.28
20261007,524520,65604,43.31
20261007,524534,2657,73.16
20261007,524542,122,100.0
20261007,524548,32,86.49
20261007,524558,22418,93.73
20261007,524564,7759,100.0
20261007,524570,78,97.5
20261007,524572,1050,56.03
20261007,524576,1941,97.34
20261007,524580,105,100.0
20261007,524582,205,54.38
20261007,524592,15922,100.0
20261007,524594,511,90.93
20261007,524598,245,100.0
20261007,524602,4462,81.39
20261007,524606,985,50.93
20261007,524614,31786,87.89
20261007,524622,19127,76.6
20261007,524624,350,98.04
20261007,524628,14,100.0
20261007,524632,627349,58.01
20261007,524634,2018,78.43
20261007,524636,5686,100.0
20261007,524640,20303,84.51
20261007,524648,43896,43.98
20261007,524654,2020,100.0
20261007,524661,5910455,67.17
20261007,524663,96051,91.87
20261007,524667,16588,44.8
20261007,524669,120,71.01
20261007,524675,6589,98.87
20261007,524687,14242,74.87
20261007,524703,1082,61.9
20261007,524709,8678,55.58
20261007,524711,8272,98.22
20261007,524715,40583,70.69
20261007,524717,15652,76.51
20261007,524723,36,100.0
20261007,524727,3031,96.81
20261007,524731,278,96.53
20261007,524735,10828,43.24
20261007,524742,2970,48.77
20261007,524743,31551,61.23
20261007,524748,1728,83.16
20261007,524752,2274,90.89
20261007,524768,658,80.74
20261007,524774,536,57.95
20261007,524790,1561,69.81
20261007,524804,5748,59.99
20261007,524808,1354,92.87
20261007,524816,16607,49.52
20261007,524818,1610,93.44
20261007,524820,33619,53.65
20261007,524824,9584,100.0
20261007,524828,1082,88.4
20261007,526001,2102,100.0
20261007,526025,11216,80.83
20261007,526027,70487,100.0
20261007,526043,11,91.67
20261007,526071,7800,100.0
20261007,526073,509,100.0
20261007,526081,39854,100.0
20261007,526095,8,88.89
20261007,526113,13,100.0
20261007,526115,400,79.84
20261007,526117,13,81.25
20261007,526125,383,43.67
20261007,526133,540,99.82
20261007,526137,825,94.83
20261007,526139,22927,97.45
20261007,526143,1413,88.7
20261007,526159,4751,86.1
20261007,526161,200,100.0
20261007,526169,1239,69.49
20261007,526173,23123,61.14
20261007,526179,649,73.5
20261007,526187,4,100.0
20261007,526193,5284,75.39
20261007,526211,3755,74.12
20261007,526217,13470,100.0
20261007,526227,63091,50.87
20261007,526231,650,100.0
20261007,526237,358,89.72
20261007,526241,5304,100.0
20261007,526247,4816,67.06
20261007,526251,3946,99.92
20261007,526263,7592,100.0
20261007,526269,1470,91.47
20261007,526299,6134,48.93
20261007,526315,117,100.0
20261007,526325,126,100.0
20261007,526331,100,100.0
20261007,526335,9126,57.76
20261007,526345,2307,95.65
20261007,526355,10,100.0
20261007,526365,100,100.0
20261007,526367,228,54.16
20261007,526371,328892,51.39
20261007,526381,3300,99.94
20261007,526397,263,100.0
20261007,526407,5151,97.58
20261007,526409,7841,76.52
20261007,526415,98950,71.29
20261007,526423,192,95.05
20261007,526431,5,100.0
20261007,526433,8541,49.44
20261007,526435,3017,92.23
20261007,526439,154,100.0
20261007,526441,12014,96.0
20261007,526443,1090828,54.89
20261007,526445,43445,100.0
20261007,526468,1773,100.0
20261007,526471,3662,78.13
20261007,526473,7916,78.77
20261007,526479,697,70.48
20261007,526488,1601,99.94
20261007,526490,99783,59.92
20261007,526492,6521,87.41
20261007,526494,10,100.0
20261007,526506,877,100.0
20261007,526508,1542,97.9
20261007,526519,116,100.0
20261007,526525,253,100.0
20261007,526530,2543,81.17
20261007,526532,83,98.81
20261007,526544,3798,82.12
20261007,526546,8681,100.0
20261007,526550,681,87.87
20261007,526554,30,100.0
20261007,526570,8060,73.31
20261007,526574,3,100.0
20261007,526582,327,100.0
20261007,526588,136,100.0
20261007,526596,1727,99.42
20261007,526604,2417,100.0
20261007,526608,440,75.09
20261007,526612,233,51.21
20261007,526614,3251,100.0
20261007,526616,711,99.44
20261007,526622,94185,80.73
20261007,526628,500,100.0
20261007,526638,2844,85.77
20261007,526640,357,63.86
20261007,526642,3727,74.94
20261007,526650,323570,44.32
20261007,526666,89,79.46
20261007,526668,5213,70.52
20261007,526675,30379,97.96
20261007,526677,32008,83.65
20261007,526703,2555,94.77
20261007,526705,27,93.1
20261007,526709,33550,59.34
20261007,526711,398,98.03
20261007,526717,7868,100.0
20261007,526721,259,99.23
20261007,526723,232,84.98
20261007,526725,195,98.48
20261007,526727,1167,97.49
20261007,526729,31253,78.74
20261007,526731,1120,98.77
20261007,526739,2500,75.41
20261007,526747,4536,90.05
20261007,526755,17381,100.0
20261007,526761,5314,82.08
20261007,526775,9944,60.79
20261007,526783,253,88.46
20261007,526797,1876,59.9
20261007,526807,1000,60.1
20261007,526813,2849,64.62
20261007,526817,1,100.0
20261007,526821,36,100.0
20261007,526827,26467,87.95
20261007,526829,121860,54.83
20261007,526839,72,96.0
20261007,526841,118642,78.97
20261007,526847,212,72.85
20261007,526849,4307,99.93
20261007,526853,52651,100.0
20261007,526859,78195,99.95
20261007,526861,6244,97.53
20261007,526869,2,100.0
20261007,526871,3255,96.59
20261007,526873,1302,95.52
20261007,526877,6,100.0
20261007,526881,3050,50.98
20261007,526885,2382,79.53
20261007,526887,839,100.0
20261007,526891,100,100.0
20261007,526899,7643,78.5
20261007,526901,6801,69.71
20261007,526905,519,100.0
20261007,526921,38,100.0
20261007,526931,431,49.26
20261007,526935,2064225,57.69
20261007,526945,5,71.43
20261007,526947,1554,49.44
20261007,526951,280,51.47
20261007,526953,4543,100.0
20261007,526959,400,100.0
20261007,526961,541451,99.6
20261007,526965,111,60.0
20261007,526967,75,100.0
20261007,526971,1701,100.0
20261007,526981,451,82.9
20261007,526987,91070,76.28
20261007,527001,18467,63.46
20261007,527005,2276,86.67
20261007,530001,1145,30.36
20261007,530005,6978,54.61
20261007,530007,74031,65.92
20261007,530017,4187,89.87
20261007,530019,1256,55.02
20261007,530023,553,88.06
20261007,530025,1236,99.84
20261007,530027,24,100.0
20261007,530037,1843,60.19
20261007,530043,1126,97.24
20261007,530045,1139,3.53
20261007,530053,6415,75.66
20261007,530057,14402,100.0
20261007,530063,1052,100.0
20261007,530065,26,100.0
20261007,530067,1478,90.9
20261007,530073,12509,80.75
20261007,530075,14271,47.97
20261007,530077,829,59.21
20261007,530079,2210,78.17
20261007,530109,131275,77.56
20261007,530111,108,95.58
20261007,530117,3715,57.68
20261007,530119,676,100.0
20261007,530125,1010,97.68
20261007,530127,65,100.0
20261007,530129,193,68.68
20261007,530133,250,100.0
20261007,530135,24475,28.19
20261007,530139,1958,100.0
20261007,530145,19104,100.0
20261007,530163,2283,95.84
20261007,530167,4725,100.0
20261007,530169,610,80.79
20261007,530171,165,100.0
20261007,530175,18712,91.82
20261007,530177,105,100.0
20261007,530179,2770,100.0
20261007,530185,17169,62.69
20261007,530187,6571,100.0
20261007,530197,70,100.0
20261007,530199,6405,93.0
20261007,530201,11812,100.0
20261007,530207,3,100.0
20261007,530213,304,100.0
20261007,530215,24656,66.0
20261007,530217,3036,95.89
20261007,530219,1,100.0
20261007,530231,65,100.0
20261007,530233,564,98.77
20261007,530235,1,100.0
20261007,530239,15193,47.76
20261007,530245,80,67.23
20261007,530249,156760,43.58
20261007,530251,64613,81.16
20261007,530253,145999,57.79
20261007,530255,9294,87.28
20261007,530259,2316,100.0
20261007,530263,174513,96.76
20261007,530265,883,100.0
20261007,530267,225,100.0
20261007,530271,1,100.0
20261007,530281,385,100.0
20261007,530289,13,100.0
20261007,530299,66,98.51
20261007,530305,5756,60.37
20261007,530307,9435,84.92
20261007,530309,3200,96.97
20261007,530313,1755,93.9
20261007,530315,2067,63.37
20261007,530317,5810,76.52
20261007,530331,254,83.55
20261007,530341,2,66.67
20261007,530343,22605,35.62
20261007,530355,4213,42.05
20261007,530357,25787,74.57
20261007,530361,6272,100.0
20261007,530363,10350,100.0
20261007,530365,1026,50.22
20261007,530367,14858,56.6
20261007,530369,1008,97.49
20261007,530377,19362,86.81
20261007,530393,5719,100.0
20261007,530401,310,98.73
20261007,530405,1078,98.81
20261007,530407,42443,87.73
20261007,530419,846,88.77
20261007,530421,1979,79.83
20261007,530427,1212,73.06
20261007,530429,1849,96.0
20261007,530433,33,91.67
20261007,530439,3182,93.34
20261007,530443,504,100.0
20261007,530445,4131,89.18
20261007,530449,792,61.73
20261007,530457,10140,69.25
20261007,530459,252,100.0
20261007,530461,39421,78.36
20261007,530475,1091,56.65
20261007,530477,11919,82.79
20261007,530495,1518,94.11
20261007,530499,45,84.91
20261007,530517,2800,64.75
20261007,530521,12535,90.32
20261007,530525,41424,100.0
20261007,530533,269,98.9
20261007,530545,287,99.65
20261007,530547,110,100.0
20261007,530549,257695,92.2
20261007,530555,28550,61.99
20261007,530557,6309526,100.0
20261007,530565,16,100.0
20261007,530571,300,100.0
20261007,530577,1004,100.0
20261007,530579,17984,100.0
20261007,530581,286,100.0
20261007,530585,7372,100.0
20261007,530589,2309,83.21
20261007,530595,7236,100.0
20261007,530601,4,80.0
20261007,530615,5652,100.0
20261007,530617,368745,77.66
20261007,530621,1747,100.0
20261007,530627,4412,92.94
20261007,530643,1159,43.07
20261007,530655,7972,55.5
20261007,530663,114635,90.09
20261007,530665,5742,73.46
20261007,530675,40,88.89
20261007,530677,1881,94.05
20261007,530689,14406,85.85
20261007,530695,2039,65.58
20261007,530697,979,100.0
20261007,530699,8485,100.0
20261007,530705,3241,100.0
20261007,530709,302,100.0
20261007,530711,55,100.0
20261007,530723,1477,46.53
20261007,530735,200,100.0
20261007,530741,6089,100.0
20261007,530745,2510,100.0
20261007,530747,56,100.0
20261007,530755,1201,96.23
20261007,530757,12,100.0
20261007,530759,1024,73.78
20261007,530779,190,100.0
20261007,530787,1500,100.0
20261007,530795,381,100.0
20261007,530797,31,100.0
20261007,530799,1331,94.94
20261007,530803,10495,55.12
20261007,530805,19032,64.89
20261007,530809,1116,55.47
20261007,530813,6297,35.52
20261007,530821,159,67.37
20261007,530825,3380,100.0
20261007,530829,47,69.12
20261007,530839,2823,100.0
20261007,530843,1482948,44.33
20261007,530845,301,79.0
20261007,530855,3937,100.0
20261007,530871,279,79.94
20261007,530879,14935,73.04
20261007,530881,261782,61.12
20261007,530883,24685,100.0
20261007,530889,154,100.0
20261007,530897,2,100.0
20261007,530899,202,100.0
20261007,530907,1017,100.0
20261007,530919,47346,50.43
20261007,530925,520,49.95
20261007,530943,35713,80.34
20261007,530951,587,77.34
20261007,530953,135,95.07
20261007,530959,11486,97.4
20261007,530961,160028,64.84
20261007,530965,190589,71.47
20261007,530973,400,100.0
20261007,530977,180,100.0
20261007,530979,140,86.42
20261007,530991,249,97.65
20261007,530997,3524,78.52
20261007,530999,15861,41.38
20261007,531015,3161,68.15
20261007,531017,2316,98.55
20261007,531025,209538,66.07
20261007,531033,15906,90.38
20261007,531035,16342,100.0
20261007,531039,1504,99.6
20261007,531041,122,78.71
20261007,531043,49,100.0
20261007,531049,918,100.0
20261007,531067,500,100.0
20261007,531069,26,81.25
20261007,531080,89,97.8
20261007,531082,10135,65.9
20261007,531083,8920,94.68
20261007,531091,21,100.0
20261007,531092,4423,77.49
20261007,531099,4388,100.0
20261007,531109,367,99.46
20261007,531112,8242,49.14
20261007,531119,1055,100.0
20261007,531120,77811,66.72
20261007,531126,142810,94.07
20261007,531127,58737,100.0
20261007,531129,9092,100.0
20261007,531137,39233,80.62
20261007,531144,62718,100.0
20261007,531146,6716,100.0
20261007,531147,3548,53.67
20261007,531153,2337595,77.02
20261007,531155,14,66.67
20261007,531156,1022,100.0
20261007,531157,7397,99.99
20261007,531158,2226,76.13
20261007,531161,226,100.0
20261007,531162,13037,33.25
20261007,531163,385,99.74
20261007,531168,1,100.0
20261007,531169,111,60.0
20261007,531173,29524,65.83
20261007,531176,1064,98.88
20261007,531178,4642,97.64
20261007,531179,1263,74.38
20261007,531191,663,100.0
20261007,531199,750,83.24
20261007,531201,676,79.62
20261007,531205,4652164,64.67
20261007,531209,1727,76.96
20261007,531210,682,100.0
20261007,531212,604,80.86
20261007,531213,28377,36.1
20261007,531215,3335,100.0
20261007,531216,20814,62.45
20261007,531221,151,100.0
20261007,531223,1706,84.37
20261007,531225,866,99.31
20261007,531227,1,50.0
20261007,531233,3248,61.6
20261007,531234,56,100.0
20261007,531237,1778,96.26
20261007,531241,820,78.77
20261007,531246,432,55.74
20261007,531253,541,85.2
20261007,531254,5302,90.09
20261007,531255,449,85.04
20261007,531257,18357,47.86
20261007,531259,2696,100.0
20261007,531262,511,100.0
20261007,531266,169,56.9
20261007,531268,8373,93.96
20261007,531272,73,100.0
20261007,531273,96498,61.0
20261007,531274,2,100.0
20261007,531278,294,100.0
20261007,531279,6271,100.0
20261007,531280,42457,100.0
20261007,531281,26549,100.0
20261007,531286,400,100.0
20261007,531287,114,99.13
20261007,531288,4,100.0
20261007,531289,19612,100.0
20261007,531297,3000,97.66
20261007,531301,106,100.0
20261007,531304,29,100.0
20261007,531306,522,95.26
20261007,531307,2853,72.84
20261007,531310,2210,93.05
20261007,531319,3327,73.14
20261007,531322,53458,51.38
20261007,531323,221,100.0
20261007,531324,501,100.0
20261007,531328,1588024,82.36
20261007,531335,4554,62.79
20261007,531338,9,100.0
20261007,531341,49,54.44
20261007,531344,13478,45.99
20261007,531346,461,100.0
20261007,531349,2093,56.43
20261007,531357,51661,89.43
20261007,531358,2106,69.0
20261007,531359,618,88.29
20261007,531364,2311,85.85
20261007,531370,10015,76.95
20261007,531373,1275,99.61
20261007,531380,132,100.0
20261007,531381,112,100.0
20261007,531387,1,100.0
20261007,531390,612,100.0
20261007,531395,482245,100.0
20261007,531398,199,68.38
20261007,531399,5546,54.84
20261007,531400,8667,100.0
20261007,531402,17853,92.05
20261007,531406,921,100.0
20261007,531411,2166324,100.0
20261007,531412,37,100.0
20261007,531416,7,33.33
20261007,531417,29881,83.1
20261007,531420,219,100.0
20261007,531426,3197,83.3
20261007,531431,28905,59.58
20261007,531433,920,100.0
20261007,531436,6369,67.19
20261007,531437,1186,66.15
20261007,531439,2069,100.0
20261007,531441,3226,98.47
20261007,531449,101052,19.35
20261007,531453,10,100.0
20261007,531454,456,90.12
20261007,531456,3207,94.69
20261007,531458,2101,100.0
20261007,531460,2913,100.0
20261007,531465,61856,100.0
20261007,531471,5131,100.0
20261007,531472,3446,77.47
20261007,531486,6643,100.0
20261007,531489,7740,60.51
20261007,531494,106786,90.51
20261007,531497,7460,86.33
20261007,531500,13808,100.0
20261007,531502,205572,94.32
20261007,531503,1000,87.95
20261007,531505,125,100.0
20261007,531506,6145,81.75
20261007,531508,2176,88.85
20261007,531509,108,100.0
20261007,531512,282481,79.36
20261007,531515,18032,100.0
20261007,531518,106155,100.0
20261007,531525,54611,100.0
20261007,531529,50793,100.0
20261007,531530,3083,100.0
20261007,531531,1464,55.52
20261007,531533,3837,83.18
20261007,531537,1910,100.0
20261007,531539,946,79.7
20261007,531540,1132,97.33
20261007,531541,3500,100.0
20261007,531543,109267,52.01
20261007,531548,1096,50.91
20261007,531550,51038,98.16
20261007,531552,647,79.98
20261007,531553,10018,100.0
20261007,531556,1225,56.17
20261007,531569,1301,75.82
20261007,531572,190,100.0
20261007,531574,1096,100.0
20261007,531583,506,100.0
20261007,531591,1865,91.96
20261007,531592,68464,94.68
20261007,531594,952,100.0
20261007,531595,44605,45.79
20261007,531599,2806,70.43
20261007,531609,58,98.3
20261007,531613,25187,100.0
20261007,531624,6009,100.0
20261007,531626,18349,90.66
20261007,531628,2236,100.0
20261007,531633,1351,73.46
20261007,531635,307,94.75
20261007,531637,4042,75.55
20261007,531638,10,90.91
20261007,531642,7799,46.17
20261007,531644,1871,78.55
20261007,531651,154,100.0
20261007,531652,177,73.75
20261007,531658,38616,74.39
20261007,531661,31737,100.0
20261007,531663,132658,99.15
20261007,531667,7257,100.0
20261007,531668,3838,100.0
20261007,531671,62731,48.07
20261007,531673,5843,65.49
20261007,531676,2027,100.0
20261007,531680,6021,100.0
20261007,531681,8301,100.0
20261007,531688,1967,92.22
20261007,531692,3971,100.0
20261007,531694,8423,84.83
20261007,531716,3636,100.0
20261007,531717,1057,99.53
20261007,531719,10275,64.23
20261007,531723,2926256,100.0
20261007,531726,1599,65.21
20261007,531727,2072,100.0
20261007,531735,500,100.0
20261007,531737,35563,71.75
20261007,531739,159542,84.64
20261007,531744,6025,99.14
20261007,531746,1799,80.53
20261007,531752,1414565,48.29
20261007,531758,1774,100.0
20261007,531761,3131,72.95
20261007,531762,1813,100.0
20261007,531768,1269,56.35
20261007,531769,13222,100.0
20261007,531771,2708,87.61
20261007,531778,311,100.0
20261007,531779,475,90.3
20261007,531780,46497,67.68
20261007,531784,91299,84.1
20261007,531795,1302,61.47
20261007,531797,451,99.56
20261007,531802,4227,68.73
20261007,531810,46,95.83
20261007,531812,10030,73.77
20261007,531813,49,100.0
20261007,531814,26779,88.73
20261007,531821,26,100.0
20261007,531822,101,100.0
20261007,531832,1342,100.0
20261007,531834,7265,100.0
20261007,531840,3625,96.69
20261007,531841,868,100.0
20261007,531842,905,99.67
20261007,531845,4094,99.1
20261007,531847,39,92.86
20261007,531859,7683,72.6
20261007,531861,913,89.95
20261007,531862,8709,76.85
20261007,531867,3066,100.0
20261007,531869,27380,74.12
20261007,531870,1,100.0
20261007,531878,73,98.65
20261007,531888,51424,54.72
20261007,531889,267074,63.59
20261007,531892,559,92.55
20261007,531893,499338,51.18
20261007,531900,241,100.0
20261007,531902,2,100.0
20261007,531909,306718,100.0
20261007,531910,5088,100.0
20261007,531911,2683,100.0
20261007,531913,4857,81.81
20261007,531918,33,71.74
20261007,531921,1450,83.14
20261007,531923,5296,81.28
20261007,531925,520,100.0
20261007,531929,775,100.0
20261007,531930,46,100.0
20261007,531931,433,86.77
20261007,531944,10,100.0
20261007,531950,3889,90.44
20261007,531952,2976,52.85
20261007,531959,23309,87.58
20261007,531962,3005,56.64
20261007,531968,110,100.0
20261007,531977,119910,100.0
20261007,531978,2362,95.86
20261007,531979,227,53.66
20261007,531982,14736,100.0
20261007,531991,20412,100.0
20261007,531994,2,100.0
20261007,531996,758,100.0
20261007,531997,124472,85.86
20261007,532001,67,100.0
20261007,532011,1483,99.8
20261007,532015,31161,75.65
20261007,532016,206,100.0
20261007,532019,8624,100.0
20261007,532022,1574231,98.13
20261007,532029,13314,66.14
20261007,532039,8287,75.06
20261007,532041,7495,100.0
20261007,532042,10,100.0
20261007,532051,866,75.11
20261007,532053,930,75.49
20261007,532054,3083,86.84
20261007,532056,1100,91.67
20261007,532057,822,100.0
20261007,532067,1579,65.82
20261007,532070,71357,49.26
20261007,532078,748,100.0
20261007,532090,40049,80.17
20261007,532092,69065,91.86
20261007,532100,587,79.65
20261007,532102,9592,81.7
20261007,532113,650,100.0
20261007,532123,81513,89.13
20261007,532124,36588,60.01
20261007,532131,1611,69.59
20261007,532134,173360,45.16
20261007,532140,9990,79.95
20261007,532141,1127,99.56
20261007,532143,13533,57.02
20261007,532144,21066,42.38
20261007,532145,1,100.0
20261007,532149,108158,42.66
20261007,532150,6438,58.51
20261007,532154,208881,57.77
20261007,532155,82983,63.54
20261007,532156,7459,65.17
20261007,532159,58797,87.52
20261007,532160,12073,27.97
20261007,532162,19762,78.31
20261007,532163,2850,51.57
20261007,532167,25,100.0
20261007,532172,65569,100.0
20261007,532173,5271,64.59
20261007,532174,145501,52.47
20261007,532175,5392,24.39
20261007,532178,81751,44.16
20261007,532180,488386,48.79
20261007,532181,39611,51.24
20261007,532183,63291,67.85
20261007,532187,64575,62.99
20261007,532189,3812,54.68
20261007,532209,53645,37.98
20261007,532210,60377,46.66
20261007,532212,1114,96.12
20261007,532215,158138,49.15
20261007,532216,237,78.48
20261007,532217,678,100.0
20261007,532218,448576,39.8
20261007,532219,2240,79.07
20261007,532221,13998,54.98
20261007,532234,173515,59.09
20261007,532240,1819,68.33
20261007,532256,24,100.0
20261007,532259,1531,37.74
20261007,532262,26,100.0
20261007,532268,3919,71.61
20261007,532271,26443,85.8
20261007,532275,48340,71.63
20261007,532281,29217,63.83
20261007,532284,309,69.13
20261007,532285,5898,48.63
20261007,532286,17978,46.9
20261007,532290,8107,64.88
20261007,532296,6615,70.56
20261007,532300,6727,34.3
20261007,532303,421,100.0
20261007,532304,435,99.77
20261007,532305,7325,53.64
20261007,532309,19852,69.6
20261007,532310,8604,89.54
20261007,532313,4673,47.84
20261007,532315,14103,100.0
20261007,532320,2011,65.1
20261007,532321,41658,73.0
20261007,532323,46998,79.26
20261007,532324,11609,47.96
20261007,532326,5931,93.65
20261007,532329,4906,100.0
20261007,532331,1722,76.81
20261007,532333,6,42.86
20261007,532334,77,47.24
20261007,532335,1857,62.27
20261007,532339,4521,97.2
20261007,532340,1,100.0
20261007,532341,2887,51.44
20261007,532343,7510,52.26
20261007,532344,335,100.0
20261007,532348,141472,46.08
20261007,532349,2411,68.53
20261007,532350,23743,100.0
20261007,532351,334138,100.0
20261007,532354,18470,100.0
20261007,532355,652,99.85
20261007,532356,16681,32.15
20261007,532357,2,100.0
20261007,532359,56274,65.98
20261007,532362,1121,90.48
20261007,532365,2049,48.54
20261007,532366,5837,50.57
20261007,532368,327561,70.13
20261007,532369,1710,66.51
20261007,532370,1971,69.62
20261007,532371,61809,51.92
20261007,532372,8729,79.39
20261007,532373,5117,84.13
20261007,532374,157304,100.0
20261007,532375,29082,81.49
20261007,532376,1033,99.9
20261007,532378,254,100.0
20261007,532379,27779,100.0
20261007,532380,222097,87.79
20261007,532382,5838,79.98
20261007,532384,1501,91.97
20261007,532386,34300,100.0
20261007,532387,1315,35.25
20261007,532388,79848,52.98
20261007,532390,6877,65.09
20261007,532392,353,100.0
20261007,532395,4103,47.26
20261007,532397,501,100.0
20261007,532398,15913,96.14
20261007,532400,27000,47.35
20261007,532402,5414,58.35
20261007,532404,3382,78.38
20261007,532406,33508,43.02
20261007,532407,50384,66.5
20261007,532408,28764,100.0
20261007,532410,6848,99.13
20261007,532419,16,100.0
20261007,532424,10814,34.86
20261007,532425,1017786,100.0
20261007,532430,976,47.24
20261007,532432,1340228,95.17
20261007,532435,653,86.26
20261007,532439,15263,64.13
20261007,532440,502,56.79
20261007,532443,144,53.73
20261007,532444,7548,91.57
20261007,532454,3864227,95.33
20261007,532455,4598,98.31
20261007,532456,13116,100.0
20261007,532457,3183,69.45
20261007,532460,1117,79.79
20261007,532461,562751,59.7
20261007,532466,2683,43.53
20261007,532467,66548,86.85
20261007,532468,310,98.73
20261007,532475,10009,80.72
20261007,532477,183432,43.21
20261007,532478,3216,61.69
20261007,532481,36262,94.29
20261007,532482,25260,46.0
20261007,532483,258013,42.91
20261007,532485,8038,87.93
20261007,532486,606,27.07
20261007,532488,182744,91.59
20261007,532493,7451,54.05
20261007,532497,25263,75.25
20261007,532500,9407,58.53
20261007,532503,169,54.69
20261007,532504,45993,95.95
20261007,532505,206114,53.34
20261007,532507,9349,82.36
20261007,532508,7854,44.98
20261007,532509,1805,67.13
20261007,532513,1783,84.3
20261007,532514,66018,52.82
20261007,532515,1082,88.11
20261007,532521,964,100.0
20261007,532522,47237,61.45
20261007,532523,25371,39.54
20261007,532524,101582,58.95
20261007,532525,346656,39.74
20261007,532527,14428,53.93
20261007,532528,1408,59.69
20261007,532529,5496,85.92
20261007,532531,1924,46.04
20261007,532538,28781,76.69
20261007,532539,202825,95.25
20261007,532540,25035,37.05
20261007,532541,11194,47.24
20261007,532543,4077,100.0
20261007,532548,1107,68.89
20261007,532553,6668,42.38
20261007,532555,471199,86.63
20261007,532604,24038,49.85
20261007,532605,7366,59.63
20261007,532610,45108,39.79
20261007,532612,4845,77.68
20261007,532613,1211,73.66
20261007,532616,753,47.63
20261007,532624,9,100.0
20261007,532626,8362,55.38
20261007,532627,1574365,43.71
20261007,532628,17478,100.0
20261007,532629,127,100.0
20261007,532630,3067,62.05
20261007,532633,387,75.15
20261007,532636,17857,56.27
20261007,532637,12058,87.84
20261007,532638,444,61.07
20261007,532640,4784,100.0
20261007,532641,93149,76.43
20261007,532642,137,56.61
20261007,532644,652,44.87
20261007,532645,43289,84.09
20261007,532648,2262971,49.88
20261007,532649,27005,92.23
20261007,532650,64880,89.93
20261007,532651,1,33.33
20261007,532652,49964,64.25
20261007,532654,4196,68.0
20261007,532656,75334,83.39
20261007,532660,29,100.0
20261007,532661,2804,66.37
20261007,532662,3282,91.19
20261007,532663,662,84.12
20261007,532666,362745,86.0
20261007,532667,1924254,52.34
20261007,532668,2192,61.09
20261007,532670,360547,40.42
20261007,532673,15672,100.0
20261007,532674,4498,82.47
20261007,532676,7990,100.0
20261007,532683,586,45.46
20261007,532684,3170,58.76
20261007,532686,6112,60.98
20261007,532687,1057,91.36
20261007,532689,106632,40.03
20261007,532694,13600,98.77
20261007,532695,15240,85.24
20261007,532698,1567,64.41
20261007,532699,16,88.89
20261007,532700,25,100.0
20261007,532701,35964,100.0
20261007,532705,4055,74.75
20261007,532707,109,99.09
20261007,532708,102305,100.0
20261007,532710,17778,91.24
20261007,532712,301452,100.0
20261007,532713,171057,77.04
20261007,532714,114703,57.92
20261007,532716,2939,99.93
20261007,532717,661,69.43
20261007,532719,7474,67.21
20261007,532720,110712,71.24
20261007,532722,5828,54.77
20261007,532723,202,100.0
20261007,532725,3849,37.82
20261007,532726,22400,77.43
20261007,532728,1873,90.0
20261007,532729,9516,59.41
20261007,532732,863,84.94
20261007,532733,28656,46.49
20261007,532734,34978,49.86
20261007,532735,39038,44.04
20261007,532737,2912,70.73
20261007,532738,15466,100.0
20261007,532740,7976,53.98
20261007,532741,75899,63.69
20261007,532742,3777,72.26
20261007,532744,18,100.0
20261007,532748,102932,22.2
20261007,532749,154780,61.13
20261007,532754,166824,64.58
20261007,532755,34686,66.61
20261007,532756,6679,62.23
20261007,532757,145,55.13
20261007,532759,620,98.26
20261007,532761,373,99.47
20261007,532762,5744,40.02
20261007,532764,8,100.0
20261007,532767,32623,63.78
20261007,532768,1299,59.89
20261007,532771,37760,100.0
20261007,532772,69691,65.72
20261007,532773,1920,97.86
20261007,532774,102,88.7
20261007,532775,1870352,43.59
20261007,532776,522,83.79
20261007,532777,74999,86.53
20261007,532779,38937,93.49
20261007,532780,53273,100.0
20261007,532782,2413,95.98
20261007,532783,21938,54.38
20261007,532784,904,52.71
20261007,532785,294,98.99
20261007,532790,4852,39.05
20261007,532794,53947,74.97
20261007,532795,1109,100.0
20261007,532796,12804,57.35
20261007,532797,6410,80.03
20261007,532798,78313,56.65
20261007,532799,11974,61.4
20261007,532801,2052,100.0
20261007,532804,632,47.95
20261007,532805,36570,38.25
20261007,532806,796,99.62
20261007,532807,4574,95.23
20261007,532808,4259,50.56
20261007,532809,9926,35.95
20261007,532810,279726,53.72
20261007,532811,1051,47.05
20261007,532812,1700,88.31
20261007,532814,11043,31.99
20261007,532815,4929,46.05
20261007,532817,4135,99.98
20261007,532820,366,97.08
20261007,532822,4553767,29.87
20261007,532825,24035,100.0
20261007,532826,146,100.0
20261007,532827,81,31.27
20261007,532828,895,100.0
20261007,532829,1109,11.04
20261007,532830,20842,53.54
20261007,532832,53332,73.58
20261007,532834,43017,79.59
20261007,532835,286,69.93
20261007,532839,107432,81.4
20261007,532841,447,77.47
20261007,532842,873,81.67
20261007,532843,118330,85.89
20261007,532845,276,96.84
20261007,532847,5050,79.94
20261007,532848,330136,35.78
20261007,532850,30096,100.0
20261007,532851,544,88.03
20261007,532853,670,100.0
20261007,532855,57,87.69
20261007,532856,38752,50.4
20261007,532859,427,70.81
20261007,532864,170861,49.81
20261007,532866,1610,100.0
20261007,532867,185751,50.11
20261007,532868,3519234,98.41
20261007,532869,1284,99.53
20261007,532870,25547,100.0
20261007,532872,26431,35.32
20261007,532873,48814,100.0
20261007,532875,15175,68.26
20261007,532878,3598,82.24
20261007,532880,15268,85.91
20261007,532884,34866,77.42
20261007,532885,233737,53.37
20261007,532887,8255,100.0
20261007,532888,22123,61.4
20261007,532889,1308,41.41
20261007,532890,63047,88.81
20261007,532891,2438,64.62
20261007,532892,36589,56.78
20261007,532893,18674,68.18
20261007,532894,6118,86.97
20261007,532895,736,99.59
20261007,532896,1858,99.2
20261007,532898,416840,84.93
20261007,532899,3353,68.32
20261007,532900,204936,35.05
20261007,532902,41217,87.73
20261007,532904,17629,83.79
20261007,532906,2204,89.09
20261007,532907,853,100.0
20261007,532911,106932,72.89
20261007,532915,30443,76.72
20261007,532916,922,91.92
20261007,532918,4685,98.99
20261007,532921,21761,49.75
20261007,532922,66513,40.32
20261007,532923,8643,54.16
20261007,532924,7218,95.0
20261007,532925,1,100.0
20261007,532926,41042,50.76
20261007,532927,2471,53.59
20261007,532928,87048,33.66
20261007,532929,6849,54.17
20261007,532930,4968,100.0
20261007,532931,26521,100.0
20261007,532932,1139,99.91
20261007,532933,5892,76.07
20261007,532934,1208,100.0
20261007,532935,431,100.0
20261007,532937,8656,90.99
20261007,532939,833345,44.45
20261007,532940,797,61.45
20261007,532941,3411,100.0
20261007,532942,20522,58.7
20261007,532944,3642,100.0
20261007,532945,250891,54.9
20261007,532947,524073,54.26
20261007,532951,4548,58.57
20261007,532952,52,80.0
20261007,532953,6307,59.91
20261007,532955,187675,38.99
20261007,532957,356,94.18
20261007,532966,10998,43.93
20261007,532967,4988,26.85
20261007,532974,2958,89.28
20261007,532975,10887,100.0
20261007,532976,133918,91.87
20261007,532977,15519,61.48
20261007,532978,61149,68.53
20261007,532980,13668,94.74
20261007,532983,841,74.62
20261007,532985,8267,94.52
20261007,532986,1223,96.15
20261007,532989,5006,100.0
20261007,532992,200,65.57
20261007,532993,263,82.45
20261007,532994,11,100.0
20261007,532998,544,88.74
20261007,533001,317,94.35
20261007,533006,83159,100.0
20261007,533007,75264,100.0
20261007,533012,6199,98.24
20261007,533014,226,99.56
20261007,533022,4307,70.63
20261007,533023,35102,91.36
20261007,533029,1121,100.0
20261007,533033,745,65.93
20261007,533047,913,44.41
20261007,533048,331041,100.0
20261007,533056,12614,77.65
20261007,533080,6228,59.15
20261007,533088,1750,66.26
20261007,533090,284942,100.0
20261007,533093,332,100.0
20261007,533095,53,75.71
20261007,533096,641810,58.0
20261007,533098,160227,53.79
20261007,533100,9700,78.4
20261007,533101,441,97.57
20261007,533104,2609,58.31
20261007,533106,6424,49.01
20261007,533107,2588,100.0
20261007,533108,11,100.0
20261007,533110,871,100.0
20261007,533121,679,70.95
20261007,533122,498414,60.53
20261007,533137,5105,72.63
20261007,533138,5399,30.25
20261007,533146,1555,60.51
20261007,533148,39129,55.59
20261007,533149,4436,79.9
20261007,533150,4675,53.4
20261007,533151,7638,78.14
20261007,533152,8205,75.35
20261007,533155,35184,30.27
20261007,533156,7931,66.11
20261007,533158,4113,58.92
20261007,533160,45174,68.93
20261007,533161,311,93.39
20261007,533162,97795,50.48
20261007,533164,6278,70.84
20261007,533166,43748,95.35
20261007,533167,49799,83.73
20261007,533168,3195,77.87
20261007,533169,27671,81.96
20261007,533170,70,100.0
20261007,533172,600,61.66
20261007,533177,12679,100.0
20261007,533179,17330,79.96
20261007,533181,4787,100.0
20261007,533192,35748,100.0
20261007,533193,6520,60.52
20261007,533202,136977,87.79
20261007,533203,610,100.0
20261007,533206,217726,64.0
20261007,533208,233,100.0
20261007,533210,2380,77.8
20261007,533217,4967,100.0
20261007,533218,646,99.38
20261007,533229,6403,54.51
20261007,533230,32678,53.85
20261007,533239,18106,78.8
20261007,533244,87089,61.14
20261007,533248,79742,64.78
20261007,533252,19,100.0
20261007,533257,10152,73.36
20261007,533260,7121,65.55
20261007,533262,1605,70.36
20261007,533263,120636,78.75
20261007,533267,806,67.45
20261007,533268,21,100.0
20261007,533269,5160,38.46
20261007,533270,78,98.73
20261007,533271,13599,70.73
20261007,533272,43789,59.49
20261007,533273,2897,78.68
20261007,533274,2450,42.51
20261007,533275,124019,85.29
20261007,533278,113458,49.18
20261007,533282,6716,37.03
20261007,533284,5671,65.76
20261007,533285,174187,74.41
20261007,533286,7440,64.03
20261007,533287,16514,83.63
20261007,533289,102,100.0
20261007,533292,13463,71.92
20261007,533293,10258,45.15
20261007,533294,1597,96.38
20261007,533295,38221,64.75
20261007,533296,1375,99.71
20261007,533298,7342,74.92
20261007,533301,646,100.0
20261007,533302,147,74.24
20261007,533303,479,77.13
20261007,533306,20,76.92
20261007,533315,69174,70.48
20261007,533316,282,92.76
20261007,533326,116220,52.62
20261007,533329,33,100.0
20261007,533333,698168,43.76
20261007,533336,186,96.37
20261007,533339,5675,65.81
20261007,533343,351,100.0
20261007,533344,27367,61.09
20261007,533385,50219,63.72
20261007,533398,11377,50.72
20261007,533407,14693,100.0
20261007,533408,15497,84.85
20261007,533427,19081,70.1
20261007,533451,1321,85.95
20261007,533452,36941,100.0
20261007,533470,21609,83.41
20261007,533477,211,92.95
20261007,533482,45,100.0
20261007,533506,119419,70.51
20261007,533519,117774,39.21
20261007,533520,719828,54.62
20261007,533540,608,99.18
20261007,533543,11394,70.29
20261007,533552,3727,80.51
20261007,533553,131099,56.81
20261007,533570,8483,63.97
20261007,533573,1012,44.29
20261007,533576,3223,91.3
20261007,533581,187467,88.89
20261007,533602,41790,87.03
20261007,533608,1055,44.84
20261007,533629,759,100.0
20261007,533632,97469,100.0
20261007,533638,15034,100.0
20261007,533644,1168,80.11
20261007,533655,14792,51.0
20261007,533676,59608,85.92
20261007,533704,16346,82.44
20261007,533719,11395,90.04
20261007,533758,1949,35.34
20261007,533761,66230,53.97
20261007,533896,2513,82.31
20261007,533941,566,44.6
20261007,533982,3037,73.11
20261007,534060,501065,70.28
20261007,534063,22,100.0
20261007,534064,137587,100.0
20261007,534076,6826,45.11
20261007,534091,72315,53.94
20261007,534139,5106,51.97
20261007,534190,1379,99.86
20261007,534309,213106,45.16
20261007,534312,141,100.0
20261007,534328,30,100.0
20261007,534338,2245,81.67
20261007,534369,14612,100.0
20261007,534392,734,46.9
20261007,534422,2303,93.73
20261007,534425,504,100.0
20261007,534532,1907,94.97
20261007,534535,534776,100.0
20261007,534597,48598,71.69
20261007,534598,1432,99.93
20261007,534600,3179600,81.68
20261007,534612,3141,74.82
20261007,534615,7057,74.75
20261007,534618,5058,67.31
20261007,534623,8162,82.24
20261007,534674,1033507,82.11
20261007,534675,7877,26.26
20261007,534680,6425,78.22
20261007,534691,3741,72.77
20261007,534708,6000,100.0
20261007,534732,8011,67.8
20261007,534733,244877,100.0
20261007,534741,110900,100.0
20261007,534742,2365,73.49
20261007,534748,504906,66.74
20261007,534755,96407,100.0
20261007,534796,992,98.32
20261007,534804,4227,92.94
20261007,534809,5455945,49.29
20261007,534816,37810,48.23
20261007,534976,2802,73.7
20261007,535136,26901,72.34
20261007,535204,4313,100.0
20261007,535205,13403,64.85
20261007,535267,3469,91.8
20261007,535276,1976,86.86
20261007,535322,2068,47.17
20261007,535387,3,100.0
20261007,535431,36666,69.49
20261007,535458,1048,99.05
20261007,535601,489,100.0
20261007,535602,1126,53.11
20261007,535621,7,58.33
20261007,535648,2794,69.61
20261007,535657,1972,65.91
20261007,535667,7108,98.6
20261007,535693,1209,77.4
20261007,535719,9924,64.53
20261007,535730,857651,59.43
20261007,535754,4377,82.77
20261007,535755,132972,52.15
20261007,535789,106107,41.62
20261007,535910,17658,100.0
20261007,535916,2949,69.0
20261007,535958,214618,84.59
20261007,536073,158957,94.55
20261007,536264,5472,84.73
20261007,536493,133,97.79
20261007,536507,32379,100.0
20261007,536565,1832,61.05
20261007,536659,605964,59.35
20261007,536672,6737,94.04
20261007,536709,10541,100.0
20261007,536737,1200,100.0
20261007,536773,683,71.89
20261007,536846,296,100.0
20261007,536960,82021,90.33
20261007,536974,3415,70.87
20261007,537007,14799,70.36
20261007,537008,11362,47.62
20261007,537069,446,100.0
20261007,537254,241,100.0
20261007,537259,1130,97.0
20261007,537291,2705,96.75
20261007,537292,98,100.0
20261007,537326,33801,79.68
20261007,537392,4495,100.0
20261007,537483,403,56.6
20261007,537536,424,88.7
20261007,537669,500,33.33
20261007,537707,317554,75.99
20261007,537708,4778,58.86
20261007,537709,29547,100.0
20261007,537750,1188,71.44
20261007,537766,28702,78.2
20261007,537785,10658,99.96
20261007,537800,1335604,100.0
20261007,537820,8293,100.0
20261007,537839,1698,73.86
20261007,537985,115,100.0
20261007,538057,22059,43.77
20261007,538081,4053,88.2
20261007,538119,45225,100.0
20261007,538212,85181,100.0
20261007,538268,5606,72.23
20261007,538273,300,100.0
20261007,538351,14448,100.0
20261007,538365,371,96.36
20261007,538395,82,100.0
20261007,538401,9516,100.0
20261007,538422,150801,71.02
20261007,538446,418,100.0
20261007,538451,1135791,71.73
20261007,538464,3006,100.0
20261007,538476,7444,100.0
20261007,538496,6000,50.0
20261007,538520,27401,84.57
20261007,538521,30,100.0
20261007,538539,15871,58.61
20261007,538540,40942,81.43
20261007,538542,2899,99.97
20261007,538546,7010,64.72
20261007,538556,416,96.3
20261007,538562,16905,51.08
20261007,538563,261,100.0
20261007,538564,60,93.75
20261007,538565,4521,76.46
20261007,538567,714,38.76
20261007,538568,4,100.0
20261007,538569,8066,100.0
20261007,538596,66,100.0
20261007,538597,2576,100.0
20261007,538598,16537,76.63
20261007,538607,136756,54.88
20261007,538609,160,100.0
20261007,538610,428400,100.0
20261007,538611,31,100.0
20261007,538634,2160,92.54
20261007,538635,6324,61.79
20261007,538646,524,98.5
20261007,538647,323,57.89
20261007,538666,2276,59.77
20261007,538668,5848,29.72
20261007,538674,2666,100.0
20261007,538683,3225,60.3
20261007,538685,21,95.45
20261007,538706,62233,77.83
20261007,538707,253,96.2
20261007,538708,17835,71.2
20261007,538713,988,58.98
20261007,538714,2205,91.68
20261007,538715,1562,100.0
20261007,538730,636,51.08
20261007,538732,9010,87.56
20261007,538734,5788,60.31
20261007,538742,3001,100.0
20261007,538743,110,100.0
20261007,538770,9356,87.06
20261007,538772,24133,74.71
20261007,538777,1198,100.0
20261007,538778,5803,65.72
20261007,538786,279,84.8
20261007,538787,6883,100.0
20261007,538788,430,100.0
20261007,538795,190,98.45
20261007,538812,57023,100.0
20261007,538817,16638,88.49
20261007,538833,4275,100.0
20261007,538834,13506,48.07
20261007,538835,9692,57.76
20261007,538836,1350,86.93
20261007,538837,76806,90.32
20261007,538838,2008,100.0
20261007,538857,3462,78.17
20261007,538860,10554,100.0
20261007,538862,3298,44.24
20261007,538868,63795,100.0
20261007,538874,3013,100.0
20261007,538881,227,100.0
20261007,538882,13241,60.14
20261007,538890,12351,95.79
20261007,538891,17186,41.8
20261007,538895,26991,100.0
20261007,538896,49,64.47
20261007,538897,605,100.0
20261007,538902,25,100.0
20261007,538918,7808,25.08
20261007,538920,41092,63.38
20261007,538922,908,93.8
20261007,538923,242310,82.52
20261007,538926,14352,66.19
20261007,538928,16491,84.6
20261007,538935,14,100.0
20261007,538942,51,50.0
20261007,538943,14,87.5
20261007,538952,7277,100.0
20261007,538961,1960,79.77
20261007,538962,13126,75.48
20261007,538964,21,100.0
20261007,538965,1372,85.54
20261007,538970,155439,100.0
20261007,538975,215204,100.0
20261007,538979,2065,68.11
20261007,538987,408,81.6
20261007,538992,63,100.0
20261007,539006,2217,39.25
20261007,539011,1355,90.76
20261007,539012,17,73.91
20261007,539013,432,70.47
20261007,539014,1297,100.0
20261007,539016,203,100.0
20261007,539017,63587,58.07
20261007,539018,337,100.0
20261007,539031,139,69.85
20261007,539032,1100,99.82
20261007,539040,29619,80.75
20261007,539042,2289,57.56
20261007,539044,5921,100.0
20261007,539045,4883,98.25
20261007,539046,13123,67.54
20261007,539056,11194,59.88
20261007,539083,278066,47.05
20261007,539090,913,97.23
20261007,539091,2391575,79.2
20261007,539097,35222,100.0
20261007,539098,2000,100.0
20261007,539110,982,100.0
20261007,539111,200,100.0
20261007,539113,1,100.0
20261007,539115,1254,100.0
20261007,539117,7617,20.97
20261007,539118,7275,73.63
20261007,539120,94,100.0
20261007,539121,24046,48.34
20261007,539122,13678,99.58
20261007,539123,3777,100.0
20261007,539124,248,96.88
20261007,539126,30996,100.0
20261007,539132,166505,69.46
20261007,539141,1222,75.71
20261007,539143,16976,83.69
20261007,539148,5545,65.24
20261007,539149,1714,100.0
20261007,539150,16006,60.14
20261007,539151,282888,47.03
20261007,539167,1,100.0
20261007,539176,67,60.36
20261007,539177,1541,49.15
20261007,539189,1229,88.86
20261007,539190,3000,100.0
20261007,539195,5085,22.56
20261007,539196,2963,64.81
20261007,539199,14498,58.84
20261007,539200,5950,100.0
20261007,539201,1663,81.2
20261007,539206,2079,100.0
20261007,539216,618788,86.16
20261007,539217,646981,53.08
20261007,539219,114648,92.2
20261007,539220,670,100.0
20261007,539221,7571,70.72
20261007,539222,16919352,75.79
20261007,539226,415469,96.99
20261007,539227,2070,76.89
20261007,539228,21717,100.0
20261007,539251,769,88.49
20261007,539252,2416,80.37
20261007,539254,32938,45.14
20261007,539255,2271,66.87
20261007,539267,742,84.22
20261007,539268,3211,38.86
20261007,539273,1000,50.0
20261007,539275,852,93.42
20261007,539276,112,100.0
20261007,539278,6766,87.18
20261007,539287,10275,99.94
20261007,539289,4494,55.74
20261007,539290,3987,86.9
20261007,539300,1147,90.89
20261007,539301,7186,75.51
20261007,539302,583,56.82
20261007,539309,151926,100.0
20261007,539310,87431,100.0
20261007,539312,1172,99.74
20261007,539313,722,99.86
20261007,539314,8020,99.01
20261007,539331,2773,61.39
20261007,539332,8872,73.35
20261007,539334,1368,67.66
20261007,539336,68480,73.01
20261007,539337,9800,90.32
20261007,539346,8872,85.55
20261007,539353,2090,99.9
20261007,539359,14430,70.34
20261007,539383,279,100.0
20261007,539391,802,100.0
20261007,539398,1689,93.63
20261007,539399,1503,81.86
20261007,539400,76,96.2
20261007,539402,11912,100.0
20261007,539404,29963,49.44
20261007,539405,191,100.0
20261007,539407,2461,55.2
20261007,539408,15035,100.0
20261007,539428,224,73.68
20261007,539435,1308,99.92
20261007,539436,62792,43.13
20261007,539437,286138,58.53
20261007,539448,8270,38.79
20261007,539449,31296,72.08
20261007,539450,4255,65.65
20261007,539455,41715,99.6
20261007,539468,1,100.0
20261007,539469,110859,60.76
20261007,539470,246371,43.64
20261007,539479,217754,53.85
20261007,539480,8,100.0
20261007,539486,301,100.0
20261007,539487,105,46.88
20261007,539492,11533,97.23
20261007,539494,2353,49.95
20261007,539495,55,91.67
20261007,539506,64829,92.14
20261007,539515,2744,100.0
20261007,539516,1094,82.82
20261007,539517,4195,83.32
20261007,539518,1364,92.92
20261007,539519,1393456,100.0
20261007,539522,383,100.0
20261007,539523,55808,92.06
20261007,539524,1499,47.56
20261007,539526,704108,78.12
20261007,539527,244,99.59
20261007,539528,28805,81.69
20261007,539533,682320,57.4
20261007,539542,1285,74.06
20261007,539545,2,100.0
20261007,539546,845,11.89
20261007,539551,6210,59.27
20261007,539552,9170,79.09
20261007,539559,496995,72.61
20261007,539561,1807886,100.0
20261007,539562,141,100.0
20261007,539593,11223,100.0
20261007,539594,465461,73.37
20261007,539596,1950,99.9
20261007,539598,62504,76.31
20261007,539607,1188858,34.33
20261007,539620,889,99.22
20261007,539621,29796,100.0
20261007,539636,10028,34.13
20261007,539658,1154,70.49
20261007,539659,1752,90.5
20261007,539660,21923,59.68
20261007,539661,20723,50.16
20261007,539662,1637,76.6
20261007,539669,121890,100.0
20261007,539673,552,100.0
20261007,539678,4981,49.57
20261007,539679,569093,100.0
20261007,539682,2932,15.34
20261007,539686,5478,52.3
20261007,539692,46955,98.13
20261007,539697,5693,100.0
20261007,539724,39081,100.0
20261007,539725,23927,44.11
20261007,539730,16181,48.57
20261007,539742,3142,100.0
20261007,539760,839,77.76
20261007,539761,83309,82.31
20261007,539762,61650,91.22
20261007,539767,110351,100.0
20261007,539770,5775,100.0
20261007,539773,290902,83.42
20261007,539784,6,100.0
20261007,539785,10815,65.5
20261007,539787,3007,69.38
20261007,539798,4614,67.28
20261007,539799,32702,61.71
20261007,539800,10438,92.86
20261007,539807,437153,48.81
20261007,539814,2905,98.91
20261007,539834,121,100.0
20261007,539835,11804,96.83
20261007,539837,9312,40.37
20261007,539841,44643,87.81
20261007,539843,199,65.68
20261007,539854,4222,99.98
20261007,539871,11089,68.3
20261007,539872,2232,62.89
20261007,539875,46,100.0
20261007,539876,38317,52.42
20261007,539883,45,63.38
20261007,539884,10094,85.58
20261007,539889,71480,44.02
20261007,539894,12809,82.85
20261007,539895,48857,100.0
20261007,539900,157,70.4
20261007,539911,9,100.0
20261007,539921,7131,76.65
20261007,539922,5090,100.0
20261007,539938,1616,97.47
20261007,539939,4856,69.53
20261007,539945,24984,80.26
20261007,539946,530,100.0
20261007,539947,2115,100.0
20261007,539956,5463,42.02
20261007,539957,3009,63.0
20261007,539963,20662,60.78
20261007,539978,6428,69.53
20261007,539979,2119,100.0
20261007,539980,3139,90.1
20261007,539984,403,100.0
20261007,539985,9000,75.0
20261007,539986,4869,63.97
20261007,539991,611,100.0
20261007,539992,276339,39.18
20261007,539997,2876,64.53
20261007,540005,3971,50.11
20261007,540006,15060,74.55
20261007,540008,106,100.0
20261007,540023,2033,99.75
20261007,540025,4824,61.72
20261007,540026,273,95.45
20261007,540047,4369,57.82
20261007,540048,1097,84.51
20261007,540061,5702,82.26
20261007,540065,85394,55.58
20261007,540066,500,100.0
20261007,540072,20000,100.0
20261007,540073,19421,52.3
20261007,540078,69349,80.43
20261007,540079,44925,63.95
20261007,540080,4937,62.12
20261007,540082,450,100.0
20261007,540083,4334,100.0
20261007,540097,7205,66.28
20261007,540115,2935,57.7
20261007,540124,23031,63.75
20261007,540125,23797,100.0
20261007,540132,1584,100.0
20261007,540133,6016,54.83
20261007,540135,606414,58.39
20261007,540136,3111,72.79
20261007,540143,1071,100.0
20261007,540144,5000,100.0
20261007,540145,6179,66.3
20261007,540147,528,68.13
20261007,540153,1494,56.98
20261007,540159,23142,100.0
20261007,540168,36175,89.72
20261007,540173,13617,38.53
20261007,540174,14,93.33
20261007,540175,254404,67.94
20261007,540180,132818,62.0
20261007,540181,5499,83.95
20261007,540190,469108,56.8
20261007,540192,3306,92.6
20261007,540198,2234,72.25
20261007,540199,16,100.0
20261007,540203,22596,94.76
20261007,540204,3277,86.12
20261007,540205,5613,60.61
20261007,540210,888,99.89
20261007,540212,1114,65.68
20261007,540222,26899,45.08
20261007,540243,192889,100.0
20261007,540252,82827,80.95
20261007,540254,25873,100.0
20261007,540259,1085438,70.24
20261007,540266,15043,79.8
20261007,540267,4149,99.98
20261007,540268,1777,82.73
20261007,540293,13344,51.0
20261007,540310,7540,100.0
20261007,540311,491,70.04
20261007,540332,4000,100.0
20261007,540358,79951,96.23
20261007,540360,1818443,100.0
20261007,540361,595624,98.38
20261007,540366,4416,99.98
20261007,540376,7846,46.25
20261007,540377,578472,65.68
20261007,540386,20796,100.0
20261007,540393,4991,80.33
20261007,540395,5769,75.06
20261007,540396,4085,30.98
20261007,540401,12108,53.38
20261007,540403,738,97.62
20261007,540404,3931,83.89
20261007,540405,2054,93.28
20261007,540425,1395,54.51
20261007,540455,302,59.8
20261007,540467,29,100.0
20261007,540481,242,98.37
20261007,540492,120941,36.05
20261007,540497,132,100.0
20261007,540519,7830,95.98
20261007,540526,30888,61.86
20261007,540530,116117,47.31
20261007,540544,1112,64.99
20261007,540545,25562,100.0
20261007,540565,47408,81.14
20261007,540570,19522,81.9
20261007,540575,4049,66.51
20261007,540590,305,99.35
20261007,540595,34045,52.13
20261007,540596,36149,87.33
20261007,540597,1070,97.01
20261007,540602,5271,78.5
20261007,540611,18843,33.03
20261007,540612,8358,66.56
20261007,540613,3000,100.0
20261007,540615,18609,100.0
20261007,540642,289591,70.1
20261007,540647,60,81.08
20261007,540649,14780,51.91
20261007,540650,668,63.68
20261007,540654,21074,100.0
20261007,540669,1831,79.89
20261007,540673,5227,76.47
20261007,540678,29929,51.57
20261007,540679,118,97.52
20261007,540680,6363,53.73
20261007,540686,5556,87.68
20261007,540691,15769,42.34
20261007,540692,2694,37.73
20261007,540693,275459,62.11
20261007,540694,1165,100.0
20261007,540696,448,100.0
20261007,540699,4112,34.57
20261007,540700,3437,62.11
20261007,540701,1758,60.5
20261007,540703,5061,100.0
20261007,540704,692,98.3
20261007,540709,67193,100.0
20261007,540710,6834,56.15
20261007,540716,741673,97.67
20261007,540717,67463,83.54
20261007,540718,81875,80.86
20261007,540719,4178,51.01
20261007,540724,12,80.0
20261007,540725,34582,48.06
20261007,540726,2966,77.7
20261007,540727,3557,72.76
20261007,540728,1,50.0
20261007,540730,456474,81.93
20261007,540735,1,100.0
20261007,540737,609,66.48
20261007,540738,13651,52.68
20261007,540743,3695,52.24
20261007,540749,296632,90.64
20261007,540750,171109,42.53
20261007,540755,7520,28.07
20261007,540757,916,100.0
20261007,540762,8697,37.77
20261007,540767,149076,94.03
20261007,540768,2031,58.23
20261007,540769,21692,48.52
20261007,540774,573,69.54
20261007,540775,957,100.0
20261007,540776,1356,56.13
20261007,540777,252814,81.61
20261007,540782,7000,70.0
20261007,540786,34794,49.23
20261007,540787,15564,50.67
20261007,540788,253,100.0
20261007,540789,4164,82.1
20261007,540795,6632,68.33
20261007,540797,2735,74.1
20261007,540809,15596,75.87
20261007,540811,95000,100.0
20261007,540821,16310,79.89
20261007,540824,3872,100.0
20261007,540829,7672,100.0
20261007,540850,2000,100.0
20261007,540874,87986,71.94
20261007,540879,224122,43.12
20261007,540900,38864,58.49
20261007,540901,1904,78.81
20261007,540902,1238,45.17
20261007,540904,1,100.0
20261007,540914,89604,80.17
20261007,540923,1551,93.94
20261007,540935,1349,53.43
20261007,540936,1204,90.87
20261007,540937,11449,84.76
20261007,540938,30000,100.0
20261007,540952,2121,97.38
20261007,540953,15906,81.52
20261007,540954,1804,93.71
20261007,540955,534,100.0
20261007,540956,78651,67.93
20261007,540961,40,100.0
20261007,540975,217227,90.51
20261007,540980,5,83.33
20261007,541005,429,100.0
20261007,541019,7827,54.59
20261007,541083,8000,57.14
20261007,541096,1703,76.82
20261007,541097,3302,73.59
20261007,541143,13745,35.87
20261007,541144,1759,89.65
20261007,541152,3870,88.28
20261007,541153,262733,49.06
20261007,541154,243435,91.27
20261007,541161,135224,100.0
20261007,541163,2443,58.17
20261007,541167,1867,35.73
20261007,541178,2000,100.0
20261007,541195,16808,40.79
20261007,541196,2000,100.0
20261007,541206,52,98.11
20261007,541228,11160,100.0
20261007,541233,542365,73.28
20261007,541269,134,87.58
20261007,541276,36945,43.49
20261007,541299,12000,100.0
20261007,541301,8092,65.82
20261007,541302,372,93.47
20261007,541303,476588,74.04
20261007,541304,345,95.04
20261007,541313,981,70.32
20261007,541336,12488,94.84
20261007,541338,18655,84.75
20261007,541347,82517,100.0
20261007,541352,653,84.26
20261007,541353,800,100.0
20261007,541358,4446,100.0
20261007,541400,36653,70.87
20261007,541402,1102,84.32
20261007,541403,3104,52.34
20261007,541418,222,98.67
20261007,541444,12430,35.18
20261007,541445,4800,85.71
20261007,541450,160239,51.64
20261007,541540,2775,47.69
20261007,541546,69698,98.53
20261007,541556,27543,54.91
20261007,541557,1325,43.5
20261007,541578,4596,51.8
20261007,541601,1892736,76.26
20261007,541627,300,100.0
20261007,541634,692,100.0
20261007,541702,305464,100.0
20261007,541729,53068,83.2
20261007,541735,45117,64.52
20261007,541741,8651,100.0
20261007,541770,1236,41.96
20261007,541771,83472,100.0
20261007,541778,2115,100.0
20261007,541809,19543,63.11
20261007,541865,5648,66.29
20261007,541890,105813,100.0
20261007,541929,53,98.15
20261007,541946,45690,100.0
20261007,541956,145609,49.27
20261007,541967,45033,38.18
20261007,541972,47,79.66
20261007,541973,1500,100.0
20261007,541974,2804,45.52
20261007,541983,12000,85.71
20261007,541988,1162,43.52
20261007,542011,24728,59.95
20261007,542012,368553,100.0
20261007,542013,21,100.0
20261007,542019,12546,75.71
20261007,542020,6655,100.0
20261007,542025,48000,100.0
20261007,542034,8854,80.48
20261007,542046,221000,76.19
20261007,542057,411,67.05
20261007,542066,23940,59.46
20261007,542123,30,100.0
20261007,542131,1328,68.28
20261007,542141,2250,31.31
20261007,542146,8750,87.5
20261007,542155,16000,100.0
20261007,542206,274,100.0
20261007,542216,1955,51.07
20261007,542230,637,97.85
20261007,542231,33352,55.0
20261007,542232,1572,96.62
20261007,542233,1234,71.58
20261007,542248,3889,90.0
20261007,542285,23545,67.19
20261007,542323,35942,34.09
20261007,542332,7000,100.0
20261007,542333,6195,55.37
20261007,542337,4871,66.9
20261007,542367,841,85.99
20261007,542383,759,92.22
20261007,542399,886,47.28
20261007,542437,3970,100.0
20261007,542446,31135,71.43
20261007,542459,11723,94.52
20261007,542460,1737,89.26
20261007,542484,2062,59.84
20261007,542503,4000,100.0
20261007,542513,255,86.73
20261007,542524,11,100.0
20261007,542543,250000,83.33
20261007,542579,247146,64.67
20261007,542580,542,100.0
20261007,542597,2369,48.18
20261007,542602,10358,76.6
20261007,542627,19475,100.0
20261007,542628,9045,87.04
20261007,542649,233168,58.63
20261007,542650,2473,47.89
20261007,542651,60465,47.89
20261007,542652,9805,62.05
20261007,542654,8061,94.13
20261007,542655,109354,46.86
20261007,542665,4491,55.43
20261007,542666,5493,87.97
20261007,542669,101704,74.48
20261007,542670,7703,92.42
20261007,542677,51,100.0
20261007,542678,274,100.0
20261007,542679,6,100.0
20261007,542682,4239,94.35
20261007,542684,3130,88.69
20261007,542685,90,100.0
20261007,542721,9839,100.0
20261007,542725,603899,71.32
20261007,542726,3955,43.09
20261007,542727,19800,100.0
20261007,542729,10,100.0
20261007,542730,30960,64.85
20261007,542747,1293,80.16
20261007,542752,3999,42.04
20261007,542758,25050,74.1
20261007,542759,2346,56.45
20261007,542760,31771,64.34
20261007,542765,17000,100.0
20261007,542770,4514,65.53
20261007,542772,8069,65.92
20261007,542773,4469,43.89
20261007,542774,87142,59.6
20261007,542802,63578,68.47
20261007,542803,5842,70.39
20261007,542812,1283,46.28
20261007,542830,53000,51.03
20261007,542850,14000,100.0
20261007,542851,27966,100.0
20261007,542852,34932,79.19
20261007,542857,199669,97.31
20261007,542862,1490,84.09
20261007,542863,1251,40.58
20261007,542865,14633,67.65
20261007,542867,5111,42.03
20261007,542904,438789,49.15
20261007,542905,3637,78.96
20261007,542907,3655,61.01
20261007,542909,1523,97.57
20261007,542910,7500,83.33
20261007,542911,6,100.0
20261007,542918,893,100.0
20261007,542919,11614,62.45
20261007,542920,8217,46.05
20261007,542921,13027,64.09
20261007,542922,1590,85.71
20261007,542933,128,100.0
20261007,542934,8000,100.0
20261007,542938,34,100.0
20261007,543064,170484,72.87
20261007,543066,374578,87.74
20261007,543071,71,50.0
20261007,543079,1,50.0
20261007,543083,1,100.0
20261007,543087,1,100.0
20261007,543092,103,99.04
20261007,543110,5,55.56
20261007,543150,2284,99.52
20261007,543153,4,66.67
20261007,543161,53,100.0
20261007,543167,5386,99.98
20261007,543171,62493,93.26
20261007,543172,500,100.0
20261007,543173,33,71.74
20261007,543174,1940,81.51
20261007,543175,4110,100.0
20261007,543176,35,71.43
20261007,543177,7788,99.83
20261007,543178,2,100.0
20261007,543181,1046,98.59
20261007,543182,13,86.67
20261007,543184,11,100.0
20261007,543186,342,71.85
20261007,543187,1913,37.64
20261007,543193,3380,75.5
20261007,543207,16034,73.15
20261007,543208,27697,75.94
20261007,543209,51000,100.0
20261007,543210,823,100.0
20261007,543211,2526,83.95
20261007,543212,4433,55.91
20261007,543213,2072,71.15
20261007,543214,523,61.75
20261007,543216,83,91.21
20261007,543217,3845,72.93
20261007,543218,1220,99.92
20261007,543219,3938,99.27
20261007,543220,1742192,94.14
20261007,543221,83864,94.7
20261007,543223,4132,85.8
20261007,543224,1492,96.32
20261007,543225,600000,100.0
20261007,543226,3286,95.5
20261007,543227,20358,58.97
20261007,543228,3596,73.79
20261007,543229,32,100.0
20261007,543230,3543,61.84
20261007,543231,1104,98.4
20261007,543232,33004,54.36
20261007,543233,3896,51.15
20261007,543234,610,87.14
20261007,543235,192304,48.48
20261007,543236,395,99.75
20261007,543237,29189,55.68
20261007,543238,3710,74.02
20261007,543240,4507,60.6
20261007,543241,436,100.0
20261007,543242,14746,82.96
20261007,543243,34448,66.52
20261007,543245,173279,73.69
20261007,543246,4102,62.79
20261007,543248,42666,51.49
20261007,543249,6668,73.09
20261007,543250,524,52.77
20261007,543251,86,98.85
20261007,543252,4602,60.04
20261007,543253,24839,57.19
20261007,543254,2891,65.16
20261007,543255,438,54.89
20261007,543256,4838,80.92
20261007,543257,447800,54.07
20261007,543258,1008,41.86
20261007,543259,6274,59.69
20261007,543260,1259,65.92
20261007,543261,9737,70.72
20261007,543262,2000,100.0
20261007,543263,468999,63.24
20261007,543264,915,100.0
20261007,543265,26349,60.44
20261007,543266,496,73.16
20261007,543267,832162,57.74
20261007,543268,1129,99.04
20261007,543270,7880,100.0
20261007,543271,4374,48.87
20261007,543272,577020,48.3
20261007,543273,4815,42.51
20261007,543275,702,42.86
20261007,543276,33352,94.04
20261007,543277,59413,44.53
20261007,543278,395909,29.65
20261007,543279,31288,57.9
20261007,543280,206629,97.26
20261007,543281,1223,51.93
20261007,543283,883,100.0
20261007,543284,7333,100.0
20261007,543285,1600,100.0
20261007,543287,21438,56.89
20261007,543288,27894,53.55
20261007,543290,90664,93.0
20261007,543291,133891,61.71
20261007,543292,1720,46.88
20261007,543298,15563,99.94
20261007,543299,14671,51.94
20261007,543300,72091,53.58
20261007,543306,312,96.59
20261007,543308,16339,55.36
20261007,543310,28000,100.0
20261007,543311,2203,58.05
20261007,543312,2133,100.0
20261007,543317,684,73.47
20261007,543318,6092,29.25
20261007,543320,343486,41.17
20261007,543321,11079,60.28
20261007,543322,725,39.9
20261007,543323,8708,68.26
20261007,543324,4102,85.92
20261007,543325,88204,62.61
20261007,543326,33995,58.3
20261007,543327,6603,75.48
20261007,543328,675,84.38
20261007,543329,2215,64.5
20261007,543330,17428,45.47
20261007,543331,56915,47.85
20261007,543332,1458,73.79
20261007,543333,1592,22.74
20261007,543334,1325,39.91
20261007,543335,46338,52.8
20261007,543336,109721,55.39
20261007,543341,25273,100.0
20261007,543347,170,52.8
20261007,543348,70,46.05
20261007,543349,2567,46.32
20261007,543350,2749,36.91
20261007,543351,12000,90.91
20261007,543358,2809,40.73
20261007,543363,4800,72.73
20261007,543364,13439,42.48
20261007,543365,143219,58.79
20261007,543366,8400,100.0
20261007,543367,20038,50.72
20261007,543372,20000,100.0
20261007,543373,8654,100.0
20261007,543374,3535,38.46
20261007,543375,2500,100.0
20261007,543376,1228,88.92
20261007,543377,170000,85.0
20261007,543378,6000,100.0
20261007,543383,1,100.0
20261007,543384,612977,87.57
20261007,543386,3817,72.75
20261007,543387,3619,52.95
20261007,543388,2249,72.38
20261007,543389,68072,47.1
20261007,543390,91370,41.0
20261007,543391,750,100.0
20261007,543396,74905,37.48
20261007,543397,2652,49.22
20261007,543398,74740,89.34
20261007,543399,17796,82.14
20261007,543400,14000,100.0
20261007,543401,2617,35.17
20261007,543410,1950,100.0
20261007,543411,23937,47.87
20261007,543412,10482,64.99
20261007,543413,17022,60.94
20261007,543414,71198,72.97
20261007,543415,6302,53.38
20261007,543416,1123,77.24
20261007,543417,3849,49.27
20261007,543418,30,100.0
20261007,543419,6810,57.91
20261007,543420,5975,93.7
20261007,543425,1305,56.74
20261007,543426,2554,53.5
20261007,543427,143143,99.3
20261007,543428,11821,50.0
20261007,543433,20852,98.82
20261007,543434,4816,39.52
20261007,543435,4150,100.0
20261007,543437,171838,55.13
20261007,543438,178,100.0
20261007,543440,88,89.8
20261007,543441,16283,62.85
20261007,543442,231,94.67
20261007,543449,13755,81.48
20261007,543450,24525,77.27
20261007,543451,510,100.0
20261007,543452,23232,51.27
20261007,543454,251,95.44
20261007,543458,111344,50.39
20261007,543462,7269,93.77
20261007,543463,9710,46.27
20261007,543464,5000,83.33
20261007,543465,2442,83.32
20261007,543470,61,100.0
20261007,543471,5538,51.69
20261007,543472,596,71.29
20261007,543473,2891,76.81
20261007,543474,12844,73.5
20261007,543475,800,100.0
20261007,543480,650,100.0
20261007,543481,62838,41.46
20261007,543482,2379,49.94
20261007,543489,57218,63.05
20261007,543490,40576,53.56
20261007,543497,9600,77.42
20261007,543498,245293,49.7
20261007,543499,10479,77.57
20261007,543500,12000,100.0
20261007,543501,2,100.0
20261007,543512,101370,56.62
20261007,543513,9250,100.0
20261007,543514,4555,100.0
20261007,543515,12375,75.0
20261007,543516,450800,100.0
20261007,543517,3328,48.72
20261007,543519,36000,100.0
20261007,543520,134000,100.0
20261007,543522,1500,100.0
20261007,543523,4897,39.93
20261007,543524,6720,42.84
20261007,543525,9970,67.27
20261007,543526,68243,56.09
20261007,543527,623,57.47
20261007,543528,4369,55.55
20261007,543529,18354,52.85
20261007,543530,47475,50.7
20261007,543531,77967,98.12
20261007,543532,524,34.45
20261007,543533,13777,47.9
20261007,543534,7689,50.44
20261007,543535,136,100.0
20261007,543538,4000,100.0
20261007,543539,87,91.58
20261007,543540,6600,84.62
20261007,543541,1600,100.0
20261007,543542,900,5.29
20261007,543543,200,100.0
20261007,543544,36750,100.0
20261007,543545,16700,100.0
20261007,543546,2000,50.0
20261007,543547,3678,61.66
20261007,543563,3272,90.31
20261007,543568,8420,59.08
20261007,543569,4216,90.51
20261007,543570,3750,75.71
20261007,543571,2976,48.32
20261007,543572,45316,83.36
20261007,543573,42980,37.43
20261007,543574,724,93.06
20261007,543575,4,66.67
20261007,543576,1366,71.22
20261007,543577,333,66.87
20261007,543578,5550,100.0
20261007,543590,605380,71.51
20261007,543591,2468,64.86
20261007,543592,21611,56.52
20261007,543593,18054,54.42
20261007,543594,72000,92.31
20261007,543596,2426,55.76
20261007,543597,9641,54.08
20261007,543599,2743,78.39
20261007,543600,1104,48.7
20261007,543605,17,100.0
20261007,543606,5000,100.0
20261007,543607,55,62.5
20261007,543608,352,92.39
20261007,543613,12000,75.0
20261007,543614,440,63.4
20261007,543615,4800,100.0
20261007,543616,17400,69.05
20261007,543619,2250,73.77
20261007,543620,60676,65.28
20261007,543623,6000,100.0
20261007,543626,227492,45.95
20261007,543627,23,71.88
20261007,543628,7132,62.09
20261007,543635,2547019,97.44
20261007,543636,2817,70.35
20261007,543637,3600,75.0
20261007,543638,12517,64.27
20261007,543643,71891,75.17
20261007,543644,1955,45.82
20261007,543645,6,100.0
20261007,543650,10448,53.82
20261007,543651,8000,100.0
20261007,543652,7023,41.47
20261007,543653,6262,59.39
20261007,543654,8005,55.0
20261007,543655,1225000,100.0
20261007,543656,4000,100.0
20261007,543657,4206,64.33
20261007,543663,5830,44.26
20261007,543664,11326,40.89
20261007,543665,2417,77.42
20261007,543666,1824,96.35
20261007,543667,668160,75.6
20261007,543668,38,90.48
20261007,543669,1304,37.13
20261007,543670,42037,80.31
20261007,543671,244453,97.21
20261007,543677,9239,85.38
20261007,543686,5647,84.01
20261007,543687,753,91.49
20261007,543688,147643,70.31
20261007,543689,3318,66.23
20261007,543699,119,99.17
20261007,543709,2500,54.05
20261007,543710,1669,57.47
20261007,543711,7667,64.39
20261007,543712,2,100.0
20261007,543713,13000,50.0
20261007,543714,801,41.08
20261007,543720,25621,62.7
20261007,543725,4798,65.79
20261007,543732,4904,87.31
20261007,543737,538,100.0
20261007,543738,6262,100.0
20261007,543743,472,98.33
20261007,543745,12000,100.0
20261007,543746,6600,34.38
20261007,543747,13593,91.34
20261007,543748,8699,30.03
20261007,543754,15200,95.0
20261007,543766,12,100.0
20261007,543767,17595,81.33
20261007,543768,199777,59.95
20261007,543774,24459,99.89
20261007,543775,16366,62.25
20261007,543776,42706,92.26
20261007,543781,17540,86.59
20261007,543782,3420,79.17
20261007,543787,4620,90.32
20261007,543798,8000,100.0
20261007,543805,9750,86.67
20261007,543806,11400,47.11
20261007,543811,9033,96.83
20261007,543812,2685,54.66
20261007,543819,6379,73.44
20261007,543828,44000,61.11
20261007,543829,381,98.2
20261007,543843,4000,100.0
20261007,543848,8000,100.0
20261007,543860,3398,100.0
20261007,543861,2229,95.58
20261007,543874,2000,66.67
20261007,543875,3388,99.97
20261007,543895,5250,60.0
20261007,543896,9970,37.29
20261007,543898,1111,84.68
20261007,543899,1587,95.89
20261007,543900,11050,59.79
20261007,543901,3,100.0
20261007,543902,6000,75.0
20261007,543903,26858,80.06
20261007,543904,5904,52.74
20261007,543910,1042,69.42
20261007,543911,87033,52.31
20261007,543912,11441,91.43
20261007,543913,2454,87.02
20261007,543914,43925,100.0
20261007,543915,10073,99.02
20261007,543916,26000,100.0
20261007,543917,27949,93.58
20261007,543918,12727,69.2
20261007,543919,112906,90.72
20261007,543920,15742,48.46
20261007,543921,1000,100.0
20261007,543922,2793,58.02
20261007,543923,9908,68.79
20261007,543924,24000,85.71
20261007,543926,7200,85.71
20261007,543927,653,87.07
20261007,543928,5000,70.42
20261007,543929,124646,83.23
20261007,543930,31,100.0
20261007,543931,9400,70.15
20261007,543932,10624,58.05
20261007,543933,42217,47.17
20261007,543934,113,100.0
20261007,543935,153,100.0
20261007,543936,54415,62.8
20261007,543939,19000,76.0
20261007,543940,313262,52.59
20261007,543942,667984,36.94
20261007,543943,37000,74.0
20261007,543944,132,96.35
20261007,543945,31039,46.63
20261007,543946,53218,99.84
20261007,543947,4001,99.95
20261007,543948,1802,62.68
20261007,543949,342,99.13
20261007,543950,6777,45.1
20261007,543952,2821,55.75
20261007,543953,3750,16.13
20261007,543954,14361,81.2
20261007,543955,9083,93.38
20261007,543956,2726,97.46
20261007,543957,6665,58.08
20261007,543958,7623,90.76
20261007,543959,39937,63.57
20261007,543960,936,53.27
20261007,543962,33992,55.75
20261007,543963,51000,80.95
20261007,543965,39598,70.08
20261007,543969,2731,89.48
20261007,543970,3000,100.0
20261007,543971,341200,52.8
20261007,543972,32163,46.43
20261007,543973,459,99.78
20261007,543974,20630,65.57
20261007,543976,7306,64.4
20261007,543977,5243,56.99
20261007,543978,51456,42.09
20261007,543979,12800,100.0
20261007,543980,20931,90.99
20261007,543981,7278,41.7
20261007,543982,6600,100.0
20261007,543983,3951,60.03
20261007,543984,31182,68.45
20261007,543985,39566,52.3
20261007,543986,2305,46.74
20261007,543988,10973,44.47
20261007,543989,6930,61.13
20261007,543990,1579,10.6
20261007,543991,2400,100.0
20261007,543992,15071,60.9
20261007,543993,5,100.0
20261007,543994,121505,54.58
20261007,543995,34218,61.31
20261007,543996,8271,88.4
20261007,543997,10800,30.77
20261007,543998,8786,100.0
20261007,543999,1349,65.07
20261007,544000,12000,100.0
20261007,544001,69000,100.0
20261007,544003,3046,56.17
20261007,544004,1522,56.47
20261007,544006,5554,70.74
20261007,544007,3064,43.31
20261007,544008,2080,54.54
20261007,544009,4838,55.08
20261007,544012,349387,38.83
20261007,544014,28476,27.17
20261007,544015,12500,100.0
20261007,544020,33210,100.0
20261007,544021,15138,46.41
20261007,544022,7462,54.84
20261007,544023,10250,100.0
20261007,544026,134223,63.1
20261007,544027,7921,64.11
20261007,544028,9520,48.85
20261007,544029,92257,70.47
20261007,544030,1882,23.07
20261007,544036,4000,100.0
20261007,544037,7700,62.6
20261007,544042,6039,65.31
20261007,544043,502,99.21
20261007,544044,722,57.95
20261007,544045,1268,64.5
20261007,544046,5783,49.25
20261007,544047,12000,38.1
20261007,544052,2000,100.0
20261007,544053,438876,45.38
20261007,544054,1342,57.65
20261007,544055,11790,59.16
20261007,544057,5564,68.33
20261007,544058,5256,90.17
20261007,544059,6000,75.0
20261007,544060,15349,100.0
20261007,544061,36667,50.29
20261007,544066,1012,97.03
20261007,544067,2932,36.08
20261007,544073,9000,81.82
20261007,544074,7800,100.0
20261007,544079,176,89.34
20261007,544080,70,93.33
20261007,544081,34459,49.14
20261007,544082,2000,100.0
20261007,544083,1500,100.0
20261007,544088,4270,72.41
20261007,544089,408199,63.21
20261007,544090,21,100.0
20261007,544091,13600,100.0
20261007,544092,1102,94.11
20261007,544093,32,100.0
20261007,544094,1200,100.0
20261007,544095,15542,53.72
20261007,544100,2236,91.68
20261007,544105,1500,33.33
20261007,544107,35814,78.33
20261007,544108,2400,100.0
20261007,544109,39,100.0
20261007,544110,478,75.04
20261007,544111,1918,80.83
20261007,544112,892,95.3
20261007,544117,1276,71.65
20261007,544118,4762,43.15
20261007,544119,4768,33.58
20261007,544120,2212,78.5
20261007,544122,1934,54.02
20261007,544123,1001,99.8
20261007,544124,407,44.43
20261007,544129,1901,63.83
20261007,544130,214943,90.09
20261007,544131,5978,84.24
20261007,544132,206248,82.85
20261007,544133,74178,66.04
20261007,544134,1360,75.47
20261007,544135,11252,100.0
20261007,544136,709,89.29
20261007,544137,1759,75.66
20261007,544138,7380,52.03
20261007,544139,26000,100.0
20261007,544140,1117,15.23
20261007,544141,12800,72.73
20261007,544142,26450,80.73
20261007,544143,8500,85.0
20261007,544144,1647,87.0
20261007,544149,1072,93.95
20261007,544150,70000,72.54
20261007,544151,3000,100.0
20261007,544156,87000,100.0
20261007,544158,3396,78.57
20261007,544159,72002,99.13
20261007,544160,59200,100.0
20261007,544161,9653,50.44
20261007,544162,378292,86.87
20261007,544163,30000,93.75
20261007,544165,13500,100.0
20261007,544166,10800,100.0
20261007,544167,5709,61.23
20261007,544169,8000,66.67
20261007,544170,4000,66.67
20261007,544172,15177,65.04
20261007,544173,11000,100.0
20261007,544174,237393,81.1
20261007,544175,1200,100.0
20261007,544176,2764,42.96
20261007,544177,5000,83.33
20261007,544179,18297,53.33
20261007,544180,908,44.71
20261007,544181,727326,96.29
20261007,544182,6012,97.88
20261007,544184,2936,98.62
20261007,544185,1380,74.27
20261007,544186,9928,87.36
20261007,544187,21244,100.0
20261007,544188,12000,100.0
20261007,544189,7000,66.67
20261007,544190,6000,75.0
20261007,544191,23227,96.1
20261007,544192,17079,52.36
20261007,544193,70688,82.26
20261007,544194,36133,80.21
20261007,544195,2000,50.0
20261007,544196,1,100.0
20261007,544197,4906,100.0
20261007,544198,7880,52.28
20261007,544199,1600,66.67
20261007,544200,76298,81.28
20261007,544201,100000,100.0
20261007,544202,668,47.14
20261007,544203,10688,53.75
20261007,544204,1164,93.57
20261007,544205,1086,100.0
20261007,544206,35763,70.5
20261007,544207,910,86.09
20261007,544209,4155,53.73
20261007,544210,1957,75.65
20261007,544211,1,100.0
20261007,544212,14603,57.62
20261007,544213,16200,65.85
20261007,544215,2329,96.36
20261007,544216,6717,69.69
20261007,544217,831,64.82
20261007,544218,11142,88.45
20261007,544219,13800,92.0
20261007,544220,1200,100.0
20261007,544221,9000,100.0
20261007,544222,2541,53.29
20261007,544223,3699,58.95
20261007,544224,91560,90.51
20261007,544225,2807987,46.61
20261007,544226,56489,59.14
20261007,544227,12212,74.89
20261007,544229,154191,74.06
20261007,544230,8646,70.83
20261007,544232,2010,59.63
20261007,544233,205,99.51
20261007,544235,188712,39.31
20261007,544236,13200,100.0
20261007,544237,1600,100.0
20261007,544238,7022,36.35
20261007,544239,2876,72.99
20261007,544240,8556,65.49
20261007,544241,7452,63.25
20261007,544243,19146,56.67
20261007,544244,1390,57.82
20261007,544246,15,100.0
20261007,544247,182,56.0
20261007,544248,6000,58.82
20261007,544249,6225,97.48
20261007,544250,543,69.7
20261007,544251,9600,100.0
20261007,544252,392176,66.03
20261007,544253,29635,47.81
20261007,544254,4648,94.2
20261007,544256,13633,52.29
20261007,544257,1000,100.0
20261007,544258,7178,45.62
20261007,544259,27000,75.0
20261007,544260,12051,43.41
20261007,544261,10096,75.81
20261007,544262,743,10.73
20261007,544263,15063,52.16
20261007,544264,2502,64.32
20261007,544265,1200,20.0
20261007,544266,4,100.0
20261007,544267,25600,72.73
20261007,544268,122328,75.51
20261007,544270,3600,100.0
20261007,544271,11356,57.21
20261007,544273,10207,88.05
20261007,544274,17427,57.46
20261007,544275,7918,69.81
20261007,544276,6235,66.59
20261007,544277,22699,47.85
20261007,544278,44571,100.0
20261007,544279,5179,77.88
20261007,544280,10219,46.76
20261007,544281,33262,100.0
20261007,544282,227203,44.09
20261007,544283,245478,91.52
20261007,544284,2621,75.1
20261007,544285,13051140,94.8
20261007,544286,28209,48.95
20261007,544288,16515,50.79
20261007,544289,37874,54.47
20261007,544290,18859,53.62
20261007,544291,6600,75.0
20261007,544292,2511,51.03
20261007,544293,1292,62.72
20261007,544294,5979,46.69
20261007,544296,53200,76.88
20261007,544301,2131,92.21
20261007,544302,277,2.43
20261007,544303,1200,80.0
20261007,544304,4800,100.0
20261007,544305,3061769,47.07
20261007,544306,15365,60.11
20261007,544307,274334,55.43
20261007,544308,9549,89.5
20261007,544309,5291,55.48
20261007,544310,33250,62.15
20261007,544311,10651,46.83
20261007,544313,4000,100.0
20261007,544314,1058,66.0
20261007,544315,6583,76.19
20261007,544316,6854,56.92
20261007,544317,27817,43.06
20261007,544318,2700,59.88
20261007,544319,2771,38.26
20261007,544320,5665,76.0
20261007,544321,1294,76.89
20261007,544322,4094,47.17
20261007,544323,4961,82.85
20261007,544324,2000,50.0
20261007,544325,88271,77.88
20261007,544326,5282,96.49
20261007,544328,10560,48.77
20261007,544329,10000,83.33
20261007,544330,19000,100.0
20261007,544331,8000,66.67
20261007,544332,7600,76.0
20261007,544333,11601,49.5
20261007,544334,17250,100.0
20261007,544335,127000,100.0
20261007,544336,5068,49.81
20261007,544337,2000,100.0
20261007,544338,14332,89.26
20261007,544339,9658,79.01
20261007,544340,3200,100.0
20261007,544341,27200,94.44
20261007,544342,14920,100.0
20261007,544343,9200,95.83
20261007,544344,31218,96.93
20261007,544345,2207,70.83
20261007,544346,86,100.0
20261007,544347,1200,100.0
20261007,544348,2400,66.67
20261007,544350,9991,53.51
20261007,544351,1600,100.0
20261007,544352,10,100.0
20261007,544353,2400,100.0
20261007,544354,9600,58.18
20261007,544355,129,70.11
20261007,544356,16280,94.16
20261007,544361,2848,79.89
20261007,544362,8551,67.39
20261007,544363,113,100.0
20261007,544364,1460,81.93
20261007,544365,20000,90.91
20261007,544367,9118,54.08
20261007,544369,5600,100.0
20261007,544371,2262,100.0
20261007,544373,6400,100.0
20261007,544375,130,63.73
20261007,544376,243,96.81
20261007,544377,3701,97.7
20261007,544379,7884,64.0
20261007,544381,1200,100.0
20261007,544382,416,65.1
20261007,544383,3600,100.0
20261007,544384,73705,60.4
20261007,544385,4775,51.96
20261007,544386,241,100.0
20261007,544387,12000,55.81
20261007,544389,593,80.57
20261007,544390,67054,84.68
20261007,544392,2000,33.33
20261007,544394,2161,97.39
20261007,544395,795277,94.2
20261007,544396,4725,71.55
20261007,544397,108049,43.6
20261007,544398,24000,100.0
20261007,544399,8400,100.0
20261007,544400,234000,74.52
20261007,544401,1664,75.29
20261007,544402,7361,68.44
20261007,544403,4916540,93.54
20261007,544404,1625,81.13
20261007,544405,188715,54.62
20261007,544406,16800,58.33
20261007,544407,29777,39.45
20261007,544408,12030,49.02
20261007,544410,4548,71.95
20261007,544411,4894,72.21
20261007,544412,6000,100.0
20261007,544413,10795,56.47
20261007,544414,9880,60.69
20261007,544415,46,95.83
20261007,544416,3996,97.75
20261007,544418,5895,48.1
20261007,544419,11964,29.04
20261007,544420,23744,33.85
20261007,544421,38787,56.46
20261007,544422,3600,100.0
20261007,544423,640,77.67
20261007,544424,841,84.27
20261007,544425,14400,100.0
20261007,544427,10079,99.96
20261007,544428,43200,69.23
20261007,544429,11294,68.42
20261007,544430,76708,53.24
20261007,544431,6000,100.0
20261007,544432,9682,85.86
20261007,544434,107200,100.0
20261007,544435,32800,85.42
20261007,544437,2400,100.0
20261007,544438,12212,78.37
20261007,544439,7958,60.91
20261007,544440,18000,100.0
20261007,544441,9600,80.0
20261007,544442,13200,68.75
20261007,544443,523,78.29
20261007,544444,33600,100.0
20261007,544445,3000,100.0
20261007,544446,3572,68.82
20261007,544447,1292,62.06
20261007,544448,37061,65.67
20261007,544449,9867,67.85
20261007,544450,729,100.0
20261007,544451,13200,61.11
20261007,544452,6000,100.0
20261007,544453,17400,96.67
20261007,544454,964,98.67
20261007,544455,43364,62.78
20261007,544456,22658,100.0
20261007,544457,7916,87.22
20261007,544458,67500,57.2
20261007,544459,115250,39.82
20261007,544460,54400,54.84
20261007,544461,7,100.0
20261007,544463,6000,100.0
20261007,544464,2000,100.0
20261007,544465,4329,79.65
20261007,544466,4400,44.66
20261007,544467,168407,54.99
20261007,544469,23889,100.0
20261007,544470,148549,45.6
20261007,544471,4000,100.0
20261007,544473,63658,91.91
20261007,544475,10000,83.33
20261007,544476,95373,47.49
20261007,544477,98757,76.11
20261007,544479,2851,74.83
20261007,544480,1027484,82.83
20261007,544481,72637,98.29
20261007,544482,13000,92.86
20261007,544483,7200,100.0
20261007,544484,26314,50.0
20261007,544485,3278,68.78
20261007,544486,85959,78.54
20261007,544487,3310,56.97
20261007,544488,75288,57.02
20261007,544489,14400,100.0
20261007,544490,9543,39.8
20261007,544491,2785,84.55
20261007,544492,3690,77.62
20261007,544493,37,58.73
20261007,544494,12800,100.0
20261007,544496,20700,53.15
20261007,544497,159414,99.9
20261007,544498,9600,66.67
20261007,544499,20,100.0
20261007,544500,14000,77.78
20261007,544501,13000,100.0
20261007,544502,6267,100.0
20261007,544503,5000,100.0
20261007,544504,3600,90.0
20261007,544506,29400,94.23
20261007,544507,110489,94.36
20261007,544511,18400,76.67
20261007,544512,5740,64.38
20261007,544513,4554,65.56
20261007,544515,126215,34.74
20261007,544516,39000,65.55
20261007,544517,5239,68.2
20261007,544518,35200,100.0
20261007,544519,207503,97.72
20261007,544520,4800,100.0
20261007,544521,1388,76.14
20261007,544522,3,100.0
20261007,544523,7188,74.41
20261007,544524,54400,60.18
20261007,544525,35158,63.96
20261007,544526,1968,32.25
20261007,544527,8329,49.84
20261007,544528,23092,46.73
20261007,544529,12400,100.0
20261007,544530,13071,58.64
20261007,544531,27600,77.97
20261007,544532,9052,41.78
20261007,544533,1173,74.95
20261007,544534,1023,15.09
20261007,544535,57600,76.6
20261007,544536,1,100.0
20261007,544537,33820,31.55
20261007,544538,26000,100.0
20261007,544539,6400,100.0
20261007,544540,56205,39.54
20261007,544541,24000,83.33
20261007,544542,7000,63.64
20261007,544543,6408,92.24
20261007,544544,9600,100.0
20261007,544545,2797,74.29
20261007,544546,6000,100.0
20261007,544549,14000,82.35
20261007,544550,17915,61.8
20261007,544551,2000,100.0
20261007,544553,6400,100.0
20261007,544554,118000,100.0
20261007,544555,12000,100.0
20261007,544557,960,98.87
20261007,544558,1356,69.57
20261007,544559,9600,85.71
20261007,544560,12000,85.71
20261007,544561,180000,66.67
20261007,544562,1954,58.45
20261007,544563,11500,100.0
20261007,544564,2470,75.84
20261007,544565,80000,100.0
20261007,544566,7500,100.0
20261007,544567,1200,100.0
20261007,544568,69600,87.88
20261007,544569,545138,66.57
20261007,544570,2367,64.2
20261007,544572,794,84.92
20261007,544574,15215,56.11
20261007,544575,8000,100.0
20261007,544576,15168,75.72
20261007,544578,10932,60.23
20261007,544579,6,100.0
20261007,544580,17476,60.52
20261007,544581,1175,90.66
20261007,544582,9600,100.0
20261007,544583,71027,40.82
20261007,544584,1000,100.0
20261007,544586,56439,76.71
20261007,544587,4980,43.28
20261007,544595,1559,48.43
20261007,544596,1200,100.0
20261007,544597,6014,45.58
20261007,544598,6253,99.87
20261007,544599,1776,49.03
20261007,544600,1254269,97.39
20261007,544601,42,80.77
20261007,544602,92184,67.24
20261007,544603,1273962,54.96
20261007,544604,5157,49.93
20261007,544605,9310,90.7
20261007,544606,1181231,39.63
20261007,544607,13200,100.0
20261007,544608,88754,34.7
20261007,544609,857934,48.0
20261007,544610,20400,69.39
20261007,544611,8400,77.78
20261007,544612,296579,96.73
20261007,544613,34471,58.08
20261007,544614,19982,52.9
20261007,544615,11252,100.0
20261007,544616,5000,62.5
20261007,544617,21083,64.99
20261007,544619,7928,49.24
20261007,544621,1000,100.0
20261007,544622,239191,46.8
20261007,544623,3600,100.0
20261007,544625,2400,66.67
20261007,544626,24000,100.0
20261007,544627,4000,100.0
20261007,544628,16000,10.67
20261007,544629,3000,60.0
20261007,544630,2400,66.67
20261007,544631,449,61.59
20261007,544632,2309377,82.28
20261007,544633,339917,51.36
20261007,544634,123551,36.32
20261007,544635,44800,87.5
20261007,544636,4000,100.0
20261007,544637,23400,72.22
20261007,544638,93,44.29
20261007,544639,175,100.0
20261007,544641,1800,100.0
20261007,544642,20094,91.06
20261007,544643,1000,100.0
20261007,544644,343,63.17
20261007,544645,7693,64.68
20261007,544646,10000,100.0
20261007,544647,8489,70.33
20261007,544648,2000,100.0
20261007,544654,2223,100.0
20261007,544655,9615,98.93
20261007,544656,1600,100.0
20261007,544657,43200,75.0
20261007,544658,2625,52.54
20261007,544660,12205,99.5
20261007,544661,2930,93.28
20261007,544662,5611,100.0
20261007,544663,2000,100.0
20261007,544664,18226,53.53
20261007,544665,1600,100.0
20261007,544666,56450,53.58
20261007,544667,30000,100.0
20261007,544668,10800,81.82
20261007,544669,12000,100.0
20261007,544670,21000,100.0
20261007,544671,2000,100.0
20261007,544672,236,97.93
20261007,544673,1600,100.0
20261007,544674,1009,100.0
20261007,544675,12800,100.0
20261007,544676,25600,96.97
20261007,544677,19200,100.0
20261007,544678,125523,55.15
20261007,544679,8866,66.87
20261007,544680,480,100.0
20261007,544681,33000,76.74
20261007,544682,3600,60.0
20261007,544683,9000,100.0
20261007,544684,48000,100.0
20261007,544685,342030,78.47
20261007,544686,2000,100.0
20261007,544687,8000,100.0
20261007,544688,54000,93.1
20261007,544693,3200,100.0
20261007,544694,31000,100.0
20261007,544695,173000,100.0
20261007,544698,8000,83.33
20261007,544699,14387,40.37
20261007,544700,5256,55.22
20261007,544701,1969,54.12
20261007,544702,5765,63.85
20261007,544703,4087,100.0
20261007,544704,20504,93.8
20261007,544705,1354,87.19
20261007,544706,5,100.0
20261007,544708,7200,85.71
20261007,544709,13389,63.98
20261007,544710,225000,51.37
20261007,544711,22000,68.75
20261007,544716,2391,99.71
20261007,544717,6029,42.52
20261007,544718,35658,29.38
20261007,544719,1,50.0
20261007,544720,54463,43.16
20261007,544721,27289,83.11
20261007,544722,627,100.0
20261007,544723,7657,60.11
20261007,544725,260,98.86
20261007,544726,26535,69.51
20261007,544731,28746,80.14
20261007,544732,360,94.74
20261007,544733,4268,59.99
20261007,544734,610,99.67
20261007,544735,96000,58.18
20261007,544737,270,100.0
20261007,544738,15000,78.95
20261007,544739,23613,46.45
20261007,544740,96000,100.0
20261007,544742,7299,64.72
20261007,544743,62237,74.26
20261007,544744,7585,48.89
20261007,544745,100931,99.47
20261007,544746,11200,58.33
20261007,544747,25200,61.76
20261007,544748,62277,55.05
20261007,544750,50356,57.73
20261007,544751,15600,92.86
20261007,544752,2,100.0
20261007,544753,5108,84.37
20261007,544754,34491,41.52
20261007,544755,11200,100.0
20261007,544756,8653,69.12
20261007,544757,177,100.0
20261007,544758,10903,81.66
20261007,544759,6000,66.67
20261007,544760,1722,100.0
20261007,544761,49,100.0
20261007,544762,10606,69.74
20261007,544763,3670,90.89
20261007,544764,5314,71.64
20261007,544765,12800,100.0
20261007,544766,462,100.0
20261007,544767,51000,100.0
20261007,544769,2400,100.0
20261007,544770,32000,66.67
20261007,544772,58000,100.0
20261007,544773,32000,55.17
20261007,544774,21000,52.5
20261007,544777,14376,64.56
20261007,544779,15200,61.29
20261007,544780,794306,90.98
20261007,544781,282542,46.17
20261007,544782,964226,54.28
20261007,544783,273960,100.0
20261007,544784,2327662,39.13
20261007,544785,20168,100.0
20261007,544786,3245,80.34
20261007,544793,53000,100.0
20261007,544794,80400,72.83
20261007,544795,3812,66.24
20261007,544796,1200,100.0
20261007,544797,72000,80.0
20261007,544799,59558,47.39
20261007,544801,46151,100.0
20261007,544802,89236,74.19
20261007,544803,78919,51.94
20261007,544806,17681,75.74
20261007,544807,12000,57.14
20261007,544808,78009,55.52
20261007,544809,30000,51.72
20261007,544810,320000,74.07
20261007,544811,4000,100.0
20261007,544812,160000,100.0
20261007,544813,3000,60.0
20261007,544814,266079,70.3
20261007,544821,10875,62.04
20261007,544822,37595,67.06
20261007,544823,72000,100.0
20261007,544825,7186,55.15
20261007,544826,23200,44.27
20261007,544827,2828,64.19
20261007,544829,60961,61.59
20261007,544830,136667,98.72
20261007,544831,5362,86.75
20261007,544832,25800,55.13
20261007,544833,13417,66.61
20261007,544834,6000,62.5
20261007,544837,23021,52.1
20261007,544838,29808,52.96
20261007,544839,27052,53.07
20261007,544840,16000,88.89
20261007,544841,1010,61.81
20261007,544842,162,50.47
20261007,544843,34800,93.55
20261007,544844,49600,56.88
20261007,544845,1205,50.42
20261007,544847,594594,96.16
20261007,544849,10,58.82
20261007,544850,315,73.09
20261007,544851,54559,49.56
20261007,544853,62317,75.77
20261007,544854,4800,66.67
20261007,544855,1774,97.15
20261007,544856,3200,100.0
20261007,544857,304,56.4
20261007,544858,39600,91.67
20261007,544859,13000,72.22
20261007,544860,170360,58.8
20261007,544861,2319,100.0
20261007,544862,3913,52.24
20261007,544863,146400,66.67
20261007,544864,28354,52.29
20261007,544865,66134,46.89
20261007,544866,42242,32.47
20261007,544867,26863,47.51
20261007,544868,104548,100.0
20261007,544869,11000,84.62
20261007,544870,27513,42.35
20261007,544871,95893,49.48
20261007,544872,16800,93.33
20261007,544873,5500,68.64
20261007,544874,202,100.0
20261007,544876,1200,100.0
20261007,544877,25000,100.0
20261007,544879,176464,59.91
20261007,544880,35334,39.48
20261007,544881,6696,63.95
20261007,544882,431662,60.17
20261007,544883,29000,72.5
20261007,544884,3600,75.0
20261007,544885,30402,62.92
20261007,544886,190006,39.11
20261007,544887,811,98.78
20261007,544888,12611,50.46
20261007,544889,14646,37.06
20261007,544890,117115,64.42
20261007,544891,902893,55.04
20261007,544892,3149,100.0
20261007,544893,33251,62.83
20261007,544894,706326,56.22
20261007,544895,302400,65.17
20261007,544897,69000,95.83
20261007,544898,513009,92.75
20261007,544899,34959,38.94
20261007,544900,19000,70.37
20261007,544901,1990,52.24
20261007,544902,12000,50.0
20261007,544903,662596,40.01
20261007,544904,38400,84.21
20261007,544905,34000,80.95
20261007,544906,8151,65.59
20261007,544907,1,100.0
20261007,544908,4671,97.9
20261007,544909,197091,48.41
20261007,544910,94000,100.0
20261007,544911,1055998,40.93
20261007,544912,17913,43.3
20261007,544913,374921,41.91
20261007,544914,501907,35.71
20261007,544915,558335,33.96
20261007,544916,34601,31.83
20261007,544917,131512,33.46
20261007,544918,27573,45.6
20261007,544919,58800,89.09
20261007,544920,38400,75.0
20261007,544921,552024,47.88
20261007,544922,137600,93.48
20261007,544923,98642,58.12
20261007,544924,296000,59.73
20261007,544925,63000,53.03
20261007,544926,3000,100.0
20261007,544927,210,100.0
20261007,544928,6400,100.0
20261007,544929,510743,29.75
20261007,544930,28800,96.0
20261007,544931,17200,100.0
20261007,544932,4000,100.0
20261007,544933,10000,100.0
20261007,544934,432161,44.96
20261007,544935,502695,100.0
20261007,544936,2662406,51.12
20261007,544937,921568,67.47
20261007,544938,57535,100.0
20261007,544939,48000,100.0
20261007,544940,170400,100.0
20261007,544941,92400,100.0
20261007,544942,51824,52.51
20261007,544943,80400,100.0
20261007,544944,6400,100.0
20261007,544945,136291,42.26
20261007,544947,7000,100.0
20261007,544948,81600,100.0
20261007,544949,36745,100.0
20261007,544950,892334,100.0
20261007,544951,27027,34.83
20261007,544952,75733,51.69
20261007,544953,11217538,35.72
20261007,544954,164000,100.0
20261007,544955,2400,100.0
20261007,544957,228831,47.35
20261007,544958,134400,100.0
20261007,544959,20799,48.07
20261007,544960,496837,45.71
20261007,544961,20000,100.0
20261007,544962,2491762,53.33
20261007,544963,22108,100.0
20261007,544964,284800,100.0
20261007,544965,250212,100.0
20261007,544966,9600,100.0
20261007,544967,2000,100.0
20261007,544970,464,100.0
20261007,544971,1038000,100.0
20261007,544972,1556400,100.0
20261007,555555,773,56.46
20261007,570002,2292,100.0
20261007,570004,12539,96.51
20261007,570005,32534,100.0
20261007,590003,198767,67.24
20261007,590005,530,78.4
20261007,590006,732,84.92
20261007,590013,498,63.12
20261007,590018,0,0.0
20261007,590021,389,79.06
20261007,590024,1595,64.68
20261007,590025,2013,100.0
20261007,590030,3160,40.21
20261007,590031,129,93.48
20261007,590041,36787,100.0
20261007,590051,9936,66.04
20261007,590056,3,100.0
20261007,590057,293,100.0
20261007,590062,4980,50.95
20261007,590065,124,83.78
20261007,590066,4498,70.51
20261007,590068,616,75.21
20261007,590070,2412,95.9
20261007,590071,796,73.36
20261007,590073,2004,47.69
20261007,590075,928,92.52
20261007,590078,1551,75.22
20261007,590086,150,63.83
20261007,590095,356493,58.93
20261007,590096,71993,52.85
20261007,590097,19299,55.8
20261007,590098,48930,58.18
20261007,590099,3777,65.68
20261007,590101,9639,67.77
20261007,590103,201298,60.89
20261007,590104,11360,63.63
20261007,590106,19104,64.13
20261007,590107,4126,71.94
20261007,590108,27255,51.94
20261007,590109,413,97.87
20261007,590110,1629,67.71
20261007,590113,5861,59.14
20261007,590115,284,54.83
20261007,590134,1714,91.76
20261007,590136,2658,56.3
20261007,590137,420,64.42
20261007,590138,197458,96.51
20261007,590139,906,91.89
20261007,590140,904278,49.46
20261007,590141,83583,61.82
20261007,590142,156844,80.43
20261007,590143,12799,75.53
20261007,590144,25911,65.2
20261007,590145,155559,55.72
20261007,590146,287,54.88
20261007,590147,1586,79.38
20261007,590148,315956,98.14
20261007,590149,36948,80.52
20261007,590150,12796,77.44
20261007,590151,12290,92.16
20261007,590152,44621,64.69
20261007,590153,8684,78.97
20261007,590154,9963,57.57
20261007,590155,13543,54.37
20261007,590156,29124,96.04
20261007,590157,4533,79.47
20261007,590158,13675,59.35
20261007,590159,28,100.0
20261007,590160,134,95.04
20261007,590161,318854,62.59
20261007,710058,1608,100.0
20261007,751142,119906,100.0
20261007,751143,84130,100.0
20261007,751144,701897,100.0
20261007,800177,18360,100.0
20261007,800249,14,100.0
20261007,800289,1,100.0
20261007,800290,1,100.0
20261007,800292,1,100.0
20261007,800297,6,100.0
20261007,800303,1,100.0
20261007,800318,35,100.0
20261007,800322,6,100.0
20261007,800324,12,92.31
20261007,800325,64,95.52
20261007,800327,8,100.0
20261007,800329,5,100.0
20261007,800331,37,100.0
20261007,800333,1,100.0
20261007,800334,425,100.0
20261007,800339,17,85.0
20261007,800340,15,100.0
20261007,800341,76,100.0
20261007,800342,5,100.0
20261007,800367,10,100.0
20261007,800385,28,90.32
20261007,800386,3,100.0
20261007,800434,26,100.0
20261007,800437,9,81.82
20261007,800438,18,90.0
20261007,800439,4,100.0
20261007,800441,15675,89.7
20261007,800489,301,100.0
20261007,800517,1,100.0
20261007,800573,21,84.0
20261007,800575,11,100.0
20261007,800580,2,100.0
20261007,800584,1000,100.0
20261007,800588,7595,80.99
20261007,800596,229,84.5
20261007,800603,80,98.77
20261007,800604,200,74.91
20261007,800605,130,75.58
20261007,800607,13604,94.91
20261007,800807,2,100.0
20261007,800808,148891,100.0
20261007,800809,34,100.0
20261007,800815,220,99.55
20261007,800816,101,100.0
20261007,805231,100,100.0
20261007,805239,100,100.0
20261007,805253,100,100.0
20261007,805274,2000,100.0
20261007,810588,100,100.0
20261007,810975,500,100.0
20261007,810976,2500,100.0
20261007,890217,144,58.3
20261007,890226,4864,99.94
20261007,890228,1538,100.0
20261007,890234,650000,100.0
20261007,890239,873,100.0
20261007,890240,9084,70.24
20261007,935544,9,100.0
20261007,935574,9,100.0
20261007,935584,292,100.0
20261007,935620,149,100.0
20261007,935674,20,100.0
20261007,935682,1,100.0
20261007,935690,15,100.0
20261007,936226,20,100.0
20261007,936230,16,100.0
20261007,936236,1,100.0
20261007,936294,5,100.0
20261007,936412,9,81.82
20261007,936476,12,100.0
20261007,936574,165,45.21
20261007,936578,99,100.0
20261007,936656,110,100.0
20261007,936744,1,100.0
20261007,936810,31,88.57
20261007,936814,25,83.33
20261007,937017,560,100.0
20261007,937037,1,100.0
20261007,937345,32,100.0
20261007,937369,100,92.59
20261007,937373,942,100.0
20261007,937381,55,72.37
20261007,937385,2,100.0
20261007,937419,1,100.0
20261007,937451,5,100.0
20261007,937455,701,100.0
20261007,937537,413,62.29
20261007,937549,86,100.0
20261007,937619,17,100.0
20261007,937621,578,94.91
20261007,937637,50,100.0
20261007,937703,110,100.0
20261007,937743,200,100.0
20261007,937825,40,100.0
20261007,937833,400,100.0
20261007,938001,50,86.21
20261007,938011,5,100.0
20261007,938077,1380,73.4
20261007,938091,5,100.0
20261007,938105,105,100.0
20261007,938107,1100,100.0
20261007,938180,77,100.0
20261007,938212,273,100.0
20261007,938214,98,100.0
20261007,938218,10,100.0
20261007,938224,5,100.0
20261007,938256,100,100.0
20261007,938284,100,100.0
20261007,938336,2,100.0
20261007,938348,10,100.0
20261007,938364,150,73.53
20261007,938370,1111,97.8
20261007,938428,201,100.0
20261007,938524,201,100.0
20261007,938530,456,100.0
20261007,938552,148,100.0
20261007,938578,100,100.0
20261007,938604,29,100.0
20261007,938618,50,100.0
20261007,938632,50,100.0
20261007,938658,99,100.0
20261007,938850,7,100.0
20261007,938900,100,100.0
20261007,938908,84,62.69
20261007,938922,50,100.0
20261007,938952,630,100.0
20261007,938956,100,100.0
20261007,938990,3,100.0
20261007,939054,100,100.0
20261007,939092,4,100.0
20261007,939116,151,100.0
20261007,939178,58,100.0
20261007,939192,100,100.0
20261007,939194,100,100.0
20261007,939196,40,100.0
20261007,939208,151,100.0
20261007,939218,2000,100.0
20261007,939226,10,100.0
20261007,939240,15,100.0
20261007,939299,76,100.0
20261007,939303,68,77.27
20261007,939305,1,100.0
20261007,939337,1,100.0
20261007,939395,1,100.0
20261007,939409,10,100.0
20261007,939447,1,50.0
20261007,939461,750,100.0
20261007,939479,100,100.0
20261007,939563,1021,100.0
20261007,939577,24,100.0
20261007,939583,25,100.0
20261007,939623,10,100.0
20261007,939651,25,100.0
20261007,939655,10,100.0
20261007,939657,863,100.0
20261007,939727,4901,100.0
20261007,939729,1600,100.0
20261007,939731,50,100.0
20261007,939733,25,100.0
20261007,939743,2,100.0
20261007,939807,10,100.0
20261007,939817,1,50.0
20261007,939819,950,100.0
20261007,939835,20,100.0
20261007,939855,16,100.0
20261007,939857,1,100.0
20261007,939879,148,100.0
20261007,939899,75,100.0
20261007,939901,95,100.0
20261007,939915,16,100.0
20261007,939973,10,100.0
20261007,940049,200,100.0
20261007,940051,190,100.0
20261007,940097,3,100.0
20261007,940153,150,100.0
20261007,940159,40,100.0
20261007,940243,2000,100.0
20261007,940247,87,100.0
20261007,940253,5,100.0
20261007,940315,80,72.73
20261007,940317,500,100.0
20261007,940319,766,100.0
20261007,940335,236,100.0
20261007,940339,501,100.0
20261007,940347,290,100.0
20261007,940385,2,100.0
20261007,940409,50,100.0
20261007,940415,13,100.0
20261007,940421,18,100.0
20261007,940427,20,100.0
20261007,940443,2,100.0
20261007,940445,75,100.0
20261007,940461,125,55.56
20261007,940473,36,100.0
20261007,940479,866,100.0
20261007,940517,40,100.0
20261007,940571,186,100.0
20261007,940637,143,100.0
20261007,940645,10,100.0
20261007,940649,42,100.0
20261007,940661,5500,99.71
20261007,940663,74,56.92
20261007,940669,5,100.0
20261007,940675,160,100.0
20261007,940677,3,100.0
20261007,940681,250,100.0
20261007,940683,90,100.0
20261007,940685,1,100.0
20261007,940689,15,100.0
20261007,940699,25,100.0
20261007,940701,12,100.0
20261007,940703,5,100.0
20261007,940705,50,100.0
20261007,940711,10,100.0
20261007,940713,12,100.0
20261007,940715,344,78.54
20261007,940719,110,100.0
20261007,940723,100,100.0
20261007,940757,30,100.0
20261007,940761,5,100.0
20261007,940779,2,100.0
20261007,940785,604,100.0
20261007,940789,10,100.0
20261007,940799,150,64.38
20261007,940803,49,76.56
20261007,940821,10,100.0
20261007,940833,6,100.0
20261007,940835,20,100.0
20261007,940837,550,93.86
20261007,940841,1445,99.31
20261007,940843,21,100.0
20261007,940845,170,100.0
20261007,940847,19,24.05
20261007,940853,9,100.0
20261007,940855,63,100.0
20261007,940859,21,100.0
20261007,940866,10,100.0
20261007,940872,74,100.0
20261007,940886,9,100.0
20261007,940896,10,100.0
20261007,940900,50,100.0
20261007,940906,83,100.0
20261007,940915,81,100.0
20261007,940933,99,100.0
20261007,940947,238,100.0
20261007,940955,153,95.03
20261007,940963,40,100.0
20261007,940975,20,100.0
20261007,940983,50,100.0
20261007,940987,382,86.43
20261007,940993,10,100.0
20261007,940995,5,100.0
20261007,941007,11,100.0
20261007,941015,15,100.0
20261007,941035,379,100.0
20261007,941037,452,68.17
20261007,941041,10,100.0
20261007,941045,100,100.0
20261007,941049,12,100.0
20261007,941055,70,100.0
20261007,941063,371,100.0
20261007,941075,10,100.0
20261007,941093,110,100.0
20261007,941105,15,100.0
20261007,941111,500,100.0
20261007,941121,21,67.74
20261007,941135,18,100.0
20261007,941149,50,100.0
20261007,941157,57,100.0
20261007,941165,137,86.71
20261007,941173,709,100.0
20261007,941175,18,100.0
20261007,941185,387,99.49
20261007,941187,3,100.0
20261007,941189,1400,99.15
20261007,941193,2423,100.0
20261007,941195,348,99.43
20261007,941197,10,100.0
20261007,941199,3,100.0
20261007,941201,60,100.0
20261007,941205,10,100.0
20261007,941231,450,100.0
20261007,941237,5,100.0
20261007,941251,400,100.0
20261007,941253,113,100.0
20261007,941257,82,100.0
20261007,941261,211,100.0
20261007,941267,48,96.0
20261007,941273,42,100.0
20261007,941281,75,100.0
20261007,941285,36,100.0
20261007,941287,125,100.0
20261007,957809,1,100.0
20261007,957810,3,50.0
20261007,961718,2,100.0
20261007,961728,284,99.65
20261007,961730,935,100.0
20261007,961732,1069,100.0
20261007,961779,50,100.0
20261007,961785,1350,100.0
20261007,961816,675,100.0
20261007,961839,1,100.0
20261007,961885,58,100.0
20261007,961897,434,100.0
20261007,972715,10,100.0
20261007,972773,44,100.0
20261007,973491,7652,100.0
20261007,974288,1,100.0
20261007,974749,14,100.0
20261007,974998,2,100.0
20261007,975239,1,100.0
20261007,975272,5,100.0
20261007,975375,1,100.0
20261007,975449,3,100.0
20261007,975520,6,100.0
20261007,975571,1,100.0
20261007,975605,11,100.0
20261007,975632,3,100.0
20261007,975684,1,100.0
20261007,975790,1,50.0
20261007,976020,1,100.0
20261007,976148,25,100.0
20261007,976248,251,98.05
20261007,976289,5,100.0
20261007,976290,1,50.0
20261007,976293,4,100.0
20261007,976304,3,100.0
20261007,976307,27,100.0
20261007,976325,146,100.0
20261007,976427,10,100.0
20261007,976437,25,64.1
20261007,976530,70,100.0
20261007,976554,1,100.0
20261007,976560,3,75.0
20261007,976653,5,100.0
20261007,976685,2,100.0
20261007,976712,51,100.0
20261007,976727,1,100.0
20261007,976752,1,100.0
20261007,976757,1,100.0
20261007,976776,4,100.0
20261007,976778,2,100.0
20261007,976808,283,100.0
20261007,976821,2,100.0
20261007,976831,1,100.0
20261007,976855,1,100.0
20261007,976868,7,100.0
20261007,976875,1,50.0
20261007,976893,15,100.0
20261007,976905,6,100.0
20261007,976915,1,100.0
20261007,976933,1,100.0
20261007,976976,1,100.0
20261007,976985,103,100.0
20261007,977001,3,100.0
20261007,977017,53,98.15
20261007,977022,2,100.0
20261007,977023,11,100.0
20261007,977028,1,100.0
20261007,977044,10,100.0
20261007,977068,1,100.0
20261007,977093,4,80.0
20261007,977117,4,100.0
20261007,977128,1,100.0
20261007,977132,1,100.0
20261007,977134,32,100.0
20261007,977182,1,100.0
20261007,977200,1,100.0
20261007,977205,5,100.0
20261007,977226,4,100.0
20261007,977241,2,100.0
20261007,977249,7,100.0
20261007,977260,9,100.0
20261007,977280,1,100.0
20261007,977281,4,100.0
20261007,977288,3,100.0
20261007,977289,5,83.33
20261007,977298,17,100.0
20261007,977309,26,100.0
20261007,977329,1,100.0
20261007,977330,1,100.0
20261007,977331,5,100.0
20261007,977335,67,100.0
20261007,977367,11,100.0
20261007,977379,2,50.0
20261007,977382,6,100.0
20261007,977396,1,100.0
20261007,977407,3,100.0
20261007,977411,5,100.0
20261007,977424,376,100.0
20261007,977431,1,100.0
20261007,977440,12,100.0
20261007,977445,2,100.0
20261007,977477,6,100.0
20261007,977486,3,100.0
20261007,977495,40,100.0
20261007,977508,5,100.0
20261007,977509,1,100.0
20261007,977515,14,100.0
20261007,977516,7,100.0
20261007,977534,27,100.0
20261007,977541,48,100.0
20261007,977564,46,100.0
20261007,977576,13,100.0
20261007,977580,1,100.0
20261007,977582,1,100.0
20261007,977596,6,100.0
20261007,977621,42,100.0
20261007,977633,6,100.0
20261007,977642,2,100.0
20261007,977648,1,100.0
20261007,977649,6,100.0
20261007,977657,2,100.0
20261007,977662,5,100.0
20261007,977676,1,100.0
20261007,977680,4,100.0
20261007,977681,1,100.0
20261007,977696,1,100.0
20261007,977700,1,100.0
20261007,977725,10,100.0
20261007,977729,1,100.0
20261007,977732,111,97.37
20261007,977735,12,100.0
20261007,977736,1,100.0
20261007,977740,50,100.0
20261007,977753,18,90.0
20261007,977773,11,100.0
20261007,977774,1,100.0
20261007,977801,2,100.0
20261007,977839,6,100.0
20261007,977842,1,100.0
20261007,977852,1,100.0
20261007,977855,11,100.0
20261007,977868,55,100.0
20261007,977869,11,100.0
20261007,977874,8,100.0
20261007,977903,1,100.0
20261007,977913,4,100.0
20261007,977915,8,80.0
20261007,977932,11,100.0
20261007,977933,2,100.0
20261007,977935,325,100.0
20261007,977984,9,100.0
20261007,977986,3,100.0
20261007,977994,3,100.0
20261007,977996,5,100.0
20261007,978003,16,100.0
20261007,978004,1,100.0
20261007,978007,1,100.0
20261007,978024,19,95.0
20261007,978025,20,100.0
20261007,978034,6,100.0
20261007,978035,10,100.0
20261007,978039,54,100.0
20261007,978046,4,100.0
20261007,978051,5,100.0
20261007,978055,19,95.0
20261007,978068,1,100.0
20261007,978086,421,100.0
20261007,978087,5,100.0
20261007,978094,86,98.85
20261007,978163,7,77.78
20261007,978167,242,100.0
20261007,978169,702,100.0
20261007,978196,10,100.0
20261007,978197,17,100.0
20261007,978199,2,66.67
20261007,978229,6,100.0
20261007,978235,10,66.67
