DATE,SYMBOL,DELIV_QTY,DELIV_PER
20260918,500002,13847,75.38
20260918,500003,26924,44.1
20260918,500008,25009,61.37
20260918,500009,12759,100.0
20260918,500012,119035,77.34
20260918,500013,10,100.0
20260918,500014,2890,57.87
20260918,500016,1090,85.89
20260918,500020,27226,54.31
20260918,500023,279,86.92
20260918,500027,129337,99.09
20260918,500028,2769,66.31
20260918,500031,4045,67.65
20260918,500032,352603,40.42
20260918,500033,2157,58.16
20260918,500034,1007809,82.45
20260918,500038,21457,30.15
20260918,500039,3796,69.22
20260918,500040,6051,60.47
20260918,500041,5,100.0
20260918,500042,888,53.21
20260918,500043,11405,43.51
20260918,500048,20796,31.04
20260918,500049,366151,56.74
20260918,500051,1804,100.0
20260918,500052,35959,46.8
20260918,500058,68643,49.79
20260918,500059,5140,100.0
20260918,500060,33786,47.76
20260918,500067,61826,82.08
20260918,500068,17,70.83
20260918,500069,81,98.78
20260918,500074,1741,78.92
20260918,500078,1045,56.52
20260918,500083,26855,92.97
20260918,500084,61030,59.41
20260918,500085,26797,67.12
20260918,500086,83558,36.15
20260918,500087,6267,54.18
20260918,500089,49,80.33
20260918,500092,1031,73.64
20260918,500093,102843,50.09
20260918,500096,47770,65.09
20260918,500097,1467,43.49
20260918,500101,11423,35.41
20260918,500103,287847,62.64
20260918,500104,87091,64.82
20260918,500106,1001860,29.07
20260918,500108,31144,75.84
20260918,500109,125959,41.2
20260918,500110,30279,33.66
20260918,500112,106650,50.21
20260918,500113,222418,59.71
20260918,500114,18959,54.3
20260918,500116,448803,38.77
20260918,500117,14956,62.4
20260918,500119,31049,49.93
20260918,500120,37,80.43
20260918,500123,526,80.43
20260918,500124,47286,37.0
20260918,500125,17534,46.3
20260918,500126,202,80.16
20260918,500128,48110,66.14
20260918,500133,251,79.43
20260918,500135,44534,47.11
20260918,500136,1735,74.66
20260918,500142,2109,100.0
20260918,500143,10402,100.0
20260918,500144,21641,40.72
20260918,500147,675,83.96
20260918,500148,1774,52.33
20260918,500150,1033,63.49
20260918,500151,15,100.0
20260918,500153,14142,100.0
20260918,500160,13905,76.68
20260918,500163,7672,43.42
20260918,500164,2494,48.17
20260918,500165,6687,46.0
20260918,500166,6984,76.93
20260918,500168,838,86.75
20260918,500170,16,88.89
20260918,500171,10813,82.48
20260918,500173,635,92.97
20260918,500178,197,100.0
20260918,500179,67949,86.28
20260918,500180,4373687,86.52
20260918,500182,11372,72.13
20260918,500183,435904,100.0
20260918,500184,196351,72.96
20260918,500185,434306,53.24
20260918,500186,26585,68.88
20260918,500187,3113,51.04
20260918,500188,222872,61.57
20260918,500189,1222,95.62
20260918,500191,1366,100.0
20260918,500192,13444,93.71
20260918,500193,27530,89.05
20260918,500199,721,66.88
20260918,500201,50581,47.18
20260918,500202,1,100.0
20260918,500206,218,81.34
20260918,500207,52807,63.74
20260918,500209,172787,47.64
20260918,500210,5214,85.6
20260918,500213,597,75.09
20260918,500214,12512,52.78
20260918,500215,243,97.59
20260918,500219,221774,51.4
20260918,500220,1794,100.0
20260918,500227,2260,80.31
20260918,500228,13212,37.83
20260918,500233,7019,79.11
20260918,500234,80,100.0
20260918,500235,2900,59.88
20260918,500236,972,100.0
20260918,500238,17701,48.2
20260918,500239,575,62.84
20260918,500240,17411,100.0
20260918,500241,739,52.45
20260918,500243,280,70.18
20260918,500245,14067,71.51
20260918,500246,448,100.0
20260918,500247,94589,68.78
20260918,500248,200,100.0
20260918,500249,5258,62.03
20260918,500250,4800,82.5
20260918,500251,34645,79.91
20260918,500252,304,67.86
20260918,500253,22514,44.49
20260918,500257,124992,93.0
20260918,500259,53356,100.0
20260918,500260,7578,80.99
20260918,500262,425,100.0
20260918,500264,9931,96.65
20260918,500265,5256,62.76
20260918,500266,764,73.96
20260918,500267,642,100.0
20260918,500268,28563,54.64
20260918,500270,599,98.36
20260918,500271,47222,94.03
20260918,500277,504,100.0
20260918,500279,24035,79.81
20260918,500280,2377,65.37
20260918,500282,312,99.05
20260918,500284,759,89.4
20260918,500285,4437964,76.27
20260918,500288,502613,45.74
20260918,500290,159,56.79
20260918,500292,14296,63.2
20260918,500294,101071,59.07
20260918,500295,89222,49.69
20260918,500296,633,87.07
20260918,500298,816,76.98
20260918,500300,15392,87.36
20260918,500304,22499,57.84
20260918,500306,38394,29.04
20260918,500307,41,63.08
20260918,500312,297052,58.34
20260918,500313,5300,100.0
20260918,500314,21514,66.14
20260918,500317,2993,88.89
20260918,500319,3192,84.04
20260918,500322,25,100.0
20260918,500325,348502,72.37
20260918,500327,9336,85.3
20260918,500330,52579,37.72
20260918,500331,9843,54.39
20260918,500333,65,76.47
20260918,500335,78819,85.29
20260918,500336,12478,61.56
20260918,500337,9021,81.15
20260918,500338,58676,68.25
20260918,500339,56287,40.31
20260918,500342,322,100.0
20260918,500343,100,100.0
20260918,500346,103,98.1
20260918,500350,4188,100.0
20260918,500354,622,87.73
20260918,500355,17267,44.46
20260918,500356,2435,45.93
20260918,500357,671,100.0
20260918,500360,8917,100.0
20260918,500365,67978,69.79
20260918,500367,12451,43.83
20260918,500368,132525,78.1
20260918,500370,1000,100.0
20260918,500371,61016,100.0
20260918,500378,50687,55.76
20260918,500380,8234,59.14
20260918,500387,1449,39.28
20260918,500388,110,100.0
20260918,500390,53068,100.0
20260918,500399,4275,100.0
20260918,500400,458574,82.69
20260918,500402,3522,84.97
20260918,500403,3391,73.26
20260918,500404,7543,70.12
20260918,500405,38934,44.93
20260918,500407,1293,90.99
20260918,500408,10045,50.62
20260918,500410,12147,72.72
20260918,500411,4695,64.87
20260918,500412,39544,78.58
20260918,500413,14131,69.68
20260918,500414,157494,43.79
20260918,500418,2,100.0
20260918,500420,2504,42.53
20260918,500421,11844,100.0
20260918,500422,4210,100.0
20260918,500425,104749,64.91
20260918,500426,4450,82.21
20260918,500429,76,100.0
20260918,500439,16,94.12
20260918,500440,139816,47.49
20260918,500444,17008,63.58
20260918,500449,71309,68.48
20260918,500456,11725,80.37
20260918,500458,7262,73.64
20260918,500459,671,71.46
20260918,500460,12711,98.48
20260918,500463,20423,53.53
20260918,500464,1586,100.0
20260918,500467,264,98.88
20260918,500469,208393,52.36
20260918,500470,642867,59.22
20260918,500472,9065,69.04
20260918,500477,367376,56.19
20260918,500480,14207,60.29
20260918,500483,6914,67.2
20260918,500488,1971,66.79
20260918,500490,849,71.52
20260918,500493,183828,83.78
20260918,500495,1290,61.08
20260918,500500,102144,80.55
20260918,500510,35480,69.66
20260918,500520,136698,77.96
20260918,500530,297,51.92
20260918,500540,1084,100.0
20260918,500547,49456,52.67
20260918,500550,28285,65.48
20260918,500570,429560,55.58
20260918,500575,11343,54.07
20260918,500620,26386,63.99
20260918,500645,6342,41.69
20260918,500650,772,92.23
20260918,500655,809,62.42
20260918,500660,4772,74.18
20260918,500670,21551,28.41
20260918,500672,3971,48.14
20260918,500674,455,65.94
20260918,500680,2463,61.06
20260918,500690,20026,62.58
20260918,500696,23136,60.71
20260918,500710,741,69.64
20260918,500730,36928,65.22
20260918,500770,435742,42.91
20260918,500777,27747,47.31
20260918,500780,694,71.11
20260918,500790,106197,67.54
20260918,500800,28200,60.96
20260918,500820,13055,60.01
20260918,500825,5041,59.5
20260918,500830,7764,58.09
20260918,500840,4080895,97.68
20260918,500850,68742,68.47
20260918,500870,242635,56.43
20260918,500875,12789189,98.34
20260918,500877,24298,53.0
20260918,500878,7993,52.25
20260918,500890,1,100.0
20260918,500940,20983,60.34
20260918,501148,31,100.0
20260918,501150,2396,86.09
20260918,501151,5,100.0
20260918,501242,7479,97.71
20260918,501261,12433276,100.0
20260918,501295,7602,91.63
20260918,501298,1,100.0
20260918,501301,59280,35.89
20260918,501314,94792,90.2
20260918,501343,10043,23.2
20260918,501351,28,100.0
20260918,501370,187,74.21
20260918,501391,267,95.02
20260918,501421,92,61.33
20260918,501423,4105,48.12
20260918,501425,1863940,95.39
20260918,501430,3,100.0
20260918,501455,89929,74.18
20260918,501700,5463,73.56
20260918,501831,21875,86.52
20260918,501833,1745,99.94
20260918,501848,7310,76.85
20260918,501945,13754,100.0
20260918,502015,11028,99.24
20260918,502090,1234,90.8
20260918,502137,713,65.41
20260918,502157,510,60.79
20260918,502168,175,70.28
20260918,502175,7371,74.73
20260918,502180,14224,93.1
20260918,502219,19517,57.08
20260918,502250,21,100.0
20260918,502281,8204,100.0
20260918,502294,3,100.0
20260918,502330,22996,57.72
20260918,502355,9495,54.53
20260918,502420,17554,87.37
20260918,502445,1155,99.65
20260918,502448,91775,100.0
20260918,502450,2478,92.53
20260918,502587,1946,87.9
20260918,502589,416,100.0
20260918,502865,7383,74.34
20260918,502873,865,99.88
20260918,502893,16,94.12
20260918,502901,385,85.94
20260918,502933,7,100.0
20260918,502937,52443,100.0
20260918,502986,4178,42.51
20260918,503031,14328,79.7
20260918,503100,3346,54.58
20260918,503101,2736,61.69
20260918,503127,24,100.0
20260918,503162,373,96.38
20260918,503169,1006,61.04
20260918,503229,16,88.89
20260918,503310,26462,60.21
20260918,503349,54,100.0
20260918,503624,201,100.0
20260918,503635,507,100.0
20260918,503639,15471,100.0
20260918,503641,232355,83.1
20260918,503657,3452,69.16
20260918,503659,627,100.0
20260918,503663,402301,81.73
20260918,503675,5590,100.0
20260918,503681,8,72.73
20260918,503722,1461,56.74
20260918,503804,121,100.0
20260918,503806,4341,48.15
20260918,503811,1970,67.08
20260918,503816,4255,81.37
20260918,503837,154,100.0
20260918,503960,461,74.84
20260918,504000,7260,87.98
20260918,504028,14856,100.0
20260918,504036,1009,60.24
20260918,504058,134,93.06
20260918,504067,43913,55.15
20260918,504076,28241,74.26
20260918,504080,59,93.65
20260918,504084,170,88.08
20260918,504092,3611,64.95
20260918,504093,922,77.48
20260918,504112,24287,58.1
20260918,504132,417,60.96
20260918,504176,10175,83.22
20260918,504180,3852,57.79
20260918,504212,2453,42.52
20260918,504220,5794,98.1
20260918,504240,4823,100.0
20260918,504258,1245,74.68
20260918,504273,37596,100.0
20260918,504286,311,94.24
20260918,504340,702,92.25
20260918,504341,17825,79.07
20260918,504351,231226,100.0
20260918,504356,2001,90.91
20260918,504369,5301,100.0
20260918,504378,41862,83.96
20260918,504380,195,79.59
20260918,504392,1315,100.0
20260918,504397,7216,100.0
20260918,504605,161,60.07
20260918,504614,24992,75.54
20260918,504646,1529,100.0
20260918,504648,287,61.19
20260918,504731,3370,72.8
20260918,504741,4621,74.68
20260918,504746,18316,84.06
20260918,504786,1088,100.0
20260918,504840,22,100.0
20260918,504879,5531,87.06
20260918,504882,178,81.28
20260918,504903,22452,100.0
20260918,504908,147,60.25
20260918,504918,11461,47.03
20260918,504959,232,76.07
20260918,504973,7189,75.19
20260918,505010,351,70.91
20260918,505029,15306,99.58
20260918,505036,293,79.84
20260918,505075,6198,100.0
20260918,505160,32041,41.17
20260918,505163,88,82.24
20260918,505192,1009,52.88
20260918,505196,14251,100.0
20260918,505200,2728,41.02
20260918,505212,442,98.44
20260918,505216,13,100.0
20260918,505232,77,100.0
20260918,505242,312,61.3
20260918,505255,16502,39.02
20260918,505283,7418,64.09
20260918,505299,915,81.7
20260918,505302,92,100.0
20260918,505324,86384,63.13
20260918,505336,1929328,100.0
20260918,505343,445286,67.51
20260918,505355,1883,83.76
20260918,505358,2560,40.25
20260918,505368,130,100.0
20260918,505400,3591,44.73
20260918,505412,297,57.34
20260918,505502,124290,100.0
20260918,505504,20228,100.0
20260918,505509,8573,64.47
20260918,505515,8355,63.03
20260918,505523,595592,57.9
20260918,505526,4926,97.56
20260918,505533,977,79.63
20260918,505537,288201,29.63
20260918,505590,4989,48.3
20260918,505650,7818,62.37
20260918,505681,2,100.0
20260918,505685,4,100.0
20260918,505688,491,100.0
20260918,505690,474,97.53
20260918,505693,79571,83.49
20260918,505700,7489,54.79
20260918,505710,303057,42.81
20260918,505712,8945,100.0
20260918,505714,8711,53.48
20260918,505720,2336,71.07
20260918,505725,95276,11.03
20260918,505726,1033,62.45
20260918,505729,1292,51.72
20260918,505737,294,89.63
20260918,505744,6482,71.12
20260918,505750,3626,83.8
20260918,505790,18677,68.32
20260918,505797,20425,93.16
20260918,505800,1980,72.9
20260918,505827,8953,78.51
20260918,505840,1111,100.0
20260918,505850,623,77.78
20260918,505854,697,91.23
20260918,505872,4348,78.61
20260918,505890,1148,58.54
20260918,505893,1332,58.83
20260918,505978,274,78.74
20260918,506003,1864,100.0
20260918,506022,14724,62.65
20260918,506074,57577,100.0
20260918,506076,2655,86.85
20260918,506079,501,100.0
20260918,506105,112,100.0
20260918,506109,16410,42.34
20260918,506122,358512,100.0
20260918,506128,534,79.35
20260918,506134,2664,100.0
20260918,506146,75524,69.56
20260918,506166,2178,42.35
20260918,506180,40,100.0
20260918,506184,14600,86.1
20260918,506186,4041,65.72
20260918,506194,96,97.96
20260918,506197,9828,100.0
20260918,506222,1229,75.54
20260918,506235,34109,65.24
20260918,506248,223,41.76
20260918,506260,9402,69.64
20260918,506261,4379,100.0
20260918,506285,3257,87.04
20260918,506365,526,100.0
20260918,506395,11338,73.18
20260918,506401,118276,85.85
20260918,506405,2648,74.44
20260918,506414,1970,55.79
20260918,506480,45156,67.95
20260918,506520,17794,58.31
20260918,506525,5402,100.0
20260918,506528,221,100.0
20260918,506530,7,100.0
20260918,506532,298,81.64
20260918,506543,19,100.0
20260918,506579,12322,95.09
20260918,506590,83687,66.08
20260918,506597,7104,79.01
20260918,506605,136,68.0
20260918,506618,473,96.14
20260918,506640,1091,99.09
20260918,506642,98792,100.0
20260918,506655,14406,49.08
20260918,506680,1951,92.77
20260918,506685,5801,70.99
20260918,506687,368,100.0
20260918,506690,1398,47.49
20260918,506734,349,100.0
20260918,506767,5607,81.28
20260918,506808,1378,65.59
20260918,506820,250,62.19
20260918,506852,23388,92.39
20260918,506854,4908,60.61
20260918,506858,828,99.88
20260918,506863,425,78.85
20260918,506879,14901,53.27
20260918,506935,101,100.0
20260918,506947,1433,100.0
20260918,506979,2712,82.99
20260918,506981,52,100.0
20260918,507155,11181,88.07
20260918,507180,118602,100.0
20260918,507205,51131,46.13
20260918,507265,32,100.0
20260918,507300,20,100.0
20260918,507315,4527,71.85
20260918,507410,16429,49.06
20260918,507438,92,81.42
20260918,507474,3181,97.34
20260918,507486,1,100.0
20260918,507488,13942,93.68
20260918,507490,15517,90.35
20260918,507498,1330,65.68
20260918,507514,24787,70.53
20260918,507515,632,80.51
20260918,507526,1535,64.33
20260918,507552,2101,82.36
20260918,507580,399,100.0
20260918,507598,1355,94.76
20260918,507609,54,72.97
20260918,507621,3089,82.97
20260918,507685,468973,70.07
20260918,507690,2740,95.11
20260918,507717,830,86.64
20260918,507747,1086,78.41
20260918,507753,20821,68.52
20260918,507759,89,100.0
20260918,507779,3378,86.79
20260918,507785,100,95.24
20260918,507789,1570,78.15
20260918,507794,7118,72.28
20260918,507813,1267,87.08
20260918,507815,1201,90.23
20260918,507828,9616,89.43
20260918,507833,8595,65.1
20260918,507836,4285,91.7
20260918,507852,7,58.33
20260918,507872,999,99.9
20260918,507878,452951,61.1
20260918,507880,37679,76.88
20260918,507910,335,86.56
20260918,507912,13971,69.51
20260918,507944,956,97.75
20260918,507946,210,100.0
20260918,507948,241,66.39
20260918,507960,1096,84.57
20260918,507962,3163,100.0
20260918,507966,1113,95.45
20260918,507968,554,100.0
20260918,507970,144,61.02
20260918,507981,1723,66.5
20260918,507998,3973,91.52
20260918,508486,18,58.06
20260918,508494,3804,65.35
20260918,508571,110,73.33
20260918,508664,698,100.0
20260918,508670,6,100.0
20260918,508807,64,64.65
20260918,508814,857,77.14
20260918,508869,21891,85.68
20260918,508875,591,100.0
20260918,508905,1241,100.0
20260918,508906,50,100.0
20260918,508918,873,73.86
20260918,508933,1149,57.48
20260918,508941,1953,98.49
20260918,508954,2205,81.76
20260918,508956,6963,98.5
20260918,508961,3,100.0
20260918,508963,11,100.0
20260918,508969,16067,93.98
20260918,508980,25040,100.0
20260918,508989,3526,81.26
20260918,509009,1834,70.0
20260918,509015,5,100.0
20260918,509020,3617,82.54
20260918,509024,2087,87.69
20260918,509026,48,97.96
20260918,509038,117,100.0
20260918,509040,55,70.51
20260918,509046,27,100.0
20260918,509048,10614,100.0
20260918,509051,1208309,60.46
20260918,509053,12149,87.83
20260918,509055,26400,53.79
20260918,509069,2771,92.52
20260918,509073,530,100.0
20260918,509079,3268,82.65
20260918,509152,10586,51.42
20260918,509162,1374,100.0
20260918,509196,222,99.11
20260918,509220,910,88.44
20260918,509243,98,53.26
20260918,509423,817,95.0
20260918,509438,47,90.38
20260918,509449,774,90.53
20260918,509470,2,100.0
20260918,509472,36,100.0
20260918,509480,381096,94.91
20260918,509486,300,100.0
20260918,509488,290120,76.47
20260918,509496,5114,73.09
20260918,509525,248,99.6
20260918,509546,1968,100.0
20260918,509557,2865,55.58
20260918,509563,1918,97.56
20260918,509567,1575,80.28
20260918,509597,29,87.88
20260918,509631,303075,100.0
20260918,509635,1173,86.5
20260918,509675,187,77.92
20260918,509692,14,87.5
20260918,509709,1603,96.05
20260918,509715,1389,99.78
20260918,509732,3626,34.26
20260918,509760,54,100.0
20260918,509762,700,100.0
20260918,509820,4743,58.15
20260918,509874,1580,100.0
20260918,509895,354,93.9
20260918,509930,7872,44.67
20260918,509953,1,100.0
20260918,509966,16081,71.68
20260918,510245,22729,78.46
20260918,511000,883,92.56
20260918,511012,151512,100.0
20260918,511016,7567,100.0
20260918,511018,29615,58.38
20260918,511034,8281,45.24
20260918,511066,2857,98.01
20260918,511076,13983,30.49
20260918,511092,5646,100.0
20260918,511108,210,99.53
20260918,511110,1437,100.0
20260918,511116,2359007,100.0
20260918,511122,10,100.0
20260918,511131,841,100.0
20260918,511144,7259,100.0
20260918,511147,747,93.49
20260918,511153,927,100.0
20260918,511169,1635,100.0
20260918,511176,56,100.0
20260918,511185,100,100.0
20260918,511187,1920,100.0
20260918,511194,743,100.0
20260918,511196,5334,52.22
20260918,511208,7162,83.94
20260918,511218,77715,60.27
20260918,511243,5227,66.44
20260918,511246,3,100.0
20260918,511260,3581,72.37
20260918,511333,1064,99.91
20260918,511355,22982,100.0
20260918,511359,250,88.65
20260918,511377,1367,100.0
20260918,511391,1275,69.41
20260918,511401,51,100.0
20260918,511411,4226,72.89
20260918,511413,351,99.43
20260918,511431,45319,91.23
20260918,511441,568,100.0
20260918,511447,1812207,60.67
20260918,511451,179,100.0
20260918,511463,11533,100.0
20260918,511473,1262,87.82
20260918,511493,24856,100.0
20260918,511501,2625,96.19
20260918,511505,13923,100.0
20260918,940763,50,50.0
20260918,940777,100,100.0
20260918,940787,1,50.0
20260918,940789,3,100.0
20260918,940817,5,100.0
20260918,940821,1,100.0
20260918,940837,131,100.0
20260918,940841,20,100.0
20260918,940843,17,100.0
20260918,940853,1,100.0
20260918,940855,21,95.45
20260918,940872,60,100.0
20260918,940874,400,100.0
20260918,940886,49,59.04
20260918,940896,130,100.0
20260918,940898,116,57.43
20260918,940904,10,100.0
20260918,940906,10,100.0
20260918,940943,30,100.0
20260918,940945,100,100.0
20260918,940955,5,100.0
20260918,940967,20,100.0
20260918,940969,9,100.0
20260918,940991,10,100.0
20260918,940993,50,100.0
20260918,941013,40,100.0
20260918,941015,105,100.0
20260918,941021,64,100.0
20260918,941037,131,99.24
20260918,941039,45,100.0
20260918,941051,178,100.0
20260918,941055,132,100.0
20260918,941087,20,100.0
20260918,941089,10,100.0
20260918,941093,7,100.0
20260918,941115,54,100.0
20260918,941125,1119,100.0
20260918,941127,255,100.0
20260918,941135,20,100.0
20260918,941137,90,100.0
20260918,941143,150,100.0
20260918,941151,277,100.0
20260918,941157,185,98.4
20260918,941159,100,100.0
20260918,941163,2,100.0
20260918,941167,10,100.0
20260918,941173,12,100.0
20260918,941175,20,100.0
20260918,941185,245,92.8
20260918,941189,225,100.0
20260918,941193,1321,100.0
20260918,941195,488,99.8
20260918,941201,143,100.0
20260918,941203,355,89.87
20260918,941223,50,100.0
20260918,941231,830,100.0
20260918,941233,100,66.67
20260918,957810,1,100.0
20260918,958025,2,100.0
20260918,961728,91,100.0
20260918,961730,87,100.0
20260918,961734,400,65.57
20260918,961751,100,100.0
20260918,961756,2,100.0
20260918,961776,105,100.0
20260918,961804,11,100.0
20260918,961816,50,98.04
20260918,961822,455,95.79
20260918,961839,1,100.0
20260918,961841,2,100.0
20260918,961851,200,97.56
20260918,961875,140,100.0
20260918,961908,103,100.0
20260918,961921,138,100.0
20260918,972706,1,100.0
20260918,972715,47,100.0
20260918,972721,4,50.0
20260918,973491,1268,95.63
20260918,974634,2,100.0
20260918,975010,1,100.0
20260918,975057,2,100.0
20260918,975229,2,100.0
20260918,975263,6,100.0
20260918,975282,2,100.0
20260918,975375,31,100.0
20260918,975572,3,60.0
20260918,975808,1,100.0
20260918,976036,10,100.0
20260918,976089,5,100.0
20260918,976146,7,100.0
20260918,976173,1,100.0
20260918,976248,2,100.0
20260918,976292,2,100.0
20260918,976307,1,100.0
20260918,976325,213,100.0
20260918,976346,1,100.0
20260918,976376,1,100.0
20260918,976411,2,100.0
20260918,976421,6,100.0
20260918,976437,25,92.59
20260918,976448,1,100.0
20260918,976483,1,100.0
20260918,976653,2,100.0
20260918,976685,7,100.0
20260918,976712,19,100.0
20260918,976727,6,100.0
20260918,976778,3,100.0
20260918,976788,2,100.0
20260918,976808,246,96.09
20260918,976832,8,100.0
20260918,976855,1,100.0
20260918,976868,2,100.0
20260918,976893,1,100.0
20260918,976924,1,100.0
20260918,976967,1,100.0
20260918,976968,2,100.0
20260918,977017,64,88.89
20260918,977038,10,100.0
20260918,977044,43,84.31
20260918,977090,1,100.0
20260918,977107,1,100.0
20260918,977117,1,100.0
20260918,977123,1,100.0
20260918,977128,1,100.0
20260918,977134,1,100.0
20260918,977172,1,100.0
20260918,977173,1,100.0
20260918,977176,1,100.0
20260918,977226,2,100.0
20260918,977228,12,100.0
20260918,977241,42,95.45
20260918,977249,39,100.0
20260918,977250,7,100.0
20260918,977260,5,100.0
20260918,977280,1,100.0
20260918,977288,1,100.0
20260918,977298,28,100.0
20260918,977309,7,100.0
20260918,977325,2,100.0
20260918,977331,7,100.0
20260918,977333,2,100.0
20260918,977356,27,100.0
20260918,977367,190,100.0
20260918,977382,8,57.14
20260918,977383,5,100.0
20260918,977396,1,100.0
20260918,977403,1,33.33
20260918,977411,8,100.0
20260918,977417,1,100.0
20260918,977424,1,100.0
20260918,977431,1,100.0
20260918,977445,5,100.0
20260918,977477,307,100.0
20260918,977486,1,100.0
20260918,977495,9,100.0
20260918,977502,6,100.0
20260918,977508,12,100.0
20260918,977532,326,100.0
20260918,977534,1,100.0
20260918,977541,62,91.18
20260918,977544,1,100.0
20260918,977546,1,100.0
20260918,977564,68,100.0
20260918,977576,12,100.0
20260918,977596,12,100.0
20260918,977633,1,100.0
20260918,977643,1,100.0
20260918,977648,5,50.0
20260918,977649,107,86.29
20260918,977662,44,84.62
20260918,977676,10,100.0
20260918,977680,2,100.0
20260918,977694,3,100.0
20260918,977696,1,100.0
20260918,977700,16,55.17
20260918,977710,3,100.0
20260918,977712,1,100.0
20260918,977725,3,100.0
20260918,977730,16,100.0
20260918,977732,156,92.31
20260918,977740,35,100.0
20260918,977753,20,100.0
20260918,977773,11,100.0
20260918,977774,2,100.0
20260918,977801,28,84.85
20260918,977806,2,100.0
20260918,977818,2,100.0
20260918,977842,1,100.0
20260918,977846,23,100.0
20260918,977852,6,75.0
20260918,977868,90,100.0
20260918,977869,90,100.0
20260918,977877,14,100.0
20260918,977894,14,100.0
20260918,977902,5200,100.0
20260918,977903,1,100.0
20260918,977913,4,100.0
20260918,977932,1,100.0
20260918,977935,230,99.57
20260918,977984,7,100.0
20260918,978007,11,100.0
20260918,978019,10,100.0
20260918,978024,22,50.0
20260918,978025,9,100.0
20260918,978035,4,100.0
20260918,978039,9,100.0
20260918,978051,107,100.0
20260918,978055,2,100.0
20260918,978068,5,100.0
20260918,978075,45,100.0
20260918,978087,4,100.0
20260918,978094,21,63.64
20260918,978115,7,100.0
20260918,511507,71,100.0
20260918,511509,9167,77.73
20260918,511523,29583,100.0
20260918,511525,73612,95.46
20260918,511533,254,100.0
20260918,511535,1427,96.88
20260918,511539,10,100.0
20260918,511543,895,100.0
20260918,511549,80,86.96
20260918,511551,4944,82.79
20260918,511557,295875,100.0
20260918,511559,3,100.0
20260918,511571,1240,100.0
20260918,511577,103,97.17
20260918,511589,2469,81.24
20260918,511593,95,61.29
20260918,511601,2039,63.36
20260918,511605,1483,92.98
20260918,511609,714,99.86
20260918,511611,9038,92.79
20260918,511626,278,100.0
20260918,511628,102495,38.51
20260918,511630,1382,100.0
20260918,511644,290961,58.08
20260918,511654,810,93.1
20260918,511658,32847,99.08
20260918,511664,1600,100.0
20260918,511672,10255,100.0
20260918,511676,1336,69.37
20260918,511692,10084,82.75
20260918,511696,44,81.48
20260918,511700,2403037,56.45
20260918,511702,2096,96.28
20260918,511710,16495,100.0
20260918,511712,653,94.64
20260918,511714,252,80.77
20260918,511716,2088,100.0
20260918,511724,12101,78.53
20260918,511726,69,100.0
20260918,511728,1000,99.4
20260918,511734,17,100.0
20260918,511740,19,100.0
20260918,511742,3176,75.78
20260918,511754,1763,98.6
20260918,511756,584,100.0
20260918,511758,4,50.0
20260918,511764,3824,99.95
20260918,511766,781,92.98
20260918,511768,16739,61.47
20260918,512008,7208,66.98
20260918,512014,537,86.47
20260918,512018,51734,65.56
20260918,512025,20958,73.2
20260918,512036,25,100.0
20260918,512038,64448,68.62
20260918,512047,54193,81.33
20260918,512048,62871,93.41
20260918,512062,172,100.0
20260918,512064,11,100.0
20260918,512065,958,100.0
20260918,512068,122345,53.22
20260918,512070,233913,86.4
20260918,512093,66092,100.0
20260918,512097,224362,83.29
20260918,512099,43,100.0
20260918,512103,205,57.58
20260918,512115,2219,83.08
20260918,512131,3347,100.0
20260918,512149,1223176,71.86
20260918,512161,723,97.7
20260918,512165,1270,96.36
20260918,512169,119801,100.0
20260918,512175,15571,72.08
20260918,512179,3891,60.65
20260918,512197,3003,100.0
20260918,512217,4641,100.0
20260918,512229,1453,100.0
20260918,512237,6618,57.35
20260918,512247,17368,75.29
20260918,512257,21513,72.24
20260918,512267,390,97.5
20260918,512277,1511,84.74
20260918,512296,19747,52.94
20260918,512301,13533,100.0
20260918,512329,4929,58.35
20260918,512344,89,100.0
20260918,512345,62,100.0
20260918,512359,6647265,41.82
20260918,512361,151233,71.47
20260918,512379,89272,100.0
20260918,512393,300,100.0
20260918,512399,23900,79.91
20260918,512415,21085,69.38
20260918,512425,11,100.0
20260918,512437,141,100.0
20260918,512441,4574834,50.6
20260918,512443,58308,95.1
20260918,512455,6027,54.49
20260918,512463,70801,49.15
20260918,512477,65,100.0
20260918,512489,44129,100.0
20260918,512493,849,66.8
20260918,512499,1846204,100.0
20260918,512519,515,91.64
20260918,512527,228,100.0
20260918,512529,28213,39.94
20260918,512531,111,77.08
20260918,512559,2855,62.83
20260918,512573,19872,61.53
20260918,512587,1900,80.68
20260918,512589,136,98.55
20260918,512591,1400024,52.56
20260918,512595,712,83.67
20260918,512597,37,97.37
20260918,512599,24513,42.22
20260918,512600,17941,86.88
20260918,512608,20356,89.32
20260918,512618,1281,100.0
20260918,512624,11946,50.22
20260918,512626,5,100.0
20260918,512634,3322,96.57
20260918,513005,6415,92.85
20260918,513023,32669,69.36
20260918,513043,999,61.33
20260918,513059,6978,100.0
20260918,513063,7485,87.8
20260918,513097,3415,49.54
20260918,513108,140,42.42
20260918,513117,319,98.76
20260918,513119,83097,92.79
20260918,513121,179,100.0
20260918,513149,22,100.0
20260918,513173,2930,85.42
20260918,513228,9394,76.45
20260918,513250,413041,80.77
20260918,513252,8,53.33
20260918,513262,48733,47.93
20260918,513269,19366,36.98
20260918,513295,788,59.03
20260918,513303,89,97.8
20260918,513307,9462,96.46
20260918,513337,1560398,25.76
20260918,513343,10,100.0
20260918,513349,6687,65.78
20260918,513353,9701,72.82
20260918,513361,482304,81.32
20260918,513369,412,100.0
20260918,513375,20230,60.61
20260918,513377,43386,59.47
20260918,513397,220,100.0
20260918,513418,23083,100.0
20260918,513430,50,100.0
20260918,513436,721,100.0
20260918,513452,1,100.0
20260918,513456,1829,94.96
20260918,513460,1574,100.0
20260918,513472,449591,71.89
20260918,513488,156,100.0
20260918,513496,1135,100.0
20260918,513498,1226,95.41
20260918,513502,129005,65.17
20260918,513509,440,100.0
20260918,513511,255,91.07
20260918,513513,3507,73.72
20260918,513517,3722,59.1
20260918,513519,4163,50.51
20260918,513528,1619,100.0
20260918,513532,136,100.0
20260918,513536,18496,55.83
20260918,513540,100,100.0
20260918,513544,794,100.0
20260918,513548,5,100.0
20260918,513554,715,100.0
20260918,513566,6504,100.0
20260918,513575,12964,65.59
20260918,513599,244677,53.99
20260918,513629,2108,66.86
20260918,513642,172,98.85
20260918,513683,82894,66.78
20260918,513687,723,100.0
20260918,513693,4535,90.75
20260918,513699,11,91.67
20260918,513709,418,88.75
20260918,513713,7028,71.89
20260918,513721,244,100.0
20260918,514010,188272,100.0
20260918,514028,86,69.35
20260918,514030,2461,64.16
20260918,514036,447,98.89
20260918,514043,14098,53.01
20260918,514060,27962,100.0
20260918,514087,522,72.2
20260918,514113,224,100.0
20260918,514138,1001,100.0
20260918,514142,8570,96.45
20260918,514162,92307,46.38
20260918,514165,6379,81.05
20260918,514167,1547,70.57
20260918,514171,279,100.0
20260918,514175,58068,95.39
20260918,514183,3749,100.0
20260918,514197,807,65.4
20260918,514211,90500,75.68
20260918,514223,500,100.0
20260918,514234,231,90.23
20260918,514238,918,87.76
20260918,514240,1663,99.82
20260918,514260,1892,100.0
20260918,514264,214,58.31
20260918,514266,5987,99.75
20260918,514272,5069,99.2
20260918,514274,2964,89.6
20260918,514280,447,100.0
20260918,514286,37046,73.04
20260918,514300,3550,100.0
20260918,514302,202,94.84
20260918,514312,1220,3.46
20260918,514316,3349,96.93
20260918,514318,4,100.0
20260918,514322,180,100.0
20260918,514324,424,95.93
20260918,514326,162,99.39
20260918,514330,2599,91.13
20260918,514332,601,73.38
20260918,514336,3095,100.0
20260918,514354,2021,48.34
20260918,514358,578,100.0
20260918,514360,70884,71.57
20260918,514378,1293,97.22
20260918,514386,1077168,43.42
20260918,514400,2464,75.49
20260918,514402,41135,95.53
20260918,514414,160,100.0
20260918,514418,202,97.12
20260918,514440,41249,70.62
20260918,514442,3622,100.0
20260918,514448,2042,72.26
20260918,514450,313,100.0
20260918,514454,49,100.0
20260918,514470,52028,90.42
20260918,515008,55496,100.0
20260918,515018,2504,99.92
20260918,515030,1107,54.13
20260918,515037,10036,99.43
20260918,515043,9383,60.11
20260918,515055,65920,57.12
20260918,515059,199,99.5
20260918,515085,722,89.36
20260918,515093,6572,99.67
20260918,515147,6428,100.0
20260918,516003,928,88.05
20260918,516016,68,97.14
20260918,516022,7,100.0
20260918,516030,5439,68.21
20260918,516032,435541,80.46
20260918,516038,17673,62.51
20260918,516062,51,100.0
20260918,516064,1881,65.95
20260918,516072,3147,63.32
20260918,516078,846,100.0
20260918,516082,2978,86.49
20260918,516092,2,100.0
20260918,516096,545,95.61
20260918,516098,21367,54.55
20260918,516106,4510,58.14
20260918,516108,4917,75.73
20260918,516110,32216,66.31
20260918,517015,534,38.39
20260918,517035,517345,39.99
20260918,517041,928,65.72
20260918,517059,3969,72.45
20260918,517063,5412,92.06
20260918,517077,285,100.0
20260918,517096,687,99.42
20260918,517119,13165,47.13
20260918,517146,29630,60.61
20260918,517168,4379,76.3
20260918,517170,4256,80.9
20260918,517172,495,100.0
20260918,517174,134,53.6
20260918,517201,2503,100.0
20260918,517206,205,48.01
20260918,517214,34910,90.94
20260918,517230,1,100.0
20260918,517236,1373,91.41
20260918,517238,1035,100.0
20260918,517246,16914,100.0
20260918,517258,2004,100.0
20260918,517264,1979,81.71
20260918,517271,39538,46.06
20260918,517273,26,100.0
20260918,517286,66675,100.0
20260918,517288,617,100.0
20260918,517300,23906,70.8
20260918,517320,6755,100.0
20260918,517334,1059253,84.04
20260918,517336,5600,100.0
20260918,517344,474,97.33
20260918,517354,12642,59.13
20260918,517356,146147,100.0
20260918,517360,434,72.58
20260918,517370,3,100.0
20260918,517372,5635,51.65
20260918,517380,981,60.0
20260918,517385,4609,78.2
20260918,517393,169701,100.0
20260918,517397,1748,76.63
20260918,517399,104881,86.41
20260918,517411,7,100.0
20260918,517415,23419,100.0
20260918,517417,20252,96.42
20260918,517421,400,54.42
20260918,517429,366,100.0
20260918,517431,42505,82.67
20260918,517437,1,100.0
20260918,517447,3698,99.97
20260918,517449,1902,87.01
20260918,517467,186365,50.16
20260918,517477,739,99.46
20260918,517494,3147,98.93
20260918,517498,59162,59.1
20260918,517500,14808,59.07
20260918,517506,2429,78.3
20260918,517514,3355,65.06
20260918,517522,6046,55.33
20260918,517530,7779,54.86
20260918,517536,1040,55.67
20260918,517544,363,45.38
20260918,517546,6715,77.39
20260918,517554,24925642,100.0
20260918,517556,17512,23.39
20260918,517562,1188,91.6
20260918,517569,5054,44.87
20260918,518053,3025,93.16
20260918,518075,1581,100.0
20260918,518091,145,97.32
20260918,519003,444,83.62
20260918,519031,329,100.0
20260918,519091,29,80.56
20260918,519097,5822,100.0
20260918,519105,1341,63.4
20260918,519126,1485,52.73
20260918,519136,103,78.03
20260918,519152,8,72.73
20260918,519156,357,62.52
20260918,519174,45,100.0
20260918,519183,5036,64.81
20260918,519191,11824,100.0
20260918,519214,1119,100.0
20260918,519216,19228,77.64
20260918,519230,1104,100.0
20260918,519234,360,78.09
20260918,519238,1614,100.0
20260918,519242,13399,97.36
20260918,519260,291,100.0
20260918,519262,4821,96.02
20260918,519279,605,100.0
20260918,519285,70,100.0
20260918,519287,124480,71.47
20260918,519295,2896,99.83
20260918,519299,3887,100.0
20260918,519307,41569,100.0
20260918,519331,64,100.0
20260918,519353,2000,100.0
20260918,519359,2075,88.86
20260918,519367,50,100.0
20260918,519383,22,91.67
20260918,519397,8674,74.49
20260918,519413,100,100.0
20260918,519421,1318,66.87
20260918,519439,275,100.0
20260918,519457,277,82.69
20260918,519463,3630,88.49
20260918,519471,222,100.0
20260918,519475,500,100.0
20260918,519477,19359,47.54
20260918,519479,1001,100.0
20260918,519483,831,87.75
20260918,519500,2114,87.65
20260918,519506,300,100.0
20260918,519532,1033,91.17
20260918,519552,18244,56.09
20260918,519566,223,100.0
20260918,519574,1000,100.0
20260918,519600,2076,69.5
20260918,519602,89013,68.0
20260918,519604,113,100.0
20260918,519606,2518,100.0
20260918,519612,1878,94.56
20260918,520008,26121,59.99
20260918,520021,2840,54.85
20260918,520043,496,82.26
20260918,520051,52518,56.41
20260918,520056,1480,76.41
20260918,520057,8556,66.64
20260918,520059,3262,57.66
20260918,520066,13315,62.36
20260918,520073,1848,48.38
20260918,520075,661,83.14
20260918,520081,300,100.0
20260918,520086,570,100.0
20260918,520111,2506,67.29
20260918,520113,14195,78.76
20260918,520119,435,84.14
20260918,520121,7070,100.0
20260918,520123,61,98.39
20260918,520127,1406,96.63
20260918,520131,200,100.0
20260918,520141,210,65.42
20260918,520151,615,100.0
20260918,520155,199,100.0
20260918,521005,1183902,69.04
20260918,521014,431,100.0
20260918,521016,13112,66.0
20260918,521018,69,100.0
20260918,521034,10254,99.55
20260918,521036,90,100.0
20260918,521054,11,100.0
20260918,521062,228,99.56
20260918,521064,396431,51.36
20260918,521068,5500,100.0
20260918,521070,870572,59.29
20260918,521080,1685,100.0
20260918,521097,766,98.58
20260918,521105,2028,76.64
20260918,521109,1875,99.84
20260918,521113,12239,73.95
20260918,521131,193,78.46
20260918,521133,400,100.0
20260918,521137,5100,100.0
20260918,521141,537,95.89
20260918,521149,1519,74.5
20260918,521161,4,100.0
20260918,521163,3,50.0
20260918,521167,29653,100.0
20260918,521178,9872,67.25
20260918,521180,2314,100.0
20260918,521194,29,87.88
20260918,521200,327,100.0
20260918,521206,110492,97.42
20260918,521216,934,100.0
20260918,521220,1000,100.0
20260918,521222,25,100.0
20260918,521226,2025,79.82
20260918,521228,14554,69.43
20260918,521232,1600,100.0
20260918,521234,3,100.0
20260918,521238,41754,64.2
20260918,521240,296,85.55
20260918,521244,415,91.21
20260918,521246,1402,100.0
20260918,521248,11691,68.39
20260918,522001,2505,100.0
20260918,522004,2499,63.99
20260918,522005,2,100.0
20260918,522014,2083,94.55
20260918,522017,712,70.43
20260918,522027,592,100.0
20260918,522029,1616,75.44
20260918,522034,4453,61.4
20260918,522036,19,100.0
20260918,522064,251,89.64
20260918,522073,323,100.0
20260918,522074,22033,60.42
20260918,522091,4969,62.32
20260918,522101,16302,67.33
20260918,522105,36507,100.0
20260918,522108,919,64.27
20260918,522113,150760,99.25
20260918,522122,75,94.94
20260918,522134,12890,94.25
20260918,522163,50566,100.0
20260918,522165,3354,86.89
20260918,522183,87,98.86
20260918,522195,2046,60.89
20260918,522205,12748,61.97
20260918,522207,687,91.36
20260918,522209,126,100.0
20260918,522215,29900,50.63
20260918,522217,731,57.74
20260918,522229,2413,93.38
20260918,522231,8442,82.68
20260918,522235,494,100.0
20260918,522237,1001,90.51
20260918,522241,390,49.62
20260918,522249,570,69.09
20260918,522251,2657,74.05
20260918,522257,21010,100.0
20260918,522261,637,36.13
20260918,522267,51,100.0
20260918,522273,1377,91.13
20260918,522275,13795,55.24
20260918,522281,10279,79.26
20260918,522285,35751,62.65
20260918,522287,10941,64.21
20260918,522289,286383,99.8
20260918,522292,1389,100.0
20260918,522294,945,100.0
20260918,522295,360,62.18
20260918,522650,3623,82.06
20260918,523007,322,86.56
20260918,523011,12,100.0
20260918,523019,3948,70.39
20260918,523021,50,100.0
20260918,523023,219,79.93
20260918,523025,2928,54.76
20260918,523100,402,52.21
20260918,523105,2701680,100.0
20260918,523120,2141,100.0
20260918,523127,804,61.33
20260918,523144,1795,100.0
20260918,523160,3790,72.37
20260918,523186,471,52.86
20260918,523204,1127,100.0
20260918,523207,1450,90.68
20260918,523222,39198,100.0
20260918,523229,3820,68.56
20260918,523232,271,97.48
20260918,523242,5600,100.0
20260918,523248,4541,98.89
20260918,523260,1,100.0
20260918,523261,2067,61.66
20260918,523269,2187,92.43
20260918,523277,1933662,74.55
20260918,523283,29,74.36
20260918,523289,4341,86.22
20260918,523301,157,64.34
20260918,523309,3133,84.11
20260918,523319,9895,68.06
20260918,523323,964,87.16
20260918,523329,5476,100.0
20260918,523367,3613,73.57
20260918,523369,33964,90.58
20260918,523371,2704,65.89
20260918,523373,69501,30.44
20260918,523384,124,100.0
20260918,523385,1137,44.71
20260918,523387,111332,67.46
20260918,523391,163,81.09
20260918,523395,238,82.93
20260918,523398,2341,66.41
20260918,523405,58017,54.1
20260918,523411,469,100.0
20260918,523419,552,99.82
20260918,523425,2170,95.89
20260918,523445,587,57.49
20260918,523457,534,60.14
20260918,523465,2259,97.83
20260918,523467,58896,100.0
20260918,523475,1191,71.88
20260918,523489,87,94.57
20260918,523519,363,94.29
20260918,523537,13152,89.37
20260918,523539,39946,45.61
20260918,523550,156,72.9
20260918,523558,18016,100.0
20260918,523566,801,98.4
20260918,523574,3189,100.0
20260918,523586,12692,81.65
20260918,523594,142,48.8
20260918,523598,28271,36.53
20260918,523606,4633,57.64
20260918,523610,4440,58.71
20260918,523618,2817,77.16
20260918,523620,213,100.0
20260918,523630,22317,74.66
20260918,523638,749,92.7
20260918,523642,4614,41.26
20260918,523648,202,80.8
20260918,523650,21319,82.59
20260918,523660,1933,64.24
20260918,523672,12375,100.0
20260918,523676,908,94.68
20260918,523694,5081,71.14
20260918,523696,5797,77.28
20260918,523704,20085,88.22
20260918,523708,608,58.02
20260918,523710,111,100.0
20260918,523716,3860,84.1
20260918,523722,15107,97.32
20260918,523732,16221,91.0
20260918,523736,258,86.29
20260918,523752,21801,100.0
20260918,523754,7557,93.14
20260918,523782,7898,91.36
20260918,523792,53373,100.0
20260918,523796,29948,100.0
20260918,523826,299,94.03
20260918,523828,12315,100.0
20260918,523832,5368,97.14
20260918,523836,2485,98.22
20260918,523838,3616,46.91
20260918,523840,5208,85.94
20260918,523842,322969,100.0
20260918,523844,2065,100.0
20260918,523850,266,88.67
20260918,523862,410,99.76
20260918,523874,109398,100.0
20260918,523888,284,100.0
20260918,524000,230398,54.92
20260918,524019,345,85.82
20260918,524031,110,100.0
20260918,524037,1627,95.99
20260918,524038,1904,97.94
20260918,524051,361,61.29
20260918,524075,128,89.51
20260918,524080,220,99.55
20260918,524091,1134,65.1
20260918,524109,6419,51.43
20260918,524129,795,94.42
20260918,524136,1812,100.0
20260918,524156,15896,74.76
20260918,524164,91885,30.74
20260918,524174,59358,62.41
20260918,524200,126278,97.15
20260918,524202,1277,81.39
20260918,524204,38,84.44
20260918,524208,17351,65.42
20260918,524212,2896,45.99
20260918,524218,8703,100.0
20260918,524226,6297,56.65
20260918,524230,35901,55.21
20260918,524238,914541,100.0
20260918,524280,65133,48.94
20260918,524288,6274,84.32
20260918,524314,6242,84.42
20260918,524322,44848,76.24
20260918,524324,275,100.0
20260918,524330,358,88.4
20260918,524332,42825,80.52
20260918,524336,22077,100.0
20260918,524342,7020,85.55
20260918,524348,3046,59.95
20260918,524370,70154,56.14
20260918,524372,2712,58.25
20260918,524394,2644,45.3
20260918,524396,2844,76.97
20260918,524400,118,100.0
20260918,524404,32388,57.45
20260918,524408,1188,100.0
20260918,524412,34674,94.62
20260918,524414,5324,99.7
20260918,524434,1300,100.0
20260918,524440,1300,71.12
20260918,524444,20834446,50.41
20260918,524458,45,90.0
20260918,524470,425405,53.93
20260918,524480,113,91.13
20260918,524488,4953,82.34
20260918,524494,35689,71.36
20260918,524500,1247,100.0
20260918,524502,214,100.0
20260918,524506,371,100.0
20260918,524516,39412,100.0
20260918,524518,7842,97.65
20260918,524520,66934,56.56
20260918,524522,2635,92.39
20260918,524534,696,70.66
20260918,524542,744,82.94
20260918,524548,497,94.49
20260918,524558,3490,86.69
20260918,524564,3193,100.0
20260918,524570,10,100.0
20260918,524572,3132,68.76
20260918,524576,5369,87.96
20260918,524582,3000,79.11
20260918,524592,20790,100.0
20260918,524594,1131,86.6
20260918,524598,1107,100.0
20260918,524602,556,99.82
20260918,524606,843,93.15
20260918,524614,58164,85.82
20260918,524622,38155,87.79
20260918,524624,874,96.04
20260918,524628,143,100.0
20260918,524632,319616,78.92
20260918,524634,2953,81.02
20260918,524636,6832,100.0
20260918,524640,64795,100.0
20260918,524648,4355,100.0
20260918,524654,6817,100.0
20260918,524661,2050778,58.87
20260918,524663,29192,71.39
20260918,524667,7000,57.72
20260918,524669,364,76.15
20260918,524675,994,96.6
20260918,524687,9120,78.79
20260918,524703,217,96.44
20260918,524709,26231,67.37
20260918,524711,13929,90.93
20260918,524715,12350,55.65
20260918,524717,6529,67.85
20260918,524723,86,100.0
20260918,524727,200,100.0
20260918,524731,385,99.74
20260918,524735,24624,61.0
20260918,524742,3906,29.92
20260918,524743,30212,75.91
20260918,524748,2655,96.16
20260918,524752,936,100.0
20260918,524768,652,90.06
20260918,524774,220,70.06
20260918,524790,684,83.21
20260918,524804,26488,73.66
20260918,524808,3724,75.34
20260918,524816,20548,59.97
20260918,524818,541,56.65
20260918,524820,5008,50.49
20260918,524824,667,80.36
20260918,524828,2509,81.33
20260918,526001,348,99.15
20260918,526025,110950,67.06
20260918,526027,18281,70.26
20260918,526043,277,44.39
20260918,526071,1799,100.0
20260918,526073,1676,100.0
20260918,526075,1600,100.0
20260918,526081,3907,100.0
20260918,526095,812,98.78
20260918,526113,83,100.0
20260918,526115,2,100.0
20260918,526117,81,98.78
20260918,526125,300,100.0
20260918,526133,177,60.82
20260918,526137,1022,100.0
20260918,526139,4937,76.33
20260918,526143,1310,100.0
20260918,526159,4136,88.23
20260918,526161,3304,100.0
20260918,526169,5628,92.83
20260918,526173,9242,74.51
20260918,526179,1299,91.29
20260918,526187,51,100.0
20260918,526193,17502,99.98
20260918,526211,4232,91.23
20260918,526217,161,100.0
20260918,526227,184278,47.32
20260918,526231,99917,100.0
20260918,526237,1084,83.64
20260918,526241,5075,100.0
20260918,526247,1655,84.57
20260918,526263,1687,100.0
20260918,526269,2081,58.85
20260918,526299,112527,94.68
20260918,526315,2837,100.0
20260918,526325,229,100.0
20260918,526331,90,100.0
20260918,526335,11569,87.1
20260918,526345,505,89.54
20260918,526355,407,99.75
20260918,526365,1795,69.9
20260918,526367,1846,71.91
20260918,526371,422645,57.14
20260918,526373,255,59.44
20260918,526381,7653,100.0
20260918,526397,1214,100.0
20260918,526407,2130,97.39
20260918,526409,21072,75.62
20260918,526415,149605,80.04
20260918,526423,1359,97.14
20260918,526433,12486,56.55
20260918,526435,1000,99.7
20260918,526441,18372,91.34
20260918,526443,58535,74.86
20260918,526445,75702,100.0
20260918,526468,2820,100.0
20260918,526471,4860,46.63
20260918,526473,13123,78.36
20260918,526479,2016,40.26
20260918,526481,10,100.0
20260918,526488,1964,100.0
20260918,526490,31788,86.62
20260918,526492,638,99.69
20260918,526494,2660,100.0
20260918,526500,7,100.0
20260918,526506,4444,100.0
20260918,526508,2120,72.85
20260918,526519,572,100.0
20260918,526530,1190,100.0
20260918,526532,179,100.0
20260918,526544,8590,95.8
20260918,526546,9208,100.0
20260918,526550,97,94.17
20260918,526554,25,100.0
20260918,526570,4093,67.9
20260918,526574,111,100.0
20260918,526582,2717,85.6
20260918,526588,100,100.0
20260918,526596,502,88.85
20260918,526604,4217,100.0
20260918,526608,22,57.89
20260918,526612,309,68.06
20260918,526614,5658,100.0
20260918,526616,3687,96.37
20260918,526622,460702,50.52
20260918,526638,7449,79.24
20260918,526640,668,100.0
20260918,526642,14807,84.03
20260918,526650,76993,43.1
20260918,526654,20,50.0
20260918,526666,131,60.65
20260918,526668,1113,61.7
20260918,526675,7345,99.84
20260918,526677,3578,85.72
20260918,526703,104,95.41
20260918,526705,99,63.06
20260918,526709,26300,55.15
20260918,526711,69,100.0
20260918,526717,16028,100.0
20260918,526721,1546,89.62
20260918,526723,306,100.0
20260918,526725,1,33.33
20260918,526727,232,99.15
20260918,526729,9391,49.2
20260918,526731,138,73.02
20260918,526739,1056,81.11
20260918,526747,1553,60.03
20260918,526751,1,100.0
20260918,526755,42168,98.81
20260918,526761,1,100.0
20260918,526775,58393,87.29
20260918,526783,194,88.99
20260918,526797,4425,57.48
20260918,526807,476,64.24
20260918,526813,1574,99.94
20260918,526817,62,98.41
20260918,526821,50,100.0
20260918,526823,1284,100.0
20260918,526827,17898,100.0
20260918,526829,116990,53.85
20260918,526839,412,63.29
20260918,526841,272501,75.56
20260918,526847,457,90.14
20260918,526849,61,100.0
20260918,526851,276,100.0
20260918,526853,83317,100.0
20260918,526859,7591,100.0
20260918,526861,30515,68.92
20260918,526865,92,100.0
20260918,526869,4866,98.5
20260918,526871,330,100.0
20260918,526873,2740,100.0
20260918,526877,42,100.0
20260918,526881,5419,41.67
20260918,526885,275,74.12
20260918,526887,1000,100.0
20260918,526891,2,100.0
20260918,526899,12370,83.19
20260918,526901,627,99.68
20260918,526905,519,62.01
20260918,526921,306,100.0
20260918,526931,120,96.0
20260918,526935,4641434,100.0
20260918,526941,5000,100.0
20260918,526945,23,100.0
20260918,526947,7867,44.57
20260918,526951,480,60.91
20260918,526953,960,100.0
20260918,526961,25590,96.24
20260918,526965,324,100.0
20260918,526967,102,100.0
20260918,526971,444,100.0
20260918,526981,95,100.0
20260918,526987,81802,73.38
20260918,527001,7338,59.59
20260918,527005,13772,78.0
20260918,530001,8416,59.47
20260918,530005,8010,55.4
20260918,530007,22091,53.23
20260918,530017,2932,59.38
20260918,530019,7854,57.07
20260918,530023,527,73.5
20260918,530025,2122,100.0
20260918,530037,2248,69.43
20260918,530043,296,100.0
20260918,530045,4011,13.36
20260918,530053,553408,99.82
20260918,530057,20493,100.0
20260918,530063,983,100.0
20260918,530065,192,65.75
20260918,530067,2737,88.46
20260918,530073,20695,62.57
20260918,530075,16378,42.52
20260918,530077,5068,76.42
20260918,530079,296,89.97
20260918,530109,99646,87.9
20260918,530111,12576,97.22
20260918,530117,623,58.06
20260918,530119,1294,99.85
20260918,530125,234,100.0
20260918,530127,323,100.0
20260918,530129,516,93.14
20260918,530133,110,98.21
20260918,530135,6467,62.28
20260918,530139,7904,100.0
20260918,530141,265,100.0
20260918,530145,33284,100.0
20260918,530163,3360,81.26
20260918,530167,422,100.0
20260918,530169,476,99.17
20260918,530171,15150,96.44
20260918,530175,881,85.45
20260918,530177,7005,99.7
20260918,530179,250,100.0
20260918,530185,32639,88.85
20260918,530187,45680,100.0
20260918,530197,1049,100.0
20260918,530199,1058,64.83
20260918,530201,9806,100.0
20260918,530207,200,100.0
20260918,530213,1756,100.0
20260918,530215,10583,81.12
20260918,530217,3119,82.89
20260918,530231,302,100.0
20260918,530233,4667,94.32
20260918,530235,54,100.0
20260918,530239,15697,57.03
20260918,530245,215,57.18
20260918,530249,229373,88.5
20260918,530251,36755,100.0
20260918,530253,13504,100.0
20260918,530255,3358,89.76
20260918,530259,2208,100.0
20260918,530263,54705,99.82
20260918,530265,706,99.58
20260918,530267,1972,90.13
20260918,530271,50,72.46
20260918,530281,182,100.0
20260918,530289,430,100.0
20260918,530299,1026,74.4
20260918,530305,5979,55.91
20260918,530307,1106,72.43
20260918,530309,24581,85.1
20260918,530313,9956,97.54
20260918,530315,1828,75.82
20260918,530317,208,84.55
20260918,530331,292,100.0
20260918,530341,100,100.0
20260918,530343,69239,56.68
20260918,530355,9674,50.03
20260918,530357,18359,61.42
20260918,530361,14294,100.0
20260918,530363,70655,67.57
20260918,530365,611,88.68
20260918,530367,109098,34.44
20260918,530369,748,95.65
20260918,530377,15006,77.25
20260918,530393,72,100.0
20260918,530401,311,93.67
20260918,530405,461,99.57
20260918,530407,1594,62.81
20260918,530419,1593,94.04
20260918,530421,308,97.47
20260918,530427,223,82.9
20260918,530429,243,92.4
20260918,530433,1003,80.69
20260918,530439,200,100.0
20260918,530445,1478,99.93
20260918,530449,32,100.0
20260918,530457,28372,80.59
20260918,530459,1,100.0
20260918,530461,7952,99.92
20260918,530469,232,100.0
20260918,530475,1510,64.31
20260918,530477,46397,100.0
20260918,530495,298,99.67
20260918,530499,551,91.53
20260918,530517,66476,60.9
20260918,530521,5644,74.6
20260918,530525,55521,100.0
20260918,530533,200,67.11
20260918,530545,711,98.61
20260918,530547,861,100.0
20260918,530549,29192,37.88
20260918,530555,58955,64.57
20260918,530557,3866088,100.0
20260918,530565,2500,100.0
20260918,530571,210,100.0
20260918,530577,830,100.0
20260918,530579,7381,100.0
20260918,530581,174,100.0
20260918,530585,11403,100.0
20260918,530589,7372,89.73
20260918,530595,9292,100.0
20260918,530601,151,100.0
20260918,530615,9188,100.0
20260918,530617,103291,80.69
20260918,530621,4026,100.0
20260918,530627,521,75.84
20260918,530643,534,66.83
20260918,530655,20042,46.37
20260918,530663,5600,100.0
20260918,530665,16133,76.03
20260918,530669,13,100.0
20260918,530675,2070,97.87
20260918,530677,1261,95.6
20260918,530689,8397,91.2
20260918,530695,81,75.7
20260918,530697,269,83.28
20260918,530699,2031,100.0
20260918,530705,442,100.0
20260918,530709,775,100.0
20260918,530711,855,88.24
20260918,530723,2709,93.22
20260918,530735,61,100.0
20260918,530741,12009,100.0
20260918,530745,190451,100.0
20260918,530747,5,62.5
20260918,530755,48,100.0
20260918,530759,701,100.0
20260918,530787,6,100.0
20260918,530789,87,97.75
20260918,530795,56,100.0
20260918,530799,350,98.59
20260918,530803,30988,100.0
20260918,530805,78846,74.35
20260918,530809,351,99.72
20260918,530813,8934,62.3
20260918,530821,309,100.0
20260918,530825,786,100.0
20260918,530829,206,97.17
20260918,530839,2660,100.0
20260918,530843,1136391,49.8
20260918,530845,327,72.03
20260918,530853,285,100.0
20260918,530871,345,67.65
20260918,530879,26548,96.23
20260918,530881,323864,63.19
20260918,530883,101094,100.0
20260918,530889,212,100.0
20260918,530897,1399,100.0
20260918,530899,25,100.0
20260918,530907,50227,100.0
20260918,530909,10,100.0
20260918,530919,14478,69.77
20260918,530925,214,100.0
20260918,530931,220,100.0
20260918,530943,602032,89.77
20260918,530951,1043,70.28
20260918,530953,12,85.71
20260918,530959,2133,100.0
20260918,530961,103003,62.88
20260918,530965,166035,59.06
20260918,530973,120,100.0
20260918,530977,227,99.56
20260918,530979,439,86.76
20260918,530991,112,91.8
20260918,530993,2,66.67
20260918,530997,1069,79.48
20260918,530999,2390,42.92
20260918,531003,127,100.0
20260918,531015,25639,98.23
20260918,531017,6269,99.7
20260918,531025,299568,77.83
20260918,531027,53,100.0
20260918,531033,402,99.5
20260918,531035,3404,100.0
20260918,531041,127,83.01
20260918,531043,510,100.0
20260918,531049,61,100.0
20260918,531067,3904,86.24
20260918,531069,130,92.86
20260918,531082,15187,97.27
20260918,531083,17953,98.57
20260918,531091,4,50.0
20260918,531092,2050,85.13
20260918,531099,40326,100.0
20260918,531109,2839,71.08
20260918,531111,1000,100.0
20260918,531112,30250,64.6
20260918,531119,252,100.0
20260918,531120,240271,74.7
20260918,531126,224754,95.5
20260918,531127,10599,100.0
20260918,531129,831,100.0
20260918,531137,39631,80.58
20260918,531144,9332,99.19
20260918,531146,1809,100.0
20260918,531147,687,67.42
20260918,531153,107722,76.62
20260918,531155,1,100.0
20260918,531156,23780,100.0
20260918,531157,452,99.56
20260918,531158,403,62.97
20260918,531161,1007,76.93
20260918,531162,69962,53.58
20260918,531163,374,100.0
20260918,531169,712,85.99
20260918,531173,11489,78.04
20260918,531176,2035,98.59
20260918,531178,539,100.0
20260918,531179,562,75.34
20260918,531191,1648,94.23
20260918,531199,358,100.0
20260918,531201,613,67.29
20260918,531203,1,100.0
20260918,531205,1809799,71.08
20260918,531209,1594,82.25
20260918,531210,1922,100.0
20260918,531212,131,100.0
20260918,531213,35300,38.0
20260918,531215,201,80.08
20260918,531216,25802,84.04
20260918,531221,2371,96.15
20260918,531223,15015,98.95
20260918,531225,302,89.88
20260918,531227,520,100.0
20260918,531233,16900,82.3
20260918,531234,63,91.3
20260918,531235,26,100.0
20260918,531237,14474,70.88
20260918,531241,618,94.79
20260918,531246,159,100.0
20260918,531253,255,57.56
20260918,531254,10328,95.49
20260918,531255,150,96.15
20260918,531257,15932,78.48
20260918,531259,604,100.0
20260918,531266,700,59.63
20260918,531268,6729,88.13
20260918,531272,740,100.0
20260918,531273,44343,76.82
20260918,531274,1,100.0
20260918,531278,1242,88.27
20260918,531279,16799,100.0
20260918,531280,30009,100.0
20260918,531281,18704,100.0
20260918,531287,369,67.46
20260918,531288,278,100.0
20260918,531289,10650,100.0
20260918,531297,488,87.93
20260918,531301,6,85.71
20260918,531306,402,96.87
20260918,531307,10517,69.36
20260918,531310,540,72.58
20260918,531314,100,100.0
20260918,531319,4624,61.09
20260918,531322,37435,99.65
20260918,531328,895481,51.32
20260918,531334,672,100.0
20260918,531335,26425,53.71
20260918,531338,2000,68.97
20260918,531340,1744,99.94
20260918,531344,26479,47.49
20260918,531346,106,100.0
20260918,531349,4871,64.43
20260918,531357,20095,61.22
20260918,531358,39924,81.04
20260918,531359,2196,78.48
20260918,531364,1367,99.06
20260918,531370,23826,82.22
20260918,531373,25,100.0
20260918,531380,11,100.0
20260918,531381,415,95.62
20260918,531387,1532,100.0
20260918,531390,5594,97.69
20260918,531395,549739,100.0
20260918,531396,197,100.0
20260918,531397,27,100.0
20260918,531398,951,77.51
20260918,531399,4170,91.95
20260918,531400,25656,87.15
20260918,531402,1275,81.21
20260918,531406,68,100.0
20260918,531411,2046526,28.03
20260918,531412,71,100.0
20260918,531416,142,99.3
20260918,531417,61798,74.94
20260918,531420,526,100.0
20260918,531426,7285,67.59
20260918,531431,14273,56.54
20260918,531433,7811,99.3
20260918,531436,1069,79.19
20260918,531437,1787,93.22
20260918,531439,3792,100.0
20260918,531441,70,100.0
20260918,531449,55401,14.57
20260918,531453,76,31.93
20260918,531454,1065,93.42
20260918,531456,14383,58.64
20260918,531458,84407,93.36
20260918,531460,350,100.0
20260918,531463,17,100.0
20260918,531465,85959,100.0
20260918,531471,1979,100.0
20260918,531472,7874,98.63
20260918,531486,26418,97.31
20260918,531489,1153,96.65
20260918,531494,77500,100.0
20260918,531495,28,96.55
20260918,531497,27254,100.0
20260918,531500,30582,100.0
20260918,531502,1242966,95.77
20260918,531503,1477,59.58
20260918,531505,2618,100.0
20260918,531508,5526,57.48
20260918,531509,3,100.0
20260918,531512,629948,87.2
20260918,531515,376,100.0
20260918,531518,78681,100.0
20260918,531525,75627,100.0
20260918,531529,27815,100.0
20260918,531530,10509,92.45
20260918,531531,3504,47.41
20260918,531533,3853,66.16
20260918,531537,6599,100.0
20260918,531539,8089,99.99
20260918,531540,3579,73.93
20260918,531541,1576,100.0
20260918,531543,165217,30.22
20260918,531548,3340,68.46
20260918,531550,1458,90.22
20260918,531552,4749,95.13
20260918,531553,11713,100.0
20260918,531556,60,100.0
20260918,531557,6,50.0
20260918,531569,1372,84.69
20260918,531574,11,100.0
20260918,531582,1542,100.0
20260918,531583,14995,84.61
20260918,531585,60,100.0
20260918,531591,3622,98.45
20260918,531592,121163,95.59
20260918,531594,1160,100.0
20260918,531595,123710,46.14
20260918,531599,2727,82.76
20260918,531600,208,100.0
20260918,531608,1056,100.0
20260918,531613,8410,100.0
20260918,531624,10760,100.0
20260918,531626,46672,100.0
20260918,531628,3410,100.0
20260918,531633,754,71.27
20260918,531635,800,90.91
20260918,531637,6412,71.98
20260918,531638,23,60.53
20260918,531642,71329,86.94
20260918,531644,910,99.89
20260918,531652,2760,94.39
20260918,531658,6308,60.67
20260918,531661,7368,100.0
20260918,531663,16033,97.58
20260918,531667,7465,100.0
20260918,531668,1385,100.0
20260918,531671,29890,89.01
20260918,531673,2155,96.85
20260918,531676,2565,100.0
20260918,531680,42647,100.0
20260918,531681,232557,100.0
20260918,531688,193,97.47
20260918,531692,21,100.0
20260918,531694,3243,98.78
20260918,531716,6996,100.0
20260918,531717,995,74.81
20260918,531719,1983,85.33
20260918,531723,11270753,100.0
20260918,531726,2047,53.49
20260918,531727,9947,100.0
20260918,531737,98081,53.5
20260918,531739,204464,65.5
20260918,531744,670,55.74
20260918,531746,4489,98.83
20260918,531752,1690894,70.49
20260918,531758,316,92.13
20260918,531761,7252,66.33
20260918,531762,2304,100.0
20260918,531768,4154,78.26
20260918,531769,381,100.0
20260918,531771,311,49.21
20260918,531778,386,100.0
20260918,531779,263,100.0
20260918,531780,16501,91.56
20260918,531784,121827,73.72
20260918,531795,4183,62.56
20260918,531797,42,100.0
20260918,531802,5045,61.49
20260918,531810,1962,99.7
20260918,531812,4740,100.0
20260918,531814,1844,99.95
20260918,531821,101,100.0
20260918,531822,40,97.56
20260918,531832,15,100.0
20260918,531834,1365,100.0
20260918,531840,57485,59.26
20260918,531841,2167,100.0
20260918,531842,153,98.08
20260918,531845,7150,78.88
20260918,531846,6,100.0
20260918,531847,4941,44.72
20260918,531859,12767,76.45
20260918,531861,1170,96.38
20260918,531862,48287,92.95
20260918,531867,30450,100.0
20260918,531869,44343,96.72
20260918,531870,70,100.0
20260918,531878,2836,77.76
20260918,531888,2787,66.37
20260918,531889,203257,69.54
20260918,531892,1,100.0
20260918,531893,357443,84.51
20260918,531900,259,99.23
20260918,531902,102,100.0
20260918,531909,10194,100.0
20260918,531910,54015,100.0
20260918,531911,205,100.0
20260918,531913,5060,70.97
20260918,531921,1618,64.98
20260918,531923,12907,83.48
20260918,531925,4584,100.0
20260918,531930,806,100.0
20260918,531931,254,72.36
20260918,531944,320,100.0
20260918,531950,38102,100.0
20260918,531952,2410,100.0
20260918,531959,184129,79.7
20260918,531962,580,58.41
20260918,531977,45457,100.0
20260918,531978,656,74.46
20260918,531979,1551,57.83
20260918,531982,30639,96.0
20260918,531991,43331,98.19
20260918,531994,40,100.0
20260918,531996,4115,79.7
20260918,531997,121553,100.0
20260918,532001,12,48.0
20260918,532005,1050,100.0
20260918,532007,398,100.0
20260918,532011,24858,97.43
20260918,532015,18904,62.07
20260918,532016,805,98.89
20260918,532019,12330,100.0
20260918,532022,351685,100.0
20260918,532029,303030,68.22
20260918,532039,1041,78.04
20260918,532041,5146,100.0
20260918,532042,577,100.0
20260918,532051,249,93.96
20260918,532053,44,100.0
20260918,532054,247,63.5
20260918,532057,5,83.33
20260918,532067,168,58.95
20260918,532070,42320,96.06
20260918,532090,29503,89.64
20260918,532092,45516,89.84
20260918,532100,3186,90.36
20260918,532102,1569,83.64
20260918,532113,246,100.0
20260918,532123,43657,91.68
20260918,532124,2055,100.0
20260918,532131,9916,67.79
20260918,532134,138559,52.78
20260918,532140,32941,95.93
20260918,532141,2647,96.78
20260918,532143,26147,79.69
20260918,532144,122474,51.91
20260918,532145,120,82.76
20260918,532149,87545,71.23
20260918,532150,7381,85.32
20260918,532154,279516,71.95
20260918,532155,143314,73.43
20260918,532156,22323,69.36
20260918,532159,9044,76.64
20260918,532160,4541,89.71
20260918,532162,15207,50.6
20260918,532163,13356,60.71
20260918,532172,7676,85.59
20260918,532173,5389,100.0
20260918,532174,401601,83.63
20260918,532175,19822,61.42
20260918,532178,35545,53.4
20260918,532180,26637,80.66
20260918,532181,21470,47.3
20260918,532183,46166,83.14
20260918,532187,24099,63.18
20260918,532189,2044,67.13
20260918,532209,91155,56.18
20260918,532210,132290,60.54
20260918,532212,1402,88.96
20260918,532215,53291,66.79
20260918,532216,307,100.0
20260918,532217,96105,100.0
20260918,532218,128570,34.23
20260918,532219,1088,78.39
20260918,532221,17839,67.06
20260918,532230,258,99.61
20260918,532234,77306,59.67
20260918,532240,2706,77.71
20260918,532256,97,89.81
20260918,532259,9647,60.49
20260918,532262,9,90.0
20260918,532268,605,94.24
20260918,532271,76189,86.02
20260918,532275,14351,94.53
20260918,532281,15617,36.04
20260918,532284,1219,92.84
20260918,532285,20180,67.37
20260918,532286,3929,34.39
20260918,532290,1620,97.65
20260918,532296,53502,93.76
20260918,532300,59464,83.57
20260918,532303,9,100.0
20260918,532304,235,100.0
20260918,532305,17372,61.45
20260918,532309,15116,59.7
20260918,532310,3406,90.85
20260918,532313,4302,72.44
20260918,532315,9910,98.02
20260918,532320,1032,100.0
20260918,532321,58010,47.47
20260918,532323,28771,81.63
20260918,532324,177,99.44
20260918,532326,22,64.71
20260918,532329,3752,100.0
20260918,532331,5493,58.37
20260918,532333,106,98.15
20260918,532334,121,100.0
20260918,532335,204,100.0
20260918,532339,49035,52.49
20260918,532340,2489,95.18
20260918,532341,3632,67.56
20260918,532343,10418,40.67
20260918,532344,140,96.55
20260918,532348,373438,51.51
20260918,532349,872,76.96
20260918,532350,1671,100.0
20260918,532351,57715,100.0
20260918,532354,1636867,100.0
20260918,532355,1051,100.0
20260918,532356,17547,47.78
20260918,532357,27,100.0
20260918,532359,30899,78.85
20260918,532362,14,100.0
20260918,532365,837,65.49
20260918,532366,11336,58.62
20260918,532368,546930,50.92
20260918,532369,8291,84.65
20260918,532370,2594,65.21
20260918,532371,149201,68.2
20260918,532372,13390,94.84
20260918,532373,28810,83.18
20260918,532374,88537,100.0
20260918,532375,7035,51.18
20260918,532376,1023,96.51
20260918,532378,3601,100.0
20260918,532379,32091,100.0
20260918,532380,4449,83.64
20260918,532382,2892,52.84
20260918,532384,3585,87.42
20260918,532386,20243,100.0
20260918,532387,42823,52.88
20260918,532388,117845,69.55
20260918,532390,930,51.13
20260918,532392,1000,100.0
20260918,532395,9103,48.4
20260918,532397,601,100.0
20260918,532398,7213,70.36
20260918,532400,80683,62.98
20260918,532402,21073,100.0
20260918,532404,3275,96.24
20260918,532406,25526,54.41
20260918,532407,51268,53.36
20260918,532408,32557,100.0
20260918,532410,611,92.44
20260918,532416,1486,98.22
20260918,532419,150,100.0
20260918,532424,302550,94.57
20260918,532425,19785,100.0
20260918,532430,4128,47.11
20260918,532432,3371,61.63
20260918,532435,1611,100.0
20260918,532439,4666,52.49
20260918,532440,562,83.51
20260918,532443,294,65.19
20260918,532444,11116,80.81
20260918,532454,308859,84.93
20260918,532455,466,77.54
20260918,532456,1255,100.0
20260918,532457,3117,70.33
20260918,532460,867,84.26
20260918,532461,275542,56.72
20260918,532466,1997,76.93
20260918,532467,188106,41.66
20260918,532468,2085,98.96
20260918,532475,10826,100.0
20260918,532477,49879,50.3
20260918,532478,5386,64.86
20260918,532481,12730,97.29
20260918,532482,6386,21.69
20260918,532483,294577,59.99
20260918,532485,48211,87.09
20260918,532486,5392,56.87
20260918,532488,14768,63.15
20260918,532493,5810,50.22
20260918,532497,6165,69.22
20260918,532500,30361,72.38
20260918,532503,51,100.0
20260918,532504,17766,78.44
20260918,532505,234945,61.01
20260918,532507,26515,76.83
20260918,532508,17194,52.05
20260918,532509,7057,69.03
20260918,532513,4381,78.51
20260918,532514,89728,74.12
20260918,532515,741,80.19
20260918,532521,169,100.0
20260918,532522,40177,66.73
20260918,532523,65154,70.85
20260918,532524,73584,59.48
20260918,532525,388917,59.7
20260918,532527,25823,72.02
20260918,532528,1694,44.29
20260918,532529,3906,50.89
20260918,532531,3997,42.06
20260918,532538,130690,94.71
20260918,532539,133934,89.7
20260918,532540,208459,61.27
20260918,532541,37636,49.95
20260918,532543,3490,100.0
20260918,532548,1219,72.52
20260918,532553,27795,74.22
20260918,532555,85873,69.05
20260918,532604,19653,68.56
20260918,532605,10185,48.16
20260918,532610,25727,32.66
20260918,532612,14765,77.54
20260918,532613,7859,98.81
20260918,532614,9902,100.0
20260918,532616,2707,59.7
20260918,532624,174,85.29
20260918,532626,19678,63.02
20260918,532627,1473146,47.02
20260918,532628,49892,100.0
20260918,532629,14,100.0
20260918,532630,109342,94.84
20260918,532633,540,95.41
20260918,532636,42004,43.18
20260918,532637,22968,90.48
20260918,532638,3551,61.27
20260918,532640,6667,100.0
20260918,532641,93778,67.89
20260918,532642,408,67.66
20260918,532644,18345,97.37
20260918,532645,41,100.0
20260918,532648,2016296,57.38
20260918,532649,12769,82.05
20260918,532650,16708,87.11
20260918,532652,15138,50.2
20260918,532654,19936,90.18
20260918,532656,67473,100.0
20260918,532660,2,100.0
20260918,532661,3420,54.98
20260918,532662,8441,79.65
20260918,532663,266,66.17
20260918,532666,193602,83.32
20260918,532667,2025812,47.19
20260918,532668,5427,56.12
20260918,532670,305894,45.86
20260918,532673,5537,72.64
20260918,532674,3134,100.0
20260918,532676,2009,100.0
20260918,532683,1031,49.35
20260918,532684,6039,71.45
20260918,532686,2184,45.37
20260918,532687,101,33.55
20260918,532689,25452,45.92
20260918,532694,7278,100.0
20260918,532695,310,100.0
20260918,532698,1856,64.85
20260918,532699,410,82.0
20260918,532700,373,98.42
20260918,532701,34615,100.0
20260918,532705,3108,78.98
20260918,532708,159837,100.0
20260918,532710,6273,89.35
20260918,532712,278767,100.0
20260918,532713,117132,73.02
20260918,532714,89332,62.34
20260918,532716,28,100.0
20260918,532717,1161,82.63
20260918,532719,20043,72.83
20260918,532720,32459,51.14
20260918,532721,6977,61.09
20260918,532722,12922,45.81
20260918,532723,166,100.0
20260918,532725,5694,30.46
20260918,532726,4154,67.5
20260918,532728,508,72.57
20260918,532729,4847,72.3
20260918,532730,1536,100.0
20260918,532732,531,89.7
20260918,532733,25105,66.63
20260918,532734,33391,67.27
20260918,532735,3077,59.78
20260918,532737,637,84.37
20260918,532738,8029,100.0
20260918,532740,246,53.36
20260918,532741,383182,100.0
20260918,532742,622,44.02
20260918,532744,2353,98.33
20260918,532748,77484,49.79
20260918,532749,281163,62.15
20260918,532754,426027,74.45
20260918,532755,14563,41.28
20260918,532756,13301,59.98
20260918,532757,336,62.34
20260918,532759,5308,89.63
20260918,532761,44,100.0
20260918,532762,21232,43.43
20260918,532767,165014,50.14
20260918,532768,1364,63.44
20260918,532771,8336,97.87
20260918,532772,38096,59.54
20260918,532773,579,95.23
20260918,532774,199,100.0
20260918,532775,1353130,43.06
20260918,532776,591663,71.58
20260918,532777,118696,83.68
20260918,532779,10201,62.18
20260918,532780,8367,100.0
20260918,532782,2860,100.0
20260918,532783,22256,69.06
20260918,532784,1685,50.4
20260918,532785,1019,85.56
20260918,532790,12428,61.63
20260918,532794,104148,70.82
20260918,532795,79671,100.0
20260918,532796,14079,57.22
20260918,532797,8321,83.97
20260918,532798,148159,66.88
20260918,532799,14948,67.2
20260918,532801,452,100.0
20260918,532804,955,65.05
20260918,532805,165252,32.84
20260918,532806,4845,100.0
20260918,532807,2148,95.04
20260918,532808,2458,43.26
20260918,532809,26412,52.96
20260918,532810,280508,70.97
20260918,532811,2668,69.42
20260918,532814,11318,43.05
20260918,532815,38568,58.21
20260918,532817,13479,85.96
20260918,532820,2814,67.05
20260918,532822,7434608,53.4
20260918,532825,4657,100.0
20260918,532826,3780,96.01
20260918,532827,381,51.21
20260918,532828,2274,100.0
20260918,532829,4342,33.36
20260918,532830,4679,37.58
20260918,532832,25378,59.07
20260918,532834,45218,65.57
20260918,532835,555,88.66
20260918,532839,222945,77.72
20260918,532841,196,96.55
20260918,532842,448,59.73
20260918,532843,46408,78.41
20260918,532845,788,95.17
20260918,532847,224291,89.73
20260918,532848,35385,50.9
20260918,532850,25505,100.0
20260918,532851,356,98.89
20260918,532853,1148,100.0
20260918,532855,21,75.0
20260918,532856,29717,41.79
20260918,532859,1540,71.16
20260918,532864,3396,61.16
20260918,532867,24928,55.09
20260918,532868,544216,95.12
20260918,532869,227,81.65
20260918,532870,21516,100.0
20260918,532872,32480,67.01
20260918,532873,45295,100.0
20260918,532875,4396,78.3
20260918,532878,663,96.23
20260918,532880,12154,51.03
20260918,532884,18229,72.87
20260918,532885,855148,55.13
20260918,532887,10,100.0
20260918,532888,30810,39.83
20260918,532889,8262,63.17
20260918,532890,14972,76.19
20260918,532891,20143,61.78
20260918,532892,3338,43.55
20260918,532893,4329,71.61
20260918,532894,12660,90.12
20260918,532895,2695,93.28
20260918,532896,2004,3.99
20260918,532898,108024,66.56
20260918,532899,2967,50.38
20260918,532900,672631,54.72
20260918,532902,13619,84.44
20260918,532904,4184,93.06
20260918,532906,4504,79.69
20260918,532907,7,100.0
20260918,532911,233266,100.0
20260918,532915,11174,70.43
20260918,532916,1212,95.28
20260918,532918,2138,72.11
20260918,532921,75566,72.26
20260918,532922,199407,48.59
20260918,532923,7158,62.08
20260918,532924,2549,78.21
20260918,532926,14064,49.46
20260918,532927,5821,48.08
20260918,532928,31155,41.16
20260918,532929,9618,59.55
20260918,532930,2095,100.0
20260918,532931,25371,100.0
20260918,532932,4320,89.72
20260918,532933,4260,97.33
20260918,532934,595,100.0
20260918,532935,877,100.0
20260918,532937,2046,65.79
20260918,532939,1137842,45.22
20260918,532940,1973,78.57
20260918,532941,12256,66.46
20260918,532942,253556,81.27
20260918,532944,14709,100.0
20260918,532945,356866,50.39
20260918,532946,464,99.57
20260918,532947,780219,61.56
20260918,532951,2019,71.34
20260918,532952,35,100.0
20260918,532953,27508,79.0
20260918,532955,95052,58.74
20260918,532957,13290,92.88
20260918,532966,25993,57.61
20260918,532967,3570,38.33
20260918,532974,1160,91.99
20260918,532975,53726,100.0
20260918,532976,40832,76.53
20260918,532977,11192,91.27
20260918,532978,354807,98.08
20260918,532980,16437,91.98
20260918,532983,601,73.56
20260918,532985,7818,53.38
20260918,532986,2185,99.86
20260918,532989,805,100.0
20260918,532992,1158,96.02
20260918,532993,7210,71.15
20260918,532994,275,96.49
20260918,533001,2406,74.56
20260918,533006,49482,100.0
20260918,533007,90690,100.0
20260918,533012,76611,84.04
20260918,533014,273,65.78
20260918,533019,2,100.0
20260918,533022,5666,88.79
20260918,533023,6762,67.86
20260918,533029,9187,73.48
20260918,533033,5052,83.17
20260918,533047,1934,75.4
20260918,533048,144981,100.0
20260918,533056,8723,61.35
20260918,533080,5140,88.77
20260918,533088,13529,86.8
20260918,533090,579917,99.53
20260918,533093,101,67.33
20260918,533095,18,78.26
20260918,533096,291866,39.51
20260918,533098,879436,84.81
20260918,533100,1584,52.62
20260918,533101,561,52.38
20260918,533104,3856,77.8
20260918,533106,33210,50.19
20260918,533107,1039,100.0
20260918,533108,101,100.0
20260918,533110,33,97.06
20260918,533121,688,58.16
20260918,533122,808453,55.82
20260918,533137,7321,86.63
20260918,533138,3325,60.07
20260918,533146,985,62.34
20260918,533148,12072,33.35
20260918,533149,347,100.0
20260918,533150,8147,48.1
20260918,533151,2020,85.09
20260918,533152,1415,99.93
20260918,533155,48770,55.67
20260918,533156,43907,78.35
20260918,533158,4186,48.38
20260918,533160,24068,58.45
20260918,533161,194,100.0
20260918,533162,143397,58.94
20260918,533164,29323,66.03
20260918,533166,153258,97.92
20260918,533167,14974,93.92
20260918,533168,3984,45.19
20260918,533169,46127,48.23
20260918,533170,862,100.0
20260918,533172,28,93.33
20260918,533177,11782,100.0
20260918,533179,22692,63.8
20260918,533181,11870,26.35
20260918,533192,10111,100.0
20260918,533193,6591,78.95
20260918,533202,17576,76.16
20260918,533203,1299,98.26
20260918,533206,149239,56.84
20260918,533208,4766,100.0
20260918,533210,1143,99.83
20260918,533212,1,100.0
20260918,533217,20827,100.0
20260918,533218,248,99.6
20260918,533229,16067,48.83
20260918,533230,80416,48.49
20260918,533239,15776,85.16
20260918,533244,211506,74.23
20260918,533248,84223,61.82
20260918,533252,2,100.0
20260918,533257,19295,69.23
20260918,533259,103,97.17
20260918,533260,5527,60.72
20260918,533262,3108,90.77
20260918,533263,350188,65.02
20260918,533267,1529,63.18
20260918,533268,1,100.0
20260918,533269,8540,46.89
20260918,533270,10,100.0
20260918,533271,51562,72.37
20260918,533272,31396,58.18
20260918,533273,4348,43.66
20260918,533274,4666,49.79
20260918,533275,57370,73.21
20260918,533278,1180258,91.29
20260918,533282,6919,53.78
20260918,533284,2256,93.42
20260918,533285,144808,51.46
20260918,533286,9144,63.02
20260918,533287,77744,45.01
20260918,533289,151,74.38
20260918,533292,53,100.0
20260918,533293,5840,44.85
20260918,533294,390,93.3
20260918,533295,99485,46.76
20260918,533296,12951,99.83
20260918,533298,7548,65.32
20260918,533301,58583,100.0
20260918,533302,33,97.06
20260918,533303,1457,63.65
20260918,533306,41,97.62
20260918,533316,585,80.47
20260918,533326,80548,51.33
20260918,533329,814,81.16
20260918,533333,690123,44.68
20260918,533339,10011,52.2
20260918,533343,197,92.92
20260918,533344,20460,64.74
20260918,533385,37965,57.69
20260918,533398,21524,55.27
20260918,533407,7524,100.0
20260918,533408,4249,71.9
20260918,533427,9154,64.52
20260918,533451,2498,74.79
20260918,533452,18809,100.0
20260918,533470,171974,77.0
20260918,533477,263,99.62
20260918,533482,292,99.66
20260918,533506,21577,58.52
20260918,533519,83082,58.14
20260918,533520,1266349,50.25
20260918,533540,136,100.0
20260918,533543,12808,77.1
20260918,533552,3228,85.9
20260918,533553,46767,42.83
20260918,533570,13683,68.61
20260918,533573,22215,52.74
20260918,533576,8254,98.48
20260918,533581,20054,44.21
20260918,533602,223221,90.89
20260918,533608,8008,53.96
20260918,533629,14424,100.0
20260918,533632,3008,100.0
20260918,533638,9279,100.0
20260918,533644,2399,65.85
20260918,533655,227396,97.11
20260918,533676,201865,57.19
20260918,533704,21036,78.25
20260918,533719,6112,80.47
20260918,533758,19803,75.81
20260918,533761,45984,44.98
20260918,533896,1124,88.85
20260918,533941,2857,85.72
20260918,533982,1414,69.28
20260918,534060,252867,80.92
20260918,534063,23,100.0
20260918,534064,532519,100.0
20260918,534076,5288,67.34
20260918,534091,399461,83.55
20260918,534139,15151,56.92
20260918,534190,3945,100.0
20260918,534309,198475,48.44
20260918,534312,100,100.0
20260918,534328,242,77.56
20260918,534338,23,100.0
20260918,534369,51394,75.4
20260918,534392,13075,57.2
20260918,534422,6112,100.0
20260918,534425,1600,100.0
20260918,534532,1624,76.42
20260918,534535,1202027,100.0
20260918,534597,59887,65.08
20260918,534598,516,100.0
20260918,534600,60542,49.96
20260918,534612,3481,99.0
20260918,534615,12820,100.0
20260918,534618,5545,66.46
20260918,534623,2485,92.79
20260918,534674,883916,83.05
20260918,534675,14858,92.39
20260918,534680,1226,50.66
20260918,534691,2743,92.05
20260918,534708,33000,68.75
20260918,534732,901,87.39
20260918,534733,372992,100.0
20260918,534741,47176,100.0
20260918,534742,2551,65.16
20260918,534748,197784,52.76
20260918,534755,74523,100.0
20260918,534796,957,99.9
20260918,534804,842,60.44
20260918,534809,6599619,42.01
20260918,534816,22872,43.94
20260918,534920,8,100.0
20260918,534976,3699,69.73
20260918,535136,1610,41.01
20260918,535204,105556,100.0
20260918,535205,7082,91.0
20260918,535267,53248,91.97
20260918,535276,405866,99.75
20260918,535322,5908,84.18
20260918,535387,1363,88.91
20260918,535431,60479,96.18
20260918,535458,12896,99.88
20260918,535514,10,100.0
20260918,535566,414,69.23
20260918,535601,1812,100.0
20260918,535602,4567,59.89
20260918,535620,23,100.0
20260918,535621,1093,95.21
20260918,535648,6559,50.68
20260918,535657,3393,88.22
20260918,535693,1609,92.31
20260918,535719,4242,87.09
20260918,535730,773592,82.6
20260918,535754,8652,65.65
20260918,535755,82257,63.37
20260918,535789,51065,34.79
20260918,535910,73878,80.15
20260918,535916,11693,61.63
20260918,535958,205910,85.19
20260918,536073,444643,64.28
20260918,536264,5296,90.89
20260918,536493,466,76.02
20260918,536507,2510,100.0
20260918,536565,1901,100.0
20260918,536659,479603,50.08
20260918,536672,5512,93.34
20260918,536709,44574,100.0
20260918,536737,1200,100.0
20260918,536773,96,84.96
20260918,536846,119,54.34
20260918,536960,18821,60.11
20260918,536974,7128,87.4
20260918,537007,9952,62.45
20260918,537008,2650,52.35
20260918,537069,42006,100.0
20260918,537253,6,85.71
20260918,537254,354,100.0
20260918,537259,809,94.29
20260918,537291,470,92.16
20260918,537292,40,100.0
20260918,537326,25047,89.89
20260918,537392,7148,100.0
20260918,537483,259,36.22
20260918,537536,32889,66.45
20260918,537707,410957,66.48
20260918,537708,173,22.94
20260918,537709,17090,100.0
20260918,537750,746,59.54
20260918,537766,63112,71.62
20260918,537785,60,100.0
20260918,537800,986312,71.07
20260918,537820,1128417,100.0
20260918,537839,7099,86.01
20260918,537985,779,78.21
20260918,538057,8216,67.26
20260918,538081,278,73.54
20260918,538119,104393,100.0
20260918,538212,66091,100.0
20260918,538268,4702,67.76
20260918,538273,113,88.28
20260918,538351,45396,100.0
20260918,538365,1686,99.41
20260918,538382,4,100.0
20260918,538401,2273,61.68
20260918,538422,224904,61.11
20260918,538446,22465,99.93
20260918,538451,3970555,90.5
20260918,538464,2050,64.28
20260918,538476,48000,100.0
20260918,538520,2669,92.96
20260918,538521,625,96.75
20260918,538539,30774,68.25
20260918,538540,64460,100.0
20260918,538542,2313,90.6
20260918,538546,7609,76.45
20260918,538556,11559,61.52
20260918,538562,29683,43.46
20260918,538563,568,91.76
20260918,538564,316,94.33
20260918,538565,5287,71.35
20260918,538567,3226,74.75
20260918,538568,12483,100.0
20260918,538569,2569,100.0
20260918,538576,9600,100.0
20260918,538596,301,100.0
20260918,538597,4258,99.98
20260918,538598,1898,43.12
20260918,538607,748438,82.13
20260918,538609,228,88.72
20260918,538610,504670,100.0
20260918,538611,16,100.0
20260918,538634,2583,100.0
20260918,538635,7986,85.66
20260918,538646,3117,90.56
20260918,538666,6208,74.08
20260918,538668,7971,22.26
20260918,538674,21,100.0
20260918,538683,1955,79.73
20260918,538685,293,100.0
20260918,538706,484141,52.0
20260918,538707,11,91.67
20260918,538708,513,100.0
20260918,538713,738,99.86
20260918,538714,1712,99.42
20260918,538715,6477,100.0
20260918,538716,5,100.0
20260918,538730,1031,73.28
20260918,538732,1871,94.93
20260918,538734,7207,57.49
20260918,538742,3095,100.0
20260918,538743,7888,100.0
20260918,538770,913,61.81
20260918,538772,19324,73.85
20260918,538777,494,100.0
20260918,538778,25978,93.02
20260918,538786,417,99.76
20260918,538787,11172,69.51
20260918,538788,1708,63.99
20260918,538795,703,99.72
20260918,538812,2774,100.0
20260918,538817,140871,63.26
20260918,538833,2282,100.0
20260918,538834,11970,86.8
20260918,538835,3957,41.78
20260918,538836,3996,62.06
20260918,538837,4278,87.43
20260918,538838,474,100.0
20260918,538857,4912,100.0
20260918,538860,164434,100.0
20260918,538862,22,100.0
20260918,538868,448540,100.0
20260918,538874,6875,100.0
20260918,538881,436,100.0
20260918,538882,41890,61.11
20260918,538890,35762,87.53
20260918,538891,64192,61.25
20260918,538894,10,100.0
20260918,538895,2695,100.0
20260918,538896,116,91.34
20260918,538897,5000,100.0
20260918,538902,326,100.0
20260918,538918,4324,100.0
20260918,538920,38061,48.08
20260918,538922,1603,84.01
20260918,538923,117885,100.0
20260918,538926,22301,56.61
20260918,538928,11413,99.56
20260918,538935,51,100.0
20260918,538942,45,97.83
20260918,538952,65700,94.27
20260918,538961,2343,88.92
20260918,538962,8056,75.85
20260918,538964,137,100.0
20260918,538965,2601,69.34
20260918,538970,43568,83.34
20260918,538975,211685,100.0
20260918,538979,859,71.11
20260918,538987,1167,75.93
20260918,538992,76,100.0
20260918,539006,923,42.18
20260918,539011,866,63.26
20260918,539012,155,48.9
20260918,539013,603,83.4
20260918,539014,12702,73.19
20260918,539016,2941,78.55
20260918,539017,118465,75.25
20260918,539018,76,100.0
20260918,539031,714,96.88
20260918,539032,13752,99.91
20260918,539040,14473,39.88
20260918,539041,37500,100.0
20260918,539042,14918,63.55
20260918,539044,2598,100.0
20260918,539045,1089,90.45
20260918,539046,13041,61.0
20260918,539056,55279,61.0
20260918,539083,265169,48.05
20260918,539090,111,91.74
20260918,539091,325348,100.0
20260918,539097,23909,100.0
20260918,539110,5,100.0
20260918,539111,87,100.0
20260918,539113,68,100.0
20260918,539115,2956,100.0
20260918,539117,6964,18.31
20260918,539118,10005,77.93
20260918,539120,3,100.0
20260918,539121,4038,90.76
20260918,539122,2480,95.98
20260918,539123,4279,99.03
20260918,539126,28775,100.0
20260918,539132,62219,75.4
20260918,539141,546,97.85
20260918,539143,5285,57.05
20260918,539148,3238,52.44
20260918,539149,10021,99.23
20260918,539150,147950,71.36
20260918,539151,230453,82.27
20260918,539167,1,100.0
20260918,539174,2,100.0
20260918,539176,8,100.0
20260918,539177,13209,51.85
20260918,539195,5151,53.95
20260918,539196,6881,73.26
20260918,539199,5327,72.78
20260918,539200,4862,100.0
20260918,539201,5233,80.37
20260918,539206,723,100.0
20260918,539216,1001998,96.15
20260918,539217,2167383,76.78
20260918,539219,8704,62.77
20260918,539220,1435,84.66
20260918,539221,4803,53.6
20260918,539222,6567483,80.83
20260918,539224,153,100.0
20260918,539226,13942,73.21
20260918,539227,2649,68.26
20260918,539228,86483,100.0
20260918,539251,1497,85.79
20260918,539252,4634,100.0
20260918,539254,40373,54.59
20260918,539255,334,76.08
20260918,539267,8624,100.0
20260918,539268,77004,74.35
20260918,539275,401,98.04
20260918,539276,157,100.0
20260918,539278,12643,100.0
20260918,539287,650,100.0
20260918,539289,603,60.42
20260918,539290,13042,77.67
20260918,539300,1684,79.32
20260918,539301,2073,59.01
20260918,539302,721,62.53
20260918,539309,574928,100.0
20260918,539310,356291,100.0
20260918,539312,126,100.0
20260918,539313,1362,92.15
20260918,539314,3795,84.22
20260918,539331,10269,100.0
20260918,539332,17473,63.98
20260918,539334,1510,59.64
20260918,539335,2442,100.0
20260918,539336,231438,69.03
20260918,539337,1925,55.0
20260918,539346,31879,83.91
20260918,539353,389,97.25
20260918,539354,50,100.0
20260918,539359,18561,100.0
20260918,539383,55,100.0
20260918,539391,2614,100.0
20260918,539398,608,66.96
20260918,539399,406,78.38
20260918,539400,35,76.09
20260918,539402,4325,100.0
20260918,539404,3660,75.34
20260918,539405,1626,100.0
20260918,539407,605,99.02
20260918,539408,20231,100.0
20260918,539428,3777,75.8
20260918,539435,450,100.0
20260918,539436,16202,67.79
20260918,539437,261545,55.55
20260918,539448,20717,52.35
20260918,539449,22214,90.79
20260918,539450,33331,55.34
20260918,539455,7178,85.53
20260918,539469,15897,74.88
20260918,539470,398728,78.62
20260918,539479,29335,58.06
20260918,539480,4,66.67
20260918,539487,35,100.0
20260918,539492,256,100.0
20260918,539494,9252,83.84
20260918,539495,10,100.0
20260918,539506,98997,100.0
20260918,539515,57463,75.46
20260918,539516,1108,98.66
20260918,539517,14829,91.42
20260918,539518,2154,73.77
20260918,539519,1646275,100.0
20260918,539522,2139,100.0
20260918,539523,19739,78.63
20260918,539524,15427,67.59
20260918,539526,360974,82.51
20260918,539527,147,94.84
20260918,539528,114844,71.66
20260918,539533,1283315,60.84
20260918,539542,4002,32.98
20260918,539545,2,100.0
20260918,539546,2108,75.34
20260918,539551,17877,64.01
20260918,539552,21849,88.84
20260918,539559,190360,100.0
20260918,539561,1989772,100.0
20260918,539562,15,100.0
20260918,539593,850,100.0
20260918,539594,627015,88.24
20260918,539596,12,100.0
20260918,539598,17494,67.58
20260918,539599,36,100.0
20260918,539607,135445,76.9
20260918,539620,3051,35.08
20260918,539636,3918,59.27
20260918,539658,478,77.85
20260918,539659,1888,99.21
20260918,539660,34299,63.83
20260918,539661,33127,50.58
20260918,539662,416,100.0
20260918,539669,41902,77.38
20260918,539673,66,100.0
20260918,539678,6846,68.32
20260918,539679,995797,100.0
20260918,539682,4017,13.32
20260918,539686,10383,52.19
20260918,539692,8088,93.78
20260918,539697,84433,100.0
20260918,539724,7589,100.0
20260918,539725,7868,65.59
20260918,539730,10796,65.99
20260918,539742,902,100.0
20260918,539760,2161,76.39
20260918,539761,433584,91.92
20260918,539762,48277,87.7
20260918,539767,39098,75.83
20260918,539770,12733,99.94
20260918,539773,105190,78.43
20260918,539784,12,100.0
20260918,539785,18514,70.48
20260918,539787,360063,98.15
20260918,539798,23337,87.94
20260918,539799,3610,52.57
20260918,539800,8027,99.98
20260918,539807,817920,65.47
20260918,539814,965,100.0
20260918,539834,89950,98.18
20260918,539835,600,100.0
20260918,539837,3029,47.58
20260918,539841,52173,82.29
20260918,539843,115,87.12
20260918,539854,2698,100.0
20260918,539871,7259,59.91
20260918,539872,4209,67.8
20260918,539875,1648,100.0
20260918,539876,39732,62.66
20260918,539884,35347,78.89
20260918,539889,695380,93.92
20260918,539894,89538,64.44
20260918,539895,445869,34.36
20260918,539900,2103,94.43
20260918,539911,12,100.0
20260918,539921,9757,70.34
20260918,539922,433,100.0
20260918,539938,1384,95.98
20260918,539939,550,79.59
20260918,539945,5773,57.12
20260918,539946,254,100.0
20260918,539947,2306,100.0
20260918,539956,1038,64.15
20260918,539957,4717,64.95
20260918,539963,23406,67.17
20260918,539978,14930,60.3
20260918,539979,42449,100.0
20260918,539980,12508,62.97
20260918,539985,4000,100.0
20260918,539986,17143,74.05
20260918,539991,1535,100.0
20260918,539992,112336,40.75
20260918,539997,1508,56.59
20260918,540005,10528,52.92
20260918,540006,10940,72.04
20260918,540008,93,100.0
20260918,540023,4437,84.03
20260918,540025,6116,74.21
20260918,540026,3098,96.87
20260918,540047,19267,61.9
20260918,540048,339,68.9
20260918,540061,2865,86.32
20260918,540065,11727,34.73
20260918,540073,52809,64.61
20260918,540078,10455,65.21
20260918,540079,43181,78.33
20260918,540080,3620,93.73
20260918,540083,615,100.0
20260918,540097,3428,15.25
20260918,540115,1814,61.37
20260918,540124,100164,66.73
20260918,540125,83259,100.0
20260918,540132,110401,100.0
20260918,540133,40770,64.88
20260918,540135,1709856,50.43
20260918,540136,9418,75.22
20260918,540143,1042,50.17
20260918,540145,6537,100.0
20260918,540147,91170,76.48
20260918,540153,717,48.12
20260918,540159,40001,100.0
20260918,540168,150712,71.78
20260918,540173,12441,43.33
20260918,540174,598,85.55
20260918,540175,41125,100.0
20260918,540180,244092,73.93
20260918,540181,5531,99.69
20260918,540190,847365,87.2
20260918,540192,2551,86.07
20260918,540198,4295,84.55
20260918,540199,6,85.71
20260918,540203,12937,67.0
20260918,540204,1447,99.59
20260918,540205,4255,47.89
20260918,540210,3041,99.97
20260918,540212,2083,87.48
20260918,540222,33750,62.42
20260918,540243,26081,100.0
20260918,540252,233627,91.92
20260918,540254,674056,100.0
20260918,540259,542666,84.38
20260918,540266,10932,77.64
20260918,540267,3,100.0
20260918,540268,11840,98.11
20260918,540269,10000,100.0
20260918,540293,8965,49.86
20260918,540310,7668,99.99
20260918,540311,1186,91.65
20260918,540332,3000,100.0
20260918,540358,5319,59.79
20260918,540360,599358,100.0
20260918,540361,77502,100.0
20260918,540366,89,100.0
20260918,540376,23570,67.72
20260918,540377,870681,65.26
20260918,540386,39686,100.0
20260918,540393,514,100.0
20260918,540395,4609,94.47
20260918,540396,3321,22.06
20260918,540401,32350,71.98
20260918,540403,152,87.86
20260918,540404,5070,97.11
20260918,540405,731,99.73
20260918,540425,4196,97.49
20260918,540455,80,59.7
20260918,540481,43,100.0
20260918,540492,156762,91.01
20260918,540497,3298,97.86
20260918,540515,155,100.0
20260918,540519,26279,56.93
20260918,540526,87641,88.53
20260918,540530,179903,60.69
20260918,540544,863,49.97
20260918,540545,80858,100.0
20260918,540565,14852,74.59
20260918,540570,40633,72.1
20260918,540575,12690,78.54
20260918,540590,447,99.11
20260918,540595,41404,41.81
20260918,540596,5117,68.56
20260918,540597,519,71.88
20260918,540602,4641,80.25
20260918,540611,6700,65.94
20260918,540612,303620,98.18
20260918,540613,9000,100.0
20260918,540615,7238,100.0
20260918,540642,265996,74.21
20260918,540648,16,100.0
20260918,540649,1002,41.23
20260918,540650,412,63.09
20260918,540654,15499,60.43
20260918,540669,2167,99.63
20260918,540673,7930,72.9
20260918,540678,33916,53.53
20260918,540679,201,99.5
20260918,540680,2949,65.88
20260918,540686,3634,66.64
20260918,540691,2214224,95.63
20260918,540692,2681,65.97
20260918,540693,394540,56.12
20260918,540694,8283,100.0
20260918,540696,1199,100.0
20260918,540699,13107,55.54
20260918,540700,311,76.04
20260918,540701,20185,56.46
20260918,540703,65292,97.19
20260918,540704,204,45.13
20260918,540709,84468,100.0
20260918,540710,7831,69.32
20260918,540716,4489,41.04
20260918,540717,108200,84.66
20260918,540718,54625,64.08
20260918,540719,5547,43.29
20260918,540724,143,73.33
20260918,540725,353683,33.25
20260918,540726,39032,66.94
20260918,540727,1580,58.69
20260918,540728,339,99.41
20260918,540730,758512,65.01
20260918,540735,547,96.3
20260918,540737,3145,62.07
20260918,540738,7821,73.52
20260918,540743,1784,40.73
20260918,540749,2778,54.04
20260918,540750,148775,70.71
20260918,540755,35743,65.87
20260918,540757,923,100.0
20260918,540762,10232,63.0
20260918,540767,11995,36.99
20260918,540768,4619,62.34
20260918,540769,177688,34.09
20260918,540774,1016,98.64
20260918,540775,3375,100.0
20260918,540776,897,66.1
20260918,540777,75726,41.63
20260918,540786,56247,100.0
20260918,540787,8322,73.75
20260918,540788,87,100.0
20260918,540789,6594,86.83
20260918,540795,8262,39.51
20260918,540797,2602,45.74
20260918,540809,37356,80.23
20260918,540811,50000,100.0
20260918,540821,21124,77.88
20260918,540824,253,100.0
20260918,540829,10009,100.0
20260918,540874,3649,85.28
20260918,540879,212823,40.45
20260918,540900,47661,59.15
20260918,540901,2629,53.39
20260918,540902,1636,42.2
20260918,540904,5950,100.0
20260918,540914,24502,77.03
20260918,540923,6715,27.54
20260918,540935,17362,95.98
20260918,540936,9857,95.97
20260918,540937,6863,73.95
20260918,540952,8721,86.35
20260918,540953,60925,91.59
20260918,540954,2269,89.68
20260918,540955,3915,100.0
20260918,540956,1360679,88.96
20260918,540961,620,100.0
20260918,540975,220040,91.87
20260918,540980,3,100.0
20260918,541019,6334,63.2
20260918,541083,9750,62.9
20260918,541096,196,95.61
20260918,541097,1856,88.76
20260918,541143,18627,48.11
20260918,541144,4983,89.25
20260918,541152,19513,71.26
20260918,541153,720692,75.93
20260918,541154,49070,64.27
20260918,541161,454513,100.0
20260918,541163,3417,56.89
20260918,541167,456,48.05
20260918,541195,25974,35.99
20260918,541206,65,100.0
20260918,541228,4393,100.0
20260918,541233,55030,54.7
20260918,541269,136,100.0
20260918,541276,19513,82.81
20260918,541300,550000,100.0
20260918,541301,4587,80.37
20260918,541302,730,99.32
20260918,541303,33833,67.2
20260918,541304,12,70.59
20260918,541313,24212,98.02
20260918,541336,5843,74.81
20260918,541337,24000,100.0
20260918,541338,39754,84.16
20260918,541347,8023,100.0
20260918,541353,4800,66.67
20260918,541358,747,100.0
20260918,541400,3702,51.57
20260918,541402,3280,85.22
20260918,541403,4913,68.96
20260918,541418,2486,69.06
20260918,541444,863,88.42
20260918,541445,4800,85.71
20260918,541450,57249,40.38
20260918,541540,7609,36.29
20260918,541546,10528,83.44
20260918,541556,24664,65.33
20260918,541557,479,73.35
20260918,541578,3645,34.89
20260918,541601,3033932,63.86
20260918,541627,2645,100.0
20260918,541634,681,89.25
20260918,541702,8880155,100.0
20260918,541729,53078,85.31
20260918,541735,62740,68.18
20260918,541741,35826,100.0
20260918,541770,2023,54.78
20260918,541771,630344,100.0
20260918,541778,4303,77.67
20260918,541799,5000,100.0
20260918,541809,13099,79.55
20260918,541865,10391,76.75
20260918,541890,32831,100.0
20260918,541929,73,89.02
20260918,541946,78592,83.97
20260918,541956,170330,51.13
20260918,541967,16022,53.03
20260918,541972,128,90.78
20260918,541973,3000,100.0
20260918,541974,1688,49.0
20260918,541988,4266,78.8
20260918,542011,24293,54.35
20260918,542012,2527012,100.0
20260918,542013,63,94.03
20260918,542019,1053,100.0
20260918,542020,27679,100.0
20260918,542025,144000,100.0
20260918,542034,29337,76.87
20260918,542046,95660,87.38
20260918,542057,1902,91.44
20260918,542066,589601,29.02
20260918,542123,96,98.97
20260918,542131,2154,63.77
20260918,542141,38049,77.75
20260918,542146,1250,100.0
20260918,542176,5,100.0
20260918,542206,160391,100.0
20260918,542216,3570,51.69
20260918,542230,3123,99.24
20260918,542231,51213,49.74
20260918,542232,6521,99.65
20260918,542233,2106,99.91
20260918,542248,7304,100.0
20260918,542285,60515,60.74
20260918,542323,25792,44.91
20260918,542332,15,100.0
20260918,542333,1245,88.42
20260918,542337,716,99.72
20260918,542351,26,100.0
20260918,542367,781,81.78
20260918,542383,5566,88.64
20260918,542399,5243,54.28
20260918,542437,15426,100.0
20260918,542446,112086,75.0
20260918,542459,2931,67.49
20260918,542460,752,52.15
20260918,542484,5195,61.8
20260918,542513,1,100.0
20260918,542524,8502,99.99
20260918,542543,2175000,92.55
20260918,542579,679993,75.18
20260918,542580,3698,100.0
20260918,542592,1250,100.0
20260918,542597,3763,26.84
20260918,542602,293930,92.81
20260918,542627,8989,100.0
20260918,542628,2710,73.5
20260918,542649,225098,58.75
20260918,542650,4323,45.27
20260918,542651,115189,50.31
20260918,542652,59722,78.9
20260918,542654,10001,99.98
20260918,542655,186133,51.82
20260918,542665,6363,41.59
20260918,542666,33322,94.56
20260918,542669,45998,65.64
20260918,542670,3434,99.74
20260918,542677,281,100.0
20260918,542678,822,100.0
20260918,542679,2,100.0
20260918,542682,1068,99.91
20260918,542684,1503,100.0
20260918,542685,347,100.0
20260918,542721,21573,100.0
20260918,542725,1518483,65.59
20260918,542726,257223,97.23
20260918,542727,1700,100.0
20260918,542729,53,100.0
20260918,542730,1447,69.7
20260918,542747,1975,55.03
20260918,542752,5748,48.17
20260918,542758,18694,86.41
20260918,542759,3870,81.06
20260918,542760,197559,79.37
20260918,542770,1192,96.28
20260918,542772,155833,96.17
20260918,542773,36323,74.72
20260918,542774,14037,67.18
20260918,542802,395729,76.23
20260918,542803,14147,55.66
20260918,542812,3074,51.04
20260918,542830,138199,69.67
20260918,542850,76000,100.0
20260918,542851,10621,100.0
20260918,542852,22808,78.89
20260918,542857,40436,71.73
20260918,542862,4500,90.36
20260918,542863,159,91.38
20260918,542865,568,86.19
20260918,542867,15646,37.88
20260918,542904,188388,63.38
20260918,542905,9577,87.45
20260918,542907,12626,80.56
20260918,542909,577,91.73
20260918,542918,910,100.0
20260918,542919,12496,58.11
20260918,542920,9789,52.12
20260918,542921,23134,81.29
20260918,542922,381,79.38
20260918,542933,47,100.0
20260918,542934,5000,100.0
20260918,543064,38994,60.94
20260918,543065,2000,100.0
20260918,543066,27405,56.31
20260918,543071,502,100.0
20260918,543079,405,99.75
20260918,543092,876,79.71
20260918,543099,24,100.0
20260918,543110,8,100.0
20260918,543144,13,100.0
20260918,543150,7017,89.72
20260918,543153,44,100.0
20260918,543161,106,100.0
20260918,543165,31,100.0
20260918,543167,216,100.0
20260918,543171,2571,100.0
20260918,543172,2000,100.0
20260918,543173,91,92.86
20260918,543174,4923,97.04
20260918,543175,1368,100.0
20260918,543176,114,95.0
20260918,543177,8895,74.65
20260918,543178,59,95.16
20260918,543181,45,70.31
20260918,543182,33,89.19
20260918,543184,2,66.67
20260918,543186,752,78.74
20260918,543187,3007,38.43
20260918,543193,483,39.27
20260918,543207,30315,73.33
20260918,543208,42282,88.37
20260918,543209,33000,78.57
20260918,543210,1414,100.0
20260918,543211,1884,97.41
20260918,543212,16095,81.42
20260918,543213,4278,74.03
20260918,543214,1562,57.89
20260918,543216,387,100.0
20260918,543217,8559,67.1
20260918,543218,32846,78.94
20260918,543219,5746,86.99
20260918,543220,110227,85.99
20260918,543221,12451,63.86
20260918,543223,19838,83.48
20260918,543224,4115,98.4
20260918,543226,242,97.58
20260918,543227,36556,54.25
20260918,543228,26375,66.55
20260918,543229,210,83.0
20260918,543230,2806,68.11
20260918,543231,6,100.0
20260918,543232,22088,43.74
20260918,543233,4702,100.0
20260918,543235,186890,52.39
20260918,543236,843,79.53
20260918,543237,49967,56.45
20260918,543238,2343,67.83
20260918,543240,1430,59.51
20260918,543241,4427,99.98
20260918,543242,15722,59.49
20260918,543243,130277,82.41
20260918,543244,4000,100.0
20260918,543245,145037,89.49
20260918,543248,92639,60.08
20260918,543249,11335,60.79
20260918,543250,16,25.0
20260918,543251,585,63.24
20260918,543252,1261,100.0
20260918,543253,56645,53.95
20260918,543254,16736,40.65
20260918,543255,321,96.98
20260918,543256,3785,100.0
20260918,543257,240457,56.75
20260918,543258,44064,96.24
20260918,543259,18673,54.67
20260918,543260,1391,73.36
20260918,543261,7085,90.58
20260918,543262,7000,53.85
20260918,543263,44837,81.04
20260918,543264,1088,100.0
20260918,543265,39745,59.02
20260918,543266,820,80.87
20260918,543267,477111,53.56
20260918,543268,2239,90.21
20260918,543270,3049,100.0
20260918,543271,240184,94.75
20260918,543272,1105791,68.03
20260918,543273,1583,53.12
20260918,543275,3807,55.47
20260918,543276,5085,61.26
20260918,543277,33317,55.95
20260918,543278,149421,49.19
20260918,543279,9376,78.34
20260918,543280,29104,54.05
20260918,543281,22023,95.13
20260918,543283,1755,100.0
20260918,543284,2749,76.04
20260918,543287,37215,41.08
20260918,543288,5394,57.69
20260918,543290,63361,88.28
20260918,543291,105764,61.89
20260918,543292,2893,72.4
20260918,543298,4294,72.77
20260918,543299,13943,52.29
20260918,543300,93194,53.84
20260918,543306,983,69.86
20260918,543308,35317,65.2
20260918,543311,16461,70.44
20260918,543317,1942,77.34
20260918,543318,20319,45.13
20260918,543320,502111,56.41
20260918,543321,2087,53.57
20260918,543322,104386,93.66
20260918,543323,636,46.02
20260918,543324,9676,23.82
20260918,543325,42875,65.81
20260918,543326,30198,66.87
20260918,543327,18195,93.56
20260918,543328,8687,61.89
20260918,543329,2126,65.23
20260918,543330,85661,54.83
20260918,543331,53677,56.35
20260918,543332,2331,72.64
20260918,543333,12974,41.21
20260918,543334,15701,53.3
20260918,543335,937718,84.13
20260918,543336,22023,75.86
20260918,543341,215,100.0
20260918,543346,2000,100.0
20260918,543347,31,83.78
20260918,543349,17647,59.09
20260918,543350,18423,71.75
20260918,543351,2400,100.0
20260918,543358,20946,63.7
20260918,543363,5800,85.29
20260918,543364,7035,57.19
20260918,543365,357995,58.9
20260918,543366,3600,100.0
20260918,543367,18284,50.06
20260918,543372,15000,100.0
20260918,543373,21272,100.0
20260918,543374,8408,39.03
20260918,543376,75,100.0
20260918,543377,40000,80.0
20260918,543378,59500,94.44
20260918,543383,7,100.0
20260918,543384,24945,43.41
20260918,543386,6331,75.15
20260918,543387,33807,68.81
20260918,543388,328,84.54
20260918,543389,541605,54.78
20260918,543390,62604,59.94
20260918,543391,11250,100.0
20260918,543396,59377,34.69
20260918,543397,32414,53.99
20260918,543398,6003,62.39
20260918,543399,2874,57.61
20260918,543400,30000,93.75
20260918,543401,2518,83.54
20260918,543410,23400,60.0
20260918,543411,33176,58.33
20260918,543412,42801,71.94
20260918,543413,17343,34.97
20260918,543414,97536,75.07
20260918,543415,14188,60.11
20260918,543416,738,84.44
20260918,543417,4487,54.91
20260918,543419,87013,85.5
20260918,543420,25395,54.14
20260918,543425,3936,63.46
20260918,543426,79339,71.34
20260918,543427,6572,74.05
20260918,543428,12715,41.46
20260918,543433,994,81.48
20260918,543434,5426,56.19
20260918,543437,131971,67.16
20260918,543438,110,78.01
20260918,543440,583,94.95
20260918,543441,247202,91.19
20260918,543442,254,71.95
20260918,543449,41315,71.19
20260918,543450,13138,66.83
20260918,543451,35248,100.0
20260918,543452,110442,61.36
20260918,543453,5625,62.5
20260918,543454,823,74.48
20260918,543458,45412,58.41
20260918,543461,10000,100.0
20260918,543462,1827,99.67
20260918,543463,31423,63.89
20260918,543464,50000,87.72
20260918,543465,601,99.67
20260918,543470,54,98.18
20260918,543471,68439,72.02
20260918,543472,16057,96.99
20260918,543473,2161,79.89
20260918,543474,12446,93.06
20260918,543480,48,54.55
20260918,543481,246287,79.87
20260918,543482,8988,55.49
20260918,543489,34374,83.52
20260918,543490,34839,47.87
20260918,543497,8000,58.82
20260918,543498,4523500,94.52
20260918,543499,29518,100.0
20260918,543500,72000,100.0
20260918,543501,79,69.3
20260918,543512,51282,95.63
20260918,543513,3069,100.0
20260918,543514,8806,60.51
20260918,543515,30750,100.0
20260918,543516,476000,100.0
20260918,543517,9031,75.25
20260918,543520,156000,100.0
20260918,543522,750,100.0
20260918,543523,8622,62.31
20260918,543524,3011,62.44
20260918,543525,27262,26.75
20260918,543526,736195,95.16
20260918,543527,2393,71.09
20260918,543528,18933,36.26
20260918,543529,97250,79.13
20260918,543530,104721,63.4
20260918,543531,3434,80.18
20260918,543532,584,57.88
20260918,543533,28287,41.03
20260918,543534,4044,65.82
20260918,543535,26,100.0
20260918,543539,532,90.17
20260918,543540,7200,100.0
20260918,543542,1500,10.2
20260918,543543,1400,63.64
20260918,543544,4500,100.0
20260918,543545,33400,66.67
20260918,543546,2000,100.0
20260918,543547,2857,61.22
20260918,543563,3003,83.12
20260918,543568,29507,85.2
20260918,543569,70,77.78
20260918,543570,1703,60.09
20260918,543571,6849,93.3
20260918,543572,256148,98.41
20260918,543573,148245,26.7
20260918,543574,2680,99.08
20260918,543575,135,97.83
20260918,543576,1782,59.88
20260918,543577,154,76.24
20260918,543590,61841,100.0
20260918,543591,3172,75.78
20260918,543592,136973,74.41
20260918,543593,4525,56.21
20260918,543594,21000,100.0
20260918,543595,1000,100.0
20260918,543596,3428,68.0
20260918,543597,1378,77.94
20260918,543599,2405,84.33
20260918,543600,3919,72.91
20260918,543605,284,99.65
20260918,543606,25000,83.33
20260918,543607,173,94.02
20260918,543608,142,64.55
20260918,543613,4000,100.0
20260918,543614,108,98.18
20260918,543615,5600,87.5
20260918,543616,8400,93.33
20260918,543619,3800,63.87
20260918,543620,56568,66.93
20260918,543623,1500,100.0
20260918,543626,306823,40.31
20260918,543627,104,100.0
20260918,543628,12410,74.25
20260918,543635,57866,52.51
20260918,543636,1974,51.05
20260918,543638,7115,93.19
20260918,543643,24065,98.41
20260918,543644,11454,61.69
20260918,543645,100,51.28
20260918,543650,24776,68.28
20260918,543652,19218,58.93
20260918,543653,24847,66.87
20260918,543654,10502,49.71
20260918,543657,12119,55.53
20260918,543663,14682,42.77
20260918,543664,18312,28.06
20260918,543665,28445,98.95
20260918,543666,1120,57.14
20260918,543667,12414,38.54
20260918,543668,9,81.82
20260918,543669,1842,88.47
20260918,543670,12729,95.84
20260918,543671,843,78.71
20260918,543677,1753,100.0
20260918,543678,2000,100.0
20260918,543686,1486,69.86
20260918,543687,4052,89.02
20260918,543688,96314,67.25
20260918,543689,5549,51.19
20260918,543699,231,67.35
20260918,543700,4,100.0
20260918,543709,3375,62.79
20260918,543710,816,30.56
20260918,543711,17589,73.67
20260918,543712,172,100.0
20260918,543713,14000,73.68
20260918,543714,3798,72.22
20260918,543720,15054,55.82
20260918,543725,2553,65.13
20260918,543732,19699,66.12
20260918,543738,116,100.0
20260918,543743,52,100.0
20260918,543746,27000,61.64
20260918,543747,22704,81.76
20260918,543748,223857,79.95
20260918,543754,1600,100.0
20260918,543765,3000,100.0
20260918,543766,6955,100.0
20260918,543767,44916,93.18
20260918,543768,224558,39.82
20260918,543769,72000,100.0
20260918,543774,1401,65.25
20260918,543775,10034,55.78
20260918,543776,8356,56.14
20260918,543781,95426,89.55
20260918,543782,12060,81.71
20260918,543787,4290,70.27
20260918,543799,1750,87.5
20260918,543805,4500,75.0
20260918,543806,1800,32.14
20260918,543811,3717,94.48
20260918,543812,1048,69.36
20260918,543813,2000,98.14
20260918,543814,1000,100.0
20260918,543819,694,86.43
20260918,543828,384000,72.18
20260918,543829,400,98.77
20260918,543831,1875,100.0
20260918,543848,36000,100.0
20260918,543853,10,83.33
20260918,543860,947,100.0
20260918,543861,3104,99.68
20260918,543874,6000,85.71
20260918,543895,6500,76.47
20260918,543896,56227,40.19
20260918,543898,868,95.18
20260918,543899,50787,98.27
20260918,543900,23320,60.07
20260918,543901,1506,99.67
20260918,543902,14000,63.64
20260918,543903,21988,98.03
20260918,543904,77144,95.31
20260918,543910,393,100.0
20260918,543911,364527,32.81
20260918,543912,1794,98.25
20260918,543913,8624,86.87
20260918,543914,14654,100.0
20260918,543915,1365,95.66
20260918,543916,11600,74.36
20260918,543917,6307,82.17
20260918,543918,3935,73.44
20260918,543919,23193,76.76
20260918,543920,49578,52.87
20260918,543921,6000,100.0
20260918,543922,5610,76.67
20260918,543923,14792,31.48
20260918,543924,6000,75.0
20260918,543926,42000,64.81
20260918,543927,125,100.0
20260918,543928,5000,83.33
20260918,543929,95184,54.45
20260918,543930,5,100.0
20260918,543931,5400,81.82
20260918,543932,7046,65.28
20260918,543933,18931,50.34
20260918,543934,80,100.0
20260918,543935,428,75.22
20260918,543936,14595,50.71
20260918,543939,2000,100.0
20260918,543940,725893,73.08
20260918,543941,1200,100.0
20260918,543942,395852,67.58
20260918,543943,39000,65.0
20260918,543944,143,99.31
20260918,543945,36038,35.48
20260918,543946,62219,97.49
20260918,543947,81,98.78
20260918,543948,1539,75.74
20260918,543949,6106,90.26
20260918,543950,235223,51.27
20260918,543952,6220,65.35
20260918,543953,1000,5.71
20260918,543954,6118,86.87
20260918,543955,49805,82.72
20260918,543956,8148,95.86
20260918,543957,15377,59.67
20260918,543958,9410,60.07
20260918,543959,87152,74.21
20260918,543960,6982,61.04
20260918,543962,8,100.0
20260918,543963,6000,100.0
20260918,543965,65133,57.49
20260918,543969,2707,92.39
20260918,543970,1500,100.0
20260918,543971,96200,68.62
20260918,543972,23575,49.06
20260918,543974,36066,48.62
20260918,543976,5555,69.55
20260918,543977,4400,57.69
20260918,543978,216749,44.02
20260918,543979,12800,100.0
20260918,543980,504585,99.14
20260918,543981,5859,43.16
20260918,543982,7200,73.47
20260918,543983,5924,69.47
20260918,543984,41123,69.78
20260918,543985,29232,42.23
20260918,543986,13182,56.06
20260918,543988,3129,39.27
20260918,543989,14036,50.97
20260918,543990,2682,15.38
20260918,543991,3600,69.23
20260918,543992,19587,54.54
20260918,543993,133,99.25
20260918,543994,417617,54.16
20260918,543995,20055,55.88
20260918,543996,3017,67.18
20260918,543997,5400,15.0
20260918,543998,18553,100.0
20260918,543999,1497,92.58
20260918,544000,6000,100.0
20260918,544001,22750,100.0
20260918,544003,4878,89.72
20260918,544004,3539,80.43
20260918,544006,13451,78.45
20260918,544007,66195,84.64
20260918,544008,9439,92.69
20260918,544009,10853,57.66
20260918,544011,3600,100.0
20260918,544012,5443,60.65
20260918,544013,6000,100.0
20260918,544014,67459,82.0
20260918,544015,500,100.0
20260918,544020,17834,100.0
20260918,544021,6411,62.07
20260918,544022,26578,55.91
20260918,544023,28750,67.65
20260918,544025,600,100.0
20260918,544026,466170,72.01
20260918,544027,25497,53.87
20260918,544028,46317,55.55
20260918,544029,20808,60.92
20260918,544030,1479,14.83
20260918,544035,1600,100.0
20260918,544036,3200,66.67
20260918,544037,13600,53.33
20260918,544042,11360,89.64
20260918,544043,34,69.39
20260918,544044,1930,57.7
20260918,544045,1415,87.24
20260918,544046,15097,55.14
20260918,544047,66000,56.41
20260918,544052,4000,100.0
20260918,544053,1814473,37.02
20260918,544054,15080,67.29
20260918,544055,9283,65.3
20260918,544057,5853,67.21
20260918,544058,2004,63.3
20260918,544059,42000,95.45
20260918,544060,7146,100.0
20260918,544061,35977,57.4
20260918,544066,688,99.28
20260918,544067,1469,67.98
20260918,544072,2400,100.0
20260918,544073,7000,100.0
20260918,544074,17400,100.0
20260918,544079,244,100.0
20260918,544080,2,100.0
20260918,544081,50751,33.6
20260918,544088,3334,67.94
20260918,544089,562265,75.53
20260918,544090,12,100.0
20260918,544091,11600,100.0
20260918,544092,66,65.35
20260918,544093,628,63.43
20260918,544095,16495,67.97
20260918,544100,3802,94.65
20260918,544102,76,96.2
20260918,544106,1200,100.0
20260918,544107,12020,77.79
20260918,544109,1650,88.0
20260918,544110,117,38.49
20260918,544111,11211,78.65
20260918,544112,4504,98.62
20260918,544117,4280,75.42
20260918,544118,9453,38.27
20260918,544119,2949,57.32
20260918,544120,1305,67.23
20260918,544121,5000,71.43
20260918,544122,2211,39.92
20260918,544123,862,94.1
20260918,544124,414,100.0
20260918,544129,12220,60.4
20260918,544130,21022,69.82
20260918,544131,14359,83.08
20260918,544132,313837,58.12
20260918,544133,35093,50.39
20260918,544134,2235,65.54
20260918,544135,58441,100.0
20260918,544136,574,95.03
20260918,544137,2222,80.59
20260918,544138,8420,53.92
20260918,544139,10000,100.0
20260918,544140,3149,29.48
20260918,544141,9600,54.55
20260918,544142,25775,72.57
20260918,544143,5000,62.5
20260918,544144,4607,94.79
20260918,544149,2276,61.58
20260918,544150,57000,70.37
20260918,544151,11000,100.0
20260918,544156,79500,100.0
20260918,544158,971,65.52
20260918,544159,98933,86.96
20260918,544160,12800,100.0
20260918,544161,995,46.39
20260918,544162,5829,57.64
20260918,544163,2000,100.0
20260918,544164,8000,100.0
20260918,544165,33000,73.33
20260918,544166,13200,100.0
20260918,544167,1134,58.7
20260918,544169,10000,100.0
20260918,544170,12000,54.55
20260918,544171,4000,100.0
20260918,544172,16897,45.3
20260918,544173,1000,100.0
20260918,544174,6192,62.75
20260918,544175,2400,100.0
20260918,544176,106415,79.94
20260918,544177,8000,100.0
20260918,544179,430706,91.03
20260918,544180,2537,78.42
20260918,544181,18327,52.75
20260918,544182,34,85.0
20260918,544183,500,50.0
20260918,544184,3277,83.68
20260918,544185,1601,87.15
20260918,544186,15676,78.13
20260918,544187,1991,100.0
20260918,544188,4000,100.0
20260918,544189,3000,85.71
20260918,544191,19852,78.44
20260918,544192,99593,63.83
20260918,544193,126032,92.77
20260918,544194,20588,98.1
20260918,544195,2000,100.0
20260918,544197,14,100.0
20260918,544198,15481,76.62
20260918,544199,8800,68.75
20260918,544200,8260,92.6
20260918,544201,14000,100.0
20260918,544202,1320,72.89
20260918,544203,975942,98.24
20260918,544204,8689,78.83
20260918,544205,1293,100.0
20260918,544206,48905,69.1
20260918,544207,335,88.16
20260918,544209,3221,64.55
20260918,544210,61624,71.35
20260918,544212,19686,59.53
20260918,544213,9000,78.95
20260918,544214,2000,50.0
20260918,544215,565,100.0
20260918,544216,31448,91.68
20260918,544217,12449,79.81
20260918,544218,7735,93.8
20260918,544219,4200,87.5
20260918,544221,27000,100.0
20260918,544222,6963,67.87
20260918,544223,9565,56.34
20260918,544224,98280,69.58
20260918,544225,2700957,54.64
20260918,544226,657235,73.01
20260918,544227,9627,64.42
20260918,544229,73031,70.6
20260918,544230,1172,98.24
20260918,544232,1152,76.24
20260918,544233,2600,89.38
20260918,544235,14543,83.36
20260918,544238,55904,55.52
20260918,544239,3607,86.27
20260918,544240,3986,65.35
20260918,544241,14572,71.61
20260918,544242,6000,100.0
20260918,544243,21678,66.88
20260918,544244,660,75.69
20260918,544245,1600,100.0
20260918,544246,86,94.51
20260918,544247,1678,85.74
20260918,544248,7200,37.5
20260918,544249,2874,95.8
20260918,544250,346,89.64
20260918,544251,6400,100.0
20260918,544252,374055,78.36
20260918,544253,77292,60.37
20260918,544254,1343,86.09
20260918,544256,8133,51.37
20260918,544257,4000,100.0
20260918,544258,14885,60.99
20260918,544259,3000,100.0
20260918,544260,32312,40.66
20260918,544261,6499,53.35
20260918,544262,1820,23.65
20260918,544263,9593,61.66
20260918,544264,2066,43.98
20260918,544267,8000,90.91
20260918,544268,84330,73.85
20260918,544270,1200,100.0
20260918,544271,7355,61.36
20260918,544272,7200,78.26
20260918,544273,20669,67.88
20260918,544274,11309,49.12
20260918,544275,4154,92.02
20260918,544276,69468,80.6
20260918,544277,13367,44.01
20260918,544278,1813,100.0
20260918,544279,3290,52.76
20260918,544280,84915,38.02
20260918,544281,10575,100.0
20260918,544282,1135528,54.15
20260918,544283,202446,52.72
20260918,544284,46,100.0
20260918,544285,988332,85.31
20260918,544286,22982,53.09
20260918,544288,26207,30.89
20260918,544289,53059,47.85
20260918,544290,14802,37.21
20260918,544291,13800,67.65
20260918,544292,5502,55.16
20260918,544293,2040,71.65
20260918,544294,19390,39.72
20260918,544296,6000,68.18
20260918,544301,2815,99.05
20260918,544302,85,0.78
20260918,544303,600,50.0
20260918,544304,9600,100.0
20260918,544305,118147,45.71
20260918,544306,24483,57.12
20260918,544307,151219,64.06
20260918,544308,531,100.0
20260918,544309,3469,40.87
20260918,544310,62250,61.63
20260918,544311,114352,48.97
20260918,544313,4000,100.0
20260918,544314,5391,64.03
20260918,544315,48618,61.27
20260918,544316,5184,60.88
20260918,544317,10647,57.31
20260918,544318,1220,61.65
20260918,544319,174027,65.89
20260918,544320,206444,97.41
20260918,544321,999,65.72
20260918,544322,4270,48.49
20260918,544323,25412,87.29
20260918,544325,151440,67.79
20260918,544326,2203,97.91
20260918,544327,82000,100.0
20260918,544328,3968,66.24
20260918,544329,10000,83.33
20260918,544330,15000,100.0
20260918,544331,16000,100.0
20260918,544332,2400,60.0
20260918,544333,21310,41.13
20260918,544334,4500,100.0
20260918,544335,49000,100.0
20260918,544336,33971,40.85
20260918,544337,2000,100.0
20260918,544338,5575,82.01
20260918,544339,3007,96.32
20260918,544340,4800,100.0
20260918,544341,4800,50.0
20260918,544342,15245,100.0
20260918,544343,8800,91.67
20260918,544344,14609,84.16
20260918,544345,3927,55.51
20260918,544346,70,83.33
20260918,544347,1200,100.0
20260918,544348,4800,66.67
20260918,544349,1600,100.0
20260918,544350,677,34.79
20260918,544351,1600,100.0
20260918,544353,6000,100.0
20260918,544354,5700,82.61
20260918,544355,479,86.31
20260918,544356,1548,77.09
20260918,544361,1819,82.12
20260918,544362,3089,52.02
20260918,544364,1800,66.54
20260918,544365,4000,100.0
20260918,544367,9232,56.27
20260918,544368,1200,100.0
20260918,544369,11200,100.0
20260918,544371,1945,84.16
20260918,544373,56000,97.22
20260918,544375,1125,70.71
20260918,544376,1215,73.28
20260918,544377,273,94.46
20260918,544379,5473,62.56
20260918,544380,1481,99.73
20260918,544381,6000,100.0
20260918,544382,6859,67.59
20260918,544383,6000,100.0
20260918,544384,121434,40.09
20260918,544385,445,59.89
20260918,544386,192,100.0
20260918,544387,20500,60.29
20260918,544389,261,95.26
20260918,544390,12397,54.33
20260918,544393,3200,100.0
20260918,544394,947,62.22
20260918,544395,49584,96.08
20260918,544396,5581,42.94
20260918,544397,138483,41.47
20260918,544398,18000,100.0
20260918,544399,22800,76.0
20260918,544400,8000,80.0
20260918,544402,2833,65.53
20260918,544403,57872,68.11
20260918,544404,2663,82.14
20260918,544405,304034,65.76
20260918,544406,1071200,98.38
20260918,544407,126776,48.92
20260918,544408,81059,93.34
20260918,544409,4000,80.0
20260918,544410,4599,66.62
20260918,544411,8004,59.74
20260918,544413,5029,68.38
20260918,544414,7643,62.6
20260918,544415,233,82.04
20260918,544416,922,85.13
20260918,544418,18435,67.28
20260918,544419,53476,35.87
20260918,544420,6159,39.34
20260918,544421,22083,53.54
20260918,544422,3600,100.0
20260918,544423,4828,77.87
20260918,544424,5451,93.12
20260918,544425,13200,100.0
20260918,544426,9600,100.0
20260918,544427,150001,99.93
20260918,544428,4800,100.0
20260918,544429,22477,63.78
20260918,544430,586776,55.0
20260918,544431,62000,95.38
20260918,544432,918,61.94
20260918,544433,10800,100.0
20260918,544434,92800,100.0
20260918,544435,3200,57.14
20260918,544436,2400,100.0
20260918,544438,2668,60.21
20260918,544439,4191,62.51
20260918,544440,24750,100.0
20260918,544441,24000,96.77
20260918,544442,20400,100.0
20260918,544443,2348,84.55
20260918,544444,9600,100.0
20260918,544445,5000,100.0
20260918,544446,2429,53.0
20260918,544447,3817,86.91
20260918,544448,9170,27.16
20260918,544449,264018,65.9
20260918,544450,2782,100.0
20260918,544452,10000,100.0
20260918,544453,4200,87.5
20260918,544454,3513,89.92
20260918,544455,35232,50.67
20260918,544456,36549,100.0
20260918,544457,6766,79.54
20260918,544458,75000,58.37
20260918,544459,49070,34.3
20260918,544460,8000,100.0
20260918,544463,14400,100.0
20260918,544464,6000,100.0
20260918,544465,6341,59.52
20260918,544466,193439,92.15
20260918,544467,302572,61.21
20260918,544468,1200,100.0
20260918,544469,39995,100.0
20260918,544470,3016,61.99
20260918,544473,37052,84.48
20260918,544474,1600,100.0
20260918,544475,2000,100.0
20260918,544476,18018,53.84
20260918,544477,21595,63.53
20260918,544478,40,76.92
20260918,544479,2150,71.95
20260918,544480,39252,52.29
20260918,544481,19763,70.41
20260918,544482,8000,100.0
20260918,544483,4800,66.67
20260918,544484,18809,31.11
20260918,544485,10486,53.7
20260918,544486,16309,94.04
20260918,544487,1142,76.85
20260918,544488,64121,58.57
20260918,544489,7200,100.0
20260918,544490,12914,32.04
20260918,544491,4403,77.53
20260918,544492,2517,90.34
20260918,544495,7200,100.0
20260918,544496,34329,63.11
20260918,544497,1803523,39.6
20260918,544498,1600,100.0
20260918,544499,111,99.11
20260918,544501,43000,100.0
20260918,544502,3223,100.0
20260918,544503,1000,100.0
20260918,544504,19600,98.0
20260918,544505,36000,78.26
20260918,544507,111779,75.54
20260918,544509,8000,83.33
20260918,544510,6400,100.0
20260918,544511,8000,76.92
20260918,544512,8109,66.39
20260918,544513,3137,72.08
20260918,544514,800,100.0
20260918,544515,198880,40.64
20260918,544516,48000,40.0
20260918,544517,2115,62.56
20260918,544518,14400,100.0
20260918,544519,3187,65.55
20260918,544520,31200,100.0
20260918,544521,1511,73.42
20260918,544522,136133,65.53
20260918,544523,3868,61.91
20260918,544524,13600,65.38
20260918,544525,9361,48.05
20260918,544526,4840,57.67
20260918,544527,2641,45.43
20260918,544528,2646,56.92
20260918,544529,8400,100.0
20260918,544530,1854,70.31
20260918,544531,25800,97.73
20260918,544532,5647,64.84
20260918,544533,9020,59.59
20260918,544534,1050,13.33
20260918,544535,9600,75.0
20260918,544536,45,95.74
20260918,544537,27528,52.1
20260918,544538,58000,100.0
20260918,544540,11614,57.41
20260918,544541,27000,86.54
20260918,544542,6000,100.0
20260918,544543,11826,63.32
20260918,544544,30000,100.0
20260918,544545,4398,59.74
20260918,544546,8400,77.78
20260918,544547,980,91.33
20260918,544548,4800,100.0
20260918,544549,1000,100.0
20260918,544550,32734,58.84
20260918,544554,20000,100.0
20260918,544555,12000,100.0
20260918,544557,1257,97.67
20260918,544558,198,55.46
20260918,544559,11200,100.0
20260918,544560,2000,100.0
20260918,544561,12000,66.67
20260918,544562,7465,83.74
20260918,544563,9500,100.0
20260918,544564,504,100.0
20260918,544565,2000,100.0
20260918,544567,1200,100.0
20260918,544568,61200,80.95
20260918,544569,194906,56.84
20260918,544570,5791,66.66
20260918,544572,113063,82.38
20260918,544573,15,100.0
20260918,544574,63934,63.59
20260918,544575,15000,68.18
20260918,544576,13563,57.59
20260918,544577,30,100.0
20260918,544578,9714,55.06
20260918,544579,79,90.8
20260918,544580,9033,80.85
20260918,544581,5542,92.09
20260918,544582,19200,94.12
20260918,544583,393930,93.38
20260918,544584,27000,100.0
20260918,544585,8000,80.0
20260918,544586,132255,92.13
20260918,544587,265,62.65
20260918,544595,3263,60.27
20260918,544596,7200,66.67
20260918,544597,96196,70.28
20260918,544598,11648,100.0
20260918,544599,1934,64.9
20260918,544600,179412,53.95
20260918,544601,29,80.56
20260918,544602,138692,68.91
20260918,544603,2533101,68.37
20260918,544604,4448,51.09
20260918,544605,22056,79.22
20260918,544606,2146230,60.65
20260918,544607,28800,88.89
20260918,544608,29058,62.15
20260918,544609,779404,52.39
20260918,544610,33000,63.22
20260918,544611,19200,88.89
20260918,544612,257204,94.46
20260918,544613,7541,53.98
20260918,544614,12695,49.98
20260918,544615,6527,100.0
20260918,544616,9000,100.0
20260918,544617,10039,56.59
20260918,544619,15891,68.33
20260918,544622,392030,42.16
20260918,544623,1200,100.0
20260918,544624,9000,100.0
20260918,544625,3600,66.67
20260918,544626,6000,100.0
20260918,544627,1000,100.0
20260918,544628,18000,47.37
20260918,544629,22000,88.0
20260918,544631,658,46.93
20260918,544632,3582455,75.02
20260918,544633,40388,68.42
20260918,544634,145515,67.18
20260918,544637,21000,74.47
20260918,544638,967,60.89
20260918,544639,1823,83.39
20260918,544641,600,50.0
20260918,544642,9144,56.26
20260918,544643,2000,100.0
20260918,544644,484,39.48
20260918,544645,33272,51.19
20260918,544646,30000,60.0
20260918,544647,6132,58.11
20260918,544654,11142,71.25
20260918,544655,61,100.0
20260918,544656,400,100.0
20260918,544657,8400,100.0
20260918,544658,48628,68.81
20260918,544659,4000,100.0
20260918,544660,4767,95.97
20260918,544661,50,54.35
20260918,544662,23,95.83
20260918,544663,3000,75.0
20260918,544664,24872,55.45
20260918,544665,9600,100.0
20260918,544666,5900,41.62
20260918,544667,16800,100.0
20260918,544668,23400,88.64
20260918,544669,1800,100.0
20260918,544670,13200,100.0
20260918,544671,2000,50.0
20260918,544673,25600,84.21
20260918,544675,36800,100.0
20260918,544676,7200,100.0
20260918,544677,1600,100.0
20260918,544678,282963,64.25
20260918,544679,11542,65.29
20260918,544681,73000,72.28
20260918,544682,48000,97.56
20260918,544684,26400,100.0
20260918,544685,81214,60.49
20260918,544687,26000,86.67
20260918,544693,4800,100.0
20260918,544695,26000,100.0
20260918,544699,14780,43.91
20260918,544700,28466,61.71
20260918,544701,19113,91.93
20260918,544702,71961,92.21
20260918,544703,67583,100.0
20260918,544704,6169,69.4
20260918,544705,34473,70.95
20260918,544708,2400,66.67
20260918,544709,13276,64.11
20260918,544710,27000,60.0
20260918,544711,20000,71.43
20260918,544716,1918,65.3
20260918,544717,2020,65.8
20260918,544718,7003,62.76
20260918,544720,195383,59.02
20260918,544721,7487,89.4
20260918,544722,1986,100.0
20260918,544723,4559,47.21
20260918,544724,12000,100.0
20260918,544725,119,97.54
20260918,544726,16090,100.0
20260918,544731,9084,67.05
20260918,544732,1870,91.8
20260918,544733,1724,49.54
20260918,544734,1215,84.08
20260918,544735,5000,100.0
20260918,544737,713,70.04
20260918,544738,3000,100.0
20260918,544739,48346,40.44
20260918,544740,214400,100.0
20260918,544741,2400,100.0
20260918,544742,4777,75.39
20260918,544743,15906,51.36
20260918,544744,6639,73.24
20260918,544745,5312,96.58
20260918,544746,32000,80.0
20260918,544747,102000,100.0
20260918,544748,26297,71.52
20260918,544750,10974,81.02
20260918,544751,2400,100.0
20260918,544753,151,100.0
20260918,544754,62020,34.13
20260918,544755,6400,100.0
20260918,544756,15737,67.76
20260918,544757,158,82.72
20260918,544758,25143,74.23
20260918,544759,6000,66.67
20260918,544760,1224,92.52
20260918,544762,8081,83.27
20260918,544763,2631,83.5
20260918,544764,74564,51.07
20260918,544765,54400,100.0
20260918,544766,135,100.0
20260918,544767,6000,100.0
20260918,544768,2000,100.0
20260918,544769,2400,100.0
20260918,544770,16000,62.5
20260918,544771,8000,66.67
20260918,544772,192000,70.59
20260918,544773,100000,62.11
20260918,544774,8000,100.0
20260918,544777,169527,65.87
20260918,544778,10000,62.5
20260918,544779,9600,52.17
20260918,544780,182026,60.88
20260918,544781,683811,61.84
20260918,544782,1321553,53.5
20260918,544783,131491,100.0
20260918,544784,1422786,55.79
20260918,544785,9669,100.0
20260918,544786,6508,77.36
20260918,544793,93000,100.0
20260918,544794,192000,77.29
20260918,544795,149,100.0
20260918,544796,2400,75.0
20260918,544797,546000,100.0
20260918,544798,1200,100.0
20260918,544799,56491,60.02
20260918,544800,3200,66.67
20260918,544802,320694,87.71
20260918,544803,145840,71.45
20260918,544806,164188,39.26
20260918,544807,6000,100.0
20260918,544808,68763,81.38
20260918,544809,20000,55.56
20260918,544810,20800,86.67
20260918,544811,7000,35.0
20260918,544812,32000,69.57
20260918,544813,4000,100.0
20260918,544814,7674,41.74
20260918,544821,13302,63.05
20260918,544822,27010,46.72
20260918,544823,33600,100.0
20260918,544825,8988,70.43
20260918,544826,46800,52.7
20260918,544827,5,3.76
20260918,544829,30948,38.5
20260918,544830,100295,98.46
20260918,544831,3513,68.6
20260918,544832,9000,65.22
20260918,544833,16583,63.42
20260918,544834,6000,83.33
20260918,544835,22000,84.62
20260918,544837,141635,47.55
20260918,544838,157387,42.81
20260918,544839,15323,51.75
20260918,544840,45000,78.95
20260918,544841,210,56.76
20260918,544842,6,100.0
20260918,544843,54000,83.33
20260918,544844,128800,77.4
20260918,544845,50,89.29
20260918,544846,31,79.49
20260918,544847,17134,50.87
20260918,544848,20800,72.22
20260918,544849,2688,100.0
20260918,544851,89324,39.04
20260918,544852,1200,100.0
20260918,544853,231699,83.62
20260918,544854,28800,88.89
20260918,544855,4575,78.51
20260918,544856,6400,80.0
20260918,544858,34800,63.04
20260918,544859,20000,76.92
20260918,544860,98544,45.3
20260918,544861,27710,100.0
20260918,544862,2740,39.98
20260918,544863,12000,66.67
20260918,544864,21168,44.04
20260918,544865,85900,42.39
20260918,544866,63975,37.23
20260918,544867,58017,62.1
20260918,544868,312951,64.83
20260918,544869,15000,100.0
20260918,544870,18571,67.75
20260918,544871,107105,51.49
20260918,544872,270000,74.01
20260918,544873,4836,76.45
20260918,544874,15,100.0
20260918,544876,21600,85.71
20260918,544877,39000,100.0
20260918,544878,556,98.76
20260918,544879,303799,58.86
20260918,544880,120806,63.99
20260918,544881,25607,41.01
20260918,544882,136632,36.94
20260918,544883,3000,100.0
20260918,544884,8400,100.0
20260918,544885,10547,55.22
20260918,544886,81714,52.94
20260918,544887,1,100.0
20260918,544888,42787,58.11
20260918,544889,33989,42.53
20260918,544890,1666705,38.93
20260918,544891,430544,50.78
20260918,544892,6269,86.24
20260918,544893,71615,45.58
20260918,544894,683643,43.0
20260918,544895,332800,50.86
20260918,544897,90000,100.0
20260918,544898,231819,67.32
20260918,544899,20878,100.0
20260918,544900,39000,100.0
20260918,544901,6631,47.17
20260918,544902,8000,100.0
20260918,544903,141740,39.99
20260918,544904,1200,100.0
20260918,544906,8760,100.0
20260918,544908,1234,71.95
20260918,544909,145991,36.32
20260918,544910,8000,100.0
20260918,544911,362173,44.44
20260918,544912,48228,47.5
20260918,544913,2040971,33.3
20260918,544914,1507141,72.17
20260918,544915,1429024,43.01
20260918,544916,92798,49.42
20260918,544917,748756,36.37
20260918,544918,819122,58.42
20260918,544919,556800,100.0
20260918,544920,72000,100.0
20260918,544921,331290,60.63
20260918,544922,2241600,100.0
20260918,544923,1093242,100.0
20260918,544924,2878000,100.0
20260918,544925,2304000,100.0
20260918,544926,204000,100.0
20260918,544927,3104,99.87
20260918,555555,157,75.85
20260918,570002,1143,100.0
20260918,570004,1105,98.05
20260918,570005,145844,100.0
20260918,590003,29935,62.33
20260918,590005,989,85.19
20260918,590006,867,78.11
20260918,590013,192,45.39
20260918,590018,20,100.0
20260918,590021,462,63.37
20260918,590022,1,100.0
20260918,590024,3515,39.58
20260918,590025,2241,100.0
20260918,590030,13993,58.75
20260918,590031,11,91.67
20260918,590041,53119,100.0
20260918,590051,8860,63.01
20260918,590056,259,99.23
20260918,590057,39359,100.0
20260918,590062,9958,75.09
20260918,590065,210,90.91
20260918,590066,16588,90.33
20260918,590068,115,100.0
20260918,590070,2018,99.95
20260918,590071,37902,98.4
20260918,590073,12438,54.57
20260918,590075,217,86.8
20260918,590078,1712,69.48
20260918,590086,783,60.89
20260918,590095,601437,63.1
20260918,590096,196317,84.62
20260918,590097,14127,60.33
20260918,590098,77086,55.86
20260918,590099,3443,46.17
20260918,590101,30223,71.54
20260918,590103,73402,69.65
20260918,590104,6299,72.48
20260918,590106,10257,61.23
20260918,590107,4127,88.07
20260918,590108,9312,61.75
20260918,590109,141,96.58
20260918,590110,375,84.46
20260918,590113,6853,67.68
20260918,590115,3693,99.95
20260918,590134,1545,95.37
20260918,590136,3762,83.34
20260918,590137,67,85.9
20260918,590138,5044,54.8
20260918,590139,1008,100.0
20260918,590140,2684730,55.21
20260918,590141,368710,63.24
20260918,590142,32806,59.36
20260918,590143,18022,59.74
20260918,590144,5360,61.73
20260918,590145,1234490,84.84
20260918,590146,4548,86.05
20260918,590147,1017,97.6
20260918,590148,91006,75.59
20260918,590149,5013,94.09
20260918,590150,15122,76.88
20260918,590151,16059,90.77
20260918,590152,51667,70.77
20260918,590153,16839,99.13
20260918,590154,25961,78.06
20260918,590155,82897,78.95
20260918,590156,53098,80.16
20260918,590157,13124,70.19
20260918,590158,14160,75.2
20260918,590159,6622,97.53
20260918,590160,97,100.0
20260918,590161,2750536,80.87
20260918,710058,1705,100.0
20260918,751132,4000,100.0
20260918,751141,20979,100.0
20260918,751142,74975,100.0
20260918,800177,20100,100.0
20260918,800288,1,100.0
20260918,800290,2,100.0
20260918,800295,6,100.0
20260918,800297,22,64.71
20260918,800310,1,100.0
20260918,800312,4,100.0
20260918,800314,1,100.0
20260918,800318,73,74.49
20260918,800322,8,100.0
20260918,800324,103,91.96
20260918,800325,87,100.0
20260918,800327,38,97.44
20260918,800328,22,100.0
20260918,800331,2,100.0
20260918,800332,39,84.78
20260918,800333,8,100.0
20260918,800334,340,100.0
20260918,800339,60,86.96
20260918,800340,188,86.64
20260918,800341,8,88.89
20260918,800385,52,81.25
20260918,800386,41,100.0
20260918,800428,344,50.0
20260918,800434,23,92.0
20260918,800437,32,71.11
20260918,800438,20,100.0
20260918,800439,4,80.0
20260918,800441,22197,100.0
20260918,800452,5,100.0
20260918,800488,29,59.18
20260918,800489,166,100.0
20260918,800517,133,100.0
20260918,800573,40,100.0
20260918,800574,202,100.0
20260918,800575,56,88.89
20260918,800580,42,97.67
20260918,800588,13912,86.28
20260918,800596,137,80.59
20260918,800598,23004,100.0
20260918,800599,17884,100.0
20260918,800603,146,85.88
20260918,800605,39,100.0
20260918,800607,2000,100.0
20260918,800618,300,100.0
20260918,800807,1000,100.0
20260918,800808,2617,99.92
20260918,800809,14404,99.99
20260918,800815,600,100.0
20260918,800816,100,100.0
20260918,805242,100,100.0
20260918,805250,100,100.0
20260918,805259,1,100.0
20260918,810911,100,100.0
20260918,811144,100,100.0
20260918,811149,100,100.0
20260918,890217,2438,99.88
20260918,890226,9333,92.11
20260918,890228,396,99.75
20260918,890234,8301,100.0
20260918,890238,3890,100.0
20260918,935574,355,100.0
20260918,935576,10,100.0
20260918,935642,150,100.0
20260918,935666,412,100.0
20260918,935674,300,63.69
20260918,936130,100,99.01
20260918,936132,100,100.0
20260918,936224,177,98.88
20260918,936386,27,100.0
20260918,936412,319,100.0
20260918,936416,0,0.0
20260918,936532,25,100.0
20260918,936656,24,100.0
20260918,936724,100,100.0
20260918,936744,300,100.0
20260918,936810,71,94.67
20260918,936977,100,100.0
20260918,937017,1196,97.95
20260918,937169,500,50.0
20260918,937345,10,100.0
20260918,937373,10,100.0
20260918,937377,28,100.0
20260918,937381,62,100.0
20260918,937385,2033,71.28
20260918,937453,50,100.0
20260918,937469,100,100.0
20260918,937537,100,100.0
20260918,937541,1,100.0
20260918,937581,60,80.0
20260918,937619,546,100.0
20260918,937621,300,100.0
20260918,937637,72,100.0
20260918,937707,646,100.0
20260918,937709,300,100.0
20260918,937721,275,100.0
20260918,937799,420,100.0
20260918,937801,379,56.57
20260918,937803,25,100.0
20260918,937807,374,99.73
20260918,937895,133,100.0
20260918,937999,200,100.0
20260918,938001,195,100.0
20260918,938003,55,100.0
20260918,938007,45,50.0
20260918,938105,547,100.0
20260918,938212,100,100.0
20260918,938218,230,100.0
20260918,938278,612,94.01
20260918,938294,50,50.0
20260918,938330,1,100.0
20260918,938348,18,100.0
20260918,938364,153,74.27
20260918,938414,52,52.0
20260918,938486,12,100.0
20260918,938512,6,100.0
20260918,938524,10,100.0
20260918,938530,10,100.0
20260918,938576,4,100.0
20260918,938604,10,100.0
20260918,938658,89,100.0
20260918,938664,164,100.0
20260918,938742,275,99.28
20260918,938850,6,100.0
20260918,938862,27,36.0
20260918,938898,38,100.0
20260918,938902,210,100.0
20260918,938904,198,100.0
20260918,938986,20,100.0
20260918,939010,25,100.0
20260918,939054,205,100.0
20260918,939090,1,100.0
20260918,939192,7,100.0
20260918,939196,690,84.35
20260918,939264,25,100.0
20260918,939276,500,99.8
20260918,939297,30,100.0
20260918,939309,1,100.0
20260918,939355,1127,100.0
20260918,939427,4,100.0
20260918,939583,50,100.0
20260918,939595,3,100.0
20260918,939617,1,100.0
20260918,939623,1,100.0
20260918,939627,85,100.0
20260918,939631,16,88.89
20260918,939649,64,100.0
20260918,939657,20,100.0
20260918,939659,20,100.0
20260918,939711,5,100.0
20260918,939727,113,79.02
20260918,939731,4,66.67
20260918,939733,90,100.0
20260918,939743,5,100.0
20260918,939751,200,92.59
20260918,939775,4,80.0
20260918,939807,10,100.0
20260918,939835,43,100.0
20260918,939841,22,100.0
20260918,939859,85,100.0
20260918,939867,100,100.0
20260918,939901,1,100.0
20260918,939963,267,100.0
20260918,940097,50,100.0
20260918,940101,49,100.0
20260918,940107,150,100.0
20260918,940273,105,100.0
20260918,940293,41,80.39
20260918,940299,78,100.0
20260918,940311,5,100.0
20260918,940323,255,100.0
20260918,940325,202,100.0
20260918,940347,15,100.0
20260918,940357,201,100.0
20260918,940361,10,100.0
20260918,940415,294,100.0
20260918,940421,25,100.0
20260918,940429,10,100.0
20260918,940439,1,100.0
20260918,940459,200,95.24
20260918,940471,8,100.0
20260918,940473,1,100.0
20260918,940479,70,100.0
20260918,940501,5,100.0
20260918,940511,9,100.0
20260918,940517,501,100.0
20260918,940519,10,100.0
20260918,940605,8,100.0
20260918,940611,1,100.0
20260918,940619,1,100.0
20260918,940631,30,100.0
20260918,940637,6,100.0
20260918,940643,15,100.0
20260918,940649,133,100.0
20260918,940651,20,100.0
20260918,940653,102,100.0
20260918,940655,10,100.0
20260918,940663,2910,96.68
20260918,940665,195,95.12
20260918,940669,101,100.0
20260918,940675,80,100.0
20260918,940677,410,67.1
20260918,940681,505,100.0
20260918,940683,400,100.0
20260918,940685,40,100.0
20260918,940687,364,100.0
20260918,940693,63,100.0
20260918,940709,140,100.0
20260918,940713,90,100.0
20260918,940715,6,100.0
20260918,940719,1500,93.75
20260918,940725,50,100.0
20260918,940727,187,50.0
