DATE,SYMBOL,DELIV_QTY,DELIV_PER
20261005,500002,1608,38.5
20261005,500003,18979,44.4
20261005,500008,41305,61.17
20261005,500009,6092,100.0
20261005,500012,55124,72.18
20261005,500013,38405,100.0
20261005,500014,6625,53.87
20261005,500016,23859,99.98
20261005,500020,28511,48.92
20261005,500023,2535,99.06
20261005,500027,275,60.84
20261005,500028,11331,75.97
20261005,500031,4314,51.86
20261005,500032,620659,60.61
20261005,500033,2584,45.53
20261005,500034,372663,52.77
20261005,500038,18368,25.92
20261005,500039,5069,73.34
20261005,500040,8969,64.87
20261005,500041,13,48.15
20261005,500042,325,51.67
20261005,500043,4412,59.25
20261005,500048,3797,55.57
20261005,500049,657032,53.42
20261005,500051,80185,100.0
20261005,500052,77632,80.17
20261005,500058,7595,90.47
20261005,500059,1951,100.0
20261005,500060,19863,62.28
20261005,500067,8362,28.51
20261005,500068,1,100.0
20261005,500069,314,96.91
20261005,500074,6431,90.23
20261005,500078,1684,54.98
20261005,500083,13310,82.33
20261005,500084,65400,47.16
20261005,500085,21891,51.02
20261005,500086,29448,39.65
20261005,500087,15990,47.82
20261005,500089,122,98.39
20261005,500092,349,48.14
20261005,500093,24581,43.98
20261005,500096,24733,53.98
20261005,500097,18468,44.42
20261005,500101,9744,57.97
20261005,500103,274937,50.4
20261005,500104,66443,45.15
20261005,500106,1325590,44.31
20261005,500108,143560,58.78
20261005,500109,201699,28.49
20261005,500110,23127,29.33
20261005,500112,302595,72.8
20261005,500113,131329,33.62
20261005,500114,7250,43.28
20261005,500116,737699,53.13
20261005,500117,36783,72.25
20261005,500119,38564,68.45
20261005,500120,21,91.3
20261005,500123,26,38.81
20261005,500124,125174,62.65
20261005,500125,4547,44.58
20261005,500126,140,46.2
20261005,500128,104114,64.49
20261005,500133,153,71.5
20261005,500135,19482,41.36
20261005,500136,5036,71.84
20261005,500142,651,100.0
20261005,500143,8444,100.0
20261005,500144,10177,44.51
20261005,500147,80,59.7
20261005,500148,3957,53.49
20261005,500150,305,54.17
20261005,500151,937,100.0
20261005,500153,13721,100.0
20261005,500159,95,100.0
20261005,500160,12621,78.68
20261005,500163,7114,48.27
20261005,500164,2186,46.94
20261005,500165,82106,91.2
20261005,500166,1583,82.36
20261005,500168,893,62.58
20261005,500170,139,97.89
20261005,500171,1817,57.83
20261005,500173,1995,86.7
20261005,500174,644,99.84
20261005,500178,201,100.0
20261005,500179,35612,72.26
20261005,500180,1324884,57.88
20261005,500182,20894,46.52
20261005,500183,583909,100.0
20261005,500184,53682,45.19
20261005,500185,296146,42.73
20261005,500186,6709,45.39
20261005,500187,1642,61.94
20261005,500188,71439,49.52
20261005,500189,83,97.65
20261005,500191,1595,100.0
20261005,500192,24955,87.39
20261005,500193,20451,84.24
20261005,500199,428,37.22
20261005,500201,9927,43.01
20261005,500202,46,100.0
20261005,500206,485,100.0
20261005,500207,44194,65.11
20261005,500209,1039997,76.04
20261005,500210,317,51.63
20261005,500213,2683,81.01
20261005,500214,4119,52.98
20261005,500215,50119,99.96
20261005,500219,59965,60.49
20261005,500220,1272,92.58
20261005,500227,690,73.25
20261005,500228,9349,43.94
20261005,500233,742279,96.04
20261005,500235,1469,29.05
20261005,500236,2612,100.0
20261005,500238,22873,41.88
20261005,500239,1445,86.89
20261005,500240,16084,60.11
20261005,500241,2468,64.32
20261005,500243,93,50.0
20261005,500245,1499,76.71
20261005,500246,700,100.0
20261005,500247,2373215,85.49
20261005,500248,200,100.0
20261005,500249,5324,41.44
20261005,500250,784,70.95
20261005,500251,128357,85.4
20261005,500252,213,73.45
20261005,500253,33989,43.41
20261005,500257,5538,37.23
20261005,500259,3922,100.0
20261005,500260,2422,67.69
20261005,500262,112,69.14
20261005,500264,13007,79.59
20261005,500265,7306,55.17
20261005,500266,139,70.56
20261005,500267,865,100.0
20261005,500268,561189,33.26
20261005,500270,807,100.0
20261005,500271,227655,90.72
20261005,500277,271,84.42
20261005,500279,21264,67.4
20261005,500280,1162,51.88
20261005,500282,1,100.0
20261005,500284,1890,98.85
20261005,500285,2063428,63.66
20261005,500288,368876,33.25
20261005,500290,90,49.45
20261005,500292,7880,67.45
20261005,500294,160791,61.13
20261005,500295,114112,37.8
20261005,500296,859,87.12
20261005,500298,685,99.85
20261005,500300,4378,49.44
20261005,500304,18486,75.93
20261005,500306,143920,44.96
20261005,500307,791,82.31
20261005,500312,239433,52.11
20261005,500313,1425,100.0
20261005,500314,5057,76.62
20261005,500317,1120,78.1
20261005,500319,1909,67.01
20261005,500322,1,100.0
20261005,500325,254158,58.24
20261005,500327,196,99.49
20261005,500330,51629,43.93
20261005,500331,12233,51.21
20261005,500333,2488,59.04
20261005,500335,1494,67.33
20261005,500336,11551,61.03
20261005,500337,2652,36.97
20261005,500338,14243,65.01
20261005,500339,26806,34.24
20261005,500342,3711,91.58
20261005,500343,2411,91.6
20261005,500346,552,63.45
20261005,500350,1928,89.93
20261005,500354,4039,81.17
20261005,500355,12920,65.45
20261005,500356,1041,88.07
20261005,500357,2203,100.0
20261005,500358,1401,100.0
20261005,500360,9142,100.0
20261005,500365,18041,58.41
20261005,500367,2141,7.77
20261005,500368,174933,63.49
20261005,500370,51,50.5
20261005,500371,478,100.0
20261005,500378,51780,63.4
20261005,500380,5204,60.76
20261005,500387,611,65.49
20261005,500388,147,100.0
20261005,500390,2088,100.0
20261005,500399,14480,100.0
20261005,500400,42267,42.29
20261005,500402,3778,49.76
20261005,500403,1961,30.96
20261005,500404,22317,48.62
20261005,500405,9653,51.59
20261005,500407,386,81.26
20261005,500408,12225,51.35
20261005,500410,6519,59.38
20261005,500411,5456,45.83
20261005,500412,9958,51.28
20261005,500413,12888,53.69
20261005,500414,25687,52.71
20261005,500420,2689,58.85
20261005,500421,164370,100.0
20261005,500422,2746,100.0
20261005,500425,63915,50.52
20261005,500426,11016,100.0
20261005,500429,89,70.63
20261005,500439,73,83.91
20261005,500440,118613,69.17
20261005,500444,3057,50.3
20261005,500449,84404,100.0
20261005,500450,49,100.0
20261005,500456,11402,54.03
20261005,500458,152,79.17
20261005,500459,734,54.41
20261005,500460,58882,40.42
20261005,500463,22923,41.1
20261005,500464,49,100.0
20261005,500467,63,100.0
20261005,500469,138504,52.26
20261005,500470,568591,47.67
20261005,500472,1002,60.47
20261005,500477,269285,44.05
20261005,500480,93118,92.8
20261005,500483,4736,67.47
20261005,500488,231,49.25
20261005,500490,278,22.47
20261005,500493,8035,38.31
20261005,500495,5125,43.84
20261005,500500,154659,69.0
20261005,500510,85564,73.89
20261005,500520,270450,87.28
20261005,500530,912,64.5
20261005,500540,3502,100.0
20261005,500547,95975,47.27
20261005,500550,2164,41.34
20261005,500570,625298,51.77
20261005,500575,10459,46.12
20261005,500620,11098,35.47
20261005,500645,6131,49.9
20261005,500650,220,67.48
20261005,500655,624,49.56
20261005,500660,2068,72.92
20261005,500670,7962,43.95
20261005,500672,9935,53.36
20261005,500674,456,61.87
20261005,500680,1602,77.13
20261005,500690,18283,54.27
20261005,500696,164367,87.56
20261005,500710,2524,61.82
20261005,500730,14577,59.42
20261005,500770,39403,40.57
20261005,500777,23400,57.15
20261005,500780,1641,42.23
20261005,500790,82050,88.25
20261005,500800,11485,48.91
20261005,500820,406584,96.55
20261005,500825,142649,97.13
20261005,500830,4732,53.34
20261005,500840,13005,65.86
20261005,500850,83135,65.58
20261005,500870,54801,71.81
20261005,500875,25994212,89.11
20261005,500877,13519,40.89
20261005,500878,1652,52.36
20261005,500890,8,88.89
20261005,500940,22010,58.08
20261005,501144,10,100.0
20261005,501148,1,100.0
20261005,501150,5916,58.61
20261005,501151,8,100.0
20261005,501242,436,100.0
20261005,501261,1766805,100.0
20261005,501270,1,100.0
20261005,501295,9034,81.5
20261005,501301,20491,41.71
20261005,501311,244,100.0
20261005,501314,98324,90.95
20261005,501343,410,70.09
20261005,501351,87,100.0
20261005,501370,98,57.31
20261005,501391,27,96.43
20261005,501421,431,87.42
20261005,501423,4611,60.81
20261005,501425,1341,56.63
20261005,501430,17,100.0
20261005,501455,35672,40.93
20261005,501479,50,100.0
20261005,501622,15,100.0
20261005,501700,4701,100.0
20261005,501831,2835,89.55
20261005,501833,1510,65.17
20261005,501848,10886,55.39
20261005,501945,23261,100.0
20261005,502015,28787,81.63
20261005,502090,1634,92.84
20261005,502137,46,69.7
20261005,502157,839,70.8
20261005,502168,2084,76.84
20261005,502175,3253,94.4
20261005,502180,4257,71.91
20261005,502219,13356,56.66
20261005,502271,815,100.0
20261005,502281,2016,100.0
20261005,502294,2,50.0
20261005,502330,5007,60.47
20261005,502355,1281,55.29
20261005,502420,6543,63.98
20261005,502445,1224,91.34
20261005,502448,65063,100.0
20261005,502450,22140,91.0
20261005,502587,1161,48.35
20261005,502589,100,100.0
20261005,502820,883,81.46
20261005,502865,7981,60.58
20261005,502873,1006,100.0
20261005,502893,63,100.0
20261005,502901,442,85.16
20261005,502937,107417,79.03
20261005,502958,14,77.78
20261005,502986,5715,62.21
20261005,503031,8759,62.0
20261005,503092,269,99.63
20261005,503100,7517,49.24
20261005,503101,1170,57.69
20261005,503162,280,96.22
20261005,503169,1263,82.23
20261005,503310,21414,57.06
20261005,503349,16,100.0
20261005,503624,205,99.51
20261005,503635,18,100.0
20261005,503639,5390,100.0
20261005,503641,125898,87.64
20261005,503657,3675,79.79
20261005,503659,721,100.0
20261005,503663,574919,82.53
20261005,503675,96228,99.48
20261005,503681,1,25.0
20261005,503685,251,100.0
20261005,503722,212,75.18
20261005,503776,1036,100.0
20261005,503804,1490,77.73
20261005,503806,3010,55.04
20261005,503811,470,75.32
20261005,503816,888,98.34
20261005,503837,2402,82.54
20261005,503863,200,100.0
20261005,503960,1105,66.73
20261005,504000,7132,93.0
20261005,504028,29201,100.0
20261005,504036,1899,60.36
20261005,504058,109,84.5
20261005,504067,61747,34.26
20261005,504076,15486,82.37
20261005,504080,14,82.35
20261005,504084,4211,73.99
20261005,504092,204,79.38
20261005,504093,367,87.8
20261005,504112,2591,44.83
20261005,504132,545,69.87
20261005,504176,1044,69.14
20261005,504180,1884,81.63
20261005,504212,3659,50.34
20261005,504220,3157,89.59
20261005,504240,2209,100.0
20261005,504258,184,83.64
20261005,504273,24912,100.0
20261005,504286,11,100.0
20261005,504340,16735,86.83
20261005,504341,3818,51.91
20261005,504346,19,100.0
20261005,504351,4036213,48.42
20261005,504356,44,83.02
20261005,504369,24033,100.0
20261005,504378,106805,97.4
20261005,504380,141,100.0
20261005,504392,2750,100.0
20261005,504397,1768,100.0
20261005,504398,4255,100.0
20261005,504605,354,84.29
20261005,504614,4538,46.28
20261005,504646,1012,100.0
20261005,504648,1457,71.84
20261005,504731,17371,68.76
20261005,504741,702,83.97
20261005,504746,369,78.34
20261005,504786,1685,100.0
20261005,504810,6,100.0
20261005,504840,11,91.67
20261005,504879,2392,62.37
20261005,504882,997,84.21
20261005,504903,41387,100.0
20261005,504908,7802,76.69
20261005,504918,25439,66.85
20261005,504959,257,65.06
20261005,504973,3679,47.9
20261005,504988,27,100.0
20261005,505010,218,82.26
20261005,505029,50,98.04
20261005,505036,217,87.5
20261005,505075,4105,100.0
20261005,505160,3292,49.98
20261005,505163,25,54.35
20261005,505192,1122,47.4
20261005,505196,1277,100.0
20261005,505200,3791,45.15
20261005,505212,136,100.0
20261005,505216,8,100.0
20261005,505232,160,100.0
20261005,505242,28003,91.27
20261005,505250,534,60.82
20261005,505255,7729,57.52
20261005,505283,1514,45.06
20261005,505299,1405,75.7
20261005,505302,15,100.0
20261005,505324,8203,100.0
20261005,505336,2858497,100.0
20261005,505343,707901,70.67
20261005,505355,888,54.78
20261005,505358,10672,50.93
20261005,505368,174,98.3
20261005,505400,9114,82.26
20261005,505412,260,36.78
20261005,505502,86043,100.0
20261005,505504,2571,100.0
20261005,505509,1867,58.36
20261005,505515,130353,62.49
20261005,505523,283776,47.25
20261005,505526,3712,56.34
20261005,505533,3477,58.88
20261005,505537,136626,27.55
20261005,505590,7015,92.66
20261005,505650,17178,63.7
20261005,505688,127,100.0
20261005,505690,56,78.87
20261005,505693,262160,47.39
20261005,505700,21634,56.24
20261005,505703,677,100.0
20261005,505710,28667,65.19
20261005,505712,9804,100.0
20261005,505714,10180,49.72
20261005,505720,4372,78.69
20261005,505725,125045,18.72
20261005,505726,530,47.36
20261005,505729,7856,82.68
20261005,505737,250,78.62
20261005,505744,5096,56.12
20261005,505750,1683,74.83
20261005,505790,711,58.04
20261005,505797,2675,100.0
20261005,505800,201,86.27
20261005,505827,1560,99.94
20261005,505840,14468,100.0
20261005,505850,999,85.02
20261005,505854,4717,97.2
20261005,505872,8968,50.64
20261005,505890,405,50.12
20261005,505893,123,74.1
20261005,505978,343,55.95
20261005,506003,2389,61.13
20261005,506022,17389,52.33
20261005,506074,8690,100.0
20261005,506076,4090,74.28
20261005,506105,4,100.0
20261005,506109,37611,50.75
20261005,506122,28954,100.0
20261005,506128,1502,100.0
20261005,506134,1428,99.93
20261005,506146,27829,100.0
20261005,506166,7485,77.75
20261005,506180,26,100.0
20261005,506184,40015,77.73
20261005,506186,3065,75.34
20261005,506194,445,100.0
20261005,506197,13639,100.0
20261005,506222,3105,74.48
20261005,506235,16766,43.5
20261005,506248,172,93.48
20261005,506260,5613,69.87
20261005,506261,14388,100.0
20261005,506285,800,66.39
20261005,506365,266,100.0
20261005,506373,63,100.0
20261005,506390,739,99.73
20261005,506395,4255,52.84
20261005,506401,9062,63.97
20261005,506405,5127,58.15
20261005,506414,8262,50.3
20261005,506480,2235,53.34
20261005,506520,19014,87.06
20261005,506525,4212,100.0
20261005,506528,1639,100.0
20261005,506532,139,86.88
20261005,506543,103,100.0
20261005,506579,18419,92.04
20261005,506590,20577,53.73
20261005,506597,431,45.75
20261005,506605,33,91.67
20261005,506618,65,91.55
20261005,506640,100,100.0
20261005,506642,444425,100.0
20261005,506655,6846,59.75
20261005,506680,737,100.0
20261005,506685,3148,74.07
20261005,506687,167,100.0
20261005,506690,2870,58.45
20261005,506734,1079,100.0
20261005,506767,2457,70.32
20261005,506808,990,91.5
20261005,506820,146,54.28
20261005,506852,32651,77.01
20261005,506854,4778,47.99
20261005,506858,309,96.87
20261005,506863,429,82.03
20261005,506879,9533,59.79
20261005,506906,10,100.0
20261005,506919,202,66.89
20261005,506945,200,100.0
20261005,506947,571,100.0
20261005,506979,688,100.0
20261005,506981,77,98.72
20261005,507155,2912,63.86
20261005,507180,104231,100.0
20261005,507205,9756,53.12
20261005,507265,886,100.0
20261005,507300,86,100.0
20261005,507315,17218,93.98
20261005,507410,18419,61.75
20261005,507438,145,68.4
20261005,507474,6194,85.42
20261005,507488,4165,81.14
20261005,507490,34197,90.55
20261005,507498,1355,67.61
20261005,507514,27600,35.96
20261005,507515,1338,63.53
20261005,507526,2574,68.08
20261005,507552,1424,90.93
20261005,507580,2053,100.0
20261005,507598,1493,99.33
20261005,507609,1,100.0
20261005,507621,3574,90.48
20261005,507645,15,93.75
20261005,507685,551863,51.99
20261005,507690,218,91.98
20261005,507717,416,67.1
20261005,507747,469,61.07
20261005,507753,67694,36.7
20261005,507759,10672,88.26
20261005,507779,529,82.02
20261005,507785,157,98.74
20261005,507789,5143,73.41
20261005,507794,16051,83.59
20261005,507808,50,100.0
20261005,507813,392,90.74
20261005,507815,488,48.56
20261005,507828,15660,69.47
20261005,507833,4290,86.37
20261005,507836,279,93.62
20261005,507852,1512,99.08
20261005,507864,136,100.0
20261005,507872,503,99.41
20261005,507878,207436,71.4
20261005,507880,5821,41.01
20261005,507910,17,100.0
20261005,507912,310617,97.97
20261005,507917,2,100.0
20261005,507938,100,100.0
20261005,507944,4593,82.5
20261005,507946,22,100.0
20261005,507948,116,100.0
20261005,507960,52,100.0
20261005,507962,29586,100.0
20261005,507966,129,100.0
20261005,507968,3,100.0
20261005,507970,859,99.08
20261005,507981,983,77.52
20261005,507984,1967,100.0
20261005,507998,9236,76.33
20261005,508486,11,40.74
20261005,508494,3851,97.1
20261005,508571,301,99.67
20261005,508664,113,100.0
20261005,508670,80,100.0
20261005,508807,383,98.97
20261005,508814,640,64.65
20261005,508860,1427,100.0
20261005,508867,20,100.0
20261005,508869,45866,60.52
20261005,508875,618,100.0
20261005,508905,1449,80.68
20261005,508906,1629,79.23
20261005,508918,3108,53.36
20261005,508922,101407,100.0
20261005,508933,2388,73.34
20261005,508941,707,90.18
20261005,508954,175,96.15
20261005,508956,4125,76.93
20261005,508961,3,100.0
20261005,508963,25,100.0
20261005,508969,21076,90.03
20261005,508980,28644,100.0
20261005,508989,3241,63.14
20261005,509009,20,90.91
20261005,509015,7,100.0
20261005,509020,5611,91.65
20261005,509024,929,55.46
20261005,509038,3,100.0
20261005,509040,1059,96.27
20261005,509046,1,100.0
20261005,509048,2180,100.0
20261005,509051,1405741,71.36
20261005,509053,6099,77.58
20261005,509055,9907,100.0
20261005,509069,951,100.0
20261005,509073,61,100.0
20261005,509079,1949,53.46
20261005,509084,1,100.0
20261005,509152,2187,100.0
20261005,509162,6354,100.0
20261005,509196,2079,89.53
20261005,509220,3929,89.56
20261005,509243,168,69.71
20261005,509423,25,100.0
20261005,509438,40,86.96
20261005,509449,99,100.0
20261005,509470,41,100.0
20261005,509472,30,63.83
20261005,509480,8875,68.87
20261005,509486,82,100.0
20261005,509488,22405,27.03
20261005,509496,6952,53.97
20261005,509525,358,89.72
20261005,509546,157,100.0
20261005,509557,807,81.68
20261005,509563,940,97.41
20261005,509567,715,62.94
20261005,509597,8,80.0
20261005,509631,34644,45.21
20261005,509635,6348,93.78
20261005,509675,122,67.78
20261005,509692,150,100.0
20261005,509709,1313,85.54
20261005,509715,3833,73.39
20261005,509732,3992,72.44
20261005,509760,22,100.0
20261005,509762,198,100.0
20261005,509820,9107,69.84
20261005,509835,503,100.0
20261005,509874,9422,100.0
20261005,509895,39,100.0
20261005,509930,412,43.41
20261005,509945,9,100.0
20261005,509966,7520,65.13
20261005,510245,24729,91.86
20261005,511000,211,100.0
20261005,511012,379764,100.0
20261005,511016,542,100.0
20261005,511018,9040,50.6
20261005,511034,3354,48.8
20261005,511066,3962,95.1
20261005,511076,32370,54.85
20261005,511092,29496,100.0
20261005,511108,243,100.0
20261005,511110,464,100.0
20261005,511116,294799,100.0
20261005,511122,3,100.0
20261005,511131,222,100.0
20261005,511144,12006,100.0
20261005,511147,25475,99.99
20261005,511153,4185,100.0
20261005,511169,42,100.0
20261005,511176,12,100.0
20261005,511194,112,100.0
20261005,511196,2660,40.87
20261005,511208,21547,79.44
20261005,511218,64130,64.61
20261005,511243,202320,84.64
20261005,511246,113,100.0
20261005,511260,16781,85.12
20261005,511333,479,100.0
20261005,511355,6163,100.0
20261005,511359,688,93.1
20261005,511377,3,100.0
20261005,511391,306,90.8
20261005,511411,100,53.76
20261005,511413,40,95.24
20261005,511431,95076,91.11
20261005,511447,2799695,61.14
20261005,511451,500,99.8
20261005,511463,1396,96.54
20261005,511473,163,98.19
20261005,511493,3863,100.0
20261005,511501,868,93.23
20261005,511505,21348,100.0
20261005,511507,1042,98.12
20261005,511509,49581,78.58
20261005,511523,174099,100.0
20261005,511525,86455,64.28
20261005,511533,3118,81.41
20261005,511535,206,100.0
20261005,511539,2,100.0
20261005,511543,1502,100.0
20261005,511549,37,86.05
20261005,511551,258,48.13
20261005,511557,826312,100.0
20261005,511559,84,100.0
20261005,511571,2128,94.83
20261005,511577,4926,99.96
20261005,511589,10403,94.47
20261005,511593,52,100.0
20261005,511601,467,99.36
20261005,511605,11486,50.41
20261005,511609,18,90.0
20261005,511611,2660,99.18
20261005,511626,1867,86.88
20261005,511628,374944,47.47
20261005,511630,8072,82.4
20261005,511632,100,100.0
20261005,511634,63039,99.92
20261005,511636,22,100.0
20261005,511644,87456,99.77
20261005,511654,12,85.71
20261005,511658,9124,93.84
20261005,511660,2591,100.0
20261005,511664,2428,99.26
20261005,511672,10599,100.0
20261005,511676,481,89.07
20261005,511692,11026,72.52
20261005,511696,30,100.0
20261005,511700,4518174,65.47
20261005,511702,53,100.0
20261005,511710,22776,100.0
20261005,511712,379,95.23
20261005,511714,79,74.53
20261005,511716,291,100.0
20261005,511724,2004,99.55
20261005,511726,6978,100.0
20261005,511728,6,100.0
20261005,511734,17384,100.0
20261005,511740,143,98.62
20261005,511742,5056,78.41
20261005,511754,515,61.24
20261005,511756,37,100.0
20261005,511764,6280,92.24
20261005,511766,290,91.48
20261005,511768,4895,63.01
20261005,512008,4900,70.12
20261005,512014,151,55.51
20261005,512018,10947,87.86
20261005,512020,1,100.0
20261005,512025,37101,50.11
20261005,512038,37731,76.71
20261005,512047,73672,80.07
20261005,512048,71456,71.64
20261005,512062,1876,100.0
20261005,512064,236,98.33
20261005,512065,185192,100.0
20261005,512068,117907,47.23
20261005,512070,786999,91.09
20261005,512093,591165,100.0
20261005,512097,395720,100.0
20261005,512103,37941,99.6
20261005,512115,10570,87.65
20261005,512131,1512,100.0
20261005,512149,1221572,85.54
20261005,512161,6265,87.99
20261005,512165,1954,99.19
20261005,512169,416212,100.0
20261005,512175,3020,67.56
20261005,512179,5658,63.73
20261005,512197,6,100.0
20261005,512217,2908,85.2
20261005,512229,2029,100.0
20261005,512233,1,100.0
20261005,512237,28454,62.19
20261005,512247,38534,85.34
20261005,512257,25450,88.72
20261005,512267,48702,96.35
20261005,512277,210,89.36
20261005,512279,1471,100.0
20261005,512296,6239,56.81
20261005,512297,4101,100.0
20261005,512301,11461,100.0
20261005,512329,9214,51.22
20261005,512344,50,100.0
20261005,512345,1001,100.0
20261005,512359,2255807,60.81
20261005,512361,20529,100.0
20261005,512377,1902,100.0
20261005,512379,115625,100.0
20261005,512381,134,76.57
20261005,512393,18293,100.0
20261005,512399,69843,85.38
20261005,512405,13,100.0
20261005,512415,21865,100.0
20261005,512425,160,91.95
20261005,512437,677,100.0
20261005,512441,4368811,51.29
20261005,512443,21928,97.67
20261005,512453,1406,87.33
20261005,512455,17462,53.65
20261005,512463,138850,42.6
20261005,512481,125,100.0
20261005,512485,1,100.0
20261005,512489,1113,100.0
20261005,512493,591,99.83
20261005,512499,792407,100.0
20261005,512519,1205,100.0
20261005,512527,280,100.0
20261005,512529,25895,34.16
20261005,512531,485,98.38
20261005,512559,3406,49.58
20261005,512565,13,68.42
20261005,512573,7413,52.27
20261005,512587,3409,94.67
20261005,512589,1109,74.23
20261005,512591,1184561,43.59
20261005,512595,758,95.71
20261005,512597,1,50.0
20261005,512599,72916,58.45
20261005,512600,5979,88.02
20261005,512604,110,100.0
20261005,512608,44354,83.53
20261005,512618,1530,84.86
20261005,512624,11412,94.99
20261005,512626,310,65.13
20261005,512634,1502,99.87
20261005,513005,439,99.77
20261005,513023,3042,52.74
20261005,513043,7311,65.75
20261005,513059,3351,100.0
20261005,513063,260,100.0
20261005,513097,6522,65.03
20261005,513108,1011,63.95
20261005,513117,1001,99.8
20261005,513119,20334,80.5
20261005,513121,1774,93.37
20261005,513149,205,100.0
20261005,513173,1536,95.11
20261005,513228,14644,53.59
20261005,513250,348802,72.34
20261005,513252,253,51.95
20261005,513262,76380,55.66
20261005,513269,14526,31.33
20261005,513295,74,78.72
20261005,513303,1694,98.43
20261005,513307,10611,61.81
20261005,513337,1791774,59.17
20261005,513343,2550,100.0
20261005,513349,11204,48.15
20261005,513353,4557,80.93
20261005,513361,1641296,77.66
20261005,513369,989,100.0
20261005,513375,17333,61.8
20261005,513377,47517,64.25
20261005,513397,56,100.0
20261005,513403,29300,100.0
20261005,513418,43728,100.0
20261005,513422,83,97.65
20261005,513430,2,100.0
20261005,513436,519,100.0
20261005,513452,926,100.0
20261005,513456,2186,98.25
20261005,513460,4802,100.0
20261005,513472,137894,69.28
20261005,513488,124,100.0
20261005,513496,2126,100.0
20261005,513498,1069,98.98
20261005,513502,57325,73.13
20261005,513507,700,100.0
20261005,513509,160,100.0
20261005,513511,10,100.0
20261005,513513,1759,100.0
20261005,513517,5987,65.76
20261005,513519,1240,66.7
20261005,513528,1867,100.0
20261005,513532,2290,81.03
20261005,513536,31562,76.38
20261005,513540,200,100.0
20261005,513544,336,100.0
20261005,513548,1206,87.52
20261005,513554,111,100.0
20261005,513566,3212,100.0
20261005,513575,964,90.6
20261005,513599,154379,36.83
20261005,513629,2578,100.0
20261005,513642,1220,88.21
20261005,513683,12069,42.81
20261005,513687,147,100.0
20261005,513693,954,98.96
20261005,513699,1572,99.87
20261005,513709,218,81.04
20261005,513713,5934,82.95
20261005,513721,664,100.0
20261005,513729,585,100.0
20261005,514010,26351,100.0
20261005,514028,1076,87.48
20261005,514030,938,81.71
20261005,514043,21292,49.66
20261005,514045,11,100.0
20261005,514060,49194,100.0
20261005,514087,52,96.3
20261005,514113,10,100.0
20261005,514138,12,54.55
20261005,514140,1,100.0
20261005,514142,1843,76.86
20261005,514162,115599,26.92
20261005,514165,8973,38.57
20261005,514167,719,57.52
20261005,514171,3,60.0
20261005,514175,40976,95.08
20261005,514183,2315,86.09
20261005,514197,4100,100.0
20261005,514211,58223,59.47
20261005,514221,66675,100.0
20261005,514223,616,100.0
20261005,514234,2503,69.12
20261005,514238,171,84.24
20261005,514240,2110,85.39
20261005,514248,600,100.0
20261005,514260,2060,100.0
20261005,514266,2827,94.05
20261005,514272,681,48.64
20261005,514274,785,98.25
20261005,514280,413,65.56
20261005,514286,7695,75.9
20261005,514300,187,26.91
20261005,514302,174,100.0
20261005,514312,3294,14.02
20261005,514316,1528,43.18
20261005,514318,169,67.87
20261005,514322,201,96.17
20261005,514324,1950,70.52
20261005,514326,13812,72.02
20261005,514330,2111,80.63
20261005,514332,4,36.36
20261005,514336,1260,100.0
20261005,514354,112700,38.1
20261005,514360,55997,73.31
20261005,514378,206,85.83
20261005,514386,1663977,79.76
20261005,514400,860,84.73
20261005,514402,7951,97.12
20261005,514412,25,100.0
20261005,514414,865,100.0
20261005,514418,337,87.76
20261005,514428,440,100.0
20261005,514440,16334,67.86
20261005,514442,555,100.0
20261005,514448,1134,63.28
20261005,514454,165,100.0
20261005,514470,2003,73.5
20261005,515008,13757,100.0
20261005,515018,120,98.36
20261005,515030,82582,97.36
20261005,515037,2993,99.87
20261005,515043,12049,63.02
20261005,515055,71643,54.97
20261005,515059,1,100.0
20261005,515085,22904,63.5
20261005,515093,1351,70.59
20261005,515147,16003,79.68
20261005,516003,1045,98.86
20261005,516016,1535,100.0
20261005,516020,1140,100.0
20261005,516022,358,99.44
20261005,516030,9553,76.11
20261005,516032,55302,87.84
20261005,516038,15469,89.3
20261005,516064,1560,74.04
20261005,516072,3248,66.74
20261005,516078,6467,100.0
20261005,516082,416,65.62
20261005,516096,100,97.09
20261005,516098,2487,99.28
20261005,516106,3083,100.0
20261005,516108,1023,79.43
20261005,516110,104310,82.33
20261005,517015,1329,57.14
20261005,517035,88498,71.52
20261005,517041,1205,62.31
20261005,517044,5,100.0
20261005,517059,3134,60.78
20261005,517063,4419,54.84
20261005,517077,1,100.0
20261005,517096,819,85.67
20261005,517119,7685,62.97
20261005,517146,47773,51.97
20261005,517166,5833,100.0
20261005,517168,1125,79.17
20261005,517170,645,96.56
20261005,517172,100,100.0
20261005,517174,440,93.02
20261005,517201,5289,100.0
20261005,517206,198,53.51
20261005,517214,5753,87.33
20261005,517230,110,100.0
20261005,517236,369,68.97
20261005,517238,304,100.0
20261005,517246,65369,100.0
20261005,517258,735,100.0
20261005,517264,792,66.17
20261005,517271,56331,41.49
20261005,517273,719,69.13
20261005,517286,44905,100.0
20261005,517288,949,98.75
20261005,517300,4686,61.14
20261005,517320,4951,100.0
20261005,517330,13984,100.0
20261005,517334,281363,59.7
20261005,517336,500,100.0
20261005,517344,781,80.93
20261005,517354,16275,51.28
20261005,517356,189041,100.0
20261005,517360,3972,100.0
20261005,517370,436,89.53
20261005,517372,1062,71.32
20261005,517380,4716,85.89
20261005,517385,1961,72.02
20261005,517393,248432,100.0
20261005,517397,113,97.41
20261005,517399,37212,100.0
20261005,517411,26,92.86
20261005,517415,1323,100.0
20261005,517417,11562,100.0
20261005,517421,619,63.95
20261005,517423,25,100.0
20261005,517429,1987,100.0
20261005,517431,9776,92.43
20261005,517437,15,78.95
20261005,517447,504,89.52
20261005,517449,989,65.54
20261005,517467,15494,48.87
20261005,517477,1263,97.83
20261005,517494,4148,83.73
20261005,517498,112714,56.61
20261005,517500,5867,54.67
20261005,517506,739,61.12
20261005,517514,841,90.04
20261005,517522,1730,58.23
20261005,517530,13339,87.37
20261005,517536,2531,84.51
20261005,517544,1056,59.29
20261005,517546,3323,83.01
20261005,517554,7749914,100.0
20261005,517556,19039,97.54
20261005,517562,708,84.29
20261005,517564,525,100.0
20261005,517569,8155,51.34
20261005,518011,112,90.32
20261005,518053,342,52.05
20261005,518075,3496,88.73
20261005,518091,262,85.9
20261005,519003,15,100.0
20261005,519014,100,100.0
20261005,519031,55,100.0
20261005,519064,1,100.0
20261005,519091,149,79.26
20261005,519097,4192,100.0
20261005,519105,20556,78.38
20261005,519126,2114,70.68
20261005,519136,703,100.0
20261005,519152,4,100.0
20261005,519156,409,67.27
20261005,519174,229,100.0
20261005,519183,7607,88.15
20261005,519191,8174,100.0
20261005,519214,695,100.0
20261005,519216,43055,72.19
20261005,519224,220,68.75
20261005,519230,1222,95.84
20261005,519234,1,50.0
20261005,519238,2048,100.0
20261005,519242,17069,100.0
20261005,519260,47,100.0
20261005,519262,230,100.0
20261005,519279,400,100.0
20261005,519285,232,100.0
20261005,519287,36334,100.0
20261005,519295,109,91.6
20261005,519299,29278,100.0
20261005,519307,94720,100.0
20261005,519331,2028,100.0
20261005,519359,404,88.02
20261005,519367,130,96.3
20261005,519383,2021,90.95
20261005,519397,2582,79.81
20261005,519413,100,100.0
20261005,519421,5450,74.33
20261005,519457,16,50.0
20261005,519463,3365,89.38
20261005,519471,77,100.0
20261005,519477,23768,50.16
20261005,519479,3891,100.0
20261005,519483,1080,87.59
20261005,519494,13,100.0
20261005,519500,605,95.28
20261005,519506,200,100.0
20261005,519528,658,99.1
20261005,519532,709,100.0
20261005,519552,4565,57.14
20261005,519566,501,89.95
20261005,519574,397,92.97
20261005,519600,6625,56.31
20261005,519602,131666,73.85
20261005,519604,30,100.0
20261005,519606,9473,100.0
20261005,519612,1881,100.0
20261005,520008,28422,52.83
20261005,520021,1603,77.22
20261005,520043,64,100.0
20261005,520051,51623,64.47
20261005,520056,415,82.18
20261005,520057,2730,56.15
20261005,520059,13860,54.77
20261005,520066,33687,66.23
20261005,520073,758,49.06
20261005,520075,613,83.74
20261005,520081,100,100.0
20261005,520086,10001,100.0
20261005,520111,1763,52.42
20261005,520113,5131,62.91
20261005,520119,419,88.58
20261005,520121,415,100.0
20261005,520123,1009,90.98
20261005,520127,13248,70.34
20261005,520131,100,100.0
20261005,520141,926,96.96
20261005,520151,1753,100.0
20261005,520155,2638,99.89
20261005,521005,3085526,56.98
20261005,521016,5185,42.37
20261005,521018,634,90.83
20261005,521034,330,99.4
20261005,521036,541,100.0
20261005,521062,405,69.59
20261005,521064,391460,66.31
20261005,521070,588521,70.1
20261005,521080,29,100.0
20261005,521082,24,100.0
20261005,521097,100,84.75
20261005,521105,30,65.22
20261005,521109,3021,99.87
20261005,521113,1889,90.95
20261005,521131,55,52.38
20261005,521137,21740,100.0
20261005,521141,428,76.98
20261005,521149,2146,96.32
20261005,521151,10,100.0
20261005,521161,51,100.0
20261005,521163,102,100.0
20261005,521167,41146,100.0
20261005,521178,1909,80.58
20261005,521180,1815,100.0
20261005,521188,1123,100.0
20261005,521194,32,80.0
20261005,521200,31,100.0
20261005,521206,13998,71.85
20261005,521210,150,100.0
20261005,521216,3648,60.04
20261005,521222,10,100.0
20261005,521226,29,93.55
20261005,521228,68296,79.2
20261005,521232,100,100.0
20261005,521234,104,100.0
20261005,521238,151408,85.43
20261005,521244,286,100.0
20261005,521246,6781,91.19
20261005,521248,30428,31.46
20261005,522001,20729,52.8
20261005,522004,16717,78.38
20261005,522005,1129,93.15
20261005,522014,6880,93.1
20261005,522017,4257,84.92
20261005,522027,43,100.0
20261005,522029,895,67.39
20261005,522034,1551,63.28
20261005,522036,24,100.0
20261005,522064,263,75.14
20261005,522073,478,100.0
20261005,522074,6211,53.34
20261005,522091,3980,77.98
20261005,522101,11807,64.02
20261005,522105,18081,100.0
20261005,522108,493,70.13
20261005,522113,928,82.05
20261005,522122,60,66.67
20261005,522134,4920,75.82
20261005,522150,42251,100.0
20261005,522152,576,74.23
20261005,522163,40809,100.0
20261005,522165,3537,63.54
20261005,522171,300,100.0
20261005,522183,618,87.04
20261005,522195,4113,79.63
20261005,522205,7533,38.08
20261005,522207,1000,100.0
20261005,522209,3296,96.26
20261005,522215,3822,44.08
20261005,522217,1053,57.79
20261005,522229,8146,64.93
20261005,522231,10643,83.36
20261005,522235,526,100.0
20261005,522237,1460,87.53
20261005,522241,1015,47.92
20261005,522245,2433,100.0
20261005,522249,2797,51.43
20261005,522251,1865,43.95
20261005,522257,69379,59.23
20261005,522261,1558,51.8
20261005,522267,568,94.2
20261005,522273,140,96.55
20261005,522275,7619,41.66
20261005,522281,40362,44.58
20261005,522285,103435,40.03
20261005,522287,39839,92.67
20261005,522289,716,20.68
20261005,522292,45,100.0
20261005,522294,1281,69.92
20261005,522295,2205,87.22
20261005,522650,5753,62.7
20261005,523007,459,98.5
20261005,523011,40,100.0
20261005,523019,16087,75.29
20261005,523021,2175,92.4
20261005,523023,10249,94.6
20261005,523025,4200,57.66
20261005,523062,6,100.0
20261005,523100,197,52.39
20261005,523105,2132899,100.0
20261005,523116,64,100.0
20261005,523120,185,100.0
20261005,523127,212,80.0
20261005,523144,1006,100.0
20261005,523151,13783,100.0
20261005,523160,1155,70.64
20261005,523186,91,100.0
20261005,523204,700,100.0
20261005,523207,2235,85.27
20261005,523222,13063,100.0
20261005,523229,6247,67.68
20261005,523232,480,74.07
20261005,523242,20700,100.0
20261005,523248,1326,97.14
20261005,523260,723,100.0
20261005,523261,1101,47.35
20261005,523269,493,85.29
20261005,523277,636260,63.39
20261005,523283,53,53.0
20261005,523289,2752,63.5
20261005,523301,88,71.54
20261005,523309,18778,74.96
20261005,523319,4626,58.11
20261005,523323,330,70.36
20261005,523329,1,100.0
20261005,523367,10549,31.29
20261005,523369,143074,46.14
20261005,523371,13463,54.6
20261005,523373,51436,22.54
20261005,523384,1504,98.75
20261005,523385,1050,55.58
20261005,523387,89100,96.57
20261005,523391,79,100.0
20261005,523395,160,69.57
20261005,523398,5265,56.16
20261005,523405,21082,47.16
20261005,523411,971,74.63
20261005,523419,1287,100.0
20261005,523425,334,99.4
20261005,523445,1354,63.42
20261005,523449,31628,100.0
20261005,523457,716,41.41
20261005,523465,154,92.77
20261005,523467,13474,100.0
20261005,523475,943,68.09
20261005,523489,103,99.04
20261005,523519,11,52.38
20261005,523537,1423,69.08
20261005,523539,24765,43.36
20261005,523550,86958,51.71
20261005,523558,9254,100.0
20261005,523566,575,100.0
20261005,523574,558,100.0
20261005,523586,1714,81.0
20261005,523594,299,100.0
20261005,523598,635291,40.57
20261005,523606,1289,50.19
20261005,523610,5224,54.35
20261005,523618,1674,56.25
20261005,523620,15,100.0
20261005,523630,59992,69.37
20261005,523638,52,96.3
20261005,523642,4446,52.29
20261005,523648,3264,80.39
20261005,523650,26532,87.51
20261005,523652,14,100.0
20261005,523660,1769,92.28
20261005,523672,1500,68.78
20261005,523676,1147,63.51
20261005,523694,2931,81.55
20261005,523696,10824,78.96
20261005,523704,3676,51.75
20261005,523708,930,57.13
20261005,523710,22,100.0
20261005,523712,400,100.0
20261005,523716,502,63.62
20261005,523722,17835,100.0
20261005,523732,584,67.28
20261005,523736,756,98.82
20261005,523752,20510,70.22
20261005,523754,228,100.0
20261005,523782,4221,73.52
20261005,523792,3134,100.0
20261005,523796,4034,100.0
20261005,523826,1701,84.58
20261005,523828,13929,56.78
20261005,523832,802,49.54
20261005,523836,637,99.84
20261005,523838,13240,52.54
20261005,523840,2935,96.51
20261005,523842,76621,100.0
20261005,523844,54581,97.26
20261005,523850,50,87.72
20261005,523862,1100,94.75
20261005,523874,18463,100.0
20261005,523888,698,9.83
20261005,523896,5635,100.0
20261005,524000,21228,33.09
20261005,524019,349,62.77
20261005,524031,60,100.0
20261005,524037,1243,65.25
20261005,524038,1510,98.12
20261005,524051,1256,67.67
20261005,524055,109,100.0
20261005,524075,52,82.54
20261005,524080,1888,94.92
20261005,524091,5720,78.93
20261005,524109,10014,100.0
20261005,524129,237,89.1
20261005,524136,231,100.0
20261005,524156,599,100.0
20261005,524164,107062,45.98
20261005,524174,47546,74.37
20261005,524200,3539,57.17
20261005,524202,1325,68.55
20261005,524204,13,100.0
20261005,524208,8711,37.01
20261005,524210,2528,95.65
20261005,524212,11947,49.03
20261005,524218,19031,100.0
20261005,524226,29218,58.36
20261005,524230,25449,37.05
20261005,524238,129139,100.0
20261005,524280,10487,52.39
20261005,524288,1554,75.4
20261005,524314,1165,95.18
20261005,524322,48215,61.78
20261005,524324,3375,100.0
20261005,524330,91,82.73
20261005,524332,31171,65.35
20261005,524336,11896,100.0
20261005,524342,2527,57.13
20261005,524348,5016,65.57
20261005,524370,42038,100.0
20261005,524372,2563,50.46
20261005,524394,3184,46.36
20261005,524396,1787,92.69
20261005,524400,2852,100.0
20261005,524404,20867,34.27
20261005,524408,849,99.88
20261005,524412,8207,65.56
20261005,524414,349,79.86
20261005,524434,11337,95.35
20261005,524440,4070,76.79
20261005,524444,18719280,66.61
20261005,524458,132,100.0
20261005,524470,868376,45.3
20261005,524480,128,81.01
20261005,524488,163100,53.14
20261005,524494,2339,52.8
20261005,524500,19035,48.1
20261005,524502,2497,100.0
20261005,524506,574,95.83
20261005,524516,9240,100.0
20261005,524518,14179,69.93
20261005,524520,48180,65.16
20261005,524522,108,98.18
20261005,524534,838,63.25
20261005,524542,430,88.84
20261005,524548,307,100.0
20261005,524558,667,39.89
20261005,524564,1939,100.0
20261005,524572,493,96.29
20261005,524576,6246,87.39
20261005,524580,604,100.0
20261005,524582,115,87.12
20261005,524590,30282,100.0
20261005,524592,25935,100.0
20261005,524594,800,88.4
20261005,524598,1269,100.0
20261005,524602,4786,84.28
20261005,524604,500,100.0
20261005,524606,1353,76.27
20261005,524614,6548,63.55
20261005,524622,13520,59.72
20261005,524624,1570,78.42
20261005,524628,25,100.0
20261005,524632,1596100,43.76
20261005,524634,2327,75.63
20261005,524636,29639,100.0
20261005,524640,6894,68.41
20261005,524648,13956,39.49
20261005,524654,3563,100.0
20261005,524661,2867237,55.98
20261005,524663,156338,67.28
20261005,524667,5901,54.95
20261005,524669,74,67.89
20261005,524675,2754,95.66
20261005,524687,15616,58.6
20261005,524703,2983,99.23
20261005,524709,28253,64.14
20261005,524711,7738,72.72
20261005,524715,16535,46.23
20261005,524717,8451,68.95
20261005,524723,5,100.0
20261005,524727,11760,94.93
20261005,524731,73,98.65
20261005,524735,11702,50.32
20261005,524742,6412,43.78
20261005,524743,28484,82.56
20261005,524748,607,58.09
20261005,524752,3857,88.81
20261005,524768,465,82.3
20261005,524774,333,64.79
20261005,524790,1494,70.5
20261005,524804,53124,78.03
20261005,524808,1630,69.54
20261005,524816,21948,55.9
20261005,524818,993,87.72
20261005,524820,3637,69.7
20261005,524824,1670,83.58
20261005,524828,966,67.74
20261005,526001,18132,98.28
20261005,526025,43446,82.26
20261005,526027,26866,100.0
20261005,526043,765,92.28
20261005,526071,5738,100.0
20261005,526073,746,100.0
20261005,526075,1022,100.0
20261005,526081,31073,100.0
20261005,526095,148,80.0
20261005,526113,355,100.0
20261005,526117,59,98.33
20261005,526125,1083,87.2
20261005,526133,1085,100.0
20261005,526137,914,95.91
20261005,526139,28733,91.39
20261005,526143,1013,100.0
20261005,526159,7105,78.18
20261005,526161,50,100.0
20261005,526169,3872,85.68
20261005,526173,8378,50.74
20261005,526179,950,100.0
20261005,526187,500,100.0
20261005,526193,1347,87.07
20261005,526211,1234,86.05
20261005,526217,3225,100.0
20261005,526227,57073,40.41
20261005,526231,1818,100.0
20261005,526237,1208,72.47
20261005,526241,3738,100.0
20261005,526247,3766,79.33
20261005,526251,127,82.47
20261005,526263,11529,100.0
20261005,526269,3905,59.64
20261005,526299,7846,50.43
20261005,526315,694,100.0
20261005,526325,12,100.0
20261005,526331,130,100.0
20261005,526335,48583,67.52
20261005,526345,1513,98.25
20261005,526355,59,100.0
20261005,526365,51,100.0
20261005,526367,149,29.33
20261005,526371,616186,49.31
20261005,526373,14,82.35
20261005,526381,6395,85.76
20261005,526397,799,100.0
20261005,526407,2236,100.0
20261005,526409,13688,67.01
20261005,526415,274255,94.22
20261005,526423,330,83.76
20261005,526433,15889,49.68
20261005,526435,429,90.89
20261005,526439,139,100.0
20261005,526441,22418,93.73
20261005,526443,40075,100.0
20261005,526445,57278,100.0
20261005,526468,8803,100.0
20261005,526471,3820,60.2
20261005,526473,14228,88.47
20261005,526479,943,66.13
20261005,526481,961,93.94
20261005,526488,750,100.0
20261005,526490,82346,73.15
20261005,526492,1912,91.57
20261005,526494,551,100.0
20261005,526500,471,100.0
20261005,526504,29493,100.0
20261005,526506,1040,100.0
20261005,526508,3205,92.87
20261005,526519,2729,100.0
20261005,526525,35,97.22
20261005,526530,16191,86.75
20261005,526532,92,100.0
20261005,526544,9092,64.51
20261005,526546,4118,100.0
20261005,526550,1520,79.0
20261005,526554,1,100.0
20261005,526570,13345,87.26
20261005,526582,6234,64.99
20261005,526596,837,66.75
20261005,526604,6978,100.0
20261005,526608,1067,85.91
20261005,526612,444,57.96
20261005,526614,2381,100.0
20261005,526616,2997,71.27
20261005,526622,278466,58.67
20261005,526638,4415,70.87
20261005,526640,319,98.76
20261005,526642,2132,89.66
20261005,526650,2463532,87.61
20261005,526666,2898,66.06
20261005,526668,4482,91.49
20261005,526675,5019,52.16
20261005,526677,758,100.0
20261005,526703,2707,73.18
20261005,526705,336,94.38
20261005,526709,58033,87.98
20261005,526711,7472,59.95
20261005,526717,6465,100.0
20261005,526721,277,96.18
20261005,526723,419,99.05
20261005,526725,23,76.67
20261005,526727,7266,90.52
20261005,526729,27121,51.69
20261005,526731,885,61.67
20261005,526739,1232,79.18
20261005,526747,4210,69.91
20261005,526751,50,100.0
20261005,526755,16977,99.16
20261005,526761,1177,100.0
20261005,526775,11726,72.42
20261005,526783,189,77.78
20261005,526795,100,100.0
20261005,526797,7292,69.06
20261005,526799,2,100.0
20261005,526807,1399,55.27
20261005,526813,2,100.0
20261005,526817,40,85.11
20261005,526821,1,100.0
20261005,526827,24029,80.58
20261005,526829,23332,41.17
20261005,526839,314,94.01
20261005,526841,142638,78.01
20261005,526847,195,78.95
20261005,526849,66,98.51
20261005,526851,707,100.0
20261005,526853,1706,100.0
20261005,526859,14012,96.55
20261005,526861,4672,86.01
20261005,526865,670,100.0
20261005,526869,5588,99.95
20261005,526871,1655,97.99
20261005,526873,16751,99.01
20261005,526881,5434,57.15
20261005,526883,5,100.0
20261005,526885,2105,92.28
20261005,526899,49153,95.95
20261005,526901,2128,99.44
20261005,526905,338,100.0
20261005,526921,1052,100.0
20261005,526931,763,69.81
20261005,526935,2546820,49.72
20261005,526945,303,99.34
20261005,526947,1869,41.13
20261005,526951,851,67.65
20261005,526953,3297,100.0
20261005,526961,1028443,84.57
20261005,526965,208,100.0
20261005,526967,2010,50.12
20261005,526971,4221,100.0
20261005,526981,1572,61.19
20261005,526983,1400,100.0
20261005,526987,90749,74.49
20261005,527001,6397,50.61
20261005,527005,2138,76.8
20261005,530001,2226,47.52
20261005,530005,7359,52.15
20261005,530007,21326,47.88
20261005,530017,9271,88.98
20261005,530019,5078,56.39
20261005,530023,725,91.42
20261005,530025,1422,93.06
20261005,530027,3621,83.8
20261005,530037,3417,46.03
20261005,530043,438,100.0
20261005,530045,2841,9.01
20261005,530053,2069,83.8
20261005,530055,1,100.0
20261005,530057,4962,73.38
20261005,530063,879,100.0
20261005,530065,4,100.0
20261005,530067,349,68.43
20261005,530073,7482,57.54
20261005,530075,22237,57.79
20261005,530077,4007,68.71
20261005,530079,891,61.41
20261005,530109,144908,64.52
20261005,530111,3334,93.26
20261005,530117,6567,66.85
20261005,530119,1119,93.72
20261005,530125,405,80.2
20261005,530129,812,62.99
20261005,530133,1379,100.0
20261005,530135,11267,48.87
20261005,530139,2469,100.0
20261005,530141,84,100.0
20261005,530145,69176,100.0
20261005,530151,2505,100.0
20261005,530163,4918,70.4
20261005,530169,640,67.09
20261005,530171,206,100.0
20261005,530173,521,100.0
20261005,530175,6669,59.75
20261005,530177,293,100.0
20261005,530179,13777,100.0
20261005,530185,22109,88.29
20261005,530187,5156,100.0
20261005,530197,170,100.0
20261005,530199,1582,67.38
20261005,530201,9638,100.0
20261005,530207,709,99.72
20261005,530213,127,99.22
20261005,530215,7167,79.02
20261005,530217,1895,64.35
20261005,530231,112,100.0
20261005,530233,1400,65.57
20261005,530235,75,64.66
20261005,530239,13352,49.02
20261005,530245,4,100.0
20261005,530249,346413,77.61
20261005,530251,128136,100.0
20261005,530253,17490,21.35
20261005,530255,8946,88.41
20261005,530259,835,100.0
20261005,530263,77531,87.14
20261005,530265,997,99.7
20261005,530267,45,100.0
20261005,530271,118,100.0
20261005,530281,1997,100.0
20261005,530289,73,98.65
20261005,530299,180,100.0
20261005,530305,4503,50.93
20261005,530307,1992,67.64
20261005,530309,3547,94.56
20261005,530313,5287,100.0
20261005,530315,1661,65.21
20261005,530317,2120,85.76
20261005,530331,43,100.0
20261005,530343,41144,49.41
20261005,530355,5854,51.88
20261005,530357,42779,67.92
20261005,530361,13923,100.0
20261005,530363,8919,100.0
20261005,530365,2812,64.42
20261005,530367,18103,43.36
20261005,530369,160,80.4
20261005,530377,29649,81.63
20261005,530393,626,100.0
20261005,530401,368,63.89
20261005,530405,461,63.85
20261005,530407,1178,83.02
20261005,530419,732,95.06
20261005,530421,31227,92.52
20261005,530427,89,82.41
20261005,530429,621,97.95
20261005,530439,2380,100.0
20261005,530443,10,100.0
20261005,530445,7998,94.52
20261005,530449,155,100.0
20261005,530457,13447,75.87
20261005,530459,12,100.0
20261005,530461,15101,66.13
20261005,530469,1090,100.0
20261005,530475,2230,67.99
20261005,530477,14791,67.38
20261005,530495,575,99.83
20261005,530499,502,100.0
20261005,530517,12032,71.88
20261005,530521,127,81.41
20261005,530525,119425,100.0
20261005,530533,1,100.0
20261005,530545,62,86.11
20261005,530547,69,100.0
20261005,530549,14910,53.69
20261005,530555,30101,52.4
20261005,530557,6583453,100.0
20261005,530571,500,100.0
20261005,530577,126,100.0
20261005,530579,120729,100.0
20261005,530581,100,100.0
20261005,530585,9411,100.0
20261005,530589,1170,92.13
20261005,530595,14911,100.0
20261005,530609,2732,100.0
20261005,530611,69983,100.0
20261005,530615,10652,100.0
20261005,530617,288820,55.47
20261005,530621,1388,100.0
20261005,530627,4879,60.88
20261005,530643,5769,73.68
20261005,530655,10800,54.4
20261005,530663,57655,85.16
20261005,530665,8247,59.28
20261005,530669,1,100.0
20261005,530675,32,96.97
20261005,530677,468,97.91
20261005,530689,3113,69.36
20261005,530695,1218,60.87
20261005,530697,4479,59.3
20261005,530699,7498,100.0
20261005,530709,1733,84.09
20261005,530711,5888,75.44
20261005,530723,255,100.0
20261005,530733,2,100.0
20261005,530735,1,100.0
20261005,530741,3029,100.0
20261005,530745,114940,100.0
20261005,530747,2048,92.34
20261005,530755,1199,100.0
20261005,530757,60,100.0
20261005,530759,2011,75.89
20261005,530771,336,100.0
20261005,530779,75,100.0
20261005,530787,2887,100.0
20261005,530795,321,100.0
20261005,530799,87,100.0
20261005,530803,20094,53.66
20261005,530805,25549,80.0
20261005,530809,151,100.0
20261005,530813,2849,47.95
20261005,530821,10533,83.44
20261005,530825,2386,100.0
20261005,530829,654,61.93
20261005,530839,13802,100.0
20261005,530843,1404660,45.62
20261005,530845,150,67.87
20261005,530853,2,100.0
20261005,530855,57,100.0
20261005,530871,324,95.58
20261005,530879,102282,99.0
20261005,530881,145398,60.43
20261005,530883,25042,100.0
20261005,530889,283,100.0
20261005,530897,907,89.36
20261005,530907,11997,100.0
20261005,530919,15375,64.4
20261005,530921,100,100.0
20261005,530925,1900,86.4
20261005,530927,100,100.0
20261005,530929,291,100.0
20261005,530931,139,100.0
20261005,530943,169383,62.95
20261005,530951,580,92.5
20261005,530953,387,99.23
20261005,530959,6970,84.25
20261005,530961,206581,77.34
20261005,530965,399942,57.6
20261005,530973,101,99.02
20261005,530977,2025,53.05
20261005,530979,328,72.57
20261005,530985,54,100.0
20261005,530991,9206,57.38
20261005,530993,25,100.0
20261005,530997,877,94.5
20261005,530999,7111,41.76
20261005,531003,97,96.04
20261005,531015,7662,86.25
20261005,531017,4537,58.0
20261005,531025,558014,70.18
20261005,531027,699,100.0
20261005,531029,1700,100.0
20261005,531033,258773,99.58
20261005,531035,5885,100.0
20261005,531039,25,100.0
20261005,531041,63,59.43
20261005,531043,71,100.0
20261005,531049,2205,100.0
20261005,531067,564,100.0
20261005,531069,4,100.0
20261005,531080,150,94.94
20261005,531082,11615,83.41
20261005,531083,5559,79.91
20261005,531091,211,100.0
20261005,531092,5511,83.8
20261005,531099,2254,100.0
20261005,531109,301,100.0
20261005,531112,9949,36.4
20261005,531119,252,100.0
20261005,531120,110298,63.31
20261005,531126,14830,85.52
20261005,531127,46376,100.0
20261005,531129,78667,62.88
20261005,531137,37662,84.72
20261005,531144,32659,100.0
20261005,531146,368,100.0
20261005,531147,4424,51.1
20261005,531153,55155,76.07
20261005,531155,279,100.0
20261005,531156,8623,100.0
20261005,531157,1839,100.0
20261005,531158,1832,96.98
20261005,531161,10,100.0
20261005,531162,11706,34.18
20261005,531163,298,78.22
20261005,531168,5,50.0
20261005,531169,560,44.69
20261005,531173,10038,82.04
20261005,531176,3263,65.12
20261005,531178,10415,89.17
20261005,531179,1241,61.9
20261005,531191,1555,85.25
20261005,531199,307,100.0
20261005,531201,550,57.53
20261005,531203,1,100.0
20261005,531205,8826342,70.43
20261005,531209,386,85.59
20261005,531210,461,81.88
20261005,531212,2368,98.58
20261005,531213,142903,70.09
20261005,531215,6870,100.0
20261005,531216,43227,52.75
20261005,531219,300,100.0
20261005,531221,30,93.75
20261005,531223,4348,54.38
20261005,531225,11339,98.11
20261005,531227,1,100.0
20261005,531228,81,100.0
20261005,531233,6494,80.26
20261005,531234,432,100.0
20261005,531235,23,95.83
20261005,531237,2010,99.5
20261005,531240,26489,100.0
20261005,531241,2546,79.46
20261005,531246,1303,52.22
20261005,531253,1122,72.86
20261005,531254,12093,92.4
20261005,531255,45,50.0
20261005,531257,46701,67.18
20261005,531259,3398,100.0
20261005,531260,436,100.0
20261005,531262,2,100.0
20261005,531265,32,100.0
20261005,531266,892,70.4
20261005,531268,9391,67.14
20261005,531272,316,98.44
20261005,531273,233542,86.88
20261005,531274,1,100.0
20261005,531278,309,98.72
20261005,531279,13300,100.0
20261005,531280,4378,100.0
20261005,531281,2665,100.0
20261005,531287,2524,53.13
20261005,531288,64,100.0
20261005,531289,115824,100.0
20261005,531297,4324,91.71
20261005,531301,104,100.0
20261005,531304,168,100.0
20261005,531306,247,95.74
20261005,531307,4410,93.27
20261005,531310,1169,99.83
20261005,531319,2393,64.69
20261005,531322,4407,99.95
20261005,531323,96,98.97
20261005,531324,81,100.0
20261005,531328,1671699,53.18
20261005,531334,1,100.0
20261005,531335,7896,54.47
20261005,531340,6,100.0
20261005,531341,2,100.0
20261005,531344,22008,45.86
20261005,531346,33,91.67
20261005,531349,1513,59.85
20261005,531357,20679,61.06
20261005,531358,5647,51.43
20261005,531359,957,75.0
20261005,531360,81,100.0
20261005,531364,5652,75.61
20261005,531370,6160,92.48
20261005,531373,5460,99.98
20261005,531380,112,98.25
20261005,531381,241,82.25
20261005,531387,706,100.0
20261005,531390,2938,78.35
20261005,531395,579915,100.0
20261005,531397,146,100.0
20261005,531398,210,78.36
20261005,531399,5063,64.31
20261005,531400,2936,100.0
20261005,531402,28023,80.56
20261005,531406,20,100.0
20261005,531409,1110,100.0
20261005,531411,1913488,100.0
20261005,531412,90,100.0
20261005,531416,1,50.0
20261005,531417,9736,60.17
20261005,531420,683,100.0
20261005,531426,2850,65.46
20261005,531431,16125,49.27
20261005,531433,6419,100.0
20261005,531436,1234,87.83
20261005,531437,116,87.22
20261005,531439,32,100.0
20261005,531441,16,100.0
20261005,531449,91600,21.18
20261005,531453,200,76.05
20261005,531454,2783,96.46
20261005,531456,39240,91.61
20261005,531458,17349,100.0
20261005,531460,200,100.0
20261005,531463,361,100.0
20261005,531465,31622,100.0
20261005,531471,17019,100.0
20261005,531472,260,88.74
20261005,531486,16894,100.0
20261005,531489,39,86.67
20261005,531494,243724,87.29
20261005,531495,1,100.0
20261005,531496,37515,100.0
20261005,531497,1659,100.0
20261005,531499,19124,100.0
20261005,531500,31362,100.0
20261005,531502,599309,97.16
20261005,531503,479,55.38
20261005,531505,210,100.0
20261005,531506,2000,99.95
20261005,531508,1228,75.06
20261005,531509,145,100.0
20261005,531512,118811,78.46
20261005,531515,4797,100.0
20261005,531518,197544,100.0
20261005,531525,84471,100.0
20261005,531529,7905,100.0
20261005,531530,10482,98.09
20261005,531531,3667,64.5
20261005,531533,1179,93.35
20261005,531537,2147,100.0
20261005,531539,5796,76.71
20261005,531540,4039,74.31
20261005,531541,7412,100.0
20261005,531543,39266,30.82
20261005,531548,3409,64.71
20261005,531550,50300,99.85
20261005,531552,1116,82.61
20261005,531553,1845,100.0
20261005,531556,249,91.88
20261005,531557,3,100.0
20261005,531569,1173,96.31
20261005,531572,42,100.0
20261005,531574,7200,100.0
20261005,531578,57,100.0
20261005,531583,213,91.03
20261005,531591,205,87.23
20261005,531592,87984,95.91
20261005,531594,210,99.06
20261005,531595,43721,66.44
20261005,531599,1153,64.7
20261005,531608,33,91.67
20261005,531609,11,100.0
20261005,531613,22981,100.0
20261005,531616,28,100.0
20261005,531624,9040,100.0
20261005,531626,88204,81.76
20261005,531628,2048,100.0
20261005,531633,1439,57.91
20261005,531635,197,86.78
20261005,531637,5652,74.1
20261005,531638,21,77.78
20261005,531642,137842,77.28
20261005,531644,20,100.0
20261005,531651,158,100.0
20261005,531652,439,100.0
20261005,531658,27104,34.91
20261005,531661,7224,100.0
20261005,531663,13265,98.57
20261005,531667,4836,100.0
20261005,531668,3041,100.0
20261005,531671,24541,81.83
20261005,531672,970,100.0
20261005,531673,3388,99.97
20261005,531676,421,100.0
20261005,531680,924,100.0
20261005,531681,12405,100.0
20261005,531686,2200,100.0
20261005,531688,768,80.76
20261005,531692,236,93.65
20261005,531694,719,64.89
20261005,531716,7695,100.0
20261005,531717,546,72.03
20261005,531719,3227,87.33
20261005,531723,1867345,100.0
20261005,531726,1717,86.63
20261005,531727,9524,100.0
20261005,531735,100,100.0
20261005,531737,238449,82.68
20261005,531738,4252,100.0
20261005,531739,129545,73.37
20261005,531744,943,84.88
20261005,531746,4062,79.76
20261005,531752,1305742,67.62
20261005,531758,4895,73.25
20261005,531761,7352,63.71
20261005,531762,1385,100.0
20261005,531768,43787,91.52
20261005,531769,100,100.0
20261005,531771,19070,75.76
20261005,531778,6,100.0
20261005,531779,101,100.0
20261005,531780,25072,78.28
20261005,531784,344340,92.37
20261005,531794,15133,100.0
20261005,531795,1224,46.5
20261005,531797,100,100.0
20261005,531802,4124,54.11
20261005,531810,50,86.21
20261005,531812,34875,97.43
20261005,531813,40,100.0
20261005,531814,3368,86.36
20261005,531822,4,80.0
20261005,531832,1382,98.57
20261005,531834,12188,100.0
20261005,531840,3320,64.52
20261005,531841,6647,100.0
20261005,531842,908,100.0
20261005,531845,6597,67.36
20261005,531846,2,100.0
20261005,531847,211,74.56
20261005,531859,2629,51.3
20261005,531861,711,55.68
20261005,531862,4476,72.31
20261005,531867,8353,100.0
20261005,531869,61431,84.55
20261005,531878,243,100.0
20261005,531887,2019,100.0
20261005,531888,2784,79.41
20261005,531889,215537,79.46
20261005,531892,52,100.0
20261005,531893,913542,65.71
20261005,531900,5372,99.35
20261005,531902,13,100.0
20261005,531909,179655,100.0
20261005,531910,1161,100.0
20261005,531911,34587,100.0
20261005,531913,2433,59.69
20261005,531918,1,100.0
20261005,531921,1765,93.68
20261005,531923,6640,71.28
20261005,531925,18628,100.0
20261005,531929,201,100.0
20261005,531930,579,100.0
20261005,531931,93,100.0
20261005,531944,15,93.75
20261005,531950,8005,60.87
20261005,531952,1170,91.33
20261005,531959,73225,83.75
20261005,531960,3804,100.0
20261005,531962,1061,60.56
20261005,531968,72,100.0
20261005,531977,123345,100.0
20261005,531978,1336,93.1
20261005,531979,403,86.48
20261005,531980,3096,100.0
20261005,531982,761,100.0
20261005,531989,2841,100.0
20261005,531991,18782,79.55
20261005,531994,1,100.0
20261005,531996,5321,99.96
20261005,531997,146968,82.37
20261005,532001,101,100.0
20261005,532005,5,100.0
20261005,532007,124,100.0
20261005,532011,475,99.79
20261005,532015,38185,73.61
20261005,532016,459,100.0
20261005,532019,6229,100.0
20261005,532022,695512,49.83
20261005,532029,7467,77.7
20261005,532039,6282,76.28
20261005,532041,5957,100.0
20261005,532051,546,62.61
20261005,532053,241,91.98
20261005,532054,6402,92.17
20261005,532056,179,100.0
20261005,532057,126,100.0
20261005,532067,2094,52.31
20261005,532070,8824,70.52
20261005,532072,173481,100.0
20261005,532090,20419,79.97
20261005,532092,93458,89.77
20261005,532100,458,80.49
20261005,532102,10701,99.46
20261005,532113,2388,100.0
20261005,532123,112752,76.45
20261005,532124,12792,73.07
20261005,532131,2186,100.0
20261005,532134,326262,47.55
20261005,532139,361,100.0
20261005,532140,3566,63.69
20261005,532141,5954,96.58
20261005,532143,25308,64.7
20261005,532144,88911,48.41
20261005,532145,593,100.0
20261005,532149,867193,67.14
20261005,532150,6535,70.86
20261005,532154,1074167,42.52
20261005,532155,97013,54.72
20261005,532156,19934,76.7
20261005,532159,18677,63.94
20261005,532160,3813,53.47
20261005,532162,7707,52.74
20261005,532163,2465,47.9
20261005,532164,25120,100.0
20261005,532167,201,100.0
20261005,532172,3329,100.0
20261005,532173,5620,46.81
20261005,532174,240619,74.59
20261005,532175,50186,35.46
20261005,532178,65158,37.52
20261005,532180,27142,57.47
20261005,532181,46346,54.41
20261005,532183,28995,82.06
20261005,532187,111328,84.02
20261005,532189,3405,30.46
20261005,532209,151412,56.88
20261005,532210,17226,26.23
20261005,532212,754,98.05
20261005,532215,884127,91.19
20261005,532216,104,96.3
20261005,532217,658,100.0
20261005,532218,690133,52.11
20261005,532219,5226,80.08
20261005,532221,35265,44.2
20261005,532230,85,97.7
20261005,532234,54190,39.19
20261005,532240,1509,60.68
20261005,532256,76,66.09
20261005,532259,3562,49.74
20261005,532262,64,100.0
20261005,532268,3197,67.02
20261005,532271,67469,95.03
20261005,532275,70004,86.06
20261005,532281,70319,44.67
20261005,532284,797,60.56
20261005,532285,10622,76.96
20261005,532286,2723,29.86
20261005,532290,7947,69.8
20261005,532296,7843,50.62
20261005,532300,28838,42.76
20261005,532303,457,100.0
20261005,532304,14,66.67
20261005,532305,19898,67.28
20261005,532309,11909,54.87
20261005,532310,2940,79.65
20261005,532313,2710,60.21
20261005,532315,974,71.62
20261005,532320,2255,97.62
20261005,532321,20677,53.45
20261005,532323,136298,78.48
20261005,532324,166,100.0
20261005,532326,522,83.92
20261005,532329,2454,100.0
20261005,532331,2753,56.95
20261005,532333,602,100.0
20261005,532334,23984,79.96
20261005,532335,1464,93.49
20261005,532336,200,100.0
20261005,532339,1390,92.6
20261005,532340,4433,100.0
20261005,532341,2112,55.35
20261005,532343,29224,67.08
20261005,532344,707,49.27
20261005,532348,303091,38.36
20261005,532349,3881,69.58
20261005,532350,1865,100.0
20261005,532351,28367,100.0
20261005,532354,13284,100.0
20261005,532355,137,54.8
20261005,532356,32453,42.88
20261005,532359,64208,87.68
20261005,532362,17175,93.94
20261005,532365,1285,62.93
20261005,532366,22845,63.57
20261005,532368,380981,56.6
20261005,532369,1875,65.33
20261005,532370,1048,68.95
20261005,532371,157365,54.2
20261005,532372,5904,91.65
20261005,532373,1091,99.91
20261005,532374,175809,100.0
20261005,532375,2008,52.61
20261005,532376,185,93.43
20261005,532378,41,100.0
20261005,532379,41908,100.0
20261005,532380,16094,59.1
20261005,532382,9211,74.73
20261005,532384,3334,94.13
20261005,532386,26445,100.0
20261005,532387,3022,89.46
20261005,532388,153271,37.04
20261005,532390,2962,68.44
20261005,532392,155,100.0
20261005,532395,4978,36.24
20261005,532397,3,100.0
20261005,532398,245,98.39
20261005,532400,43900,50.21
20261005,532402,871,51.81
20261005,532404,736,92.81
20261005,532406,37990,47.86
20261005,532407,48223,56.26
20261005,532408,54877,100.0
20261005,532410,1206,70.32
20261005,532413,6171,100.0
20261005,532416,1254,100.0
20261005,532419,1030,100.0
20261005,532424,77984,79.06
20261005,532425,20361,100.0
20261005,532430,1719,38.09
20261005,532432,8338,47.96
20261005,532435,465,81.01
20261005,532439,13560,47.65
20261005,532440,461,75.57
20261005,532443,235,59.34
20261005,532444,6179,79.55
20261005,532454,195778,84.61
20261005,532455,2590,62.56
20261005,532456,1119,100.0
20261005,532457,3910,66.63
20261005,532460,1565,78.52
20261005,532461,464122,62.2
20261005,532466,4148,64.85
20261005,532467,43061,81.87
20261005,532468,337,73.26
20261005,532475,1130,81.29
20261005,532477,106024,37.7
20261005,532478,3816,67.15
20261005,532481,39761,93.88
20261005,532482,18013,54.18
20261005,532483,776380,58.98
20261005,532485,15789,91.89
20261005,532486,883,67.46
20261005,532488,13704,75.82
20261005,532493,4298,42.23
20261005,532497,6408,59.36
20261005,532500,20749,50.87
20261005,532503,15,100.0
20261005,532504,6340,81.55
20261005,532505,349966,45.27
20261005,532507,1186,98.75
20261005,532508,5731,39.08
20261005,532509,6915,62.92
20261005,532513,4227,62.26
20261005,532514,60108,55.9
20261005,532515,1337,94.15
20261005,532521,274,100.0
20261005,532522,316754,85.56
20261005,532523,37937,45.97
20261005,532524,132243,58.02
20261005,532525,196457,30.92
20261005,532527,5439,57.9
20261005,532528,3372,56.02
20261005,532529,10371,83.48
20261005,532531,3872,39.95
20261005,532538,6827,73.06
20261005,532539,207932,86.37
20261005,532540,278537,58.56
20261005,532541,73972,47.99
20261005,532543,3973,100.0
20261005,532548,2397,69.12
20261005,532553,7667,61.33
20261005,532555,84541,52.1
20261005,532604,85399,59.07
20261005,532605,5000,41.45
20261005,532610,51857,40.29
20261005,532612,7314,50.45
20261005,532613,3538,92.4
20261005,532614,447702,100.0
20261005,532616,4035,77.4
20261005,532621,50,100.0
20261005,532624,27,100.0
20261005,532626,23277,67.26
20261005,532627,1860415,45.49
20261005,532628,22305,100.0
20261005,532629,177,100.0
20261005,532630,5762,38.42
20261005,532633,220,81.18
20261005,532636,53782,52.91
20261005,532637,4421,86.72
20261005,532638,453,58.98
20261005,532640,2155,100.0
20261005,532641,164307,73.68
20261005,532642,109,39.93
20261005,532644,488,53.51
20261005,532645,26064,100.0
20261005,532648,1697372,50.55
20261005,532649,2459,95.09
20261005,532650,80395,74.09
20261005,532651,763,83.48
20261005,532652,26688,54.06
20261005,532654,6422,60.69
20261005,532656,152705,81.17
20261005,532660,370,100.0
20261005,532661,1923,56.61
20261005,532662,2069,88.27
20261005,532663,569,70.33
20261005,532666,152401,71.77
20261005,532667,2544214,46.92
20261005,532668,10141,57.31
20261005,532670,403433,45.4
20261005,532673,21633,100.0
20261005,532674,6597,92.77
20261005,532676,7447,100.0
20261005,532683,658,52.81
20261005,532684,9815,71.97
20261005,532686,3636,51.49
20261005,532687,1070,87.56
20261005,532689,12409,51.69
20261005,532694,21395,86.21
20261005,532695,1042,99.81
20261005,532696,11098,100.0
20261005,532698,2875,56.42
20261005,532699,443,82.8
20261005,532700,1147,97.7
20261005,532701,12768,100.0
20261005,532705,9451,84.33
20261005,532707,311,96.58
20261005,532708,47773,100.0
20261005,532710,32627,85.81
20261005,532712,534705,100.0
20261005,532713,152437,68.5
20261005,532714,34439,48.23
20261005,532716,518,98.85
20261005,532717,920,54.63
20261005,532719,28231,53.28
20261005,532720,225174,58.36
20261005,532721,2698,83.14
20261005,532722,6927,51.39
20261005,532723,14,100.0
20261005,532725,1772,33.3
20261005,532726,1177,69.15
20261005,532728,1549,93.77
20261005,532729,18659,67.69
20261005,532730,300,100.0
20261005,532732,1489,77.51
20261005,532733,62005,26.09
20261005,532734,30018,43.4
20261005,532735,81853,46.22
20261005,532737,13665,87.97
20261005,532738,14672,100.0
20261005,532740,28782,39.27
20261005,532741,28123,73.73
20261005,532742,295,65.56
20261005,532744,26,100.0
20261005,532748,53871,42.18
20261005,532749,263038,64.11
20261005,532754,12193282,94.43
20261005,532755,150848,69.97
20261005,532756,6052,61.09
20261005,532757,175,59.93
20261005,532759,13303,87.98
20261005,532761,147,98.0
20261005,532762,6409,45.76
20261005,532764,1,100.0
20261005,532767,133405,72.88
20261005,532768,4015,65.3
20261005,532771,76575,63.69
20261005,532772,31376,66.57
20261005,532773,414,90.0
20261005,532774,705,98.74
20261005,532775,3496233,57.88
20261005,532776,3231,92.53
20261005,532777,88760,65.39
20261005,532779,209498,98.49
20261005,532780,12732,100.0
20261005,532782,8287,48.54
20261005,532783,10112,48.89
20261005,532784,3950,43.67
20261005,532785,6194,84.83
20261005,532790,7730,62.86
20261005,532794,45932,80.15
20261005,532795,9797,100.0
20261005,532796,6050,62.6
20261005,532797,3408,56.32
20261005,532798,84270,66.38
20261005,532799,30823,79.73
20261005,532801,3136,100.0
20261005,532804,550,61.04
20261005,532805,185044,43.13
20261005,532806,2111,99.91
20261005,532807,67,85.9
20261005,532808,8921,71.34
20261005,532809,36392,44.35
20261005,532810,293667,62.52
20261005,532811,6594,45.72
20261005,532812,820,100.0
20261005,532814,26759,43.95
20261005,532815,31675,57.18
20261005,532817,7900,94.2
20261005,532820,6520,99.85
20261005,532822,8901691,41.13
20261005,532825,76122,100.0
20261005,532826,371,100.0
20261005,532827,503,57.62
20261005,532828,2493,100.0
20261005,532829,2061,19.68
20261005,532830,4269,45.08
20261005,532832,124994,71.88
20261005,532834,12454,56.12
20261005,532835,10483,96.6
20261005,532839,297427,67.14
20261005,532841,625,70.07
20261005,532842,2090,67.46
20261005,532843,185728,80.1
20261005,532845,11,100.0
20261005,532847,4694,80.89
20261005,532848,1947359,33.99
20261005,532850,10872,100.0
20261005,532851,992,73.05
20261005,532853,447,100.0
20261005,532855,211,100.0
20261005,532856,32046,50.68
20261005,532859,212,71.86
20261005,532864,4099,73.59
20261005,532866,85152,97.0
20261005,532867,558469,39.41
20261005,532868,69646,50.55
20261005,532869,300,90.09
20261005,532870,26475,100.0
20261005,532872,50904,48.53
20261005,532873,34808,100.0
20261005,532875,8164,34.02
20261005,532878,415,99.05
20261005,532880,20979,71.67
20261005,532884,10554,42.59
20261005,532885,259544,60.87
20261005,532886,261,100.0
20261005,532887,4998,100.0
20261005,532888,53302,64.58
20261005,532889,23939,78.59
20261005,532890,170823,68.52
20261005,532891,10355,62.64
20261005,532892,29547,69.26
20261005,532893,9835,61.62
20261005,532894,18801,96.07
20261005,532895,1338,95.23
20261005,532896,2395,89.0
20261005,532898,324457,68.82
20261005,532899,2697,45.3
20261005,532900,271140,29.96
20261005,532902,15059,88.42
20261005,532904,2563,86.06
20261005,532906,9412,80.88
20261005,532907,5319,100.0
20261005,532911,125538,94.04
20261005,532915,13145,61.01
20261005,532916,466,98.73
20261005,532918,2508,32.37
20261005,532921,75737,60.74
20261005,532922,146442,62.44
20261005,532923,28649,72.69
20261005,532924,3619,77.64
20261005,532925,14,100.0
20261005,532926,23464,65.73
20261005,532927,17199,71.07
20261005,532928,334374,33.33
20261005,532929,3957,44.59
20261005,532930,9277,100.0
20261005,532931,16765,100.0
20261005,532932,922,83.59
20261005,532933,9561,77.75
20261005,532934,814,100.0
20261005,532935,775,100.0
20261005,532937,1978,43.35
20261005,532939,983063,33.21
20261005,532940,1690,58.46
20261005,532941,12177,100.0
20261005,532942,33851,50.86
20261005,532944,4327,100.0
20261005,532945,486037,66.83
20261005,532946,569,93.43
20261005,532947,378870,45.86
20261005,532951,18444,72.45
20261005,532952,40,66.67
20261005,532953,7114,59.63
20261005,532955,280597,66.61
20261005,532957,419,92.7
20261005,532966,18220,44.58
20261005,532967,14417,64.9
20261005,532974,485,63.82
20261005,532975,4943,100.0
20261005,532976,11327,72.47
20261005,532977,5576,41.06
20261005,532978,40935,65.29
20261005,532980,14155,96.68
20261005,532983,406,54.28
20261005,532985,5659,46.32
20261005,532986,312,85.95
20261005,532989,4129,100.0
20261005,532992,4,100.0
20261005,532993,105,74.47
20261005,532994,692,93.89
20261005,532998,506,100.0
20261005,533001,7052,27.52
20261005,533006,23923,100.0
20261005,533007,195369,100.0
20261005,533012,7564,85.41
20261005,533014,896,90.5
20261005,533019,5,100.0
20261005,533022,2618,51.74
20261005,533023,33152,85.21
20261005,533029,1003,100.0
20261005,533033,4304,52.94
20261005,533047,3936,59.2
20261005,533048,265002,100.0
20261005,533056,20559,94.75
20261005,533080,11191,81.57
20261005,533088,3082,71.34
20261005,533090,3482517,67.74
20261005,533093,52,98.11
20261005,533095,334,71.22
20261005,533096,816461,51.49
20261005,533098,200723,56.88
20261005,533100,12992,87.59
20261005,533101,1117,95.72
20261005,533104,2572,75.91
20261005,533106,15272,35.99
20261005,533107,607,100.0
20261005,533108,1322,100.0
20261005,533121,1587,52.72
20261005,533122,631560,51.01
20261005,533137,19786,72.32
20261005,533138,1480,53.47
20261005,533146,1913,70.64
20261005,533148,22422,49.73
20261005,533149,29073,92.5
20261005,533150,10733,44.54
20261005,533151,6822,62.89
20261005,533152,6149,87.53
20261005,533155,16475,48.3
20261005,533156,37940,62.15
20261005,533158,3401,63.44
20261005,533160,86208,70.72
20261005,533161,1401,78.93
20261005,533162,74821,58.93
20261005,533164,16801,64.98
20261005,533166,164145,93.87
20261005,533167,1850,100.0
20261005,533168,290,93.25
20261005,533169,65917,75.06
20261005,533172,867,96.76
20261005,533177,13655,100.0
20261005,533179,210674,87.64
20261005,533181,496,100.0
20261005,533192,33181,100.0
20261005,533193,11803,53.56
20261005,533202,95238,95.7
20261005,533203,12772,94.77
20261005,533206,141760,51.35
20261005,533208,599,100.0
20261005,533210,2262,72.08
20261005,533212,1577,89.91
20261005,533217,1290,100.0
20261005,533218,2409,97.93
20261005,533221,40,100.0
20261005,533227,5,100.0
20261005,533229,6042,53.55
20261005,533230,78337,55.14
20261005,533239,28731,99.04
20261005,533244,140337,52.36
20261005,533248,42510,73.65
20261005,533252,4,100.0
20261005,533257,4870,52.71
20261005,533259,180,69.5
20261005,533260,1508,93.26
20261005,533262,2431,71.75
20261005,533263,138017,57.93
20261005,533267,2188,49.97
20261005,533268,141,100.0
20261005,533269,10635,54.63
20261005,533270,50,100.0
20261005,533271,38793,65.6
20261005,533272,39181,33.1
20261005,533273,4662,55.39
20261005,533274,27669,70.54
20261005,533275,25191,74.36
20261005,533278,2058431,85.66
20261005,533282,12386,44.94
20261005,533284,3680,77.6
20261005,533285,19740,72.4
20261005,533286,17501,42.85
20261005,533287,250425,70.46
20261005,533289,2735,99.64
20261005,533292,25318,69.26
20261005,533293,8947,40.16
20261005,533294,396,97.78
20261005,533295,44175,61.28
20261005,533296,955,83.48
20261005,533298,7011,89.72
20261005,533301,961,100.0
20261005,533302,21,58.33
20261005,533303,975,79.14
20261005,533306,400,80.16
20261005,533315,465500,86.55
20261005,533316,19,95.0
20261005,533326,126542,45.68
20261005,533329,2089,100.0
20261005,533333,871374,57.26
20261005,533336,26,100.0
20261005,533339,5937,39.82
20261005,533343,358,93.72
20261005,533344,21221,61.74
20261005,533385,50916,55.16
20261005,533398,128715,89.8
20261005,533407,5107,77.6
20261005,533408,4307,58.73
20261005,533427,14980,71.99
20261005,533451,1086,99.82
20261005,533452,9999,100.0
20261005,533470,12258,83.07
20261005,533477,772,97.11
20261005,533482,3155,100.0
20261005,533499,19819,100.0
20261005,533506,307854,99.18
20261005,533519,77350,45.29
20261005,533520,944841,59.19
20261005,533540,586,16.3
20261005,533543,3470,87.38
20261005,533552,3925,50.25
20261005,533553,286614,34.49
20261005,533570,28546,63.17
20261005,533573,5057,57.85
20261005,533576,117,100.0
20261005,533581,60981,49.48
20261005,533602,51591,92.93
20261005,533608,7095,49.63
20261005,533629,2963,100.0
20261005,533632,9770,100.0
20261005,533638,21966,100.0
20261005,533644,1355,91.31
20261005,533655,14991,65.57
20261005,533676,107274,60.03
20261005,533704,23715,67.66
20261005,533719,12181,71.97
20261005,533758,6513,40.32
20261005,533761,16107,45.54
20261005,533896,271,73.05
20261005,533941,2145,52.64
20261005,533982,4475,55.49
20261005,534060,309958,79.7
20261005,534063,173,100.0
20261005,534064,60116,100.0
20261005,534076,4914,58.21
20261005,534091,114436,70.07
20261005,534139,19526,37.72
20261005,534190,507,100.0
20261005,534309,291252,50.51
20261005,534312,1585,100.0
20261005,534328,200,50.0
20261005,534338,6775,72.72
20261005,534369,40184,100.0
20261005,534392,4118,40.34
20261005,534422,3869,61.02
20261005,534425,1114,100.0
20261005,534532,63393,96.47
20261005,534535,1092741,100.0
20261005,534597,59416,71.65
20261005,534598,460,99.14
20261005,534600,38492,54.72
20261005,534612,3510,89.04
20261005,534615,31885,76.86
20261005,534618,6091,56.66
20261005,534623,2135,87.97
20261005,534674,370355,86.78
20261005,534675,10443,56.48
20261005,534680,456,80.28
20261005,534691,1633,72.9
20261005,534732,2458,51.0
20261005,534733,66205,100.0
20261005,534741,28597,100.0
20261005,534742,3024,80.15
20261005,534748,64896,45.02
20261005,534755,52015,100.0
20261005,534796,1160,90.41
20261005,534804,911,58.06
20261005,534809,3568528,38.76
20261005,534816,477391,88.86
20261005,534920,201,100.0
20261005,534976,1929,66.45
20261005,535136,2703,63.45
20261005,535204,1975,100.0
20261005,535205,47774,91.03
20261005,535267,24517,83.43
20261005,535276,50409,97.77
20261005,535322,1479,69.96
20261005,535387,2,100.0
20261005,535431,84921,76.18
20261005,535458,190,100.0
20261005,535514,11,100.0
20261005,535566,5,62.5
20261005,535601,264,100.0
20261005,535602,1911,52.5
20261005,535620,1,100.0
20261005,535621,101,83.47
20261005,535648,1492,55.8
20261005,535657,306,55.54
20261005,535667,4195,98.15
20261005,535693,9675,85.0
20261005,535719,9543,71.89
20261005,535730,1015143,81.55
20261005,535754,14205,65.43
20261005,535755,54715,47.87
20261005,535789,180122,33.86
20261005,535910,12819,63.69
20261005,535916,9025,38.91
20261005,535917,6000,50.0
20261005,535958,412109,60.17
20261005,536073,104473,90.68
20261005,536264,3803,72.59
20261005,536493,1541,93.73
20261005,536507,33578,100.0
20261005,536565,20232,84.8
20261005,536659,506510,66.38
20261005,536672,27103,80.86
20261005,536709,61461,100.0
20261005,536737,2400,100.0
20261005,536773,477,75.47
20261005,536846,515,100.0
20261005,536960,15685,55.92
20261005,536965,7783,100.0
20261005,536974,2468,71.1
20261005,537007,31459,65.93
20261005,537008,22505,76.22
20261005,537069,22798,100.0
20261005,537253,7,100.0
20261005,537254,523,100.0
20261005,537259,396,56.65
20261005,537291,1948,74.35
20261005,537292,65,100.0
20261005,537326,7828,62.14
20261005,537392,2158,100.0
20261005,537483,2365,57.26
20261005,537536,2526,91.95
20261005,537669,4500,90.0
20261005,537707,391447,68.78
20261005,537708,5153,74.49
20261005,537709,7180,100.0
20261005,537750,994,83.46
20261005,537766,116546,79.08
20261005,537785,704,80.27
20261005,537800,2995698,100.0
20261005,537820,23938,100.0
20261005,537839,27596,96.3
20261005,537840,201,100.0
20261005,537985,3290,88.35
20261005,538057,21575,61.04
20261005,538081,4001,100.0
20261005,538119,87065,100.0
20261005,538212,251504,100.0
20261005,538268,576,66.51
20261005,538273,60,100.0
20261005,538351,5210,100.0
20261005,538365,657,100.0
20261005,538382,2711,100.0
20261005,538401,9866,100.0
20261005,538422,185550,61.1
20261005,538446,9863,100.0
20261005,538451,401127,74.4
20261005,538464,3037,99.93
20261005,538465,18654,100.0
20261005,538476,149984,100.0
20261005,538520,5480,70.71
20261005,538521,783,100.0
20261005,538537,31,100.0
20261005,538539,12143,80.36
20261005,538540,84548,96.26
20261005,538542,204,98.08
20261005,538546,1535,60.29
20261005,538556,21021,60.27
20261005,538562,8937,37.26
20261005,538563,86,84.31
20261005,538564,710,98.34
20261005,538565,10708,51.4
20261005,538567,25749,97.67
20261005,538568,36,100.0
20261005,538569,1331,100.0
20261005,538596,68,100.0
20261005,538597,43,100.0
20261005,538598,7724,89.38
20261005,538607,171580,64.21
20261005,538609,314,64.88
20261005,538610,697243,100.0
20261005,538611,1218,100.0
20261005,538634,339,75.84
20261005,538635,707575,99.26
20261005,538646,265,100.0
20261005,538647,2192,95.68
20261005,538666,3069,54.87
20261005,538668,12027,60.1
20261005,538674,1003,100.0
20261005,538683,5884,75.15
20261005,538685,2314,72.56
20261005,538706,130943,66.22
20261005,538707,2,100.0
20261005,538708,1513,59.01
20261005,538713,840,64.22
20261005,538714,8219,74.56
20261005,538715,2970,100.0
20261005,538716,5,100.0
20261005,538730,6790,78.68
20261005,538731,4200,100.0
20261005,538732,1682,98.77
20261005,538734,3802,63.99
20261005,538742,3660,100.0
20261005,538743,776,100.0
20261005,538770,490,100.0
20261005,538772,35944,70.05
20261005,538777,68,100.0
20261005,538778,13885,72.19
20261005,538786,93,98.94
20261005,538787,23961,100.0
20261005,538788,6051,99.98
20261005,538794,428000,100.0
20261005,538795,2508,83.24
20261005,538812,1382,100.0
20261005,538817,36208,71.05
20261005,538833,314,100.0
20261005,538834,7358,84.71
20261005,538835,10538,44.13
20261005,538836,805,68.98
20261005,538837,9936,76.66
20261005,538838,6,100.0
20261005,538857,2062,100.0
20261005,538860,23178,100.0
20261005,538862,457,80.74
20261005,538868,37662,100.0
20261005,538874,3020,100.0
20261005,538881,2,100.0
20261005,538882,31222,63.78
20261005,538890,2188,84.22
20261005,538891,62412,45.11
20261005,538894,1026,97.62
20261005,538895,64293,100.0
20261005,538896,418,76.42
20261005,538897,119,100.0
20261005,538902,445,100.0
20261005,538918,6377,38.84
20261005,538919,18,100.0
20261005,538920,54838,65.18
20261005,538922,459,89.3
20261005,538923,225026,78.12
20261005,538926,13108,86.13
20261005,538928,12030,99.74
20261005,538935,48,100.0
20261005,538952,2856,96.52
20261005,538961,3810,81.05
20261005,538962,24858,63.55
20261005,538964,18,100.0
20261005,538965,18,81.82
20261005,538970,131283,100.0
20261005,538975,146370,100.0
20261005,538979,1327,48.89
20261005,538987,645,81.03
20261005,538992,30,100.0
20261005,539005,6,100.0
20261005,539006,349,38.65
20261005,539011,971,92.3
20261005,539012,188,57.32
20261005,539013,170,85.0
20261005,539014,2720,69.12
20261005,539016,1033,89.44
20261005,539017,51598,67.13
20261005,539018,381,98.96
20261005,539031,472,80.82
20261005,539032,3017,63.42
20261005,539040,21123,73.31
20261005,539041,16250,68.42
20261005,539042,6380,59.5
20261005,539044,784,100.0
20261005,539045,5584,98.36
20261005,539046,9172,62.31
20261005,539056,6970,50.72
20261005,539083,589714,54.91
20261005,539090,322,76.67
20261005,539091,3554216,42.13
20261005,539096,363,100.0
20261005,539097,99862,100.0
20261005,539110,4,100.0
20261005,539111,67,100.0
20261005,539113,1,100.0
20261005,539115,2000,100.0
20261005,539117,4833,14.99
20261005,539118,4293,85.06
20261005,539120,453,98.48
20261005,539121,6785,83.4
20261005,539122,15240,90.38
20261005,539123,3155,58.92
20261005,539124,1353,99.49
20261005,539126,58153,100.0
20261005,539132,219299,79.45
20261005,539141,1139,66.65
20261005,539143,32408,70.24
20261005,539148,4021,75.81
20261005,539149,1521,100.0
20261005,539150,10564,49.32
20261005,539151,17388,58.02
20261005,539167,7,100.0
20261005,539174,342,100.0
20261005,539175,1206,100.0
20261005,539176,893,92.83
20261005,539177,13110,74.16
20261005,539189,59,84.29
20261005,539190,612,100.0
20261005,539195,5908,61.13
20261005,539196,5655,69.17
20261005,539199,42069,38.36
20261005,539200,12288,100.0
20261005,539201,8977,92.6
20261005,539206,11,100.0
20261005,539216,356515,70.38
20261005,539217,1230962,60.99
20261005,539219,9200,76.65
20261005,539220,650,100.0
20261005,539221,11554,57.12
20261005,539222,3057501,70.4
20261005,539224,1,100.0
20261005,539226,11829,92.07
20261005,539227,1054,87.76
20261005,539228,53181,100.0
20261005,539251,102,100.0
20261005,539252,11996,99.88
20261005,539254,16914,34.97
20261005,539255,2198,57.45
20261005,539267,2004,59.27
20261005,539268,5850,48.5
20261005,539275,174,77.68
20261005,539276,196,100.0
20261005,539278,6154,92.75
20261005,539287,1405,99.86
20261005,539289,4799,78.43
20261005,539290,6536,65.82
20261005,539300,14544,99.0
20261005,539301,1120,41.27
20261005,539302,1394,54.69
20261005,539309,61461,100.0
20261005,539310,225014,100.0
20261005,539312,99,100.0
20261005,539313,1606,90.63
20261005,539314,2489,86.94
20261005,539331,2672,74.18
20261005,539332,8056,58.13
20261005,539334,2200,86.68
20261005,539336,21801,60.97
20261005,539337,3500,68.97
20261005,539346,12550,88.46
20261005,539353,476,62.88
20261005,539359,11578,78.32
20261005,539383,730,100.0
20261005,539384,1050,100.0
20261005,539391,748,100.0
20261005,539398,505,82.65
20261005,539399,269,92.44
20261005,539400,470,93.07
20261005,539401,750,100.0
20261005,539402,2759,100.0
20261005,539404,25450,76.44
20261005,539405,6,100.0
20261005,539406,1,100.0
20261005,539407,3320,62.69
20261005,539408,44486,100.0
20261005,539409,1,100.0
20261005,539428,12269,63.73
20261005,539435,1515,71.29
20261005,539436,30822,56.4
20261005,539437,232147,50.51
20261005,539448,2869,27.54
20261005,539449,26140,83.54
20261005,539450,6393,60.79
20261005,539455,453,99.56
20261005,539468,1,100.0
20261005,539469,379402,40.12
20261005,539470,384681,53.53
20261005,539479,272349,80.01
20261005,539480,13,86.67
20261005,539486,3143,100.0
20261005,539487,17,13.39
20261005,539492,209,99.05
20261005,539494,4283,83.2
20261005,539495,819,99.88
20261005,539506,202481,78.35
20261005,539515,993,100.0
20261005,539516,3902,91.49
20261005,539517,8637,90.09
20261005,539518,265,56.38
20261005,539519,749902,100.0
20261005,539522,1550,100.0
20261005,539523,750,44.25
20261005,539524,6224,55.25
20261005,539526,502888,78.64
20261005,539527,72,80.9
20261005,539528,33606,71.28
20261005,539533,870943,62.19
20261005,539542,3013,59.53
20261005,539545,17,100.0
20261005,539546,268,5.22
20261005,539551,8636,49.22
20261005,539552,103430,74.33
20261005,539559,282943,89.99
20261005,539561,1112106,100.0
20261005,539562,6223,100.0
20261005,539593,6306,100.0
20261005,539594,877371,69.75
20261005,539596,10386,100.0
20261005,539598,77862,72.66
20261005,539607,286816,61.44
20261005,539620,8468,63.67
20261005,539621,56164,100.0
20261005,539636,6986,53.49
20261005,539658,729,49.83
20261005,539659,1025,94.12
20261005,539660,73779,57.96
20261005,539661,6545,91.98
20261005,539662,12802,99.22
20261005,539669,72367,100.0
20261005,539673,1829,100.0
20261005,539678,4410,69.1
20261005,539679,888028,100.0
20261005,539682,10555,23.48
20261005,539686,12145,42.81
20261005,539692,1467,59.68
20261005,539697,38390,97.41
20261005,539724,14461,100.0
20261005,539725,9179,56.75
20261005,539730,2204,45.16
20261005,539742,7171,100.0
20261005,539760,1345,81.81
20261005,539761,193583,94.54
20261005,539762,18336,87.94
20261005,539767,47323,100.0
20261005,539770,604,100.0
20261005,539773,127362,79.07
20261005,539784,187,88.63
20261005,539785,9806,61.17
20261005,539787,1384,45.62
20261005,539798,7763,74.29
20261005,539799,3300,53.24
20261005,539800,10574,100.0
20261005,539807,420576,45.42
20261005,539814,143,100.0
20261005,539834,371,100.0
20261005,539835,1833,100.0
20261005,539837,6042,52.82
20261005,539841,25724,78.55
20261005,539843,2052,85.0
20261005,539854,4303,99.95
20261005,539861,101,100.0
20261005,539871,51924,93.4
20261005,539872,5626,65.05
20261005,539875,156,100.0
20261005,539876,60075,40.58
20261005,539883,111,90.24
20261005,539884,8179,77.35
20261005,539889,44185,46.62
20261005,539894,12795,85.29
20261005,539895,18883,100.0
20261005,539900,1315,96.69
20261005,539911,59,100.0
20261005,539917,22870,100.0
20261005,539921,5286,64.28
20261005,539922,596,100.0
20261005,539927,1,100.0
20261005,539938,4673,98.23
20261005,539939,6591,84.19
20261005,539945,22175,66.18
20261005,539946,402,100.0
20261005,539947,2593,100.0
20261005,539956,3753,64.2
20261005,539957,9232,76.76
20261005,539963,32977,76.89
20261005,539978,3186,34.4
20261005,539979,90,100.0
20261005,539980,5854,72.4
20261005,539982,96,100.0
20261005,539984,820,100.0
20261005,539985,1000,100.0
20261005,539986,7355,47.51
20261005,539991,3097,100.0
20261005,539992,571595,35.83
20261005,539997,3037,55.75
20261005,540005,3656,45.84
20261005,540006,10634,99.02
20261005,540008,56,49.12
20261005,540023,1022,89.89
20261005,540025,4706,67.38
20261005,540026,125,100.0
20261005,540047,2918,61.86
20261005,540048,808,52.13
20261005,540061,7771,84.19
20261005,540062,1,100.0
20261005,540063,4697,100.0
20261005,540065,91081,39.22
20261005,540066,169,100.0
20261005,540072,80000,100.0
20261005,540073,36426,61.13
20261005,540078,5496,75.43
20261005,540079,97865,69.52
20261005,540080,10564,81.78
20261005,540082,450,100.0
20261005,540083,229,100.0
20261005,540097,6330,93.42
20261005,540115,2144,59.47
20261005,540124,13084,65.56
20261005,540125,13390,100.0
20261005,540132,3575,100.0
20261005,540133,152883,91.12
20261005,540134,14169,100.0
20261005,540135,1176267,49.75
20261005,540136,3384,58.2
20261005,540143,105,100.0
20261005,540144,10000,66.67
20261005,540145,17364,50.33
20261005,540147,38214,57.32
20261005,540150,750,100.0
20261005,540153,3816,61.24
20261005,540159,12761,100.0
20261005,540168,44730,65.62
20261005,540173,254830,96.02
20261005,540174,2559,84.62
20261005,540175,179592,57.79
20261005,540180,68019,45.99
20261005,540181,510,97.14
20261005,540190,1347218,92.69
20261005,540192,2026,94.28
20261005,540198,8605,72.51
20261005,540199,15,93.75
20261005,540203,2165,41.86
20261005,540204,2840,97.19
20261005,540205,4393,37.53
20261005,540210,355,94.67
20261005,540212,3419,76.1
20261005,540222,53362,57.22
20261005,540243,82905,100.0
20261005,540252,54478,80.14
20261005,540254,127210,100.0
20261005,540259,315773,63.15
20261005,540266,23624,74.47
20261005,540267,102,100.0
20261005,540268,6744,96.55
20261005,540269,30000,100.0
20261005,540293,12451,49.87
20261005,540310,14451,100.0
20261005,540311,2273,68.36
20261005,540332,2000,100.0
20261005,540358,11493,53.35
20261005,540359,12921,100.0
20261005,540360,371921,100.0
20261005,540361,112919,86.59
20261005,540366,1043,94.65
20261005,540376,213549,72.9
20261005,540377,1596244,66.13
20261005,540386,13584,100.0
20261005,540393,46416,59.28
20261005,540395,37,68.52
20261005,540396,7929,45.39
20261005,540401,12107,56.82
20261005,540403,555,89.23
20261005,540404,534,49.67
20261005,540405,7651,89.0
20261005,540425,4999,81.38
20261005,540455,123,5.62
20261005,540467,133,100.0
20261005,540481,349,98.31
20261005,540492,123823,63.13
20261005,540497,1779,98.61
20261005,540515,222,100.0
20261005,540519,1187,38.84
20261005,540526,46848,89.93
20261005,540530,44845,42.76
20261005,540544,1397,33.5
20261005,540545,24652,100.0
20261005,540565,31415,80.46
20261005,540570,104559,70.56
20261005,540575,5805,58.18
20261005,540590,92,100.0
20261005,540595,30263,41.01
20261005,540596,5663,78.5
20261005,540597,854,100.0
20261005,540602,2479,96.27
20261005,540611,56171,55.77
20261005,540612,16287,69.97
20261005,540615,39182,100.0
20261005,540642,438448,76.43
20261005,540647,50,100.0
20261005,540648,872,87.03
20261005,540649,10388,54.96
20261005,540650,1635,46.53
20261005,540654,13457,72.11
20261005,540669,4901,82.58
20261005,540673,2460,57.98
20261005,540678,37332,53.54
20261005,540679,3,75.0
20261005,540680,1901,51.17
20261005,540681,2500,100.0
20261005,540686,5972,76.4
20261005,540691,43239,50.84
20261005,540692,2659,59.01
20261005,540693,380503,74.67
20261005,540694,896,100.0
20261005,540696,2870,100.0
20261005,540699,5626,37.07
20261005,540700,1464,81.51
20261005,540701,5710,64.38
20261005,540702,7320,100.0
20261005,540703,11339,100.0
20261005,540704,468,82.69
20261005,540709,66957,100.0
20261005,540710,5527,58.51
20261005,540716,14380,59.14
20261005,540717,21865,71.98
20261005,540718,72500,65.17
20261005,540719,10411,59.96
20261005,540724,451,60.54
20261005,540725,41801,41.35
20261005,540726,11882,85.56
20261005,540727,2890,88.33
20261005,540728,642,50.0
20261005,540729,5250,100.0
20261005,540730,413701,70.73
20261005,540735,1891,90.91
20261005,540737,1876,72.15
20261005,540738,20055,80.75
20261005,540743,6590,52.97
20261005,540749,6716,74.28
20261005,540750,197106,61.96
20261005,540755,15361,48.28
20261005,540757,382,100.0
20261005,540762,3367,39.03
20261005,540767,15779,49.84
20261005,540768,2636,49.8
20261005,540769,129136,58.92
20261005,540774,3251,98.66
20261005,540775,1135,100.0
20261005,540776,16365,29.56
20261005,540777,788918,80.38
20261005,540782,1000,100.0
20261005,540786,480676,61.41
20261005,540787,8768,60.26
20261005,540788,575,100.0
20261005,540789,7961,95.94
20261005,540795,13360,40.35
20261005,540796,17,100.0
20261005,540797,2069,71.49
20261005,540809,65227,92.58
20261005,540811,30000,85.71
20261005,540821,23560,81.57
20261005,540824,168,100.0
20261005,540829,3774,100.0
20261005,540850,25000,86.21
20261005,540874,17638,64.31
20261005,540879,104499,37.92
20261005,540900,24090,36.95
20261005,540901,819,82.15
20261005,540902,1726,35.27
20261005,540914,70919,90.99
20261005,540923,2046,87.59
20261005,540935,1915,56.32
20261005,540936,2252,55.88
20261005,540937,26925,78.71
20261005,540952,237,99.58
20261005,540953,41254,81.15
20261005,540954,16922,77.57
20261005,540955,469,100.0
20261005,540956,73442,51.2
20261005,540961,40,100.0
20261005,540975,25757,42.93
20261005,540980,2,66.67
20261005,541005,21,100.0
20261005,541019,9074,54.68
20261005,541083,2250,75.0
20261005,541096,740,63.36
20261005,541097,839,90.51
20261005,541143,22305,45.24
20261005,541144,3823,85.43
20261005,541152,14290,83.97
20261005,541153,199470,36.99
20261005,541154,21416,49.94
20261005,541161,339107,100.0
20261005,541163,7291,48.62
20261005,541167,558,57.29
20261005,541195,15767,42.28
20261005,541206,349,99.43
20261005,541228,5936,100.0
20261005,541233,132973,49.53
20261005,541269,71,91.03
20261005,541276,161424,46.92
20261005,541301,6635,38.14
20261005,541302,2930,94.12
20261005,541303,24557,46.91
20261005,541304,862,90.07
20261005,541313,2933,72.05
20261005,541336,3191,75.76
20261005,541337,75000,100.0
20261005,541338,141264,97.61
20261005,541347,81628,100.0
20261005,541352,440,98.21
20261005,541353,800,50.0
20261005,541358,6581,100.0
20261005,541400,3586,55.83
20261005,541402,1968,85.86
20261005,541403,4690,55.45
20261005,541418,1299,76.14
20261005,541444,95952,27.46
20261005,541445,8800,73.33
20261005,541450,44129,45.09
20261005,541503,17,100.0
20261005,541540,15763,62.43
20261005,541546,18595,83.87
20261005,541556,56082,44.45
20261005,541557,351,37.9
20261005,541578,2600,42.15
20261005,541601,3273360,42.56
20261005,541627,5,100.0
20261005,541634,2809,69.63
20261005,541702,406097,100.0
20261005,541703,1600,100.0
20261005,541729,11660,56.36
20261005,541735,126973,67.29
20261005,541741,21537,100.0
20261005,541770,3750,39.09
20261005,541771,9979,100.0
20261005,541778,625,100.0
20261005,541809,21771,75.46
20261005,541865,13911,84.7
20261005,541890,52274,100.0
20261005,541929,285,86.63
20261005,541946,76172,70.55
20261005,541956,213797,56.06
20261005,541967,33325,45.49
20261005,541972,66,100.0
20261005,541974,4601,42.85
20261005,541983,2000,66.67
20261005,541988,5137,68.63
20261005,542011,13683,45.92
20261005,542012,772123,100.0
20261005,542013,59,63.44
20261005,542019,10455,85.26
20261005,542020,10479,100.0
20261005,542034,14555,69.64
20261005,542046,27722,65.95
20261005,542057,921,50.16
20261005,542066,36555,48.41
20261005,542131,3485,76.29
20261005,542141,6657,52.69
20261005,542146,6250,100.0
20261005,542155,18000,100.0
20261005,542176,232,96.27
20261005,542206,5315,100.0
20261005,542216,405,45.15
20261005,542230,2581,92.81
20261005,542231,65667,80.27
20261005,542232,1580,97.71
20261005,542233,3489,94.25
20261005,542248,2346,76.94
20261005,542285,27211,75.57
20261005,542323,40114,49.87
20261005,542332,17130,100.0
20261005,542333,947,60.74
20261005,542337,177,98.88
20261005,542351,47,72.31
20261005,542367,883,60.73
20261005,542383,40303,99.2
20261005,542399,986,28.81
20261005,542437,1597,100.0
20261005,542446,205491,97.06
20261005,542459,15298,97.08
20261005,542460,570,57.58
20261005,542484,2681,49.07
20261005,542513,102,100.0
20261005,542524,567,100.0
20261005,542543,200000,80.0
20261005,542579,284633,61.6
20261005,542580,2423,100.0
20261005,542597,4258,49.73
20261005,542602,10705,79.82
20261005,542627,25140,100.0
20261005,542628,1610,88.85
20261005,542649,178234,50.3
20261005,542650,4979,56.68
20261005,542651,66057,43.15
20261005,542652,2917,41.28
20261005,542654,6171,100.0
20261005,542655,187553,64.79
20261005,542665,4983,57.41
20261005,542666,27573,76.56
20261005,542668,8000,100.0
20261005,542669,162126,73.27
20261005,542670,2091,89.82
20261005,542677,405,80.84
20261005,542678,137,100.0
20261005,542679,18,100.0
20261005,542682,3178,99.91
20261005,542684,7206,63.34
20261005,542721,10754,100.0
20261005,542725,2068777,71.89
20261005,542726,3988,56.0
20261005,542727,121750,54.41
20261005,542729,1,100.0
20261005,542730,21851,60.26
20261005,542747,2401,51.35
20261005,542752,8537,59.36
20261005,542758,27074,71.29
20261005,542759,6858,64.23
20261005,542760,39828,45.57
20261005,542770,4055,69.13
20261005,542772,6798,54.72
20261005,542773,8959,82.91
20261005,542774,7063,51.48
20261005,542801,4000,100.0
20261005,542802,29602,78.46
20261005,542803,6576,90.82
20261005,542812,1156,43.15
20261005,542830,67279,44.6
20261005,542851,69969,100.0
20261005,542852,27170,71.05
20261005,542857,206586,97.58
20261005,542862,642,95.39
20261005,542863,278,58.77
20261005,542865,1590,86.74
20261005,542866,157,100.0
20261005,542867,10947,58.28
20261005,542904,169652,35.31
20261005,542905,1366,38.09
20261005,542906,4,100.0
20261005,542907,3259,57.85
20261005,542909,360,96.26
20261005,542910,1500,100.0
20261005,542911,2,100.0
20261005,542918,3795,100.0
20261005,542919,23671,65.08
20261005,542920,7800,57.56
20261005,542921,85186,85.96
20261005,542922,1271,96.58
20261005,542933,141,100.0
20261005,542934,1000,100.0
20261005,542938,50,100.0
20261005,543064,8786,49.13
20261005,543066,22857,46.22
20261005,543071,931,96.48
20261005,543079,3,100.0
20261005,543083,1,100.0
20261005,543092,460,99.14
20261005,543099,105,98.13
20261005,543110,6,100.0
20261005,543144,432,100.0
20261005,543150,6330,100.0
20261005,543153,1,50.0
20261005,543161,38,100.0
20261005,543167,4,80.0
20261005,543171,21900,94.4
20261005,543172,2250,100.0
20261005,543173,213,98.16
20261005,543174,5846,91.89
20261005,543175,944,100.0
20261005,543176,127,96.95
20261005,543177,37532,66.78
20261005,543178,55,100.0
20261005,543181,11,64.71
20261005,543182,104,72.22
20261005,543184,13,100.0
20261005,543186,402,100.0
20261005,543187,1216,46.9
20261005,543193,1471,75.63
20261005,543207,87056,82.52
20261005,543208,14004,83.36
20261005,543209,51000,100.0
20261005,543210,250,100.0
20261005,543211,259,83.82
20261005,543212,11127,56.46
20261005,543213,4868,63.41
20261005,543214,631,65.32
20261005,543216,146,98.65
20261005,543217,5929,87.29
20261005,543218,251,99.6
20261005,543219,10274,68.92
20261005,543220,966474,90.7
20261005,543221,35195,66.72
20261005,543223,7819,93.42
20261005,543224,2720,95.54
20261005,543225,50000,100.0
20261005,543226,8599,98.48
20261005,543227,32396,68.48
20261005,543228,13396,75.04
20261005,543229,2,100.0
20261005,543230,1982,65.26
20261005,543231,15,100.0
20261005,543232,26642,44.0
20261005,543233,2454,71.78
20261005,543234,1,100.0
20261005,543235,65712,39.84
20261005,543236,130,100.0
20261005,543237,26930,45.84
20261005,543238,3333,70.05
20261005,543240,2031,64.19
20261005,543241,1829,100.0
20261005,543242,17017,73.67
20261005,543243,36784,62.88
20261005,543244,4000,100.0
20261005,543245,6078,40.34
20261005,543246,13262,96.9
20261005,543248,78989,45.57
20261005,543249,1259,48.93
20261005,543250,750,66.37
20261005,543251,293,82.07
20261005,543252,6811,48.03
20261005,543253,8441,36.53
20261005,543254,2094,57.12
20261005,543255,376,84.3
20261005,543256,6584,90.35
20261005,543257,385247,52.83
20261005,543258,8425,85.58
20261005,543259,10624,60.06
20261005,543260,1706,53.26
20261005,543261,14297,70.96
20261005,543262,10000,90.91
20261005,543263,1001045,33.23
20261005,543264,371,100.0
20261005,543265,26823,48.16
20261005,543266,1956,56.68
20261005,543267,848028,69.5
20261005,543268,13521,94.86
20261005,543270,7252,100.0
20261005,543271,5138,53.86
20261005,543272,319479,68.7
20261005,543273,3514,44.87
20261005,543275,2644,84.61
20261005,543276,414,33.2
20261005,543277,27233,57.33
20261005,543278,3714641,77.36
20261005,543279,8839,39.38
20261005,543280,26876,34.35
20261005,543281,5874,86.52
20261005,543283,2937,100.0
20261005,543284,3945,100.0
20261005,543287,21521,48.94
20261005,543288,4891,52.25
20261005,543290,117599,80.45
20261005,543291,70180,73.65
20261005,543292,6005,76.39
20261005,543298,10867,70.91
20261005,543299,11725,48.2
20261005,543300,263479,73.53
20261005,543306,64,66.67
20261005,543308,10327,35.0
20261005,543311,6663,57.9
20261005,543317,998,70.58
20261005,543318,4032,39.49
20261005,543319,2640000,94.29
20261005,543320,820656,74.33
20261005,543321,1427,41.23
20261005,543322,1411,49.15
20261005,543323,5864,62.34
20261005,543324,1061,13.93
20261005,543325,95061,52.23
20261005,543326,34390,65.39
20261005,543327,15689,69.37
20261005,543328,763,55.53
20261005,543329,4559,61.06
20261005,543330,16218,34.36
20261005,543331,53765,46.91
20261005,543332,2817,66.3
20261005,543333,6059,45.46
20261005,543334,17617,67.37
20261005,543335,34494,49.85
20261005,543336,21006,33.73
20261005,543341,13707,80.28
20261005,543346,4000,57.14
20261005,543348,85,41.06
20261005,543349,4234,29.53
20261005,543350,3642,46.73
20261005,543358,5156,44.26
20261005,543363,10600,100.0
20261005,543364,4817,10.89
20261005,543365,67879,68.63
20261005,543366,13200,100.0
20261005,543367,15165,49.62
20261005,543373,4993,100.0
20261005,543374,18642,66.8
20261005,543375,2500,100.0
20261005,543376,48,92.31
20261005,543377,30000,100.0
20261005,543378,35000,98.59
20261005,543383,430,23.8
20261005,543384,2358235,82.77
20261005,543386,5928,56.59
20261005,543387,8625,61.05
20261005,543388,169,94.94
20261005,543389,38461,51.49
20261005,543390,385326,34.71
20261005,543396,50208,39.91
20261005,543397,2543,52.12
20261005,543398,13522,52.95
20261005,543399,6911,51.25
20261005,543400,12000,100.0
20261005,543401,2381,66.01
20261005,543411,30094,63.0
20261005,543412,7562,46.82
20261005,543413,10484,35.78
20261005,543414,55763,83.71
20261005,543415,7708,56.59
20261005,543416,791,83.88
20261005,543417,8767,51.23
20261005,543418,43,100.0
20261005,543419,14425,53.91
20261005,543420,5973,59.14
20261005,543425,4899,52.92
20261005,543426,3245,69.98
20261005,543427,4738,81.68
20261005,543428,6124,34.89
20261005,543433,7508,85.63
20261005,543434,10558,45.11
20261005,543435,8300,100.0
20261005,543437,54642,71.09
20261005,543438,6606,90.11
20261005,543440,618,98.41
20261005,543441,25278,59.97
20261005,543442,556,94.72
20261005,543449,11634,64.74
20261005,543450,45839,59.38
20261005,543451,118,100.0
20261005,543452,61052,39.81
20261005,543453,23625,70.0
20261005,543454,3902,94.99
20261005,543458,56639,57.2
20261005,543462,566,58.59
20261005,543463,551537,97.9
20261005,543464,14000,82.35
20261005,543465,4200,76.25
20261005,543470,156,74.29
20261005,543471,45758,60.81
20261005,543472,2320,89.33
20261005,543473,25906,87.46
20261005,543474,55723,80.69
20261005,543475,800,100.0
20261005,543481,245184,69.3
20261005,543482,5448,59.51
20261005,543489,16006,74.56
20261005,543490,31690,59.26
20261005,543497,9200,82.14
20261005,543498,269474,59.83
20261005,543499,137741,74.92
20261005,543501,31,100.0
20261005,543512,73242,92.64
20261005,543513,3061,100.0
20261005,543514,14117,64.22
20261005,543515,4500,75.0
20261005,543516,400400,100.0
20261005,543517,2642,53.93
20261005,543519,36000,100.0
20261005,543520,383000,100.0
20261005,543521,20000,100.0
20261005,543522,750,100.0
20261005,543523,3812,61.8
20261005,543524,1933,51.8
20261005,543525,7930,51.3
20261005,543526,1154391,82.59
20261005,543527,426,50.77
20261005,543528,2596,45.34
20261005,543529,124612,71.98
20261005,543530,71872,40.83
20261005,543531,22687,97.84
20261005,543532,2041,80.74
20261005,543533,14511,48.22
20261005,543534,11414,58.78
20261005,543535,527,91.33
20261005,543538,4000,50.0
20261005,543539,245,73.8
20261005,543542,1000,5.32
20261005,543544,50250,100.0
20261005,543545,133600,80.0
20261005,543546,48000,88.89
20261005,543547,3832,68.97
20261005,543563,6688,77.09
20261005,543568,25047,66.6
20261005,543569,1342,82.23
20261005,543570,3958,95.74
20261005,543571,4568,73.48
20261005,543572,51683,85.75
20261005,543573,47461,52.37
20261005,543574,3114,80.72
20261005,543575,5042,57.46
20261005,543576,4857,74.84
20261005,543577,1228,68.68
20261005,543578,8325,69.23
20261005,543590,9865,100.0
20261005,543591,3153,75.58
20261005,543592,96419,69.4
20261005,543593,26942,85.51
20261005,543594,18000,100.0
20261005,543595,2500,71.43
20261005,543596,11635,42.73
20261005,543597,46197,36.51
20261005,543599,3508,72.61
20261005,543600,5791,60.34
20261005,543605,204,97.61
20261005,543606,6000,100.0
20261005,543607,40,100.0
20261005,543608,663,99.85
20261005,543614,106,68.83
20261005,543615,4000,62.5
20261005,543616,35400,79.73
20261005,543618,27000,97.3
20261005,543619,1600,68.09
20261005,543620,32591,65.79
20261005,543622,2400,100.0
20261005,543623,9000,100.0
20261005,543626,235795,40.88
20261005,543627,212,60.74
20261005,543628,4235,75.68
20261005,543635,59233,48.6
20261005,543636,4456,62.03
20261005,543637,2400,100.0
20261005,543638,12658,69.11
20261005,543643,57719,67.58
20261005,543644,9266,58.18
20261005,543645,90,100.0
20261005,543650,14102,62.61
20261005,543651,4000,100.0
20261005,543652,8364,39.9
20261005,543653,14744,52.91
20261005,543654,7262,60.68
20261005,543656,4000,50.0
20261005,543657,485212,97.62
20261005,543663,34439,35.75
20261005,543664,11126,23.06
20261005,543665,17096,92.79
20261005,543666,32505,77.88
20261005,543667,1543534,95.9
20261005,543668,343,62.71
20261005,543669,3143,60.95
20261005,543670,32917,90.21
20261005,543671,3475,76.68
20261005,543677,4021,74.46
20261005,543678,4000,100.0
20261005,543686,2051,63.56
20261005,543687,310,42.35
20261005,543688,150767,76.36
20261005,543689,4213,71.24
20261005,543699,246,100.0
20261005,543709,2625,53.85
20261005,543710,529,11.3
20261005,543711,7526,50.5
20261005,543712,1170,100.0
20261005,543713,17000,65.38
20261005,543714,6542,60.96
20261005,543720,25675,45.22
20261005,543725,12022,74.19
20261005,543732,2978,75.45
20261005,543737,1150,97.05
20261005,543738,217,70.68
20261005,543743,169,96.57
20261005,543745,30000,71.43
20261005,543746,31800,58.89
20261005,543747,57096,76.1
20261005,543748,21776,46.64
20261005,543766,113,100.0
20261005,543767,1738,55.44
20261005,543768,145424,62.24
20261005,543769,4000,100.0
20261005,543774,2208,73.06
20261005,543775,20018,54.99
20261005,543776,27296,61.09
20261005,543781,15477,69.58
20261005,543782,27360,95.6
20261005,543787,2970,62.07
20261005,543798,8000,100.0
20261005,543799,500,100.0
20261005,543805,7500,76.92
20261005,543806,10000,60.98
20261005,543811,7663,91.51
20261005,543812,2655,60.44
20261005,543813,1001,100.0
20261005,543819,1869,37.29
20261005,543828,92000,67.65
20261005,543829,3723,86.74
20261005,543831,59625,95.21
20261005,543848,64000,100.0
20261005,543853,808,100.0
20261005,543858,58,100.0
20261005,543860,341,100.0
20261005,543861,7039,84.62
20261005,543874,2000,66.67
20261005,543875,34,85.0
20261005,543895,4500,46.15
20261005,543896,9626,56.36
20261005,543898,456,69.09
20261005,543899,2250,86.31
20261005,543900,4469,60.56
20261005,543902,20000,50.0
20261005,543903,10159,84.41
20261005,543904,59172,87.03
20261005,543910,1541,98.78
20261005,543911,28675,48.78
20261005,543912,1435,71.57
20261005,543913,3742,52.25
20261005,543914,23868,100.0
20261005,543915,2278,99.35
20261005,543916,11600,100.0
20261005,543917,4147,63.58
20261005,543918,7920,55.58
20261005,543919,13524,89.73
20261005,543920,20986,59.61
20261005,543921,2000,100.0
20261005,543922,3762,87.67
20261005,543923,6632,70.83
20261005,543924,20000,76.92
20261005,543926,49200,83.67
20261005,543927,83,83.84
20261005,543928,9300,88.57
20261005,543929,35160,54.57
20261005,543930,10,100.0
20261005,543931,7200,66.67
20261005,543932,13099,63.42
20261005,543933,31362,53.75
20261005,543934,246,100.0
20261005,543935,5098,47.11
20261005,543936,23712,55.12
20261005,543939,2000,80.0
20261005,543940,1223208,75.97
20261005,543941,1200,100.0
20261005,543942,432338,81.91
20261005,543943,10000,83.33
20261005,543944,2051,88.06
20261005,543945,35544,40.66
20261005,543946,10927,83.55
20261005,543947,305,99.67
20261005,543948,1999,75.21
20261005,543949,814,99.88
20261005,543950,10217,37.72
20261005,543952,4487,43.98
20261005,543953,2750,14.29
20261005,543954,8477,82.86
20261005,543955,5485,68.93
20261005,543956,10087,52.92
20261005,543957,7011,52.58
20261005,543958,13253,86.57
20261005,543959,56768,54.27
20261005,543960,6875,66.09
20261005,543962,28886,51.4
20261005,543963,72000,66.67
20261005,543965,9200,45.01
20261005,543969,3014,81.2
20261005,543971,41000,60.65
20261005,543972,79076,49.27
20261005,543974,19254,79.41
20261005,543975,1543,98.72
20261005,543976,20843,64.22
20261005,543977,6351,63.79
20261005,543978,78734,42.25
20261005,543980,70243,91.41
20261005,543981,11615,49.61
20261005,543982,54400,94.77
20261005,543983,2609,44.78
20261005,543984,13537,61.95
20261005,543985,34008,63.58
20261005,543986,17991,40.16
20261005,543988,94778,37.99
20261005,543989,24671,52.11
20261005,543990,2817,17.0
20261005,543991,2000,83.33
20261005,543992,27462,59.97
20261005,543993,368,68.4
20261005,543994,242168,73.54
20261005,543995,28726,61.05
20261005,543996,11635,78.34
20261005,543997,10800,20.69
20261005,543998,6155,100.0
20261005,543999,2402,68.2
20261005,544000,6000,100.0
20261005,544001,7625,100.0
20261005,544003,6114,79.16
20261005,544004,4601,70.8
20261005,544006,49483,25.39
20261005,544007,103996,89.93
20261005,544008,2637,56.38
20261005,544009,8989,53.48
20261005,544010,2,100.0
20261005,544012,9364,30.38
20261005,544013,3000,100.0
20261005,544014,20292,63.16
20261005,544015,9500,100.0
20261005,544020,45583,100.0
20261005,544021,14238,58.24
20261005,544022,4121,52.26
20261005,544023,9500,100.0
20261005,544026,136533,57.37
20261005,544027,25265,65.75
20261005,544028,13203,46.11
20261005,544029,49869,69.66
20261005,544030,2044,18.72
20261005,544037,29000,66.97
20261005,544042,2371,63.38
20261005,544043,83,69.75
20261005,544044,2018,78.22
20261005,544045,1937,66.0
20261005,544046,10691,52.56
20261005,544047,13500,81.82
20261005,544052,6000,100.0
20261005,544053,372661,36.93
20261005,544054,6940,68.79
20261005,544055,10488,68.32
20261005,544057,7810,75.95
20261005,544058,2488,90.97
20261005,544059,10000,83.33
20261005,544060,6835,100.0
20261005,544061,26195,38.53
20261005,544066,104,85.95
20261005,544067,8102,53.12
20261005,544072,800,33.33
20261005,544074,5400,100.0
20261005,544079,5937,90.7
20261005,544081,41083,63.71
20261005,544082,10000,83.33
20261005,544083,500,100.0
20261005,544088,11450,78.19
20261005,544089,916791,78.72
20261005,544090,28,96.55
20261005,544091,7600,100.0
20261005,544092,78,69.64
20261005,544093,2161,89.45
20261005,544094,1200,100.0
20261005,544095,8133,63.29
20261005,544100,9264,79.49
20261005,544102,43,95.56
20261005,544103,87,100.0
20261005,544104,0,0.0
20261005,544105,4500,100.0
20261005,544106,2400,100.0
20261005,544107,8122,57.48
20261005,544108,4800,88.89
20261005,544109,1868,65.02
20261005,544110,2175,67.61
20261005,544111,10917,63.25
20261005,544112,185,79.4
20261005,544117,2338,82.15
20261005,544118,4895,37.16
20261005,544119,17675,57.48
20261005,544120,828,66.4
20261005,544121,1000,100.0
20261005,544122,1884,40.03
20261005,544123,1589,94.75
20261005,544124,2641,97.45
20261005,544129,1240,70.41
20261005,544130,39442,51.85
20261005,544131,2056,50.16
20261005,544132,253535,45.04
20261005,544133,14975,50.09
20261005,544134,2000,56.04
20261005,544135,30653,100.0
20261005,544136,1435,87.82
20261005,544137,9018,82.8
20261005,544138,5401,46.89
20261005,544139,12000,100.0
20261005,544140,1521,17.84
20261005,544141,16000,66.67
20261005,544142,32691,83.65
20261005,544144,2807,91.4
20261005,544149,2129,84.72
20261005,544150,26250,64.02
20261005,544151,15000,100.0
20261005,544156,52500,100.0
20261005,544157,500,100.0
20261005,544158,2970,61.64
20261005,544159,120904,95.87
20261005,544160,54400,100.0
20261005,544161,15113,38.83
20261005,544162,1799,44.15
20261005,544163,1000,100.0
20261005,544164,8000,100.0
20261005,544165,43500,85.29
20261005,544166,22800,100.0
20261005,544167,2244,67.05
20261005,544169,10000,55.56
20261005,544170,6000,100.0
20261005,544171,4000,100.0
20261005,544172,16535,52.36
20261005,544173,2000,100.0
20261005,544174,1642,60.32
20261005,544175,1200,100.0
20261005,544176,18937,76.04
20261005,544177,13000,86.67
20261005,544179,113794,91.41
20261005,544180,793,43.67
20261005,544181,6275,50.96
20261005,544182,367,97.09
20261005,544184,936,66.86
20261005,544185,673,75.96
20261005,544186,39613,79.09
20261005,544187,65643,100.0
20261005,544188,8000,66.67
20261005,544189,8000,69.57
20261005,544190,2000,100.0
20261005,544191,38961,70.97
20261005,544192,29933,57.4
20261005,544193,53829,92.2
20261005,544194,36695,72.52
20261005,544196,555,100.0
20261005,544197,5988,100.0
20261005,544198,8163,54.94
20261005,544199,11200,63.64
20261005,544200,24851,90.55
20261005,544201,76000,100.0
20261005,544202,4140,69.15
20261005,544203,11240,39.45
20261005,544204,7397,85.32
20261005,544205,1560,100.0
20261005,544206,74173,75.9
20261005,544207,151,59.68
20261005,544209,897,59.76
20261005,544210,1169,51.03
20261005,544211,1,100.0
20261005,544212,28643,69.39
20261005,544213,37200,65.26
20261005,544214,4000,100.0
20261005,544215,1217,92.48
20261005,544216,25952,69.59
20261005,544217,3843,52.39
20261005,544218,8842,69.06
20261005,544219,12000,90.91
20261005,544221,9000,100.0
20261005,544222,5509,54.31
20261005,544223,7072,63.42
20261005,544224,50760,87.58
20261005,544225,1681350,48.5
20261005,544226,57610,40.64
20261005,544227,5463,66.03
20261005,544229,466453,87.48
20261005,544230,6311,37.41
20261005,544231,6000,100.0
20261005,544232,570,43.95
20261005,544233,30,75.0
20261005,544234,3,100.0
20261005,544235,8141,63.61
20261005,544236,1200,100.0
20261005,544238,11516,38.52
20261005,544239,2154,79.16
20261005,544240,3738,39.34
20261005,544241,9863,50.39
20261005,544242,3000,33.33
20261005,544243,24204,55.45
20261005,544244,4417,64.88
20261005,544246,306,81.6
20261005,544247,31678,96.9
20261005,544248,7800,81.25
20261005,544249,6975,99.86
20261005,544250,419,85.34
20261005,544251,3200,100.0
20261005,544252,304426,58.11
20261005,544253,19575,51.04
20261005,544254,2242,84.44
20261005,544256,8580,54.07
20261005,544258,10678,66.03
20261005,544259,3000,100.0
20261005,544260,20298,85.72
20261005,544261,7018,54.29
20261005,544262,3590,34.88
20261005,544263,6507,57.85
20261005,544264,16773,63.57
20261005,544265,1200,100.0
20261005,544266,421,82.07
20261005,544267,6400,57.14
20261005,544268,87766,51.14
20261005,544269,18000,100.0
20261005,544270,1200,100.0
20261005,544271,16274,60.45
20261005,544272,2400,100.0
20261005,544273,12137,78.59
20261005,544274,11227,51.91
20261005,544275,3616,99.97
20261005,544276,18607,96.3
20261005,544277,25589,48.59
20261005,544278,10404,100.0
20261005,544279,6361,76.19
20261005,544280,32661,63.09
20261005,544281,775,100.0
20261005,544282,302779,42.34
20261005,544283,15145,38.05
20261005,544284,1578,91.74
20261005,544285,3715737,88.29
20261005,544286,53486,38.9
20261005,544288,14490,59.4
20261005,544289,105768,57.58
20261005,544290,41641,55.14
20261005,544291,16300,56.79
20261005,544292,4462,58.12
20261005,544293,6379,74.53
20261005,544294,17852,62.83
20261005,544296,31600,65.83
20261005,544301,1795,77.71
20261005,544302,340,3.35
20261005,544303,1800,100.0
20261005,544305,64113,74.31
20261005,544306,8268,39.52
20261005,544307,266956,55.36
20261005,544308,65981,52.32
20261005,544309,2446,47.07
20261005,544310,80500,61.22
20261005,544311,20983,55.78
20261005,544312,4000,100.0
20261005,544314,6392,67.85
20261005,544315,5084,63.57
20261005,544316,8016,52.19
20261005,544317,20611,48.11
20261005,544318,2655,54.31
20261005,544319,3396,38.08
20261005,544320,3717,62.37
20261005,544321,1787,86.08
20261005,544322,9897,45.18
20261005,544323,25642,84.83
20261005,544324,4000,50.0
20261005,544325,72786,63.63
20261005,544326,45984,80.08
20261005,544327,6000,100.0
20261005,544328,5045,72.92
20261005,544329,6000,60.0
20261005,544330,27000,100.0
20261005,544331,16000,80.0
20261005,544332,2800,87.5
20261005,544333,70206,61.57
20261005,544334,13500,100.0
20261005,544335,7000,100.0
20261005,544336,8973,52.36
20261005,544337,6000,100.0
20261005,544338,12733,79.92
20261005,544339,2876,73.46
20261005,544340,38400,100.0
20261005,544341,54400,94.44
20261005,544342,30417,100.0
20261005,544343,7200,78.26
20261005,544344,43227,95.8
20261005,544345,2997,76.18
20261005,544346,10,90.91
20261005,544347,2400,100.0
20261005,544348,6000,62.5
20261005,544349,6400,100.0
20261005,544350,7038,58.9
20261005,544351,8000,100.0
20261005,544352,7,100.0
20261005,544353,6000,62.5
20261005,544354,7500,75.76
20261005,544355,321,79.65
20261005,544356,2349,51.25
20261005,544361,2824,80.09
20261005,544362,4091,41.76
20261005,544363,47,94.0
20261005,544364,2070,99.47
20261005,544365,18000,90.0
20261005,544367,18594,61.27
20261005,544368,2400,66.67
20261005,544369,1600,100.0
20261005,544370,600,100.0
20261005,544371,3666,100.0
20261005,544372,6000,100.0
20261005,544373,8000,100.0
20261005,544375,944,54.16
20261005,544376,3111,99.94
20261005,544377,2221,82.53
20261005,544379,1678,55.9
20261005,544380,185,57.28
20261005,544381,2400,100.0
20261005,544382,3983,93.63
20261005,544383,55200,100.0
20261005,544384,145265,63.13
20261005,544385,4867,86.97
20261005,544386,304,100.0
20261005,544387,11000,61.11
20261005,544389,1174,46.15
20261005,544390,13585,49.36
20261005,544393,3200,100.0
20261005,544394,9471,95.89
20261005,544395,767269,49.08
20261005,544396,1457,45.57
20261005,544397,57966,37.23
20261005,544398,42000,100.0
20261005,544399,26400,88.0
20261005,544400,54000,96.43
20261005,544401,83,56.46
20261005,544402,14956,50.52
20261005,544403,23234,48.83
20261005,544404,1522,77.26
20261005,544405,130854,52.36
20261005,544406,36400,63.64
20261005,544407,49038,59.26
20261005,544408,5435,52.01
20261005,544409,1000,100.0
20261005,544410,50219,71.8
20261005,544411,13857,57.42
20261005,544412,9000,42.86
20261005,544413,12859,60.59
20261005,544414,14293,48.59
20261005,544415,1332,48.12
20261005,544416,1029,93.04
20261005,544418,7444,48.7
20261005,544419,22177,54.14
20261005,544420,45571,49.11
20261005,544421,24423,47.32
20261005,544422,2400,100.0
20261005,544423,231,63.11
20261005,544424,1649,99.16
20261005,544425,6000,100.0
20261005,544426,19200,88.89
20261005,544427,1284,99.38
20261005,544428,1200,100.0
20261005,544429,4743,47.57
20261005,544430,181695,50.97
20261005,544431,3000,100.0
20261005,544432,789,58.27
20261005,544433,2400,100.0
20261005,544434,103200,100.0
20261005,544435,15200,90.48
20261005,544437,1200,100.0
20261005,544438,2565,51.97
20261005,544439,2973,53.26
20261005,544440,13500,100.0
20261005,544441,4000,83.33
20261005,544442,7800,92.86
20261005,544443,831,55.96
20261005,544444,15600,100.0
20261005,544445,2000,100.0
20261005,544446,4898,65.74
20261005,544447,780,59.91
20261005,544448,19485,57.03
20261005,544449,12778,57.71
20261005,544450,1700,100.0
20261005,544451,38400,87.27
20261005,544452,4000,100.0
20261005,544453,4200,100.0
20261005,544454,426,93.22
20261005,544455,14948,45.17
20261005,544456,42733,100.0
20261005,544457,4152,88.6
20261005,544458,54500,63.37
20261005,544459,95360,43.12
20261005,544460,140800,66.17
20261005,544461,71,100.0
20261005,544463,70800,74.68
20261005,544464,10000,100.0
20261005,544465,7213,74.79
20261005,544466,8990,65.27
20261005,544467,183910,61.9
20261005,544469,44981,100.0
20261005,544470,1857,60.25
20261005,544471,10000,83.33
20261005,544473,73158,98.02
20261005,544475,10000,100.0
20261005,544476,38588,50.24
20261005,544477,10996,60.82
20261005,544478,562,79.04
20261005,544479,1888,63.53
20261005,544480,527266,94.33
20261005,544481,7080,63.62
20261005,544482,7000,100.0
20261005,544483,8400,70.0
20261005,544484,13646,43.96
20261005,544485,6188,73.86
20261005,544486,51859,90.38
20261005,544487,3759,76.67
20261005,544488,53977,47.53
20261005,544489,4800,100.0
20261005,544490,7637,42.27
20261005,544491,2889,70.88
20261005,544492,4486,88.2
20261005,544493,193,68.68
20261005,544494,12800,100.0
20261005,544495,21600,69.23
20261005,544496,48519,54.13
20261005,544497,62743,100.0
20261005,544498,1600,100.0
20261005,544499,137,87.82
20261005,544500,4000,66.67
20261005,544501,18000,100.0
20261005,544502,19912,100.0
20261005,544504,4800,85.71
20261005,544506,12600,80.77
20261005,544507,125211,53.43
20261005,544510,20800,72.22
20261005,544511,2400,100.0
20261005,544512,8767,74.42
20261005,544513,29378,88.41
20261005,544515,44697,40.76
20261005,544516,136500,67.24
20261005,544517,1512,56.44
20261005,544518,111200,100.0
20261005,544519,7720,72.56
20261005,544520,16800,100.0
20261005,544521,10430,69.27
20261005,544522,120,96.0
20261005,544523,5257,50.91
20261005,544524,25600,82.05
20261005,544525,11812,44.62
20261005,544526,12314,91.48
20261005,544527,17411,54.25
20261005,544528,5271,64.2
20261005,544529,22800,100.0
20261005,544530,7674,54.51
20261005,544531,13200,59.46
20261005,544532,10499,58.54
20261005,544533,1320,60.97
20261005,544534,2105,60.63
20261005,544535,4000,100.0
20261005,544536,64,100.0
20261005,544537,17434,42.63
20261005,544538,44000,100.0
20261005,544539,4800,100.0
20261005,544540,43628,62.13
20261005,544541,30600,78.46
20261005,544542,24000,75.0
20261005,544543,4567,73.47
20261005,544544,9600,100.0
20261005,544545,3708,63.34
20261005,544546,7200,85.71
20261005,544547,122,99.19
20261005,544548,52800,76.74
20261005,544550,41977,50.41
20261005,544551,4000,50.0
20261005,544553,2400,33.33
20261005,544554,14000,100.0
20261005,544555,9600,100.0
20261005,544557,4737,74.67
20261005,544558,1456,69.66
20261005,544559,12800,66.67
20261005,544560,2000,100.0
20261005,544561,12000,100.0
20261005,544562,6616,72.24
20261005,544563,8500,100.0
20261005,544564,2666,88.16
20261005,544565,126000,100.0
20261005,544566,6000,80.0
20261005,544567,2400,100.0
20261005,544568,1200,100.0
20261005,544569,186551,42.69
20261005,544570,1293,73.59
20261005,544571,1000,50.0
20261005,544572,417,57.2
20261005,544574,38998,54.79
20261005,544575,6000,100.0
20261005,544576,270883,74.54
20261005,544578,8388,53.06
20261005,544579,200,100.0
20261005,544580,11817,65.97
20261005,544581,20396,93.59
20261005,544582,32400,100.0
20261005,544583,12445,46.95
20261005,544584,6000,100.0
20261005,544586,105843,67.08
20261005,544587,921,44.8
20261005,544594,10800,75.0
20261005,544595,1438,55.71
20261005,544596,4800,80.0
20261005,544597,2914,51.09
20261005,544598,10265,98.26
20261005,544599,150535,99.53
20261005,544600,330267,76.7
20261005,544601,1860,99.62
20261005,544602,134719,57.81
20261005,544603,1201281,65.75
20261005,544604,78495,89.4
20261005,544605,34816,68.07
20261005,544606,159594,29.99
20261005,544607,10800,100.0
20261005,544608,201936,54.52
20261005,544609,368615,32.13
20261005,544610,26400,67.69
20261005,544611,8400,70.0
20261005,544612,17205,64.31
20261005,544613,12896,59.8
20261005,544614,6456,51.61
20261005,544615,623,100.0
20261005,544616,5000,83.33
20261005,544617,29369,53.49
20261005,544618,4,100.0
20261005,544619,6189,54.63
20261005,544621,1000,50.0
20261005,544622,299664,48.05
20261005,544623,32400,61.36
20261005,544624,3000,50.0
20261005,544625,600,100.0
20261005,544626,14000,100.0
20261005,544627,3000,100.0
20261005,544628,8000,66.67
20261005,544629,1000,50.0
20261005,544630,2400,66.67
20261005,544631,577,63.2
20261005,544632,363266,50.21
20261005,544633,30939,41.2
20261005,544634,98283,36.08
20261005,544635,33600,91.3
20261005,544637,8400,22.95
20261005,544638,762,58.57
20261005,544639,94,55.95
20261005,544640,3600,75.0
20261005,544641,7200,66.67
20261005,544642,6595,43.72
20261005,544644,996,58.97
20261005,544645,16542,48.73
20261005,544646,20000,100.0
20261005,544647,1973,44.42
20261005,544654,6202,92.53
20261005,544655,4182,99.98
20261005,544656,400,100.0
20261005,544657,7200,85.71
20261005,544658,4375,54.47
20261005,544659,0,0.0
20261005,544660,1098,100.0
20261005,544661,766,57.85
20261005,544662,10,83.33
20261005,544664,11097,53.28
20261005,544665,161600,99.02
20261005,544666,104022,43.38
20261005,544667,9600,100.0
20261005,544668,16800,96.55
20261005,544669,16200,100.0
20261005,544670,17400,100.0
20261005,544671,3000,75.0
20261005,544672,69,66.99
20261005,544673,4800,60.0
20261005,544674,373,100.0
20261005,544675,43200,100.0
20261005,544676,12800,69.57
20261005,544678,213328,39.44
20261005,544679,322657,96.56
20261005,544680,240,100.0
20261005,544681,27000,67.5
20261005,544682,49200,100.0
20261005,544683,6000,66.67
20261005,544684,45600,100.0
20261005,544685,87560,37.24
20261005,544687,14000,100.0
20261005,544688,78000,88.64
20261005,544693,3200,66.67
20261005,544695,62000,100.0
20261005,544699,21373,41.06
20261005,544700,7866,42.8
20261005,544701,6587,63.78
20261005,544702,4450,72.94
20261005,544703,4800,100.0
20261005,544704,864,100.0
20261005,544705,4815,60.85
20261005,544707,10800,100.0
20261005,544708,4800,80.0
20261005,544709,52422,68.26
20261005,544710,48000,50.0
20261005,544711,17000,62.96
20261005,544716,592,89.02
20261005,544717,5486,51.86
20261005,544718,11410,48.84
20261005,544720,41140,43.46
20261005,544721,52119,86.28
20261005,544722,1227,87.27
20261005,544723,5563,35.12
20261005,544724,18000,100.0
20261005,544725,2084,88.87
20261005,544726,15447,85.03
20261005,544731,7070,48.68
20261005,544732,1446,92.1
20261005,544733,3208,37.71
20261005,544734,1128,87.37
20261005,544735,113000,43.3
20261005,544736,2,100.0
20261005,544737,915,94.92
20261005,544739,39718,44.53
20261005,544740,201600,100.0
20261005,544741,1200,100.0
20261005,544742,10754,74.83
20261005,544743,100140,65.28
20261005,544744,9495,66.45
20261005,544745,921,100.0
20261005,544746,160000,64.94
20261005,544748,183691,44.95
20261005,544750,5999,63.31
20261005,544751,9600,61.54
20261005,544753,2484,95.36
20261005,544754,44615,37.06
20261005,544755,14400,100.0
20261005,544756,16339,46.06
20261005,544757,147,93.04
20261005,544758,24866,84.82
20261005,544760,897,100.0
20261005,544761,13,100.0
20261005,544762,299,100.0
20261005,544763,4449,100.0
20261005,544764,30041,71.32
20261005,544765,28800,100.0
20261005,544766,8601,83.83
20261005,544767,21000,100.0
20261005,544768,2000,100.0
20261005,544769,122400,72.86
20261005,544771,2000,100.0
20261005,544772,20000,83.33
20261005,544773,37000,63.79
20261005,544774,2000,100.0
20261005,544777,24299,74.05
20261005,544779,7200,81.82
20261005,544780,788733,67.29
20261005,544781,880674,46.2
20261005,544782,1502489,53.73
20261005,544783,138940,100.0
20261005,544784,1339256,59.76
20261005,544785,22825,100.0
20261005,544786,9475,83.03
20261005,544793,104000,100.0
20261005,544794,26400,88.0
20261005,544795,7972,83.07
20261005,544797,120000,90.91
20261005,544798,1200,100.0
20261005,544799,1199657,80.72
20261005,544801,314024,100.0
20261005,544802,62584,52.6
20261005,544803,127211,54.62
20261005,544804,2400,100.0
20261005,544805,6000,90.91
20261005,544806,5255,62.5
20261005,544807,6000,100.0
20261005,544808,108257,68.92
20261005,544809,20000,58.82
20261005,544810,48000,88.24
20261005,544811,3000,50.0
20261005,544812,48000,100.0
20261005,544814,103999,48.4
20261005,544821,3082,38.81
20261005,544822,17721,53.36
20261005,544823,51600,100.0
20261005,544825,15421,69.33
20261005,544826,58000,55.77
20261005,544827,9307,82.54
20261005,544829,99521,68.51
20261005,544830,30180,70.63
20261005,544831,5933,84.58
20261005,544832,15600,89.66
20261005,544833,8974,66.48
20261005,544834,12000,66.67
20261005,544835,66000,97.06
20261005,544837,199004,77.96
20261005,544838,23481,33.6
20261005,544839,11908,57.77
20261005,544840,30000,96.77
20261005,544841,1832,100.0
20261005,544842,124,96.12
20261005,544843,26400,84.62
20261005,544844,86000,60.39
20261005,544845,2629,58.15
20261005,544846,151,100.0
20261005,544847,30073,62.98
20261005,544848,6400,100.0
20261005,544849,7,100.0
20261005,544850,750,63.61
20261005,544851,250821,54.68
20261005,544853,42060,49.32
20261005,544854,12000,76.92
20261005,544855,6593,99.92
20261005,544856,1600,66.67
20261005,544857,1,100.0
20261005,544858,19200,66.67
20261005,544859,58000,85.29
20261005,544860,211046,60.11
20261005,544861,19792,100.0
20261005,544862,2406,63.45
20261005,544863,18000,88.24
20261005,544864,6271,35.61
20261005,544865,65513,45.15
20261005,544866,88024,32.91
20261005,544867,34490,39.0
20261005,544868,75238,100.0
20261005,544869,6000,85.71
20261005,544870,80758,52.92
20261005,544871,77023,43.73
20261005,544872,12000,58.82
20261005,544873,5814,66.64
20261005,544874,881,100.0
20261005,544876,6000,83.33
20261005,544877,103000,100.0
20261005,544878,139,100.0
20261005,544879,694749,76.3
20261005,544880,91290,48.69
20261005,544881,5793,48.49
20261005,544882,112163,54.44
20261005,544883,56000,81.16
20261005,544884,32400,72.97
20261005,544885,18370,53.45
20261005,544886,69572,51.31
20261005,544887,3582,86.77
20261005,544888,83397,44.78
20261005,544889,37135,41.89
20261005,544890,56741,45.89
20261005,544891,158791,77.29
20261005,544892,3244,79.86
20261005,544893,25729,54.17
20261005,544894,286944,52.83
20261005,544895,206400,72.47
20261005,544897,39000,50.0
20261005,544898,68957,99.99
20261005,544899,15493,44.41
20261005,544900,8000,80.0
20261005,544901,2954,57.68
20261005,544902,8000,66.67
20261005,544903,81862,51.42
20261005,544904,28800,68.57
20261005,544905,52000,63.41
20261005,544906,6411,62.75
20261005,544907,1,100.0
20261005,544908,4039,85.92
20261005,544909,143362,48.96
20261005,544910,10000,100.0
20261005,544911,637858,35.06
20261005,544912,20389,53.96
20261005,544913,208744,40.73
20261005,544914,78603,48.74
20261005,544915,83909,49.93
20261005,544916,73310,32.23
20261005,544917,129079,50.67
20261005,544918,53593,60.26
20261005,544919,108000,79.65
20261005,544920,118400,72.55
20261005,544921,85671,67.19
20261005,544922,52800,84.62
20261005,544923,32381,44.53
20261005,544924,53200,70.74
20261005,544925,101400,61.45
20261005,544928,12800,100.0
20261005,544929,64779,100.0
20261005,544930,28800,100.0
20261005,544931,400,100.0
20261005,544932,78000,100.0
20261005,544933,90000,100.0
20261005,544934,326847,34.26
20261005,544935,139672,100.0
20261005,544936,6495601,39.68
20261005,544937,1569797,60.51
20261005,544938,12861,100.0
20261005,544939,324000,100.0
20261005,544940,237600,100.0
20261005,544941,145200,100.0
20261005,544942,68996,47.98
20261005,544943,306000,100.0
20261005,544944,41600,100.0
20261005,544945,73273,46.86
20261005,544946,4000,100.0
20261005,544947,4000,100.0
20261005,544948,118400,100.0
20261005,544949,256360,100.0
20261005,544950,12723,100.0
20261005,544951,43862,38.29
20261005,544952,94758,66.2
20261005,544953,9650372,42.87
20261005,544954,426000,100.0
20261005,544957,1401105,50.8
20261005,544958,1065600,100.0
20261005,544959,660549,51.91
20261005,544960,1199498,57.85
20261005,544961,344000,100.0
20261005,544962,2078735,36.56
20261005,555555,1741,69.39
20261005,570002,1454,100.0
20261005,570004,297,84.62
20261005,570005,53524,100.0
20261005,590003,22139,45.99
20261005,590005,219,71.34
20261005,590006,2008,75.6
20261005,590013,1342,63.94
20261005,590018,62,100.0
20261005,590021,1014,58.48
20261005,590022,1,100.0
20261005,590024,3453,53.54
20261005,590025,1486,100.0
20261005,590030,17088,67.4
20261005,590031,440,85.27
20261005,590041,9417,100.0
20261005,590051,11127,42.59
20261005,590056,22,68.75
20261005,590057,61,100.0
20261005,590062,16240,63.64
20261005,590065,131,69.31
20261005,590066,5065,77.23
20261005,590070,1192,99.92
20261005,590071,1591,63.64
20261005,590072,102,100.0
20261005,590073,2747,37.99
20261005,590075,1873,94.07
20261005,590078,4842,74.22
20261005,590086,249,64.18
20261005,590095,738177,57.92
20261005,590096,73486,52.6
20261005,590097,39111,54.21
20261005,590098,152797,65.28
20261005,590099,3770,45.8
20261005,590101,14554,64.01
20261005,590103,557641,81.92
20261005,590104,14843,54.05
20261005,590106,15280,59.29
20261005,590107,10812,85.71
20261005,590108,156159,88.84
20261005,590109,665,76.26
20261005,590110,967,61.47
20261005,590113,4913,54.29
20261005,590115,372,89.86
20261005,590134,1269,68.04
20261005,590136,15069,58.57
20261005,590137,980,49.47
20261005,590138,548520,97.78
20261005,590139,2557,88.69
20261005,590140,1335025,33.91
20261005,590141,425369,58.68
20261005,590142,449042,73.87
20261005,590143,21793,79.55
20261005,590144,65029,84.4
20261005,590145,350401,59.77
20261005,590146,1071006,99.92
20261005,590147,308,50.91
20261005,590148,19495,74.86
20261005,590149,8828,68.39
20261005,590150,27259,94.09
20261005,590151,58738,65.07
20261005,590152,46644,69.38
20261005,590153,112097,84.84
20261005,590154,33889,80.61
20261005,590155,37224,79.05
20261005,590156,57770,64.55
20261005,590157,5596,86.79
20261005,590158,21960,89.89
20261005,590159,11084,95.77
20261005,590160,838,86.93
20261005,590161,588639,70.35
20261005,710058,1428,81.41
20261005,751142,136856,100.0
20261005,751143,67813,100.0
20261005,751144,549152,100.0
20261005,800177,7834,100.0
20261005,800292,1,100.0
20261005,800296,2,100.0
20261005,800297,9,90.0
20261005,800312,1,100.0
20261005,800314,2,100.0
20261005,800318,10,71.43
20261005,800320,34,100.0
20261005,800322,86,100.0
20261005,800324,21,100.0
20261005,800325,90,89.11
20261005,800327,57,87.69
20261005,800328,53,100.0
20261005,800329,63,58.88
20261005,800330,1,100.0
20261005,800331,81,100.0
20261005,800332,19,100.0
20261005,800333,10,100.0
20261005,800334,1552,99.94
20261005,800339,21,91.3
20261005,800340,108,93.91
20261005,800341,50,100.0
20261005,800342,12,100.0
20261005,800367,6,100.0
20261005,800385,169,97.13
20261005,800386,24,92.31
20261005,800428,137,100.0
20261005,800434,37,97.37
20261005,800437,20,64.52
20261005,800438,49,72.06
20261005,800441,12650,91.03
20261005,800443,18,94.74
20261005,800488,84,92.31
20261005,800517,3,100.0
20261005,800573,11,91.67
20261005,800575,71,88.75
20261005,800576,20,100.0
20261005,800580,107,100.0
20261005,800584,511,100.0
20261005,800588,14109,93.39
20261005,800596,586,88.79
20261005,800597,171,100.0
20261005,800598,52,100.0
20261005,800603,628,93.87
20261005,800604,1673,100.0
20261005,800605,356,76.39
20261005,800607,73951,100.0
20261005,800807,4086,83.78
20261005,800809,154,100.0
20261005,800815,8105,100.0
20261005,805259,100,100.0
20261005,805275,1500,100.0
20261005,811077,2000,100.0
20261005,890217,280,96.55
20261005,890226,16056,99.68
20261005,890228,574,98.29
20261005,890234,700000,100.0
20261005,890238,2574,100.0
20261005,890239,548,100.0
20261005,890240,3293,64.99
20261005,935574,87,100.0
20261005,935584,2093,98.17
20261005,935620,101,100.0
20261005,935682,59,100.0
20261005,936048,5,100.0
20261005,936224,181,100.0
20261005,936252,1,50.0
20261005,936294,190,100.0
20261005,936320,41,95.35
20261005,936398,57,100.0
20261005,936412,715,78.31
20261005,936532,5,100.0
20261005,936656,150,100.0
20261005,936724,10,100.0
20261005,936744,50,100.0
20261005,936810,6,100.0
20261005,936975,54,100.0
20261005,936977,45,100.0
20261005,937037,798,100.0
20261005,937373,100,100.0
20261005,937381,2,100.0
20261005,937385,16,100.0
20261005,937409,36,100.0
20261005,937451,10,100.0
20261005,937455,151,99.34
20261005,937469,105,100.0
20261005,937503,100,100.0
20261005,937619,1804,100.0
20261005,937621,402,100.0
20261005,937637,338,100.0
20261005,937653,1,100.0
20261005,937703,4,100.0
20261005,937743,38,100.0
20261005,937799,165,100.0
20261005,937987,10,100.0
20261005,937999,1370,100.0
20261005,938005,70,100.0
20261005,938015,50,83.33
20261005,938021,400,100.0
20261005,938091,4,100.0
20261005,938105,100,100.0
20261005,938212,132,100.0
20261005,938218,40,100.0
20261005,938222,1387,100.0
20261005,938224,1,100.0
20261005,938226,1300,100.0
20261005,938256,158,100.0
20261005,938284,175,97.22
20261005,938290,67,100.0
20261005,938348,10,90.91
20261005,938364,54,100.0
20261005,938370,319,99.69
20261005,938372,10,83.33
20261005,938382,221,100.0
20261005,938384,469,100.0
20261005,938508,20,100.0
20261005,938524,121,100.0
20261005,938528,50,100.0
20261005,938544,10,100.0
20261005,938558,50,100.0
20261005,938562,50,100.0
20261005,938572,50,100.0
20261005,938604,1,100.0
20261005,938632,468,100.0
20261005,938664,205,100.0
20261005,938718,1,100.0
20261005,938760,2,100.0
20261005,938850,2,100.0
20261005,938862,20,100.0
20261005,938864,100,50.0
20261005,938870,227,100.0
20261005,938898,10,100.0
20261005,938908,34,100.0
20261005,938910,89,100.0
20261005,939038,33,100.0
20261005,939120,125,100.0
20261005,939160,12,100.0
20261005,939194,463,100.0
20261005,939196,199,100.0
20261005,939202,25,100.0
20261005,939206,38,100.0
20261005,939212,215,56.43
20261005,939216,100,100.0
20261005,939262,100,96.15
20261005,939276,15,100.0
20261005,939303,1,100.0
20261005,939335,60,100.0
20261005,939337,30,100.0
20261005,939461,750,100.0
20261005,939563,7,100.0
20261005,939577,699,76.9
20261005,939583,10,100.0
20261005,939595,27,72.97
20261005,939623,1,100.0
20261005,939627,1,100.0
20261005,939629,50,100.0
20261005,939727,407,100.0
20261005,939743,2,50.0
20261005,939807,10,100.0
20261005,939817,3,100.0
20261005,939821,100,100.0
20261005,939837,100,100.0
20261005,939839,103,100.0
20261005,939841,20,100.0
20261005,939855,200,100.0
20261005,939857,1,100.0
20261005,939901,185,100.0
20261005,939913,100,100.0
20261005,939965,82,50.0
20261005,939977,60,100.0
20261005,940037,1,100.0
20261005,940069,120,100.0
20261005,940101,100,41.67
20261005,940111,125,100.0
20261005,940115,609,99.51
20261005,940127,100,100.0
20261005,940159,100,50.0
20261005,940163,20,100.0
20261005,940165,197,100.0
20261005,940175,441,100.0
20261005,940195,10,100.0
20261005,940227,350,100.0
20261005,940233,655,100.0
20261005,940255,850,100.0
20261005,940313,500,100.0
20261005,940317,100,100.0
20261005,940319,46,100.0
20261005,940321,30,100.0
20261005,940325,239,100.0
20261005,940327,10,50.0
20261005,940341,12,100.0
20261005,940347,1150,87.52
20261005,940355,20,50.0
20261005,940369,50,100.0
20261005,940385,100,100.0
20261005,940415,226,100.0
20261005,940445,204,100.0
20261005,940467,1,100.0
20261005,940471,619,100.0
20261005,940473,2,100.0
20261005,940475,150,100.0
20261005,940485,150,100.0
20261005,940511,300,42.86
20261005,940519,20,100.0
20261005,940525,30,100.0
20261005,940537,132,100.0
20261005,940559,11,100.0
20261005,940619,198,100.0
20261005,940635,26,100.0
20261005,940637,52,50.98
20261005,940641,11,100.0
20261005,940649,45,100.0
20261005,940659,20,100.0
20261005,940665,447,100.0
20261005,940667,299,100.0
20261005,940669,25,100.0
20261005,940671,550,100.0
20261005,940675,230,100.0
20261005,940677,60,100.0
20261005,940681,229,100.0
20261005,940689,7,50.0
20261005,940691,163,100.0
20261005,940699,30,100.0
20261005,940701,13,100.0
20261005,940703,5,100.0
20261005,940709,244,100.0
20261005,940713,169,89.89
20261005,940715,465,96.07
20261005,940717,173,100.0
20261005,940719,160,100.0
20261005,940725,50,100.0
20261005,940731,50,100.0
20261005,940743,10,100.0
20261005,940751,59,100.0
20261005,940757,59,100.0
20261005,940759,245,85.66
20261005,940761,20,50.0
20261005,940765,14,100.0
20261005,940767,10,100.0
20261005,940797,1,100.0
20261005,940823,10,100.0
20261005,940833,5,100.0
20261005,940841,139,100.0
20261005,940845,8,100.0
20261005,940849,20,100.0
20261005,940853,10,50.0
20261005,940855,338,90.13
20261005,940857,8,100.0
20261005,940859,108,95.58
20261005,940861,5,100.0
20261005,940866,411,94.48
20261005,940868,20,100.0
20261005,940874,10,100.0
20261005,940886,54,51.92
20261005,940888,199,100.0
20261005,940894,12,50.0
20261005,940900,330,100.0
20261005,940904,10,100.0
20261005,940908,1,100.0
20261005,940913,10,100.0
20261005,940917,200,100.0
20261005,940933,50,98.04
20261005,940937,30,100.0
20261005,940955,237,95.95
20261005,940963,32,100.0
20261005,940973,30,100.0
20261005,940983,200,100.0
20261005,940989,20,100.0
20261005,940995,7,100.0
20261005,941015,350,98.87
20261005,941021,78,100.0
20261005,941023,10,100.0
20261005,941035,92,100.0
20261005,941037,564,98.26
20261005,941041,21,100.0
20261005,941047,275,71.99
20261005,941049,15,100.0
20261005,941051,50,66.67
20261005,941057,30,100.0
20261005,941059,301,100.0
20261005,941063,45,100.0
20261005,941075,130,92.86
20261005,941079,298,63.81
20261005,941099,10,100.0
20261005,941103,10,100.0
20261005,941107,30,100.0
20261005,941111,50,100.0
20261005,941113,31,100.0
20261005,941117,40,100.0
20261005,941121,5,100.0
20261005,941125,74,100.0
20261005,941127,52,96.3
20261005,941129,59,100.0
20261005,941135,51,100.0
20261005,941137,200,100.0
20261005,941139,12,100.0
20261005,941141,44,100.0
20261005,941143,30,100.0
20261005,941151,15,60.0
20261005,941157,3,100.0
20261005,941165,2,100.0
20261005,941173,583,100.0
20261005,941175,40,100.0
20261005,941181,10,100.0
20261005,941185,1656,74.53
20261005,941189,710,87.65
20261005,941191,20,100.0
20261005,941193,1366,100.0
20261005,941195,444,81.62
20261005,941199,219,100.0
20261005,941201,15,100.0
20261005,941203,635,100.0
20261005,941213,500,100.0
20261005,941223,300,100.0
20261005,941227,21,65.62
20261005,941231,410,80.39
20261005,941251,1096,100.0
20261005,941253,531,100.0
20261005,941257,210,99.06
20261005,941259,2,100.0
20261005,941261,50,100.0
20261005,941263,50,100.0
20261005,941265,96,100.0
20261005,941267,205,100.0
20261005,941269,57,100.0
20261005,941271,110,100.0
20261005,941273,2,100.0
20261005,941275,790,100.0
20261005,941291,91,100.0
20261005,941293,3,100.0
20261005,961718,3,100.0
20261005,961728,171,100.0
20261005,961732,474,100.0
20261005,961734,10,100.0
20261005,961744,40,100.0
20261005,961753,106,100.0
20261005,961779,50,100.0
20261005,961785,1269,100.0
20261005,961786,108,100.0
20261005,961791,87,100.0
20261005,961792,531,100.0
20261005,961800,20,100.0
20261005,961803,96,100.0
20261005,961810,160,100.0
20261005,961815,325,99.39
20261005,961816,412,100.0
20261005,961818,40,100.0
20261005,961821,700,70.0
20261005,961826,730,93.59
20261005,961830,903,100.0
20261005,961839,100,100.0
20261005,961841,12,100.0
20261005,961863,1000,69.3
20261005,961885,1000,100.0
20261005,961895,1800,99.94
20261005,961921,227,100.0
20261005,972715,1,100.0
20261005,972716,10,100.0
20261005,972721,1,100.0
20261005,972773,12,100.0
20261005,973491,5790,99.6
20261005,973882,1,100.0
20261005,973883,1,100.0
20261005,974448,1,100.0
20261005,974634,16,100.0
20261005,975010,1,100.0
20261005,975267,2,100.0
20261005,975271,1,100.0
20261005,975375,3,100.0
20261005,975413,1,100.0
20261005,975453,24,100.0
20261005,975520,1,100.0
20261005,975632,3,100.0
20261005,975663,2,100.0
20261005,975790,12,100.0
20261005,975797,1,100.0
20261005,975863,2,100.0
20261005,975905,3,100.0
20261005,975955,2,100.0
20261005,976020,3,100.0
20261005,976085,1,100.0
20261005,976228,49,100.0
20261005,976233,5,100.0
20261005,976248,224,74.42
20261005,976261,9,100.0
20261005,976289,2,100.0
20261005,976290,2,100.0
20261005,976292,8,88.89
20261005,976294,1,50.0
20261005,976307,1,100.0
20261005,976325,97,98.98
20261005,976346,1,100.0
20261005,976376,1,100.0
20261005,976377,1,100.0
20261005,976411,10,100.0
20261005,976437,96,97.96
20261005,976448,5,100.0
20261005,976552,1,100.0
20261005,976560,1,100.0
20261005,976600,2,66.67
20261005,976712,79,100.0
20261005,976752,1,100.0
20261005,976778,7,100.0
20261005,976799,1,100.0
20261005,976808,71,98.61
20261005,976855,2,100.0
20261005,976868,5,100.0
20261005,976893,21,100.0
20261005,976896,7,100.0
20261005,976905,1,100.0
20261005,976915,1,100.0
20261005,976930,2,100.0
20261005,976970,2,100.0
20261005,976985,101,100.0
20261005,977000,2,100.0
20261005,977001,2,100.0
20261005,977008,10,100.0
20261005,977009,2,100.0
20261005,977011,3,100.0
20261005,977017,13,100.0
20261005,977022,1,100.0
20261005,977028,4,100.0
20261005,977039,26,100.0
20261005,977040,2,100.0
20261005,977044,505,100.0
20261005,977064,11,100.0
20261005,977073,4,100.0
20261005,977093,1218,100.0
20261005,977117,5,83.33
20261005,977128,43,100.0
20261005,977134,2,100.0
20261005,977186,5,100.0
20261005,977187,1,100.0
20261005,977200,84,100.0
20261005,977226,3,100.0
20261005,977228,5,100.0
20261005,977241,8,100.0
20261005,977249,4,100.0
20261005,977260,1,100.0
20261005,977280,1,100.0
20261005,977281,2,100.0
20261005,977288,1,100.0
20261005,977298,10,100.0
20261005,977309,5,100.0
20261005,977331,11,100.0
20261005,977354,2,100.0
20261005,977367,14,100.0
20261005,977382,10,76.92
20261005,977396,1,100.0
20261005,977397,1,100.0
20261005,977424,2,100.0
20261005,977440,17,94.44
20261005,977445,4,100.0
20261005,977453,1,100.0
20261005,977464,1,100.0
20261005,977471,5,100.0
20261005,977477,14,100.0
20261005,977495,1,100.0
20261005,977508,6,100.0
20261005,977516,57,100.0
20261005,977532,28,100.0
20261005,977541,40,88.89
20261005,977544,2,100.0
20261005,977558,19,100.0
20261005,977564,69,100.0
20261005,977575,1,100.0
20261005,977576,9,100.0
20261005,977582,1,100.0
20261005,977585,2,100.0
20261005,977596,4,100.0
20261005,977622,1,100.0
20261005,977623,12,100.0
20261005,977633,3,100.0
20261005,977648,50,100.0
20261005,977649,26,100.0
20261005,977657,13,100.0
20261005,977662,16,100.0
20261005,977676,1,100.0
20261005,977678,8,100.0
20261005,977680,2,100.0
20261005,977681,1,100.0
20261005,977700,10,100.0
20261005,977710,1,100.0
20261005,977725,13,100.0
20261005,977730,35,77.78
20261005,977732,54,100.0
20261005,977735,17,100.0
20261005,977740,112,100.0
20261005,977753,166,100.0
20261005,977773,13,100.0
20261005,977774,57,100.0
20261005,977788,54,100.0
20261005,977801,11,73.33
20261005,977806,27,93.1
20261005,977815,68,100.0
20261005,977839,1,100.0
20261005,977842,1,100.0
20261005,977852,1,100.0
20261005,977855,10,100.0
20261005,977868,90,85.71
20261005,977869,39,100.0
20261005,977877,5,100.0
20261005,977880,74,100.0
20261005,977892,1,100.0
20261005,977903,3,100.0
20261005,977913,6,60.0
20261005,977935,461,100.0
20261005,977948,496,100.0
20261005,977984,51,92.73
20261005,977986,1,100.0
20261005,977993,14,100.0
20261005,977994,1,100.0
20261005,977995,1,100.0
20261005,978004,10,100.0
20261005,978006,1,100.0
20261005,978007,11,100.0
20261005,978008,1,100.0
20261005,978024,18,100.0
20261005,978034,168,100.0
20261005,978039,64,100.0
20261005,978051,46,90.2
20261005,978055,41,100.0
20261005,978086,30,100.0
20261005,978094,41,100.0
20261005,978163,1,100.0
20261005,978167,117,70.06
20261005,978169,95,100.0
20261005,978196,49,100.0
20261005,978197,14,100.0
20261005,978199,2,100.0
20261005,978245,7,100.0
