DATE,SYMBOL,DELIV_QTY,DELIV_PER
20260928,544289,87012,44.94
20260928,544290,30416,58.52
20260928,544291,30400,79.17
20260928,544292,3241,46.59
20260928,544293,3439,66.8
20260928,544294,2726,29.58
20260928,544295,1,100.0
20260928,544296,9200,50.0
20260928,544301,2093,74.91
20260928,544302,486,3.99
20260928,544303,1800,75.0
20260928,544304,3200,100.0
20260928,544305,28376,39.66
20260928,544306,10793,49.0
20260928,544307,408532,61.74
20260928,544308,99690,98.03
20260928,544309,6035,54.32
20260928,544310,28000,64.74
20260928,544311,11814,47.11
20260928,544312,4000,100.0
20260928,544313,4000,50.0
20260928,544314,6482,66.98
20260928,544315,1621,72.17
20260928,544316,165031,34.58
20260928,544317,11583,33.07
20260928,544318,1708,72.8
20260928,544319,3159,36.22
20260928,544320,2309,64.41
20260928,544321,1567,92.45
20260928,544322,6580,48.33
20260928,544323,4790,72.64
20260928,544324,12000,66.67
20260928,544325,147685,71.81
20260928,544326,3192,61.67
20260928,544327,18000,100.0
20260928,544328,8363,68.71
20260928,544329,34000,85.0
20260928,544330,28000,100.0
20260928,544331,12000,100.0
20260928,544332,5200,68.42
20260928,544333,58403,43.3
20260928,544334,6000,100.0
20260928,544335,9000,100.0
20260928,544336,28254,38.52
20260928,544337,9000,100.0
20260928,544338,13614,63.98
20260928,544339,6997,82.2
20260928,544340,17600,91.67
20260928,544341,8000,71.43
20260928,544342,24965,100.0
20260928,544343,35600,100.0
20260928,544344,1520,41.76
20260928,544345,4194,60.98
20260928,544346,790,68.16
20260928,544347,1600,100.0
20260928,544349,11200,87.5
20260928,544350,4229,48.64
20260928,544351,4800,50.0
20260928,544352,556,100.0
20260928,544353,3600,100.0
20260928,544354,8700,65.91
20260928,544355,824,72.28
20260928,544356,411874,97.69
20260928,544361,2174,54.4
20260928,544362,406623,98.91
20260928,544363,446,76.37
20260928,544364,2070,81.5
20260928,544365,2000,100.0
20260928,544366,1600,100.0
20260928,544367,46451,78.74
20260928,544368,2400,50.0
20260928,544369,4800,100.0
20260928,544371,811,100.0
20260928,544372,150000,81.97
20260928,544373,57600,100.0
20260928,544375,1232,63.44
20260928,544376,388,93.72
20260928,544377,4027,100.0
20260928,544378,2000,66.67
20260928,544379,3654,62.04
20260928,544380,3025,96.49
20260928,544382,752,51.75
20260928,544383,22800,100.0
20260928,544384,606215,67.99
20260928,544385,4614,94.96
20260928,544386,431,100.0
20260928,544387,13000,70.27
20260928,544388,6000,75.0
20260928,544389,88,89.8
20260928,544390,9402,47.86
20260928,544391,9000,60.0
20260928,544392,0,0.0
20260928,544393,4800,100.0
20260928,544394,18128,81.12
20260928,544395,988818,47.91
20260928,544396,4297,62.22
20260928,544397,71070,40.08
20260928,544399,4800,100.0
20260928,544400,22000,73.33
20260928,544401,1066,100.0
20260928,544402,7228,44.73
20260928,544403,32509,72.9
20260928,544404,1312,70.5
20260928,544405,344338,51.01
20260928,544406,61200,65.38
20260928,544407,81995,53.66
20260928,544408,11881,64.14
20260928,544410,6527,61.33
20260928,544411,17927,64.35
20260928,544412,3000,100.0
20260928,544413,4980,52.51
20260928,544414,21992,58.43
20260928,544415,704,94.62
20260928,544416,391,90.3
20260928,544417,4800,57.14
20260928,544418,14318,59.55
20260928,544419,86387,61.52
20260928,544420,49465,40.77
20260928,544421,16852,51.83
20260928,544423,3985,79.76
20260928,544424,2806,92.82
20260928,544425,4800,100.0
20260928,544426,2400,100.0
20260928,544427,21921,84.97
20260928,544429,7152,48.22
20260928,544430,94107,49.54
20260928,544431,1000,100.0
20260928,544432,3338,46.95
20260928,544433,3600,75.0
20260928,544434,128000,100.0
20260928,544435,26400,86.84
20260928,544436,1200,100.0
20260928,544438,104330,85.48
20260928,544439,10768,72.03
20260928,544440,38250,100.0
20260928,544441,4000,83.33
20260928,544442,34200,74.03
20260928,544443,1371,65.63
20260928,544444,56400,100.0
20260928,544445,21000,100.0
20260928,544446,6189,64.02
20260928,544447,808,86.88
20260928,544448,7095,53.24
20260928,544449,38922,57.3
20260928,544450,228,100.0
20260928,544451,5600,66.67
20260928,544452,2000,100.0
20260928,544453,3600,75.0
20260928,544454,1276580,99.82
20260928,544455,25181,51.5
20260928,544456,59874,100.0
20260928,544457,3503,81.29
20260928,544458,212500,61.15
20260928,544459,179343,36.95
20260928,544460,17600,100.0
20260928,544461,26,100.0
20260928,544462,2,100.0
20260928,544463,52800,91.67
20260928,544464,46000,48.94
20260928,544465,8789,65.01
20260928,544466,10320,59.75
20260928,544467,229251,65.24
20260928,544468,2400,100.0
20260928,544469,23103,100.0
20260928,544470,2517,57.61
20260928,544471,18000,90.0
20260928,544472,1600,50.0
20260928,544473,83412,98.73
20260928,544476,9226,48.77
20260928,544477,3202,91.25
20260928,544478,10000,1.0
20260928,544479,351502,98.9
20260928,544480,200176,78.52
20260928,544481,18582,86.62
20260928,544482,2000,50.0
20260928,544483,15600,50.0
20260928,544484,41520,50.36
20260928,544485,19375,63.25
20260928,544486,121325,96.82
20260928,544487,993,77.16
20260928,544488,65564,65.98
20260928,544489,24000,62.5
20260928,544490,13729,38.48
20260928,544491,6391,80.79
20260928,544492,385,53.7
20260928,544493,266,67.51
20260928,544494,1600,100.0
20260928,544495,1200,100.0
20260928,544496,32553,59.64
20260928,544497,4198767,75.45
20260928,544498,3200,66.67
20260928,544499,79,100.0
20260928,544500,18000,56.25
20260928,544501,66000,100.0
20260928,544502,3334,100.0
20260928,544503,1000,50.0
20260928,544504,5200,92.86
20260928,544505,2000,100.0
20260928,544506,25800,69.35
20260928,544507,133104,80.12
20260928,544508,1200,100.0
20260928,544510,6400,80.0
20260928,544511,12000,83.33
20260928,544512,24482,61.06
20260928,544513,8340,99.94
20260928,544514,1600,100.0
20260928,544515,252473,51.51
20260928,544516,125500,68.21
20260928,544517,1354,54.8
20260928,544518,21600,100.0
20260928,544519,2802,54.89
20260928,544520,4800,100.0
20260928,544521,4234,92.67
20260928,544522,28,59.57
20260928,544523,32676,91.29
20260928,544524,50400,63.0
20260928,544525,11078,70.31
20260928,544526,1349,52.43
20260928,544527,5108,76.8
20260928,544528,8830,66.25
20260928,544529,12000,100.0
20260928,544530,8010,73.55
20260928,544531,21000,87.5
20260928,544532,8259,39.78
20260928,544533,3516,61.07
20260928,544534,2815,27.68
20260928,544535,4000,100.0
20260928,544536,26,89.66
20260928,544537,17561,40.23
20260928,544538,56000,100.0
20260928,544539,1600,100.0
20260928,544540,32916,78.21
20260928,544541,15000,80.65
20260928,544542,5000,100.0
20260928,544543,8937,94.66
20260928,544544,18000,100.0
20260928,544545,31821,53.72
20260928,544546,20400,94.44
20260928,544547,953,100.0
20260928,544549,4000,100.0
20260928,544550,10032,28.34
20260928,544551,1000,100.0
20260928,544552,14400,100.0
20260928,544553,800,100.0
20260928,544554,20000,100.0
20260928,544555,3600,100.0
20260928,544556,1600,50.0
20260928,544557,2981,27.98
20260928,544558,8408,75.95
20260928,544559,4800,100.0
20260928,544560,6000,60.0
20260928,544561,12000,66.67
20260928,544562,9334,57.66
20260928,544563,15500,100.0
20260928,544564,142,100.0
20260928,544565,68000,91.89
20260928,544566,102000,50.0
20260928,544567,1200,100.0
20260928,544568,28800,88.89
20260928,544569,174040,52.19
20260928,544570,3104,57.5
20260928,544572,688,37.39
20260928,544574,57645,41.48
20260928,544575,1000,100.0
20260928,544576,98551,83.03
20260928,544577,923,89.01
20260928,544578,12184,54.8
20260928,544579,6688,99.9
20260928,544580,7491,71.35
20260928,544581,2862,84.3
20260928,544582,21600,72.0
20260928,544583,32246,55.2
20260928,544584,6000,100.0
20260928,544586,252051,89.88
20260928,544587,1587,61.16
20260928,544594,3600,100.0
20260928,544595,2837,72.19
20260928,544596,58800,75.38
20260928,544597,5719,39.16
20260928,544598,7943,100.0
20260928,544599,4542,74.65
20260928,544600,133712,53.87
20260928,544601,34,97.14
20260928,544602,128282,70.5
20260928,544603,692867,57.66
20260928,544604,4948,62.06
20260928,544605,23184,84.95
20260928,544606,520185,32.56
20260928,544607,9600,100.0
20260928,544608,62501,53.84
20260928,544609,4157461,94.12
20260928,544610,6000,71.43
20260928,544611,10800,69.23
20260928,544612,7581,50.84
20260928,544613,9464,51.65
20260928,544614,8967,45.52
20260928,544615,3599,100.0
20260928,544616,30000,100.0
20260928,544617,92424,61.38
20260928,544618,7,77.78
20260928,544619,6728,43.71
20260928,544622,279276,52.34
20260928,544624,9000,100.0
20260928,544625,4200,77.78
20260928,544626,12500,100.0
20260928,544627,11000,100.0
20260928,544628,14000,12.5
20260928,544629,1000,100.0
20260928,544631,859,75.28
20260928,544632,198020,25.87
20260928,544633,140706,48.43
20260928,544634,4157964,67.46
20260928,544635,65600,69.49
20260928,544637,126000,50.85
20260928,544638,127,79.38
20260928,544639,1977,100.0
20260928,544640,8400,87.5
20260928,544641,1800,100.0
20260928,544642,9693,65.93
20260928,544644,885,64.13
20260928,544645,25211,56.95
20260928,544647,7813,46.3
20260928,544651,8,100.0
20260928,544654,9721,61.29
20260928,544655,13859,98.59
20260928,544656,400,100.0
20260928,544657,19800,75.0
20260928,544658,203578,97.63
20260928,544659,4000,100.0
20260928,544660,9301,83.42
20260928,544661,1417,59.81
20260928,544662,1639,87.55
20260928,544663,3000,100.0
20260928,544664,28085,49.97
20260928,544665,1600,100.0
20260928,544666,12073,50.16
20260928,544667,22800,100.0
20260928,544668,49800,77.57
20260928,544669,4200,100.0
20260928,544670,19200,100.0
20260928,544671,4000,80.0
20260928,544672,222,84.41
20260928,544673,11200,63.64
20260928,544674,562,78.93
20260928,544675,59200,100.0
20260928,544676,16000,100.0
20260928,544677,4800,100.0
20260928,544678,474730,43.05
20260928,544679,4533,56.8
20260928,544681,26000,68.42
20260928,544682,4800,80.0
20260928,544683,3000,100.0
20260928,544684,90000,100.0
20260928,544685,134608,58.8
20260928,544686,1000,100.0
20260928,544687,8000,80.0
20260928,544688,72000,63.16
20260928,544693,4800,100.0
20260928,544694,2000,66.67
20260928,544695,65000,100.0
20260928,544699,37312,53.87
20260928,544700,10873,61.38
20260928,544701,6739,99.85
20260928,544702,13925,62.41
20260928,544703,11113,74.52
20260928,544704,11789,91.35
20260928,544705,4555,83.53
20260928,544708,15600,86.67
20260928,544709,33956,66.01
20260928,544710,345000,64.97
20260928,544711,11000,84.62
20260928,544716,1254,94.57
20260928,544717,323972,34.88
20260928,544718,34115,85.24
20260928,544720,30978,50.41
20260928,544721,33649,94.54
20260928,544722,2240,84.94
20260928,544723,8740,33.05
20260928,544724,3000,100.0
20260928,544725,5036,99.96
20260928,544726,158088,55.75
20260928,544731,29602,49.99
20260928,544732,3737,98.21
20260928,544733,3648,38.36
20260928,544734,1200,59.03
20260928,544735,196000,72.06
20260928,544736,385,99.48
20260928,544737,3800,99.92
20260928,544738,3000,75.0
20260928,544739,17000,42.68
20260928,544740,212800,100.0
20260928,544741,8400,100.0
20260928,544742,5982,64.9
20260928,544743,27783,69.83
20260928,544744,10215,55.87
20260928,544745,2656,72.69
20260928,544746,44800,87.5
20260928,544747,14400,46.15
20260928,544748,180436,62.16
20260928,544750,4809,71.88
20260928,544751,97200,96.43
20260928,544752,7,100.0
20260928,544753,943,68.19
20260928,544754,11581,20.55
20260928,544755,35200,100.0
20260928,544756,5444,73.02
20260928,544757,517,81.67
20260928,544758,33335,75.74
20260928,544759,3000,100.0
20260928,544760,712,100.0
20260928,544761,50,83.33
20260928,544762,1889,99.95
20260928,544763,3118,100.0
20260928,544764,5837,70.7
20260928,544765,59200,100.0
20260928,544766,3100,91.63
20260928,544767,39000,100.0
20260928,544769,15600,86.67
20260928,544770,14400,50.0
20260928,544771,10000,83.33
20260928,544772,22000,73.33
20260928,544773,143000,63.27
20260928,544774,3000,100.0
20260928,544777,25851,61.14
20260928,544779,34400,81.13
20260928,544780,115964,48.64
20260928,544781,673611,60.29
20260928,544782,986087,61.52
20260928,544783,73125,100.0
20260928,544784,1147774,60.13
20260928,544785,11208,100.0
20260928,544786,10027,84.06
20260928,544793,185000,100.0
20260928,544794,62400,70.27
20260928,544795,4099,99.76
20260928,544796,8000,90.91
20260928,544797,18000,100.0
20260928,544799,248873,39.38
20260928,544800,48000,96.77
20260928,544802,257879,67.42
20260928,544803,36754,53.98
20260928,544804,25200,67.74
20260928,544805,4800,100.0
20260928,544806,5753,62.82
20260928,544808,183360,53.29
20260928,544809,70000,76.09
20260928,544810,35200,52.38
20260928,544811,7000,100.0
20260928,544812,22000,100.0
20260928,544814,10583,57.02
20260928,544821,11782,54.82
20260928,544822,12779,43.29
20260928,544823,45600,100.0
20260928,544825,32160,63.69
20260928,544826,23200,54.72
20260928,544827,105107,97.9
20260928,544829,35912,73.33
20260928,544830,77900,95.62
20260928,544831,6028,46.46
20260928,544832,26400,74.58
20260928,544833,18488,51.28
20260928,544834,14400,70.59
20260928,544837,305502,87.29
20260928,544838,34723,34.37
20260928,544839,21898,51.42
20260928,544840,4000,100.0
20260928,544841,2339,99.96
20260928,544842,117,96.69
20260928,544843,39600,86.84
20260928,544844,60800,55.47
20260928,544845,31742,71.89
20260928,544846,225,100.0
20260928,544847,249275,93.72
20260928,544848,16000,66.67
20260928,544849,9,100.0
20260928,544850,3346,98.94
20260928,544851,27833,39.04
20260928,544852,3600,75.0
20260928,544853,811226,94.48
20260928,544854,25200,67.74
20260928,544855,9737,79.44
20260928,544856,4000,83.33
20260928,544857,1440,93.45
20260928,544858,56400,87.04
20260928,544859,56000,67.47
20260928,544860,211691,52.23
20260928,544861,287582,100.0
20260928,544862,6164,72.83
20260928,544863,32400,81.82
20260928,544864,49108,71.03
20260928,544865,64468,43.92
20260928,544866,31014,38.37
20260928,544867,31637,45.37
20260928,544868,280789,100.0
20260928,544869,102000,80.31
20260928,544870,25584,73.03
20260928,544871,220684,63.4
20260928,544872,28800,61.54
20260928,544873,23147,89.56
20260928,544874,1384,100.0
20260928,544876,164400,76.54
20260928,544877,132000,100.0
20260928,544878,401,99.75
20260928,544879,508616,68.95
20260928,544880,76169,36.71
20260928,544881,26826,72.05
20260928,544882,175466,46.46
20260928,544883,157000,81.77
20260928,544884,27600,57.5
20260928,544885,14720,51.28
20260928,544886,19323,31.4
20260928,544888,16511,75.54
20260928,544889,20939,26.19
20260928,544890,80507,45.81
20260928,544891,119023,45.59
20260928,544892,10018,56.05
20260928,544893,86340,46.51
20260928,544894,280563,57.73
20260928,544895,142400,67.42
20260928,544897,87000,72.5
20260928,544898,10004,98.33
20260928,544899,25533,44.4
20260928,544900,95000,68.35
20260928,544901,7005,77.36
20260928,544902,12000,85.71
20260928,544903,239644,31.79
20260928,544904,73200,70.11
20260928,544905,2302000,87.0
20260928,544906,7580,61.03
20260928,544907,355,99.72
20260928,544908,10170,99.06
20260928,544909,249904,52.05
20260928,544910,2000,100.0
20260928,544911,88471,45.3
20260928,544912,19907,44.69
20260928,544913,221046,43.02
20260928,544914,112998,43.11
20260928,544915,87857,44.11
20260928,544916,57114,26.25
20260928,544917,68398,52.29
20260928,544918,92354,42.6
20260928,544919,343200,100.0
20260928,544920,124800,100.0
20260928,544921,39464,41.52
20260928,544922,16000,100.0
20260928,544923,25741,100.0
20260928,544924,149600,100.0
20260928,544925,257400,100.0
20260928,544927,2226,99.96
20260928,544928,12800,100.0
20260928,544929,39249,100.0
20260928,544930,80400,100.0
20260928,544931,400,100.0
20260928,544932,60000,100.0
20260928,544933,98000,100.0
20260928,544934,1226063,29.16
20260928,544935,418025,100.0
20260928,544936,9994491,48.71
20260928,544937,2525221,53.87
20260928,544938,57171,100.0
20260928,544939,1659000,100.0
20260928,544940,1089600,100.0
20260928,544941,1664400,100.0
20260928,555555,1166,81.42
20260928,570002,98,100.0
20260928,570004,301,98.05
20260928,570005,127644,100.0
20260928,590003,39649,48.54
20260928,590005,297,58.93
20260928,590006,661,52.84
20260928,590013,2465,65.33
20260928,590018,1,100.0
20260928,590021,1053,75.05
20260928,590024,3846,57.19
20260928,590025,7762,100.0
20260928,590030,22858,71.63
20260928,590031,253,76.67
20260928,590041,42471,100.0
20260928,590051,6647,44.54
20260928,590056,50,98.04
20260928,590057,363,100.0
20260928,590062,16652,57.36
20260928,590065,179,66.05
20260928,590066,5120,61.13
20260928,590070,4541,83.74
20260928,590071,758,66.2
20260928,590072,213,84.52
20260928,590073,5551,30.56
20260928,590075,1619,55.39
20260928,590078,1801,77.56
20260928,590086,232,73.19
20260928,590095,938458,66.74
20260928,590096,109824,50.12
20260928,590097,61501,73.79
20260928,590098,141662,59.56
20260928,590099,12364,67.42
20260928,590101,17305,77.85
20260928,590103,620927,84.48
20260928,590104,16061,70.98
20260928,590106,60393,86.13
20260928,590107,7018,63.7
20260928,590108,77806,78.35
20260928,590109,593,66.41
20260928,590110,598,73.11
20260928,590113,11573,85.96
20260928,590115,250,99.6
20260928,590134,356,82.6
20260928,590136,2441,83.08
20260928,590137,611,93.42
20260928,590138,31615,84.42
20260928,590139,65192,99.83
20260928,590140,1483724,35.89
20260928,590141,261607,61.39
20260928,590142,212226,84.4
20260928,590143,262904,99.86
20260928,590144,22972,70.46
20260928,590145,1056527,75.9
20260928,590146,3665,72.56
20260928,590147,546,54.98
20260928,590148,36341,84.34
20260928,590149,53295,81.9
20260928,590150,34456,85.04
20260928,590151,53108,86.25
20260928,590152,23074,69.38
20260928,590153,63847,95.48
20260928,590154,47745,75.32
20260928,590155,35561,77.39
20260928,590156,23281,69.69
20260928,590157,6157,72.47
20260928,590158,65267,89.18
20260928,590159,748,78.0
20260928,590160,798,76.22
20260928,590161,1889605,77.82
20260928,710058,314,100.0
20260928,751141,7776,100.0
20260928,751142,125088,100.0
20260928,751143,40669,100.0
20260928,751144,1111246,100.0
20260928,800148,47,100.0
20260928,800164,500,50.0
20260928,800177,5230,94.92
20260928,800290,1,100.0
20260928,800295,10,100.0
20260928,800296,35,100.0
20260928,800297,25,89.29
20260928,800300,60,100.0
20260928,800301,7,100.0
20260928,800303,2,100.0
20260928,800312,3,100.0
20260928,800314,4,100.0
20260928,800315,5,100.0
20260928,800316,5,100.0
20260928,800318,40,95.24
20260928,800320,11,91.67
20260928,800322,7,100.0
20260928,800324,95,71.97
20260928,800325,55,76.39
20260928,800326,500183,100.0
20260928,800327,46,90.2
20260928,800328,5,100.0
20260928,800329,9,64.29
20260928,800330,7398,98.68
20260928,800331,39,100.0
20260928,800332,6,100.0
20260928,800333,11,100.0
20260928,800334,4820,99.98
20260928,800339,24,88.89
20260928,800340,41,80.39
20260928,800341,53,80.3
20260928,800342,4,80.0
20260928,800367,30,96.77
20260928,800385,26,92.86
20260928,800386,16,76.19
20260928,800428,217,100.0
20260928,800434,34,97.14
20260928,800435,152,100.0
20260928,800437,4,100.0
20260928,800438,19,100.0
20260928,800439,1,100.0
20260928,800441,47661,97.72
20260928,500002,6517,57.89
20260928,500003,25116,51.21
20260928,500008,45986,62.96
20260928,500009,9414,100.0
20260928,500012,80044,76.12
20260928,500013,5000,100.0
20260928,500014,3660,67.85
20260928,500016,2333,100.0
20260928,500020,13206,73.22
20260928,500023,2262,87.1
20260928,500027,614,50.04
20260928,500028,19331,68.17
20260928,500031,6512,51.77
20260928,500032,396439,48.02
20260928,500033,1133,46.0
20260928,500034,104374,58.59
20260928,500038,49006,32.8
20260928,500039,3077,65.19
20260928,500040,45960,78.66
20260928,500041,18,54.55
20260928,500042,330,63.71
20260928,500043,4286,50.08
20260928,500048,5622,40.45
20260928,500049,194585,46.84
20260928,500051,38099,100.0
20260928,500052,31985,50.69
20260928,500058,18890,99.67
20260928,500059,1178,100.0
20260928,500060,14689,44.41
20260928,500067,24170,40.11
20260928,500068,20,100.0
20260928,500069,35,100.0
20260928,500074,15510,61.73
20260928,500078,5714,74.39
20260928,500083,32038,96.23
20260928,500084,70884,69.14
20260928,500085,11970,64.34
20260928,500086,30061,47.44
20260928,500087,4376,33.15
20260928,500089,67,88.16
20260928,500092,3589,53.71
20260928,500093,170300,76.21
20260928,500096,28574,54.53
20260928,500097,12768,38.8
20260928,500101,5821,46.5
20260928,500103,264094,55.02
20260928,500104,275685,64.32
20260928,500106,774946,34.84
20260928,500108,38748,35.74
20260928,500109,605878,40.14
20260928,500110,32161,27.9
20260928,500112,1020772,87.47
20260928,500113,131574,33.36
20260928,500114,5565,35.82
20260928,500116,604257,39.45
20260928,500117,67610,60.77
20260928,500119,20440,40.31
20260928,500120,766,99.74
20260928,500123,141,64.09
20260928,500124,101511,55.88
20260928,500125,14787,41.98
20260928,500126,133,50.96
20260928,500128,166126,45.61
20260928,500133,36,56.25
20260928,500135,59579,67.41
20260928,500136,2071,78.78
20260928,500142,616,100.0
20260928,500143,13784,100.0
20260928,500144,7881,34.31
20260928,500147,220,60.94
20260928,500148,1343,52.52
20260928,500150,10727,97.95
20260928,500151,2578,100.0
20260928,500153,33225,100.0
20260928,500159,1068,99.26
20260928,500160,44912,72.9
20260928,500163,5415,39.4
20260928,500164,3040,48.91
20260928,500165,10587,54.91
20260928,500166,4273,74.99
20260928,500168,1076,96.07
20260928,500170,535,97.81
20260928,500171,3396,64.35
20260928,500173,4255,86.01
20260928,500174,1458,100.0
20260928,500178,605,100.0
20260928,500179,51000,84.15
20260928,500180,900872,63.2
20260928,500182,2649,44.31
20260928,500183,960871,100.0
20260928,500184,55565,61.48
20260928,500185,424565,47.75
20260928,500186,23255,62.82
20260928,500187,4963,39.28
20260928,500188,51100,44.3
20260928,500189,937,100.0
20260928,500191,3435,100.0
20260928,500192,3079,87.25
20260928,500193,16420,83.76
20260928,500199,3569,69.23
20260928,500201,28627,44.23
20260928,500202,681,100.0
20260928,500206,527,55.3
20260928,500207,41252,42.92
20260928,500209,357056,56.72
20260928,500210,394,58.03
20260928,500213,232,50.22
20260928,500214,5108,54.24
20260928,500215,1236,94.5
20260928,500219,112441,53.06
20260928,500220,236,100.0
20260928,500227,1019,70.13
20260928,500228,12630,45.33
20260928,500233,1567,54.28
20260928,500234,214,53.1
20260928,500235,4015,54.63
20260928,500236,481,100.0
20260928,500238,112307,27.23
20260928,500239,449,99.78
20260928,500240,46348,100.0
20260928,500241,2685,56.21
20260928,500243,153,75.74
20260928,500245,2614,72.51
20260928,500246,226,100.0
20260928,500247,4559516,95.47
20260928,500249,1776,58.83
20260928,500250,510,58.69
20260928,500251,23026,68.8
20260928,500252,260,73.86
20260928,500253,54116,59.71
20260928,500257,4023,55.15
20260928,500259,1301,100.0
20260928,500260,1619,52.11
20260928,500262,1330,98.23
20260928,500264,8237,89.87
20260928,500265,4647,53.1
20260928,500266,65,57.52
20260928,500267,238,100.0
20260928,500268,36065,34.26
20260928,500270,1054,98.23
20260928,500271,4567,42.28
20260928,500277,20469,98.06
20260928,500279,53174,83.79
20260928,500280,1944,68.02
20260928,500282,66,100.0
20260928,500284,7894,74.68
20260928,500285,2769987,62.55
20260928,500288,633563,44.58
20260928,500290,52,65.82
20260928,500292,9278,66.94
20260928,500294,141024,60.29
20260928,500295,156434,49.94
20260928,500296,862,95.46
20260928,500298,218,70.1
20260928,500300,1746,33.35
20260928,500304,11360,76.45
20260928,500306,28307,39.41
20260928,500307,176,93.62
20260928,500312,347223,70.0
20260928,500313,3142,100.0
20260928,500314,2593,69.84
20260928,500317,1337,99.85
20260928,500319,2741,83.36
20260928,500322,80,100.0
20260928,500325,666375,69.23
20260928,500327,1868,98.89
20260928,500330,113499,37.81
20260928,500331,7863,55.71
20260928,500333,416,67.53
20260928,500335,678,61.14
20260928,500336,9489,65.5
20260928,500337,659,74.46
20260928,500338,10624,57.5
20260928,500339,29654,36.11
20260928,500342,669,98.67
20260928,500343,1094,96.13
20260928,500346,277,95.52
20260928,500350,11255,94.8
20260928,500354,3940,70.99
20260928,500355,16567,73.13
20260928,500356,2825,84.81
20260928,500357,1033,100.0
20260928,500358,825,100.0
20260928,500360,27279,100.0
20260928,500365,22573,55.19
20260928,500367,3133,18.99
20260928,500368,36681,44.72
20260928,500370,29,87.88
20260928,500371,6402,100.0
20260928,500378,49013,63.35
20260928,500380,6885,76.22
20260928,500387,91,33.33
20260928,500390,48027,100.0
20260928,500399,1747,100.0
20260928,500400,253348,77.73
20260928,500402,7093,64.71
20260928,500403,4012,63.62
20260928,500404,164269,51.72
20260928,500405,3277,52.99
20260928,500407,1147,88.37
20260928,500408,6216,47.01
20260928,500410,8460,65.59
20260928,500411,23554,91.22
20260928,500412,14940,71.3
20260928,500413,7159,42.71
20260928,500414,29185,54.91
20260928,500418,312,100.0
20260928,500420,1076,28.38
20260928,500421,114709,100.0
20260928,500422,12319,100.0
20260928,500425,90098,55.18
20260928,500426,21817,94.77
20260928,500429,1425,99.79
20260928,500439,13,100.0
20260928,500440,35530,40.81
20260928,500444,4480,43.87
20260928,500449,133536,58.25
20260928,500450,7,100.0
20260928,500456,55184,81.81
20260928,500458,4418,79.18
20260928,500459,1311,65.91
20260928,500460,73907,58.32
20260928,500463,20305,42.23
20260928,500464,1726,100.0
20260928,500467,335,82.72
20260928,500469,64587,44.29
20260928,500470,270975,41.64
20260928,500472,1891,70.17
20260928,500477,4775583,94.17
20260928,500480,105617,94.13
20260928,500483,3158,49.17
20260928,500488,244,56.88
20260928,500490,152,57.79
20260928,500493,29214,72.02
20260928,500495,5360,67.48
20260928,500500,428141,79.53
20260928,500510,72005,71.87
20260928,500520,41119,60.41
20260928,500530,296,73.82
20260928,500540,274,100.0
20260928,500547,29272,49.45
20260928,500550,6789,71.37
20260928,500570,552651,69.98
20260928,500575,21402,39.74
20260928,500620,75730,34.23
20260928,500645,6724,53.18
20260928,500650,239,67.13
20260928,500655,768,48.24
20260928,500660,4747,33.65
20260928,500670,18716,41.65
20260928,500672,1438,33.34
20260928,500674,690,12.79
20260928,500680,3520,78.17
20260928,500690,42066,77.12
20260928,500696,45154,67.19
20260928,500710,983,46.19
20260928,500730,46737,59.0
20260928,500770,42089,38.86
20260928,500777,50485,43.97
20260928,500780,2743,65.14
20260928,500790,13649,61.47
20260928,500800,428654,93.1
20260928,500820,15547,56.32
20260928,500825,7689,72.99
20260928,500830,3832,62.01
20260928,500840,16064,72.35
20260928,500850,27130,66.82
20260928,500870,620820,80.41
20260928,500875,297310,57.14
20260928,500877,23209,67.67
20260928,500878,2211,44.66
20260928,500890,356,98.61
20260928,500940,24222,49.11
20260928,501148,3,100.0
20260928,501150,7191,42.17
20260928,501151,6,100.0
20260928,501242,2709,97.83
20260928,501261,605316,100.0
20260928,501270,3,100.0
20260928,501295,7859,91.5
20260928,501298,80,91.95
20260928,501301,12000,32.65
20260928,501311,1,100.0
20260928,501314,71050,96.02
20260928,501343,9,100.0
20260928,501351,1,100.0
20260928,501370,312,95.41
20260928,501391,182,100.0
20260928,501421,106,96.36
20260928,501423,4000,49.1
20260928,501425,1930,54.47
20260928,501430,28,93.33
20260928,501455,59286,36.09
20260928,501477,4,100.0
20260928,501622,10,100.0
20260928,501700,35474,58.51
20260928,501831,6277,92.55
20260928,501833,4562,83.42
20260928,501848,50201,60.1
20260928,501945,31067,100.0
20260928,502015,9702,90.7
20260928,502090,671,87.6
20260928,502137,973,93.11
20260928,502157,1047,72.71
20260928,502168,2270,92.05
20260928,502175,10256,65.68
20260928,502180,1466,77.81
20260928,502219,20495,52.34
20260928,502250,68,100.0
20260928,502271,2123,100.0
20260928,502281,3328,100.0
20260928,502294,3,60.0
20260928,502330,12582,79.51
20260928,502355,1495,63.05
20260928,502420,11520,88.53
20260928,502445,2465,72.86
20260928,502448,21990,100.0
20260928,502450,1240,94.44
20260928,502587,1352,99.93
20260928,502865,8232,88.85
20260928,502873,239,97.55
20260928,502893,357,92.97
20260928,502901,1234,85.69
20260928,502937,165456,79.26
20260928,502958,0,0.0
20260928,502986,8450,51.88
20260928,503031,7489,87.58
20260928,503092,531,100.0
20260928,503100,1829,42.46
20260928,503101,1631,61.09
20260928,503162,142,85.03
20260928,503169,1490,66.61
20260928,503229,5,100.0
20260928,503310,6405,51.47
20260928,503349,82,100.0
20260928,503624,373,90.75
20260928,503635,1039,100.0
20260928,503639,1521,100.0
20260928,503641,73972,79.47
20260928,503657,12124,86.36
20260928,503659,24,100.0
20260928,503663,746215,68.69
20260928,503675,91223,86.04
20260928,503685,222,100.0
20260928,503722,802,99.75
20260928,503804,540,100.0
20260928,503806,1618,60.31
20260928,503811,1028,66.28
20260928,503816,2618,79.87
20260928,503837,858,100.0
20260928,503863,18,100.0
20260928,503960,1036,62.71
20260928,504000,1789,88.35
20260928,504028,57555,100.0
20260928,504036,3704,85.68
20260928,504058,183,91.96
20260928,504067,76338,44.02
20260928,504076,25571,88.62
20260928,504080,6,100.0
20260928,504084,471,58.08
20260928,504092,810,59.04
20260928,504093,1818,89.42
20260928,504112,8023,52.28
20260928,504132,291,74.42
20260928,504176,3237,68.31
20260928,504180,2513,83.63
20260928,504212,4290,58.03
20260928,504220,1048,65.38
20260928,504240,15958,100.0
20260928,504258,749,95.41
20260928,504273,17477,100.0
20260928,504286,173,77.23
20260928,504340,7769,100.0
20260928,504341,2794,62.02
20260928,504351,1205831,100.0
20260928,504369,16327,100.0
20260928,504378,58470,82.7
20260928,504380,631,69.49
20260928,504392,6411,100.0
20260928,504397,200,100.0
20260928,504398,14423,100.0
20260928,504605,248,80.52
20260928,504614,20160,51.15
20260928,504646,3414,100.0
20260928,504648,79,87.78
20260928,504697,190,100.0
20260928,504731,9134,68.95
20260928,504741,1350,64.9
20260928,504746,4852,81.42
20260928,504786,2171,100.0
20260928,504810,231,100.0
20260928,504840,27,100.0
20260928,504879,1695,84.67
20260928,504882,4492,83.63
20260928,504903,36182,100.0
20260928,504908,198,78.88
20260928,504918,20639,48.21
20260928,504959,53,77.94
20260928,504973,2539,36.38
20260928,504988,12,100.0
20260928,505010,65,73.86
20260928,505029,535,90.37
20260928,505032,250,100.0
20260928,505036,367,88.01
20260928,505075,13542,100.0
20260928,505160,27825,73.33
20260928,505163,89,76.72
20260928,505192,2204,55.17
20260928,505196,2117,100.0
20260928,505200,12770,85.6
20260928,505212,92,100.0
20260928,505216,7,100.0
20260928,505232,46,100.0
20260928,505242,595,41.06
20260928,505250,335,100.0
20260928,505255,3930,53.27
20260928,505283,5982,56.58
20260928,505299,1248,86.49
20260928,505302,112,98.25
20260928,505324,429,100.0
20260928,505336,2979629,100.0
20260928,505343,772799,68.24
20260928,505355,20747,87.75
20260928,505358,3639,70.1
20260928,505368,145,80.56
20260928,505400,9630,92.9
20260928,505412,140,62.78
20260928,505502,23487,100.0
20260928,505504,4900,100.0
20260928,505509,8288,33.52
20260928,505515,29806,70.92
20260928,505523,510884,72.23
20260928,505526,8963,98.78
20260928,505533,6803,59.94
20260928,505537,966862,66.04
20260928,505590,3174,100.0
20260928,505650,409,86.29
20260928,505681,529,80.76
20260928,505685,3,100.0
20260928,505688,870,100.0
20260928,505690,235,87.04
20260928,505693,64363,80.96
20260928,505700,118722,28.84
20260928,505703,94,100.0
20260928,505710,70181,66.37
20260928,505712,7945,100.0
20260928,505714,4516,31.5
20260928,505720,4238,79.6
20260928,505725,116526,22.96
20260928,505726,1255,72.59
20260928,505729,14969,90.58
20260928,505737,2912,93.87
20260928,505744,8857,68.14
20260928,505750,3249,83.5
20260928,505790,588,50.56
20260928,505797,4409,89.49
20260928,505800,492,77.85
20260928,505827,1669,90.22
20260928,505840,3384,100.0
20260928,505850,567,98.44
20260928,505854,3794,93.47
20260928,505872,2998,61.18
20260928,505890,831,61.33
20260928,505893,1453,60.92
20260928,505978,27,61.36
20260928,506003,13436,69.81
20260928,506022,9463,56.46
20260928,506074,20463,100.0
20260928,506076,188,55.79
20260928,506105,23,95.83
20260928,506109,11450,37.98
20260928,506122,265734,100.0
20260928,506128,2017,73.21
20260928,506134,3299,100.0
20260928,506146,8086,74.9
20260928,506166,3378,79.78
20260928,506180,1,100.0
20260928,506184,28020,53.12
20260928,506186,3720,61.31
20260928,506194,559,70.14
20260928,506196,1,100.0
20260928,506197,239058,100.0
20260928,506222,392,71.53
20260928,506235,41428,57.56
20260928,506248,120,92.31
20260928,506260,4417,50.01
20260928,506261,9630,100.0
20260928,506285,8067,91.11
20260928,506365,107,93.86
20260928,506373,62,100.0
20260928,506390,91,100.0
20260928,506395,3593,63.66
20260928,506401,8708,52.64
20260928,506405,6167,60.1
20260928,506414,24205,49.46
20260928,506480,7637,60.84
20260928,506520,25003,82.52
20260928,506525,20930,100.0
20260928,506528,955,100.0
20260928,506532,250,96.9
20260928,506543,49,100.0
20260928,506579,2489,79.72
20260928,506590,21158,33.42
20260928,506597,4573,55.62
20260928,506605,17,54.84
20260928,506618,75,93.75
20260928,506640,8,100.0
20260928,506642,830387,100.0
20260928,506655,3185,51.21
20260928,506680,523,83.41
20260928,506685,4399,55.44
20260928,506687,354,100.0
20260928,506690,5811,48.42
20260928,506734,4,100.0
20260928,506767,2295,71.12
20260928,506808,1490,66.05
20260928,506820,617,67.65
20260928,506852,220615,45.77
20260928,506854,5561,48.58
20260928,506858,242,92.37
20260928,506863,1784,87.32
20260928,506879,15465,60.8
20260928,506906,1134,100.0
20260928,506919,1007,100.0
20260928,506935,28,100.0
20260928,506947,1021,100.0
20260928,506979,47,100.0
20260928,506981,644,96.26
20260928,507155,4134,70.92
20260928,507180,4239,100.0
20260928,507205,16903,52.25
20260928,507265,404,100.0
20260928,507300,19,73.08
20260928,507315,23187,71.88
20260928,507410,24529,66.14
20260928,507438,28,100.0
20260928,507474,563,62.21
20260928,507488,1506,48.12
20260928,507490,10870,49.47
20260928,507498,1846,54.79
20260928,507514,718283,48.78
20260928,507526,1081,71.83
20260928,507552,8552,86.05
20260928,507580,1775,100.0
20260928,507598,3356,80.0
20260928,507609,38,100.0
20260928,507621,6188,64.07
20260928,507645,2,100.0
20260928,507685,595387,64.29
20260928,507690,1519,94.64
20260928,507717,728,76.07
20260928,507747,1059,64.57
20260928,507753,82632,35.68
20260928,507759,1802,84.72
20260928,507779,1494,73.42
20260928,507785,50,100.0
20260928,507789,16142,45.44
20260928,507794,23447,71.24
20260928,507813,2492,89.26
20260928,507815,455,64.91
20260928,507828,56618,87.04
20260928,507833,4441,77.88
20260928,507836,147,99.32
20260928,507872,13219,100.0
20260928,507878,575617,76.76
20260928,507880,6301,77.18
20260928,507910,1669,92.77
20260928,507912,5464,65.78
20260928,507917,300,100.0
20260928,507944,5664,81.39
20260928,507946,282,55.51
20260928,507948,440,89.25
20260928,507960,1217,79.8
20260928,507962,1181,100.0
20260928,507966,100,100.0
20260928,507968,292,93.59
20260928,507970,46,100.0
20260928,507981,1166,83.29
20260928,507984,413,100.0
20260928,507998,3872,83.65
20260928,508486,57,59.38
20260928,508494,236,98.74
20260928,508664,190,100.0
20260928,508807,466,100.0
20260928,508814,2399,83.56
20260928,508860,15964,100.0
20260928,508867,1251,100.0
20260928,508869,53707,91.57
20260928,508875,249,100.0
20260928,508905,2820,72.31
20260928,508906,708,100.0
20260928,508918,21040,87.65
20260928,508922,148679,100.0
20260928,508933,1058,62.13
20260928,508941,1700,96.7
20260928,508954,1624,84.98
20260928,508956,3178,92.17
20260928,508961,14,100.0
20260928,508963,5,100.0
20260928,508969,8465,82.26
20260928,508980,74184,100.0
20260928,508989,1769,68.65
20260928,509009,611,87.16
20260928,509015,43,100.0
20260928,509020,5545,93.81
20260928,509024,6109,74.84
20260928,509026,25,100.0
20260928,509038,52,100.0
20260928,509040,574,97.12
20260928,509046,12,100.0
20260928,509048,11261,100.0
20260928,509051,1576865,73.99
20260928,509053,8637,74.37
20260928,509055,20053,100.0
20260928,509069,55,100.0
20260928,509073,81,100.0
20260928,509079,1870,69.54
20260928,509084,9,100.0
20260928,509152,38,52.05
20260928,509162,21324,100.0
20260928,509196,1802,90.83
20260928,509220,6326,89.74
20260928,509243,703,83.69
20260928,509438,86,97.73
20260928,509449,318,94.08
20260928,509470,12,85.71
20260928,509472,151,86.78
20260928,509480,8201,60.56
20260928,509486,185,100.0
20260928,509488,48818,45.07
20260928,509496,13642,75.01
20260928,509525,856,88.07
20260928,509546,1121,100.0
20260928,509557,3057,79.14
20260928,509563,4559,82.35
20260928,509567,378,77.94
20260928,509597,34,66.67
20260928,509631,28764,49.88
20260928,509635,356,91.05
20260928,509675,505,67.15
20260928,509692,2961,98.8
20260928,509709,15776,98.7
20260928,509715,777,95.57
20260928,509732,2245,82.05
20260928,509760,2,100.0
20260928,509762,2972,100.0
20260928,509820,2106,80.17
20260928,509835,1744,77.44
20260928,509874,18487,100.0
20260928,509895,304,92.12
20260928,509930,52299,93.91
20260928,509953,24,100.0
20260928,509960,27,100.0
20260928,509966,8841,75.71
20260928,510245,19085,80.88
20260928,511000,8966,97.29
20260928,511012,326863,100.0
20260928,511016,4177,100.0
20260928,511018,34475,69.52
20260928,511034,241846,40.28
20260928,511066,394,78.17
20260928,511076,8785,51.44
20260928,511092,2082,100.0
20260928,511108,1026,100.0
20260928,511110,300,100.0
20260928,511116,507338,100.0
20260928,511122,471,91.81
20260928,511144,1564,100.0
20260928,511147,867,96.23
20260928,511153,1342,100.0
20260928,511169,649,100.0
20260928,511187,123,100.0
20260928,511194,37,100.0
20260928,511196,5064,62.03
20260928,511208,21112,82.99
20260928,511218,56644,47.05
20260928,511243,4274,40.37
20260928,511246,2,100.0
20260928,511260,2540,90.78
20260928,511333,106,100.0
20260928,511355,32977,100.0
20260928,511359,1565,97.14
20260928,511377,120,100.0
20260928,511391,13,100.0
20260928,511401,55,100.0
20260928,511411,3262,99.91
20260928,511431,101940,77.67
20260928,511447,5025673,47.4
20260928,511463,7070,73.39
20260928,511473,1313,69.32
20260928,511493,4653,100.0
20260928,511501,2431,48.52
20260928,511505,416,100.0
20260928,511509,2840,70.89
20260928,511523,46377,100.0
20260928,511525,68171,88.64
20260928,511533,1,50.0
20260928,511543,450,100.0
20260928,511549,264,93.62
20260928,511551,535,73.79
20260928,511557,391117,100.0
20260928,511559,3,100.0
20260928,511571,1510,99.08
20260928,511577,46348,85.6
20260928,511589,4498,97.55
20260928,511593,248,93.58
20260928,511601,1168,87.75
20260928,511605,12052,65.57
20260928,511609,172,100.0
20260928,511611,29,78.38
20260928,511626,313,100.0
20260928,511628,111813,46.29
20260928,511630,979,67.61
20260928,511634,23791,100.0
20260928,511644,926102,65.8
20260928,511654,6275,90.73
20260928,511658,174519,46.58
20260928,511660,78909,100.0
20260928,511664,7996,79.97
20260928,511672,22203,100.0
20260928,511676,508,98.83
20260928,511692,2747,98.71
20260928,511696,161,90.96
20260928,511700,7322488,48.07
20260928,511702,1113,100.0
20260928,511710,14267,100.0
20260928,511712,531,99.25
20260928,511714,291,94.48
20260928,511716,4442,100.0
20260928,511724,3916,92.69
20260928,511726,5768,100.0
20260928,511728,643,100.0
20260928,511734,3117,100.0
20260928,511738,50,100.0
20260928,511740,209,95.43
20260928,511742,39674,89.88
20260928,511754,731,83.35
20260928,511756,81,100.0
20260928,511758,140,73.68
20260928,511764,5315,80.13
20260928,511766,219,80.81
20260928,511768,998,50.94
20260928,512008,10492,82.15
20260928,512014,281,62.31
20260928,512018,25708,49.91
20260928,512020,1,100.0
20260928,512025,32340,23.47
20260928,512036,28,100.0
20260928,512038,10623,48.42
20260928,512047,85153,83.38
20260928,512048,26111,89.53
20260928,512062,406,100.0
20260928,512064,15,88.24
20260928,512065,937,100.0
20260928,512068,134341,47.47
20260928,512070,10171,49.97
20260928,512093,490763,100.0
20260928,512097,199997,91.73
20260928,512099,1,100.0
20260928,512103,11236,88.24
20260928,512109,1488,100.0
20260928,512115,31707,65.92
20260928,512131,2513,100.0
20260928,512149,5273131,71.33
20260928,512161,2026,92.94
20260928,512165,684,76.17
20260928,512169,182556,100.0
20260928,512175,3601,69.53
20260928,512179,16299,74.09
20260928,512197,552,100.0
20260928,512217,2106,99.01
20260928,512229,1622,100.0
20260928,512233,1,100.0
20260928,512237,9480,73.19
20260928,512247,37099,81.98
20260928,512257,20246,81.39
20260928,512267,14539,75.74
20260928,512277,1517,74.22
20260928,512296,10307,55.16
20260928,512297,17794,100.0
20260928,512301,5600,100.0
20260928,512329,10730,49.41
20260928,512345,2,100.0
20260928,512359,737266,100.0
20260928,512361,184251,82.7
20260928,512379,256640,100.0
20260928,512381,7345,94.92
20260928,512393,1521,100.0
20260928,512399,9610,65.06
20260928,512405,105,100.0
20260928,512415,21921,96.51
20260928,512437,229,100.0
20260928,512441,3910477,69.11
20260928,512443,52494,98.68
20260928,512453,209,81.64
20260928,512455,9952,61.23
20260928,512463,134447,49.26
20260928,512481,11190,100.0
20260928,512489,23866,100.0
20260928,512493,114,88.37
20260928,512499,2389508,100.0
20260928,512519,846,91.86
20260928,512527,90,100.0
20260928,512529,56989,61.84
20260928,512531,2258,65.49
20260928,512559,7642,53.3
20260928,512565,589,99.83
20260928,512573,16109,54.75
20260928,512587,4251,92.76
20260928,512589,72901,81.24
20260928,512591,1404218,65.03
20260928,512595,2731,62.62
20260928,512597,17,100.0
20260928,512599,20966,40.41
20260928,512600,11388,80.07
20260928,512608,20414,83.45
20260928,512618,894,100.0
20260928,512624,27776,65.74
20260928,512626,235,81.31
20260928,512634,1415,100.0
20260928,513005,2543,96.62
20260928,513023,7549,63.92
20260928,513043,5209,91.24
20260928,513059,11830,100.0
20260928,513063,121,100.0
20260928,513097,8257,59.66
20260928,513108,1113,87.57
20260928,513117,544,75.45
20260928,513119,198522,76.4
20260928,513121,7096,74.56
20260928,513149,137,100.0
20260928,513173,808,88.31
20260928,513228,47054,53.16
20260928,513250,391783,65.06
20260928,513252,57,85.07
20260928,513262,52247,43.31
20260928,513269,28595,30.72
20260928,513295,515,59.26
20260928,513303,1021,56.56
20260928,513307,6782,75.16
20260928,513337,1659812,76.83
20260928,513343,700,100.0
20260928,513349,22477,80.66
20260928,513353,8442,67.11
20260928,513361,131736,82.89
20260928,513369,5718,100.0
20260928,513375,5755,48.17
20260928,513377,75022,68.57
20260928,513397,60,100.0
20260928,513403,1946,100.0
20260928,513418,97562,100.0
20260928,513422,301,100.0
20260928,513430,10,100.0
20260928,513436,353,100.0
20260928,513456,169,89.42
20260928,513472,76556,65.82
20260928,513488,446,100.0
20260928,513496,2009,100.0
20260928,513498,1051,96.87
20260928,513502,65200,75.26
20260928,513509,609,100.0
20260928,513511,57,85.07
20260928,513513,1074,100.0
20260928,513517,9787,57.27
20260928,513519,4458,70.91
20260928,513528,6859,100.0
20260928,513532,2170,100.0
20260928,513536,225002,83.99
20260928,513540,400,100.0
20260928,513544,545,100.0
20260928,513548,285,100.0
20260928,513554,128,100.0
20260928,513566,5152,100.0
20260928,513575,5651,66.93
20260928,513599,176237,46.23
20260928,513629,1057,99.44
20260928,513642,201,59.29
20260928,513683,12238,43.35
20260928,513687,507,100.0
20260928,513693,7789,88.59
20260928,513699,6,54.55
20260928,513709,3969,92.43
20260928,513713,71571,84.43
20260928,513721,359,99.17
20260928,513729,481,90.58
20260928,514010,181012,100.0
20260928,514028,2362,93.69
20260928,514030,3330,65.01
20260928,514036,232,96.27
20260928,514043,57386,75.19
20260928,514045,11,100.0
20260928,514060,125976,100.0
20260928,514087,147,84.48
20260928,514113,561,100.0
20260928,514128,2,100.0
20260928,514138,34,94.44
20260928,514140,248,100.0
20260928,514142,10325,95.82
20260928,514162,226256,54.07
20260928,514165,32557,90.0
20260928,514167,1047,68.3
20260928,514171,829,66.32
20260928,514175,7692,89.6
20260928,514183,14813,62.59
20260928,514197,4681,95.05
20260928,514211,328559,60.46
20260928,514221,110177,100.0
20260928,514223,14044,100.0
20260928,514234,5075,71.47
20260928,514238,870,66.21
20260928,514240,1514,72.03
20260928,514248,100,100.0
20260928,514260,1547,100.0
20260928,514264,901,97.62
20260928,514266,5141,89.42
20260928,514272,565,88.14
20260928,514274,22024,92.31
20260928,514280,107,81.06
20260928,514286,3727,93.41
20260928,514300,383,100.0
20260928,514302,101,100.0
20260928,514312,494,32.96
20260928,514316,227,100.0
20260928,514318,227,77.21
20260928,514324,53,44.54
20260928,514326,2841,70.11
20260928,514330,4788,74.51
20260928,514332,3518,87.56
20260928,514336,3673,100.0
20260928,514354,28134,75.89
20260928,514360,49565,87.78
20260928,514378,4558,84.63
20260928,514386,825620,97.22
20260928,514400,215,100.0
20260928,514402,16137,93.06
20260928,514412,1,100.0
20260928,514414,583,100.0
20260928,514418,554,90.23
20260928,514428,342,79.17
20260928,514440,23487,63.46
20260928,514442,440,100.0
20260928,514448,2303,71.01
20260928,514450,3223,100.0
20260928,514454,1776,100.0
20260928,514470,62075,99.66
20260928,515008,38486,100.0
20260928,515018,246,100.0
20260928,515030,3541,52.07
20260928,515037,926,92.05
20260928,515043,5246,57.95
20260928,515055,29693,46.96
20260928,515085,1793,86.2
20260928,515093,1069,100.0
20260928,515147,49144,76.0
20260928,516003,718,93.37
20260928,516016,100,83.33
20260928,516020,2,100.0
20260928,516022,295,98.01
20260928,516030,11701,87.94
20260928,516032,47875,82.87
20260928,516038,5882,72.07
20260928,516062,97,100.0
20260928,516064,701,47.62
20260928,516072,1358,61.23
20260928,516078,1876,100.0
20260928,516082,4561,77.89
20260928,516092,116,100.0
20260928,516096,300,99.34
20260928,516098,1108,94.7
20260928,516106,3424,74.86
20260928,516108,3825,78.45
20260928,516110,83901,81.8
20260928,517015,1118,49.4
20260928,517035,31760,44.25
20260928,517041,1194,47.91
20260928,517044,5000,100.0
20260928,517059,1237,67.08
20260928,517063,4359,52.22
20260928,517096,877,45.65
20260928,517119,7788,66.59
20260928,517146,33527,52.34
20260928,517166,4197,100.0
20260928,517168,3209,71.6
20260928,517170,5525,79.5
20260928,517172,100,100.0
20260928,517174,90,62.94
20260928,517201,14461,100.0
20260928,517206,198,39.76
20260928,517214,11557,57.24
20260928,517230,70,100.0
20260928,517236,1152,93.13
20260928,517238,118,100.0
20260928,517246,92136,100.0
20260928,517258,631,100.0
20260928,517264,1472,81.1
20260928,517271,208261,43.39
20260928,517273,612,95.62
20260928,517286,174940,100.0
20260928,517288,1763,98.55
20260928,517300,11725,51.92
20260928,517320,32492,100.0
20260928,517330,16754,100.0
20260928,517334,139654,48.28
20260928,517336,300,100.0
20260928,517344,890,84.92
20260928,517354,272824,94.6
20260928,517356,58058,100.0
20260928,517360,4120,96.53
20260928,517370,63,100.0
20260928,517372,4325,85.49
20260928,517380,683,63.95
20260928,517385,6010,47.2
20260928,517393,279516,100.0
20260928,517397,307,78.52
20260928,517399,89521,99.88
20260928,517411,471,99.58
20260928,517415,1412,100.0
20260928,517417,14618,71.58
20260928,517421,992,94.75
20260928,517423,50,100.0
20260928,517429,219,100.0
20260928,517431,28411,89.95
20260928,517447,639,77.27
20260928,517449,1417,80.42
20260928,517467,38047,51.08
20260928,517477,1738,87.87
20260928,517494,5945,60.68
20260928,517498,99976,55.4
20260928,517500,19351,75.16
20260928,517506,1815,64.78
20260928,517514,3847,66.02
20260928,517522,1878,67.94
20260928,517530,6919,93.15
20260928,517536,1305,84.69
20260928,517544,5051,74.01
20260928,517546,31484,42.23
20260928,517554,3472969,100.0
20260928,517556,116522,64.38
20260928,517562,5733,71.09
20260928,517564,242,100.0
20260928,517569,6122,46.98
20260928,518011,2,50.0
20260928,518053,1244,75.81
20260928,518075,1747,100.0
20260928,518091,11,100.0
20260928,519003,138,99.28
20260928,519014,500,100.0
20260928,519031,623,100.0
20260928,519091,104,64.6
20260928,519097,3856,100.0
20260928,519105,28198,61.13
20260928,519126,829,65.9
20260928,519136,384,98.46
20260928,519152,18,100.0
20260928,519156,66,55.0
20260928,519183,902,49.92
20260928,519191,9394,100.0
20260928,519214,2715,100.0
20260928,519216,53296,78.19
20260928,519224,15,100.0
20260928,519230,1513,48.34
20260928,519234,21,41.18
20260928,519238,1753,100.0
20260928,519242,1586,100.0
20260928,519260,156,100.0
20260928,519262,117,100.0
20260928,519285,19,100.0
20260928,519287,16554,100.0
20260928,519295,280,92.11
20260928,519299,13289,100.0
20260928,519307,66098,100.0
20260928,519331,1550,83.56
20260928,519359,42,100.0
20260928,519367,50,84.75
20260928,519383,617,98.41
20260928,519397,17070,95.93
20260928,519421,1976,77.01
20260928,519457,5,100.0
20260928,519463,4188,91.3
20260928,519471,356,100.0
20260928,519475,220,100.0
20260928,519477,15432,50.2
20260928,519479,2233,88.16
20260928,519483,588,89.36
20260928,519494,5,100.0
20260928,519500,709,99.86
20260928,519506,200,100.0
20260928,519528,10,100.0
20260928,519532,5381,99.52
20260928,519552,9152,57.06
20260928,519566,241,91.29
20260928,519574,796,100.0
20260928,519600,2085,54.09
20260928,519602,122968,76.81
20260928,519604,401,100.0
20260928,519606,17318,100.0
20260928,519612,1832,96.07
20260928,520008,14960,42.68
20260928,520021,4454,72.13
20260928,520043,1700,64.98
20260928,520051,157731,60.55
20260928,520056,123,61.5
20260928,520057,2788,78.23
20260928,520059,14593,68.07
20260928,520066,37639,71.13
20260928,520073,1107,68.38
20260928,520075,1026,92.77
20260928,520081,200,100.0
20260928,520086,6840,100.0
20260928,520111,606,48.64
20260928,520113,2133,49.57
20260928,520119,420,72.92
20260928,520121,4186,98.82
20260928,520123,229,81.49
20260928,520127,5973,98.84
20260928,520141,4428,92.67
20260928,520151,43,100.0
20260928,520155,670,75.88
20260928,521005,1790715,69.24
20260928,521016,2834,26.11
20260928,521018,1438,80.56
20260928,521034,125,100.0
20260928,521036,200,100.0
20260928,521048,350,100.0
20260928,521054,602,70.08
20260928,521062,1835,85.15
20260928,521064,72359,65.78
20260928,521070,667607,63.78
20260928,521080,756,100.0
20260928,521097,114,100.0
20260928,521105,569,51.45
20260928,521109,6328,87.11
20260928,521113,7537,58.54
20260928,521131,1003,73.32
20260928,521137,31840,100.0
20260928,521141,791,84.69
20260928,521149,702,67.37
20260928,521151,1,100.0
20260928,521163,1046,92.24
20260928,521167,1598,100.0
20260928,521178,4711,86.97
20260928,521180,4688,100.0
20260928,521188,6280,100.0
20260928,521194,10,100.0
20260928,521200,150,100.0
20260928,521206,10447,78.95
20260928,521210,111,100.0
20260928,521216,1205,100.0
20260928,521220,4811,100.0
20260928,521222,2,100.0
20260928,521226,113,100.0
20260928,521228,50367,79.68
20260928,521234,44,97.78
20260928,521238,12988,39.67
20260928,521240,175,98.87
20260928,521242,7800,100.0
20260928,521244,340,100.0
20260928,521246,17765,96.17
20260928,521248,16508,47.52
20260928,522001,2458,100.0
20260928,522004,8234,81.82
20260928,522005,4446,78.55
20260928,522014,5440,77.57
20260928,522017,1994,78.91
20260928,522027,92,100.0
20260928,522029,1805,90.98
20260928,522034,1787,71.03
20260928,522036,71,100.0
20260928,522064,236,77.38
20260928,522073,2404,100.0
20260928,522074,2631,34.66
20260928,522091,3770,78.2
20260928,522101,16297,65.51
20260928,522105,13919,100.0
20260928,522108,572,60.85
20260928,522113,433,49.2
20260928,522122,32,80.0
20260928,522134,15728,93.37
20260928,522152,321,96.98
20260928,522163,40590,100.0
20260928,522165,4741,94.05
20260928,522171,100,100.0
20260928,522183,30,96.77
20260928,522195,11845,53.83
20260928,522205,14620,54.74
20260928,522209,6647,100.0
20260928,522215,11460,70.35
20260928,522217,6423,89.37
20260928,522229,15145,63.44
20260928,522231,16440,60.33
20260928,522235,62,100.0
20260928,522241,1275,53.28
20260928,522245,3369,100.0
20260928,522249,1074,59.77
20260928,522251,5743,80.03
20260928,522257,42853,100.0
20260928,522261,731,32.9
20260928,522267,57,98.28
20260928,522273,84,37.67
20260928,522275,7769,50.53
20260928,522281,8436,53.34
20260928,522285,34924,40.19
20260928,522287,6999,54.08
20260928,522289,867,86.61
20260928,522292,155,100.0
20260928,522294,5633,99.59
20260928,522295,574,67.85
20260928,522650,4527,67.64
20260928,523007,364,75.05
20260928,523019,5238,66.44
20260928,523021,6247,71.87
20260928,523023,506,100.0
20260928,523025,1986,70.7
20260928,523054,34,100.0
20260928,523062,556,100.0
20260928,523100,4603,74.88
20260928,523105,29060301,100.0
20260928,523116,13,100.0
20260928,523120,2311,100.0
20260928,523127,1721,67.54
20260928,523144,2944,100.0
20260928,523151,1638,100.0
20260928,523160,2336,77.02
20260928,523186,113,97.41
20260928,523204,597,100.0
20260928,523207,1935,94.81
20260928,523222,4940,100.0
20260928,523229,5464,61.99
20260928,523232,87,62.59
20260928,523242,8700,100.0
20260928,523248,1188,83.72
20260928,523261,2647,63.14
20260928,523269,1632,89.92
20260928,523277,1355670,72.91
20260928,523283,589,83.43
20260928,523289,6729,76.08
20260928,523301,406,74.77
20260928,523309,7301,84.05
20260928,523319,4318,50.15
20260928,523323,436,67.49
20260928,523329,11,100.0
20260928,523367,1319,61.95
20260928,523369,15106,66.22
20260928,523371,23605,50.33
20260928,523373,236373,65.2
20260928,523384,25,75.76
20260928,523385,2246,82.54
20260928,523387,266663,82.78
20260928,523391,688,74.14
20260928,523395,82,64.06
20260928,523398,1953,36.36
20260928,523405,93558,76.02
20260928,523411,619,100.0
20260928,523419,97529,93.73
20260928,523425,72,100.0
20260928,523445,2372,64.23
20260928,523449,3008,100.0
20260928,523457,1555,46.82
20260928,523465,228,67.46
20260928,523467,13152,100.0
20260928,523475,868,93.94
20260928,523483,1,100.0
20260928,523489,2508,100.0
20260928,523519,6267,100.0
20260928,523537,5335,100.0
20260928,523539,15360,41.99
20260928,523550,4913,98.75
20260928,523558,33133,100.0
20260928,523566,1100,99.1
20260928,523574,26821,100.0
20260928,523586,7280,86.71
20260928,523594,16,100.0
20260928,523598,29972,36.63
20260928,523606,1424,65.05
20260928,523610,14307,69.74
20260928,523618,2782,54.98
20260928,523620,104,100.0
20260928,523630,17399,62.92
20260928,523638,204,99.51
20260928,523642,2600,52.31
20260928,523648,3662,72.0
20260928,523650,13802,95.27
20260928,523652,3200,100.0
20260928,523660,2192,96.44
20260928,523672,4364,98.38
20260928,523676,834,86.88
20260928,523694,1885,74.68
20260928,523696,5806,83.3
20260928,523704,1856,66.21
20260928,523708,713,55.79
20260928,523712,201,100.0
20260928,523716,1503,79.44
20260928,523722,67680,99.83
20260928,523732,4080,99.37
20260928,523736,600,96.77
20260928,523752,19072,69.58
20260928,523754,665,94.33
20260928,523782,37271,86.03
20260928,523792,10242,100.0
20260928,523796,34530,100.0
20260928,523826,5087,82.92
20260928,523828,9071,66.23
20260928,523832,9189,80.14
20260928,523836,375,100.0
20260928,523838,1612,92.06
20260928,523840,7074,95.7
20260928,523842,1448,100.0
20260928,523844,10714,99.51
20260928,523850,1404,99.29
20260928,523862,972,99.59
20260928,523874,138338,100.0
20260928,523888,2197,15.36
20260928,523896,2360,100.0
20260928,524000,14697,25.36
20260928,524019,172,64.42
20260928,524037,2569,47.59
20260928,524038,264,100.0
20260928,524051,333,78.91
20260928,524075,84,82.35
20260928,524080,394,98.99
20260928,524091,3240,56.09
20260928,524109,19769,61.29
20260928,524129,1414,99.79
20260928,524136,873,100.0
20260928,524156,1127,100.0
20260928,524164,98931,53.42
20260928,524174,70145,62.13
20260928,524200,791,65.37
20260928,524202,10529,87.79
20260928,524204,7,35.0
20260928,524208,11653,66.36
20260928,524210,272,100.0
20260928,524212,4457,75.7
20260928,524218,27025,100.0
20260928,524226,18735,60.39
20260928,524230,78897,52.67
20260928,524238,354344,100.0
20260928,524280,27986,49.0
20260928,524288,11278,88.78
20260928,524314,5393,97.4
20260928,524322,140231,68.82
20260928,524324,656,100.0
20260928,524330,426,87.84
20260928,524332,25489,64.39
20260928,524336,15827,100.0
20260928,524342,203031,34.31
20260928,524348,7153,50.68
20260928,524370,37794,54.03
20260928,524372,2828,51.55
20260928,524394,4055,59.47
20260928,524396,2970,93.34
20260928,524400,2,100.0
20260928,524404,31526,30.17
20260928,524408,2827,81.35
20260928,524412,3943,98.35
20260928,524414,849,99.88
20260928,524434,5913,87.93
20260928,524440,8647,68.18
20260928,524444,8337609,76.31
20260928,524458,217,98.19
20260928,524470,1861030,47.12
20260928,524480,125,95.42
20260928,524488,643173,81.42
20260928,524494,1679,46.56
20260928,524500,2841,100.0
20260928,524502,400,100.0
20260928,524506,1216,100.0
20260928,524514,300,100.0
20260928,524516,30211,100.0
20260928,524518,13,86.67
20260928,524520,74315,40.49
20260928,524522,558,100.0
20260928,524534,747,81.11
20260928,524542,615,99.03
20260928,524548,441,98.22
20260928,524558,945,49.3
20260928,524564,6463,100.0
20260928,524570,255,71.63
20260928,524572,2569,86.06
20260928,524576,11544,83.97
20260928,524580,1000,99.01
20260928,524582,4201,60.93
20260928,524590,4104,100.0
20260928,524592,32743,100.0
20260928,524594,2107,92.9
20260928,524598,81,100.0
20260928,524602,4508,99.54
20260928,524606,3873,98.32
20260928,524614,4725,55.96
20260928,524622,10376,73.77
20260928,524624,343,99.71
20260928,524628,100,100.0
20260928,524632,274965,34.54
20260928,524634,11044,66.29
20260928,524636,11355,100.0
20260928,524640,18425,100.0
20260928,524648,46282,44.66
20260928,524654,3717,100.0
20260928,524661,1889886,67.2
20260928,524663,250899,80.11
20260928,524667,10856,62.31
20260928,524669,96,89.72
20260928,524675,2020,95.06
20260928,524687,19506,81.83
20260928,524703,1083,99.91
20260928,524709,27174,62.54
20260928,524711,6802,80.0
20260928,524715,20848,52.74
20260928,524717,14379,68.45
20260928,524727,403,100.0
20260928,524731,563,97.57
20260928,524735,13126,37.06
20260928,524742,7247,51.78
20260928,524743,59831,67.26
20260928,524748,1141,99.91
20260928,524752,2825,100.0
20260928,524768,2884,96.23
20260928,524774,342,82.61
20260928,524790,2178,89.7
20260928,524804,11573,48.94
20260928,524808,1164,74.42
20260928,524816,42793,62.22
20260928,524818,1352,75.62
20260928,524820,4303,57.55
20260928,524824,2269,41.16
20260928,524828,377,57.65
20260928,526001,1286,83.72
20260928,526025,8458,88.52
20260928,526027,62620,51.32
20260928,526043,34,100.0
20260928,526071,2601,100.0
20260928,526073,4547,100.0
20260928,526075,6468,100.0
20260928,526081,4908,100.0
20260928,526095,168,100.0
20260928,526113,160,100.0
20260928,526115,100,100.0
20260928,526117,1,100.0
20260928,526125,3,100.0
20260928,526133,81,100.0
20260928,526137,1379,68.0
20260928,526139,27087,86.25
20260928,526143,6754,97.11
20260928,526159,5750,71.78
20260928,526169,3988,88.43
20260928,526173,51860,72.03
20260928,526179,605,85.82
20260928,526187,250,100.0
20260928,526193,11237,77.73
20260928,526211,3297,52.07
20260928,526227,154877,44.82
20260928,526231,5618,100.0
20260928,526237,854,98.73
20260928,526241,2686,100.0
20260928,526247,7601,79.02
20260928,526251,3845,87.95
20260928,526263,4926,100.0
20260928,526269,1678,84.24
20260928,526299,22755,76.45
20260928,526315,1071,100.0
20260928,526325,1,100.0
20260928,526331,220,100.0
20260928,526335,9666,75.9
20260928,526345,1555,89.94
20260928,526355,97,100.0
20260928,526365,3615,95.84
20260928,526367,1185,60.61
20260928,526371,902080,59.06
20260928,526373,145,88.41
20260928,526381,11892,67.33
20260928,526397,1263,100.0
20260928,526407,4270,52.09
20260928,526409,24834,86.16
20260928,526415,140926,67.38
20260928,526423,3242,86.15
20260928,526433,11438,48.09
20260928,526435,2065,98.8
20260928,526439,900,100.0
20260928,526441,7036,93.06
20260928,526443,28683,78.43
20260928,526445,47198,100.0
20260928,526468,1222,100.0
20260928,526471,4583,72.0
20260928,526473,28220,100.0
20260928,526479,2826,94.8
20260928,526481,5695,76.06
20260928,526488,1826,100.0
20260928,526490,70160,73.83
20260928,526492,5081,76.23
20260928,526494,93,100.0
20260928,526500,179,100.0
20260928,526504,32850,100.0
20260928,526506,3299,100.0
20260928,526508,1548,74.85
20260928,526519,2388,100.0
20260928,526525,115,53.49
20260928,526530,25335,100.0
20260928,526532,716,100.0
20260928,526544,12415,91.18
20260928,526546,522,100.0
20260928,526550,3468,99.51
20260928,526570,47628,62.75
20260928,526574,1,100.0
20260928,526582,3282,79.62
20260928,526588,3013,100.0
20260928,526596,1960,82.01
20260928,526604,5396,100.0
20260928,526608,1974,53.61
20260928,526612,135,55.33
20260928,526614,7949,100.0
20260928,526616,1403,89.76
20260928,526622,399328,63.2
20260928,526638,32139,71.9
20260928,526640,21,100.0
20260928,526642,3434,94.34
20260928,526650,201136,33.06
20260928,526654,50,100.0
20260928,526662,50,50.0
20260928,526666,449,82.08
20260928,526668,791,54.33
20260928,526675,19822,87.03
20260928,526677,1984,99.7
20260928,526703,1513,96.49
20260928,526705,470,80.62
20260928,526709,34324,83.26
20260928,526711,3322,99.46
20260928,526717,3566,100.0
20260928,526721,499,100.0
20260928,526723,193,97.97
20260928,526725,4,57.14
20260928,526727,2431,82.86
20260928,526729,14185,67.78
20260928,526731,3536,83.73
20260928,526739,2774,72.75
20260928,526747,52224,98.91
20260928,526755,12443,96.03
20260928,526761,650,100.0
20260928,526775,8843,59.04
20260928,526783,51,57.3
20260928,526797,3156,67.34
20260928,526807,493,40.21
20260928,526813,201,90.95
20260928,526817,116,94.31
20260928,526821,9,100.0
20260928,526823,6394,100.0
20260928,526827,10566,79.87
20260928,526829,125351,62.54
20260928,526839,189,100.0
20260928,526841,399679,70.7
20260928,526847,143,91.08
20260928,526849,687,94.24
20260928,526853,144,100.0
20260928,526859,23297,97.55
20260928,526861,37165,92.71
20260928,526869,100,100.0
20260928,526871,2468,81.61
20260928,526873,25807,100.0
20260928,526877,10,100.0
20260928,526881,5543,55.12
20260928,526883,252,100.0
20260928,526885,2471,84.8
20260928,526891,10,100.0
20260928,526899,52609,89.77
20260928,526901,315,91.84
20260928,526905,372,38.67
20260928,526921,1043,96.22
20260928,526931,12,100.0
20260928,526935,4499693,64.39
20260928,526941,200,100.0
20260928,526945,5,100.0
20260928,526947,5650,74.12
20260928,526951,854,45.3
20260928,526953,2896,52.12
20260928,526961,36942,76.14
20260928,526965,1061,74.2
20260928,526967,191,96.95
20260928,526971,801,100.0
20260928,526981,3982,88.92
20260928,526983,1000,100.0
20260928,526987,33065,71.9
20260928,527001,6119,40.13
20260928,527005,7168,92.0
20260928,530001,2912,64.2
20260928,530005,7219,53.96
20260928,530007,20527,63.83
20260928,530017,1817,94.39
20260928,530019,4846,54.21
20260928,530023,384,92.31
20260928,530025,257,97.35
20260928,530027,1000,100.0
20260928,530037,439,48.14
20260928,530043,433,93.32
20260928,530045,9447,91.0
20260928,530053,4151,61.25
20260928,530057,11179,94.74
20260928,530063,1300,100.0
20260928,530067,3622,66.89
20260928,530073,21878,79.3
20260928,530075,31835,34.66
20260928,530077,8669,66.25
20260928,530079,765,68.24
20260928,530109,238795,79.65
20260928,530111,760,88.37
20260928,530117,4164,64.2
20260928,530119,198,56.57
20260928,530125,611,77.93
20260928,530127,366,100.0
20260928,530129,1776,70.9
20260928,530133,736,98.66
20260928,530135,92033,42.18
20260928,530139,2166,100.0
20260928,530141,2,100.0
20260928,530145,22559,100.0
20260928,530151,1320,100.0
20260928,530163,34705,83.53
20260928,530167,2663,100.0
20260928,530169,507,100.0
20260928,530171,889,98.67
20260928,530173,750,100.0
20260928,530175,8613,86.24
20260928,530177,7484,99.93
20260928,530179,4095,100.0
20260928,530185,50623,56.71
20260928,530187,67328,100.0
20260928,530197,319,91.93
20260928,530199,8420,58.59
20260928,530201,12711,100.0
20260928,530207,12,100.0
20260928,530213,1533,93.02
20260928,530215,29549,88.72
20260928,530217,4310,79.58
20260928,530231,217,100.0
20260928,530233,1478,51.77
20260928,530235,604,78.14
20260928,530239,24371,53.98
20260928,530245,124,91.85
20260928,530249,110327,79.05
20260928,530251,83224,99.66
20260928,530253,19156,94.09
20260928,530255,7520,82.93
20260928,530259,1751,100.0
20260928,530263,65004,57.11
20260928,530265,17693,44.8
20260928,530267,15148,87.87
20260928,530271,7,100.0
20260928,530281,375,100.0
20260928,530289,211,90.56
20260928,530299,467,87.13
20260928,530305,6700,52.11
20260928,530307,1548,75.0
20260928,530309,5683,85.77
20260928,530313,2915,89.39
20260928,530315,3457,74.23
20260928,530317,8026,77.08
20260928,530331,1007,100.0
20260928,530343,29504,56.6
20260928,530355,9374,36.53
20260928,530357,93107,76.17
20260928,530361,2411,100.0
20260928,530363,79252,40.14
20260928,530365,922,76.39
20260928,530367,20928,31.25
20260928,530369,144,98.63
20260928,530377,15418,90.1
20260928,530393,1304,100.0
20260928,530401,830,98.69
20260928,530405,753,86.16
20260928,530407,51415,96.94
20260928,530419,7091,85.16
20260928,530421,204,99.03
20260928,530427,815,54.59
20260928,530429,2172,99.91
20260928,530433,878,95.54
20260928,530439,35079,100.0
20260928,530445,3702,93.44
20260928,530449,293,91.28
20260928,530457,10656,91.34
20260928,530459,802,100.0
20260928,530461,7831,73.63
20260928,530469,4448,100.0
20260928,530475,2248,63.32
20260928,530477,17033,68.94
20260928,530495,3130,99.97
20260928,530499,856,97.94
20260928,530517,7922,55.21
20260928,530521,6802,86.93
20260928,530525,59253,100.0
20260928,530533,57,80.28
20260928,530545,630,99.06
20260928,530547,105,100.0
20260928,530549,12909,33.85
20260928,530555,58288,59.97
20260928,530557,10716543,100.0
20260928,530565,370,100.0
20260928,530571,350,100.0
20260928,530577,836,100.0
20260928,530579,10884,100.0
20260928,530581,3032,100.0
20260928,530585,17066,100.0
20260928,530589,6828,85.03
20260928,530595,56729,100.0
20260928,530601,1214,100.0
20260928,530609,217,100.0
20260928,530611,384059,100.0
20260928,530615,48382,100.0
20260928,530617,119261,82.04
20260928,530621,4971,100.0
20260928,530627,12778,88.89
20260928,530643,3034,68.6
20260928,530655,11489,37.21
20260928,530663,103691,100.0
20260928,530665,51413,78.2
20260928,530677,9118,99.66
20260928,530689,12799,80.09
20260928,530695,3816,99.82
20260928,530697,106,97.25
20260928,530699,5117,100.0
20260928,530705,782,100.0
20260928,530709,352,100.0
20260928,530711,1196,87.88
20260928,530723,40,100.0
20260928,530733,2,100.0
20260928,530735,1000,100.0
20260928,530741,4880,100.0
20260928,530745,34619,100.0
20260928,530755,23,100.0
20260928,530757,503,100.0
20260928,530759,8985,90.92
20260928,530779,417,93.08
20260928,530787,341,100.0
20260928,530789,279,87.46
20260928,530795,2,100.0
20260928,530803,8243,48.65
20260928,530805,30236,61.05
20260928,530809,2,100.0
20260928,530813,5948,41.39
20260928,530821,5219,99.98
20260928,530825,11109,100.0
20260928,530829,2701,80.43
20260928,530839,3346,100.0
20260928,530843,465286,43.99
20260928,530845,832,87.95
20260928,530853,4942,100.0
20260928,530855,50,100.0
20260928,530871,1264,96.41
20260928,530879,100595,88.92
20260928,530881,85624,83.91
20260928,530883,11117,100.0
20260928,530889,161,100.0
20260928,530897,121,96.8
20260928,530899,3,60.0
20260928,530907,19733,100.0
20260928,530919,106237,67.85
20260928,530925,1210,63.75
20260928,530927,300,100.0
20260928,530929,23,100.0
20260928,530931,57,100.0
20260928,530943,20354,66.11
20260928,530951,3253,96.93
20260928,530953,10,100.0
20260928,530959,10073,90.34
20260928,530961,185750,74.47
20260928,530965,321417,47.63
20260928,530973,66,100.0
20260928,530977,388,99.23
20260928,530979,39170,91.8
20260928,530985,2,100.0
20260928,530991,512,96.06
20260928,530993,14,100.0
20260928,530997,2801,95.86
20260928,530999,5480,63.51
20260928,531003,11,84.62
20260928,531015,14025,63.89
20260928,531017,4062,92.03
20260928,531025,924308,77.31
20260928,531029,100,100.0
20260928,531033,10348,99.98
20260928,531035,31337,100.0
20260928,531041,135,99.26
20260928,531043,100,100.0
20260928,531049,2101,100.0
20260928,531065,17,100.0
20260928,531067,601,99.01
20260928,531069,280,99.64
20260928,531080,4467,63.35
20260928,531082,14900,83.09
20260928,531083,10770,100.0
20260928,531091,278,100.0
20260928,531092,11656,85.23
20260928,531099,232,100.0
20260928,531109,424,100.0
20260928,531112,12688,46.75
20260928,531119,302,100.0
20260928,531120,150660,74.58
20260928,531126,21346,75.37
20260928,531127,46829,100.0
20260928,531129,1002,98.91
20260928,531137,19641,64.25
20260928,531144,655843,83.78
20260928,531146,557,100.0
20260928,531147,356,49.24
20260928,531153,94229,79.42
20260928,531156,2135,100.0
20260928,531157,162,99.39
20260928,531158,3108,74.69
20260928,531161,414,100.0
20260928,531162,67701,65.47
20260928,531163,512,76.19
20260928,531169,494,99.6
20260928,531173,31087,76.2
20260928,531176,5346,69.37
20260928,531178,8,100.0
20260928,531179,5790,54.85
20260928,531190,500,100.0
20260928,531191,766,100.0
20260928,531199,2180,100.0
20260928,531201,591,70.69
20260928,531205,3634439,63.98
20260928,531209,1025,76.15
20260928,531210,741,100.0
20260928,531212,148,100.0
20260928,531213,102046,36.93
20260928,531215,23803,74.12
20260928,531216,645155,81.5
20260928,531219,200,100.0
20260928,531221,310,91.18
20260928,531223,10165,99.72
20260928,531225,1124,97.06
20260928,531228,19,100.0
20260928,531233,17333,75.02
20260928,531234,210,99.53
20260928,531237,172,50.0
20260928,531240,1520,100.0
20260928,531241,2788,84.1
20260928,531246,1128,100.0
20260928,531253,3614,74.79
20260928,531254,18335,92.73
20260928,531255,37,54.41
20260928,531257,25642,74.99
20260928,531259,2665,100.0
20260928,531260,668,100.0
20260928,531262,6,100.0
20260928,531265,2,100.0
20260928,531266,295,73.2
20260928,531268,10337,93.21
20260928,531272,181,99.45
20260928,531273,80297,89.19
20260928,531274,7,100.0
20260928,531278,570,98.28
20260928,531279,13772,100.0
20260928,531280,2148,100.0
20260928,531281,5200,100.0
20260928,531286,80,100.0
20260928,531287,1224,100.0
20260928,531289,9091,100.0
20260928,531297,1448,76.13
20260928,531301,101,100.0
20260928,531304,809,100.0
20260928,531306,859,95.76
20260928,531307,3242,99.94
20260928,531310,5542,97.88
20260928,531319,2528,58.24
20260928,531322,53384,92.32
20260928,531323,1,100.0
20260928,531324,63,55.75
20260928,531328,1495913,64.66
20260928,531334,100,100.0
20260928,531335,2336,39.95
20260928,531338,49,100.0
20260928,531341,242,100.0
20260928,531344,34880,46.93
20260928,531346,504,100.0
20260928,531349,5740,88.53
20260928,531352,14,100.0
20260928,531357,15693,55.67
20260928,531358,8750,36.95
20260928,531359,1321,58.12
20260928,531364,789,64.99
20260928,531370,14851,88.73
20260928,531373,5744,96.54
20260928,531380,121,100.0
20260928,531381,85,97.7
20260928,531387,5,100.0
20260928,531390,150155,93.1
20260928,531395,564033,100.0
20260928,531397,875,100.0
20260928,531398,218,86.85
20260928,531399,21690,60.08
20260928,531400,106313,100.0
20260928,531402,142970,68.43
20260928,531406,69,100.0
20260928,531409,59,100.0
20260928,531411,5602036,100.0
20260928,531412,33,97.06
20260928,531417,18525,77.51
20260928,531426,2820,80.09
20260928,531431,19723,39.43
20260928,531433,336,100.0
20260928,531436,3581,96.55
20260928,531437,2738,83.12
20260928,531439,3617,100.0
20260928,531441,1,100.0
20260928,531449,69279,18.3
20260928,531453,100,100.0
20260928,531454,146,97.99
20260928,531456,10521,98.59
20260928,531458,135974,92.39
20260928,531460,841,100.0
20260928,531463,7042,100.0
20260928,531465,217023,100.0
20260928,531471,9458,100.0
20260928,531472,1987,86.05
20260928,531486,19380,80.44
20260928,531489,574,72.11
20260928,531494,23976,87.81
20260928,531495,140,100.0
20260928,531496,6700,100.0
20260928,531497,6053,99.84
20260928,531499,1920,100.0
20260928,531500,39810,100.0
20260928,531502,210324,81.62
20260928,531503,1,50.0
20260928,531505,800,100.0
20260928,531506,1,100.0
20260928,531508,1612,74.32
20260928,531509,1000,100.0
20260928,531512,204569,88.0
20260928,531515,22407,100.0
20260928,531518,214195,100.0
20260928,531525,27927,100.0
20260928,531529,502,100.0
20260928,531530,4618,98.57
20260928,531531,935,43.55
20260928,531533,1314,76.0
20260928,531537,102,100.0
20260928,531539,2747,99.28
20260928,531540,35195,96.46
20260928,531541,1122,100.0
20260928,531543,208076,32.0
20260928,531548,3025,42.87
20260928,531550,743,64.72
20260928,531552,184,78.3
20260928,531553,6034,100.0
20260928,531556,3116,100.0
20260928,531557,1813,73.25
20260928,531569,2600,84.86
20260928,531574,102,100.0
20260928,531578,100,100.0
20260928,531582,192,99.48
20260928,531583,6417,83.51
20260928,531585,1,100.0
20260928,531591,6058,100.0
20260928,531592,121070,90.42
20260928,531594,45,100.0
20260928,531595,50835,39.65
20260928,531599,3284,45.96
20260928,531600,16000,100.0
20260928,531608,52,59.77
20260928,531609,48,100.0
20260928,531613,1167,100.0
20260928,531616,2,100.0
20260928,531624,8737,100.0
20260928,531626,20192,87.28
20260928,531628,2110,100.0
20260928,531633,560,90.47
20260928,531635,516,92.64
20260928,531637,9504,80.2
20260928,531638,31,100.0
20260928,531642,4740,50.3
20260928,531644,47,97.92
20260928,531647,1,100.0
20260928,531651,1530,97.76
20260928,531652,3833,94.08
20260928,531658,13842,78.73
20260928,531661,14267,100.0
20260928,531663,70189,94.69
20260928,531667,27232,100.0
20260928,531668,92,100.0
20260928,531671,33187,70.28
20260928,531672,854,100.0
20260928,531673,31790,72.88
20260928,531676,2450,100.0
20260928,531680,6866,100.0
20260928,531681,7359,100.0
20260928,531686,1200,100.0
20260928,531688,1965,86.6
20260928,531692,8890,83.56
20260928,531694,14215,88.88
20260928,531716,20355,100.0
20260928,531717,22172,99.98
20260928,531719,1351,73.87
20260928,531723,7498205,100.0
20260928,531726,4199,71.56
20260928,531727,11529,100.0
20260928,531737,78680,98.74
20260928,531739,508755,71.59
20260928,531744,4028,90.17
20260928,531746,3298,81.76
20260928,531752,1850305,46.11
20260928,531758,179,100.0
20260928,531761,1107,26.26
20260928,531762,2282,100.0
20260928,531768,2166,49.4
20260928,531769,8076,99.93
20260928,531771,3025,91.72
20260928,531778,763,100.0
20260928,531779,110,100.0
20260928,531780,71594,72.91
20260928,531784,136103,70.14
20260928,531794,12106,100.0
20260928,531795,1588,64.76
20260928,531797,43,53.75
20260928,531802,36327,86.9
20260928,531810,2,100.0
20260928,531812,8147,100.0
20260928,531814,8957,78.76
20260928,531821,1,100.0
20260928,531822,10,100.0
20260928,531832,513,100.0
20260928,531834,5737,100.0
20260928,531840,24247,94.36
20260928,531841,2145,100.0
20260928,531842,281,98.94
20260928,531845,7835,99.94
20260928,531847,91,89.22
20260928,531859,14015,70.56
20260928,531861,107,70.86
20260928,531862,5942,65.31
20260928,531867,8531,100.0
20260928,531869,21453,90.77
20260928,531870,15,93.75
20260928,531878,12,100.0
20260928,531887,4950,100.0
20260928,531888,12846,85.78
20260928,531889,305490,64.87
20260928,531892,551,91.68
20260928,531893,506513,66.34
20260928,531900,114,100.0
20260928,531902,28,100.0
20260928,531909,10391,100.0
20260928,531910,1228,100.0
20260928,531911,1845,100.0
20260928,531913,4692,98.28
20260928,531918,6,100.0
20260928,531921,599,70.55
20260928,531923,2009,60.55
20260928,531925,13005,100.0
20260928,531929,651,100.0
20260928,531931,3,100.0
20260928,531936,30,100.0
20260928,531950,16066,62.1
20260928,531952,2939,100.0
20260928,531959,84961,77.14
20260928,531960,3889,100.0
20260928,531962,1135,71.79
20260928,531968,37,100.0
20260928,531977,165350,100.0
20260928,531978,405,72.45
20260928,531979,1658,82.73
20260928,531980,25,100.0
20260928,531982,4117,100.0
20260928,531989,200,100.0
20260928,531991,9788,100.0
20260928,531994,10,100.0
20260928,531996,5546,98.04
20260928,531997,52921,100.0
20260928,532001,801,79.15
20260928,532005,200,97.56
20260928,532011,251,71.92
20260928,532015,37440,72.27
20260928,532016,460,100.0
20260928,532019,37928,96.4
20260928,532022,1089932,52.95
20260928,532029,9281,76.84
20260928,532039,2338,77.57
20260928,532041,12650,100.0
20260928,532051,3795,62.68
20260928,532053,89,100.0
20260928,532054,1222,51.67
20260928,532056,2289,100.0
20260928,532057,1682,79.87
20260928,532067,8900,55.76
20260928,532070,4856,77.73
20260928,532072,151130,100.0
20260928,532078,7,100.0
20260928,532090,34134,61.65
20260928,532092,213412,87.21
20260928,532100,1441,98.9
20260928,532102,14192,100.0
20260928,532113,2340,100.0
20260928,532123,183313,64.85
20260928,532124,5112,100.0
20260928,532131,2050,100.0
20260928,532134,149088,49.28
20260928,532139,355,100.0
20260928,532140,6354,91.35
20260928,532141,8674,92.12
20260928,532143,34701,60.61
20260928,532144,33078,37.99
20260928,532145,10,50.0
20260928,532149,423836,62.98
20260928,532150,7228,50.72
20260928,532154,494666,58.92
20260928,532155,60420,47.81
20260928,532156,10895,68.12
20260928,532159,6915,96.98
20260928,532160,5913,83.9
20260928,532162,6791,51.79
20260928,532163,7034,66.33
20260928,532164,10760,100.0
20260928,532167,233,100.0
20260928,532172,35066,92.8
20260928,532173,450,100.0
20260928,532174,75817,56.7
20260928,532175,10899,58.94
20260928,532178,291859,33.9
20260928,532180,63729,66.25
20260928,532181,35077,51.02
20260928,532183,73800,76.92
20260928,532187,80694,62.08
20260928,532189,1708,56.59
20260928,532209,25500,38.22
20260928,532210,105246,45.63
20260928,532212,4962,42.08
20260928,532215,1054842,92.04
20260928,532216,523,93.56
20260928,532217,9453,100.0
20260928,532218,433343,41.82
20260928,532219,1629,97.14
20260928,532221,11672,65.76
20260928,532230,152,100.0
20260928,532234,72710,36.52
20260928,532240,2986,60.95
20260928,532256,127,96.95
20260928,532259,1510,30.28
20260928,532262,2,100.0
20260928,532268,719,67.96
20260928,532271,19406,99.94
20260928,532275,61452,72.66
20260928,532281,30398,52.4
20260928,532284,1099,99.91
20260928,532285,6906,66.76
20260928,532286,36373,80.13
20260928,532290,15043,82.82
20260928,532296,5410,42.78
20260928,532300,41794,57.14
20260928,532303,62,100.0
20260928,532304,23,100.0
20260928,532305,21128,49.57
20260928,532309,4181,49.96
20260928,532310,5570,92.6
20260928,532313,6292,84.08
20260928,532315,10567,82.48
20260928,532320,424,81.7
20260928,532321,121322,48.97
20260928,532323,17977,84.0
20260928,532324,302,99.34
20260928,532326,251,94.01
20260928,532329,4887,100.0
20260928,532331,9228,83.9
20260928,532333,52,100.0
20260928,532334,85,100.0
20260928,532335,332,100.0
20260928,532336,801,100.0
20260928,532339,3171,93.98
20260928,532340,403,100.0
20260928,532341,2348,50.94
20260928,532343,11694,63.45
20260928,532344,1416,88.33
20260928,532348,471688,51.5
20260928,532349,6362,49.99
20260928,532350,1753,100.0
20260928,532351,28049,100.0
20260928,532354,4974,100.0
20260928,532355,5913,96.26
20260928,532356,14444,37.88
20260928,532357,801,80.02
20260928,532359,231442,74.83
20260928,532362,5294,83.5
20260928,532365,2188,77.02
20260928,532366,3991,42.76
20260928,532368,396134,76.18
20260928,532369,2300,66.17
20260928,532370,2815,66.27
20260928,532371,1020062,22.52
20260928,532372,2643,92.19
20260928,532373,9057,91.79
20260928,532374,56316,100.0
20260928,532375,8487,61.34
20260928,532376,978,90.89
20260928,532378,55,52.88
20260928,532379,12619,100.0
20260928,532380,12777,58.6
20260928,532382,1386,67.38
20260928,532384,4351,71.54
20260928,532386,31872,100.0
20260928,532387,121,97.58
20260928,532388,244187,59.85
20260928,532390,3756,65.26
20260928,532392,2345,100.0
20260928,532395,5306,33.47
20260928,532397,679,100.0
20260928,532398,2216,94.86
20260928,532400,43304,56.47
20260928,532402,2888,83.18
20260928,532403,80,100.0
20260928,532404,3791,83.85
20260928,532406,56700,61.64
20260928,532407,87261,64.18
20260928,532408,23192,100.0
20260928,532410,1120,85.37
20260928,532413,1025,100.0
20260928,532416,4388,98.23
20260928,532419,1591,100.0
20260928,532424,45989,72.13
20260928,532425,17387,100.0
20260928,532430,5461,77.2
20260928,532432,52096,94.08
20260928,532435,3806,80.11
20260928,532439,16028,54.38
20260928,532440,313,70.65
20260928,532443,10130,97.23
20260928,532444,3001,99.21
20260928,532454,459899,85.73
20260928,532455,19376,83.08
20260928,532456,1697,100.0
20260928,532457,6777,73.16
20260928,532460,2036,50.71
20260928,532461,494875,60.26
20260928,532466,1271,28.5
20260928,532467,9114,61.05
20260928,532468,148,74.0
20260928,532470,29,100.0
20260928,532475,5388,73.8
20260928,532477,148994,44.84
20260928,532478,2120,51.02
20260928,532481,22282,89.66
20260928,532482,14889,53.86
20260928,532483,410215,59.54
20260928,532485,18166,79.31
20260928,532486,1793,79.41
20260928,532488,18747,73.17
20260928,532493,4335,40.53
20260928,532497,73713,96.48
20260928,532500,20587,71.93
20260928,532503,4,100.0
20260928,532504,4004,69.32
20260928,532505,182682,71.55
20260928,532507,11273,99.89
20260928,532508,20435,57.92
20260928,532509,1298,58.39
20260928,532513,788,90.57
20260928,532514,48278,60.25
20260928,532515,1792,82.92
20260928,532521,456,100.0
20260928,532522,56277,50.0
20260928,532523,15234,28.66
20260928,532524,63775,64.89
20260928,532525,319127,46.47
20260928,532527,6974,45.28
20260928,532528,2725,47.76
20260928,532529,2754,94.35
20260928,532531,3444,38.26
20260928,532538,19349,80.53
20260928,532539,10172,44.37
20260928,532540,76562,47.13
20260928,532541,31029,50.82
20260928,532543,10799,100.0
20260928,532548,2670,72.08
20260928,532553,2645,47.44
20260928,532555,124672,70.58
20260928,532604,27049,44.41
20260928,532605,5735,57.36
20260928,532610,85921,50.68
20260928,532612,1980,61.4
20260928,532613,1086,84.65
20260928,532614,2000,100.0
20260928,532616,6092,83.83
20260928,532624,75,94.94
20260928,532626,13464,56.78
20260928,532627,1811905,49.42
20260928,532628,13755,100.0
20260928,532629,424,100.0
20260928,532630,10647,55.98
20260928,532633,674,72.86
20260928,532636,22994,55.16
20260928,532637,3803,71.74
20260928,532638,3426,51.53
20260928,532640,13873,100.0
20260928,532641,158115,78.12
20260928,532642,77,56.2
20260928,532644,390,53.35
20260928,532645,865,100.0
20260928,532648,3394369,66.77
20260928,532649,4051,76.97
20260928,532650,30112,84.14
20260928,532651,281,90.65
20260928,532652,27030,39.95
20260928,532654,117845,81.48
20260928,532656,167285,78.43
20260928,532660,3452,100.0
20260928,532661,1312,58.94
20260928,532662,7391,88.4
20260928,532663,633,80.23
20260928,532666,931214,82.62
20260928,532667,2458487,62.17
20260928,532668,6220,65.53
20260928,532670,421096,43.08
20260928,532673,74746,61.75
20260928,532674,5479,100.0
20260928,532676,47355,65.12
20260928,532683,1240,66.99
20260928,532684,11889,58.54
20260928,532686,5539,50.65
20260928,532687,26632,40.57
20260928,532689,9412,37.99
20260928,532694,23094,72.05
20260928,532695,2620,98.87
20260928,532696,112372,100.0
20260928,532698,886,50.4
20260928,532699,803,90.12
20260928,532700,555,99.46
20260928,532701,19195,100.0
20260928,532705,7003,81.76
20260928,532707,353,88.25
20260928,532708,928188,100.0
20260928,532710,31309,91.55
20260928,532712,395082,100.0
20260928,532713,160735,66.81
20260928,532714,21135,55.21
20260928,532716,2047,94.77
20260928,532717,537,40.56
20260928,532719,4066,52.87
20260928,532720,632277,93.46
20260928,532721,3991,87.46
20260928,532722,13683,66.42
20260928,532723,1248,100.0
20260928,532725,4778,43.4
20260928,532726,1157,51.86
20260928,532728,181,64.41
20260928,532729,14615,48.62
20260928,532730,787,99.49
20260928,532732,711,80.52
20260928,532733,517460,95.07
20260928,532734,88649,53.4
20260928,532735,985213,42.93
20260928,532737,5931,62.37
20260928,532738,100909,100.0
20260928,532740,4591,76.44
20260928,532741,80996,74.98
20260928,532742,2121,79.38
20260928,532744,351,86.03
20260928,532748,47336,36.48
20260928,532749,323234,54.74
20260928,532754,58570,48.92
20260928,532755,7386,39.83
20260928,532756,3996,45.73
20260928,532757,4668,97.51
20260928,532759,192,98.46
20260928,532761,449,100.0
20260928,532762,36714,72.25
20260928,532764,54,100.0
20260928,532767,97178,56.64
20260928,532768,869,58.6
20260928,532771,19099,88.28
20260928,532772,37529,36.56
20260928,532773,220,96.49
20260928,532774,652,100.0
20260928,532775,2838192,61.73
20260928,532776,6316,90.66
20260928,532777,220153,88.52
20260928,532779,120198,95.95
20260928,532780,114603,100.0
20260928,532782,194,100.0
20260928,532783,13072,54.54
20260928,532784,1541,52.26
20260928,532785,1934,94.99
20260928,532790,36410,55.24
20260928,532794,64718,86.8
20260928,532795,3221,100.0
20260928,532796,6119,68.39
20260928,532797,8605,71.77
20260928,532798,171339,58.93
20260928,532799,10451,48.19
20260928,532801,267,100.0
20260928,532804,635,62.32
20260928,532805,74083,43.08
20260928,532806,3667,97.84
20260928,532807,1252,96.23
20260928,532808,4801,34.66
20260928,532809,10899,47.88
20260928,532810,402781,63.8
20260928,532811,2458,79.47
20260928,532814,16015,56.41
20260928,532815,19754,82.31
20260928,532817,23900,93.14
20260928,532820,1129,99.47
20260928,532822,8486262,47.3
20260928,532825,6722,100.0
20260928,532826,833,100.0
20260928,532827,131,53.04
20260928,532828,673,100.0
20260928,532829,4019,35.25
20260928,532830,2967,49.4
20260928,532832,140736,80.48
20260928,532834,33156,71.79
20260928,532835,589,70.71
20260928,532839,259247,75.33
20260928,532841,783,88.47
20260928,532842,2530,64.86
20260928,532843,135352,68.85
20260928,532845,6196,100.0
20260928,532847,8982,82.59
20260928,532848,344674,36.48
20260928,532850,22498,100.0
20260928,532851,1918,97.46
20260928,532853,1034,100.0
20260928,532855,6431,71.74
20260928,532856,99914,66.76
20260928,532859,379,74.31
20260928,532864,25948,69.52
20260928,532866,5954,70.44
20260928,532867,10042,44.42
20260928,532868,14891,33.01
20260928,532869,3347,96.79
20260928,532870,11694,100.0
20260928,532872,62253,47.99
20260928,532873,27125,100.0
20260928,532875,135695,38.93
20260928,532878,105,82.03
20260928,532880,33699,44.21
20260928,532884,16025,65.36
20260928,532885,285160,59.84
20260928,532886,2175,100.0
20260928,532887,54924,100.0
20260928,532888,122043,84.72
20260928,532889,2394,50.98
20260928,532890,42936,100.0
20260928,532891,2218,51.8
20260928,532892,31648,58.16
20260928,532893,35548,70.18
20260928,532894,32786,95.94
20260928,532895,416,84.21
20260928,532896,1112,84.69
20260928,532898,262369,79.3
20260928,532899,40036,47.84
20260928,532900,405110,19.2
20260928,532902,57399,96.13
20260928,532904,6057,87.52
20260928,532906,4238,79.45
20260928,532907,262,100.0
20260928,532911,90289,82.05
20260928,532915,21439,66.37
20260928,532916,2632,99.85
20260928,532918,1740,63.92
20260928,532921,29755,64.41
20260928,532922,137936,43.61
20260928,532923,12408,55.58
20260928,532924,3009,77.0
20260928,532925,1,100.0
20260928,532926,26746,70.54
20260928,532927,8296,56.34
20260928,532928,45471,65.52
20260928,532929,32007,78.72
20260928,532930,16649,100.0
20260928,532931,6231,100.0
20260928,532932,4817,75.17
20260928,532933,17487,67.21
20260928,532934,422,100.0
20260928,532935,361,100.0
20260928,532937,3429,72.65
20260928,532939,1440224,57.91
20260928,532940,1751,72.69
20260928,532941,4228,100.0
20260928,532942,19802,57.15
20260928,532944,1516,100.0
20260928,532945,608548,67.24
20260928,532946,804,84.01
20260928,532947,938333,67.27
20260928,532951,13134,81.5
20260928,532952,141,100.0
20260928,532953,14875,50.17
20260928,532955,273391,67.77
20260928,532957,5059,97.74
20260928,532966,257266,92.61
20260928,532967,13114,46.54
20260928,532974,1906,85.59
20260928,532975,453,100.0
20260928,532976,12240,52.7
20260928,532977,3398,63.54
20260928,532978,76038,91.67
20260928,532980,16911,94.16
20260928,532983,1182,51.5
20260928,532985,4088,99.01
20260928,532986,1264,100.0
20260928,532989,7178,100.0
20260928,532992,726,76.26
20260928,532993,577,93.82
20260928,532994,4510,87.54
20260928,532998,503,99.8
20260928,533001,488,43.26
20260928,533006,41361,100.0
20260928,533007,121524,100.0
20260928,533012,5597,87.85
20260928,533014,4038,66.03
20260928,533018,1,100.0
20260928,533022,3656,64.62
20260928,533023,1557,54.25
20260928,533029,1543,100.0
20260928,533033,2389,63.5
20260928,533047,2616,60.57
20260928,533048,173898,100.0
20260928,533056,19335,79.39
20260928,533080,3752,74.95
20260928,533088,7191,67.39
20260928,533090,3866444,58.13
20260928,533093,25,10.42
20260928,533095,7,77.78
20260928,533096,886816,57.49
20260928,533098,541015,64.06
20260928,533100,11668,74.61
20260928,533104,1694,63.92
20260928,533106,54372,63.17
20260928,533107,579,100.0
20260928,533108,605,100.0
20260928,533110,73,100.0
20260928,533121,1021,60.81
20260928,533122,1126157,63.0
20260928,533137,33365,87.01
20260928,533138,2834,62.87
20260928,533146,2656,79.07
20260928,533148,680571,92.62
20260928,533149,135,67.84
20260928,533150,7983,41.65
20260928,533151,2516,79.37
20260928,533152,1365,93.05
20260928,533155,218340,79.28
20260928,533156,45403,41.37
20260928,533158,857,43.04
20260928,533160,23629,60.41
20260928,533161,1005,100.0
20260928,533162,194544,55.09
20260928,533164,11765,70.75
20260928,533166,8280,83.38
20260928,533167,37442,64.2
20260928,533168,5315,90.42
20260928,533169,112315,40.01
20260928,533170,286,100.0
20260928,533172,2398,98.97
20260928,533177,7931,100.0
20260928,533179,9513,48.06
20260928,533181,1100,100.0
20260928,533192,12172,100.0
20260928,533193,8343,85.32
20260928,533202,41432,73.1
20260928,533203,1290,99.92
20260928,533206,75163,60.09
20260928,533208,28160,100.0
20260928,533210,2594,54.45
20260928,533212,1300,100.0
20260928,533217,1504,100.0
20260928,533218,472,95.74
20260928,533221,2,100.0
20260928,533227,63,63.0
20260928,533229,386879,95.7
20260928,533230,1387738,93.36
20260928,533239,25202,97.18
20260928,533244,252969,64.68
20260928,533248,24681,60.23
20260928,533252,1,100.0
20260928,533257,64199,91.61
20260928,533259,248,86.41
20260928,533260,5382,74.58
20260928,533262,1636,97.56
20260928,533263,238737,76.63
20260928,533267,9677,94.24
20260928,533268,2000,100.0
20260928,533269,7848,52.05
20260928,533270,528,100.0
20260928,533271,43819,73.38
20260928,533272,20583,53.58
20260928,533273,2292,21.63
20260928,533274,4219,38.42
20260928,533275,27874,72.29
20260928,533278,107948,52.46
20260928,533282,4683,52.04
20260928,533284,5709,88.58
20260928,533285,45742,74.23
20260928,533286,37017,68.6
20260928,533287,40798,80.21
20260928,533289,166,100.0
20260928,533292,2705,90.89
20260928,533293,6610,49.25
20260928,533294,2420,98.94
20260928,533295,91197,73.3
20260928,533296,235,91.09
20260928,533298,5577,82.79
20260928,533301,29864,100.0
20260928,533302,53,81.54
20260928,533303,973,74.79
20260928,533306,500,86.36
20260928,533315,120720,100.0
20260928,533316,171,86.36
20260928,533326,57521,54.23
20260928,533329,3965,98.58
20260928,533333,926013,48.2
20260928,533336,59,71.95
20260928,533339,4209,33.69
20260928,533343,676,74.12
20260928,533344,291077,43.98
20260928,533385,25389,56.06
20260928,533398,12058,44.56
20260928,533407,6500,100.0
20260928,533408,38575,88.88
20260928,533427,37565,59.77
20260928,533451,298,92.26
20260928,533452,6001,100.0
20260928,533470,8984,73.66
20260928,533477,207,92.0
20260928,533482,6224,100.0
20260928,533499,2943,100.0
20260928,533506,125115,88.66
20260928,533519,165914,49.34
20260928,533520,734174,57.4
20260928,533540,1187,93.83
20260928,533543,3396,93.48
20260928,533552,3430,70.65
20260928,533553,195818,57.62
20260928,533570,51790,93.53
20260928,533573,7562,62.83
20260928,533576,718,93.37
20260928,533581,15684,45.91
20260928,533602,110536,83.49
20260928,533608,1976,46.95
20260928,533629,5828,100.0
20260928,533632,18486,100.0
20260928,533638,1918,100.0
20260928,533644,1347,92.26
20260928,533655,19326,60.52
20260928,533676,77082,69.88
20260928,533704,26691,86.83
20260928,533719,2670,73.96
20260928,533758,2746,44.49
20260928,533761,16139,69.1
20260928,533896,1057,100.0
20260928,533941,2068,55.28
20260928,533982,1634,68.37
20260928,534060,2922074,87.69
20260928,534063,2,100.0
20260928,534064,124811,100.0
20260928,534076,4879,27.02
20260928,534091,42150,41.83
20260928,534139,3209,50.42
20260928,534190,801,94.12
20260928,534309,200814,55.18
20260928,534312,530,100.0
20260928,534328,128,100.0
20260928,534338,1791,92.18
20260928,534369,30926,100.0
20260928,534392,3275,59.65
20260928,534422,11516,80.87
20260928,534425,1309,100.0
20260928,534532,407,100.0
20260928,534535,1010290,100.0
20260928,534597,55218,58.45
20260928,534598,653,100.0
20260928,534600,108366,36.18
20260928,534612,1186,90.88
20260928,534615,8103,100.0
20260928,534618,3979,51.67
20260928,534623,3816,82.42
20260928,534674,418593,87.4
20260928,534675,16010,56.38
20260928,534680,277,56.19
20260928,534691,214,100.0
20260928,534732,2259,88.1
20260928,534733,167857,100.0
20260928,534741,23287,100.0
20260928,534742,2349,68.26
20260928,534748,157847,53.19
20260928,534755,27503,100.0
20260928,534796,778,97.74
20260928,534804,593,62.36
20260928,534809,11053720,50.38
20260928,534816,38652,35.03
20260928,534920,1088,100.0
20260928,534976,646,35.26
20260928,535136,1552,53.44
20260928,535204,15385,100.0
20260928,535205,868,66.01
20260928,535267,270166,96.56
20260928,535276,10448,77.82
20260928,535322,2554,69.06
20260928,535387,13,92.86
20260928,535431,23930,70.02
20260928,535458,1469,73.16
20260928,535514,13,100.0
20260928,535601,548,100.0
20260928,535602,4061,60.68
20260928,535620,275,100.0
20260928,535621,432,85.54
20260928,535648,3167,68.82
20260928,535657,2241,100.0
20260928,535667,294,83.52
20260928,535693,1489,59.92
20260928,535719,10560,84.08
20260928,535730,649470,71.58
20260928,535754,9110,76.52
20260928,535755,94483,52.63
20260928,535789,99214,47.55
20260928,535910,2915,100.0
20260928,535916,1003,89.47
20260928,535958,273771,69.15
20260928,536073,196732,78.03
20260928,536264,6801,42.51
20260928,536493,8,100.0
20260928,536507,1849,100.0
20260928,536565,2037,99.71
20260928,536659,701923,61.39
20260928,536672,4949,83.01
20260928,536709,28587,100.0
20260928,536737,1200,100.0
20260928,536738,6000,100.0
20260928,536773,459,53.68
20260928,536846,996,99.9
20260928,536960,37112,65.21
20260928,536974,8149,80.29
20260928,537007,26302,66.47
20260928,537008,11722,99.15
20260928,537069,1594,100.0
20260928,537254,365,100.0
20260928,537259,664,86.91
20260928,537291,2658,88.25
20260928,537292,407,99.75
20260928,537326,13549,90.3
20260928,537392,2900,100.0
20260928,537483,3953,64.48
20260928,537536,15115,95.65
20260928,537669,1500,100.0
20260928,537707,262022,74.38
20260928,537708,11442,90.39
20260928,537709,25055,100.0
20260928,537750,3696,88.78
20260928,537766,68021,85.58
20260928,537785,4724,68.75
20260928,537800,1524572,54.78
20260928,537820,157932,100.0
20260928,537839,1398,99.5
20260928,537840,7558,100.0
20260928,537985,1376,76.53
20260928,538057,22511,65.58
20260928,538081,2900,100.0
20260928,538092,2,100.0
20260928,538119,38453,100.0
20260928,538212,3640,100.0
20260928,538268,1432,72.58
20260928,538351,12,100.0
20260928,538365,477,100.0
20260928,538382,15,100.0
20260928,538395,1,100.0
20260928,538401,69912,55.48
20260928,538422,106200,47.07
20260928,538446,152,99.35
20260928,538451,1769733,89.31
20260928,538464,13406,98.52
20260928,538465,16830,100.0
20260928,538476,89529,100.0
20260928,538496,3000,100.0
20260928,538520,10339,99.81
20260928,538521,1321,75.7
20260928,538537,1106,100.0
20260928,538539,7175,55.09
20260928,538540,64541,89.72
20260928,538542,643,99.84
20260928,538546,11985,60.41
20260928,538556,2328,65.3
20260928,538562,12431,52.51
20260928,538563,12,60.0
20260928,538564,1442,80.02
20260928,538565,2617,96.68
20260928,538567,2824,74.26
20260928,538568,1191,100.0
20260928,538569,4485,100.0
20260928,538596,255,100.0
20260928,538597,7583,100.0
20260928,538598,7412,91.93
20260928,538607,175573,88.65
20260928,538609,246,83.11
20260928,538610,311279,100.0
20260928,538611,225,100.0
20260928,538634,100,53.19
20260928,538635,14259,87.08
20260928,538646,1406,98.87
20260928,538647,95,100.0
20260928,538666,4650,58.17
20260928,538668,5499,17.76
20260928,538674,798,100.0
20260928,538683,11625,87.73
20260928,538685,2418,88.64
20260928,538706,105158,72.22
20260928,538708,186,98.94
20260928,538713,1388,67.05
20260928,538714,3691,80.84
20260928,538715,1926,100.0
20260928,538716,311,89.63
20260928,538730,1354,62.28
20260928,538732,608,100.0
20260928,538734,4144,60.67
20260928,538742,4560,100.0
20260928,538743,3000,100.0
20260928,538770,14,100.0
20260928,538772,35598,66.04
20260928,538777,164,100.0
20260928,538778,18871,54.04
20260928,538786,3798,100.0
20260928,538787,84739,63.91
20260928,538788,291,72.57
20260928,538795,1419,98.2
20260928,538812,6762,100.0
20260928,538817,62746,68.4
20260928,538833,73,100.0
20260928,538834,27446,78.17
20260928,538835,4889,51.82
20260928,538836,1312,75.53
20260928,538837,26036,65.44
20260928,538838,3,100.0
20260928,538857,1118,99.91
20260928,538860,33648,100.0
20260928,538862,601,83.47
20260928,538868,102338,100.0
20260928,538874,3655,100.0
20260928,538881,82,100.0
20260928,538882,17935,94.31
20260928,538890,21213,82.88
20260928,538891,26916,55.88
20260928,538895,44068,100.0
20260928,538896,569,97.43
20260928,538897,292,100.0
20260928,538902,4700,100.0
20260928,538918,88,78.57
20260928,538919,45,100.0
20260928,538920,53121,47.93
20260928,538922,487,90.35
20260928,538923,60632,100.0
20260928,538926,32199,50.5
20260928,538928,31636,86.35
20260928,538935,4,100.0
20260928,538942,302,74.2
20260928,538943,5,100.0
20260928,538952,37553,94.95
20260928,538961,41446,96.21
20260928,538962,8420,70.99
20260928,538964,164,97.62
20260928,538965,1542,43.36
20260928,538970,124578,81.28
20260928,538975,700948,100.0
20260928,538979,2524,68.76
20260928,538987,591,83.71
20260928,538992,290,100.0
20260928,539006,126,41.72
20260928,539011,736,83.45
20260928,539012,420,95.45
20260928,539013,429,96.84
20260928,539014,4735,100.0
20260928,539016,271,83.64
20260928,539017,88906,69.49
20260928,539018,836,83.77
20260928,539031,889,99.44
20260928,539032,20171,72.7
20260928,539040,38938,66.68
20260928,539041,20000,88.89
20260928,539042,45349,62.41
20260928,539044,12372,100.0
20260928,539045,9485,92.52
20260928,539046,7499,50.9
20260928,539056,57043,93.35
20260928,539083,240114,49.55
20260928,539091,698205,100.0
20260928,539096,519,100.0
20260928,539097,81247,100.0
20260928,539098,4000,40.0
20260928,539099,7500,100.0
20260928,539111,27,100.0
20260928,539113,69,100.0
20260928,539115,10033,100.0
20260928,539117,8564,20.55
20260928,539118,5205,70.07
20260928,539120,623,100.0
20260928,539121,2035,84.44
20260928,539122,1098,32.03
20260928,539123,2311,100.0
20260928,539124,126,81.29
20260928,539126,31256,100.0
20260928,539132,41261,90.93
20260928,539141,922,87.98
20260928,539143,98218,75.28
20260928,539148,2098,57.91
20260928,539149,1582,100.0
20260928,539150,238617,83.29
20260928,539151,10869,29.16
20260928,539175,1810,100.0
20260928,539176,503,79.21
20260928,539177,2931,43.03
20260928,539189,2092,98.68
20260928,539190,13,100.0
20260928,539195,8890,44.84
20260928,539196,5086,62.47
20260928,539198,1215,100.0
20260928,539199,12963,59.53
20260928,539200,107732,100.0
20260928,539201,8189,91.08
20260928,539206,1,100.0
20260928,539216,2428602,92.5
20260928,539217,1448458,67.56
20260928,539218,117,100.0
20260928,539219,14585,95.78
20260928,539220,1653,99.28
20260928,539221,3450,39.16
20260928,539222,9059762,82.35
20260928,539224,1,100.0
20260928,539226,2480,94.87
20260928,539227,2255,73.19
20260928,539228,81711,100.0
20260928,539251,1209,100.0
20260928,539252,1817,100.0
20260928,539254,30528,47.48
20260928,539255,229,42.49
20260928,539267,2259,90.8
20260928,539268,11052,58.78
20260928,539273,500,50.0
20260928,539275,82,95.35
20260928,539276,315,100.0
20260928,539278,9962,95.47
20260928,539287,949,100.0
20260928,539289,1817,93.56
20260928,539290,3508,88.63
20260928,539300,5468,93.58
20260928,539301,5716,44.0
20260928,539302,659,42.96
20260928,539309,63527,100.0
20260928,539310,537549,100.0
20260928,539312,180,99.45
20260928,539313,16464,93.67
20260928,539314,6233,72.1
20260928,539331,13050,60.14
20260928,539332,25502,69.43
20260928,539334,1459,56.68
20260928,539335,24224,98.76
20260928,539336,35737,45.66
20260928,539337,4200,60.0
20260928,539346,35297,86.87
20260928,539353,570,100.0
20260928,539354,134,77.01
20260928,539359,151120,70.15
20260928,539383,139,100.0
20260928,539384,50,100.0
20260928,539391,2824,100.0
20260928,539398,1432,83.16
20260928,539399,534,70.45
20260928,539400,256,93.77
20260928,539402,5779,100.0
20260928,539404,22879,77.24
20260928,539405,7915,100.0
20260928,539407,5758,57.68
20260928,539408,16959,100.0
20260928,539409,26,100.0
20260928,539428,70,67.31
20260928,539435,5,83.33
20260928,539436,27281,68.89
20260928,539437,941893,60.81
20260928,539448,144786,92.7
20260928,539449,47664,95.69
20260928,539450,6157,75.93
20260928,539455,9102,98.99
20260928,539468,13149,100.0
20260928,539469,217256,69.21
20260928,539470,305500,54.96
20260928,539479,109942,62.5
20260928,539480,200,99.5
20260928,539486,1511,100.0
20260928,539487,13,92.86
20260928,539492,1664,97.08
20260928,539494,14728,92.18
20260928,539495,31,100.0
20260928,539506,241242,81.92
20260928,539515,372886,100.0
20260928,539516,3620,82.7
20260928,539517,4842,99.81
20260928,539518,12969,86.62
20260928,539519,1063703,100.0
20260928,539522,1091,100.0
20260928,539523,30583,93.76
20260928,539524,1692,32.74
20260928,539526,284323,74.82
20260928,539527,28,96.55
20260928,539528,30314,74.6
20260928,539533,1218625,62.44
20260928,539542,630,71.03
20260928,539545,218,100.0
20260928,539546,5287,37.62
20260928,539551,9288,58.1
20260928,539552,55186,94.96
20260928,539559,317785,100.0
20260928,539561,1846938,100.0
20260928,539562,3088,100.0
20260928,539593,24222,100.0
20260928,539594,889141,79.23
20260928,539596,144,100.0
20260928,539598,70859,63.91
20260928,539607,989321,43.06
20260928,539620,535,81.06
20260928,539621,5150,100.0
20260928,539636,9824,78.03
20260928,539658,809,67.03
20260928,539659,15424,77.68
20260928,539660,73982,63.65
20260928,539661,14966,36.62
20260928,539662,4248,100.0
20260928,539669,139242,100.0
20260928,539673,81100,100.0
20260928,539678,15472,73.24
20260928,539679,500924,100.0
20260928,539682,6820,19.98
20260928,539686,13946,54.22
20260928,539692,570,93.75
20260928,539697,21018,100.0
20260928,539724,24939,100.0
20260928,539725,16663,67.67
20260928,539730,8778,61.86
20260928,539742,802,100.0
20260928,539760,345,27.58
20260928,539761,304259,77.38
20260928,539762,16478,75.99
20260928,539767,25082,42.69
20260928,539770,2575,91.05
20260928,539773,83650,86.12
20260928,539784,18,90.0
20260928,539785,3599,43.99
20260928,539787,9706,71.32
20260928,539798,2125,85.07
20260928,539799,5267,56.33
20260928,539800,7248,100.0
20260928,539807,389421,53.76
20260928,539814,22,75.86
20260928,539834,1105,93.17
20260928,539835,4958,97.79
20260928,539837,1713,47.26
20260928,539841,47981,74.97
20260928,539843,61,88.41
20260928,539854,444,100.0
20260928,539871,3876,53.17
20260928,539872,5501,56.92
20260928,539876,110364,60.36
20260928,539883,36,100.0
20260928,539884,33499,82.56
20260928,539889,89212,47.12
20260928,539894,15383,74.22
20260928,539895,26459,100.0
20260928,539900,240,100.0
20260928,539911,1116,100.0
20260928,539917,29639,100.0
20260928,539921,7614,50.04
20260928,539922,70,100.0
20260928,539938,10761,81.92
20260928,539939,5112,57.81
20260928,539945,27244,73.73
20260928,539946,342,100.0
20260928,539947,1163,100.0
20260928,539956,4155,64.26
20260928,539957,2154,47.67
20260928,539963,18335,74.97
20260928,539978,9385,32.1
20260928,539980,7393,57.09
20260928,539982,404,100.0
20260928,539984,1915,100.0
20260928,539985,33000,100.0
20260928,539986,9566,43.06
20260928,539991,171,100.0
20260928,539992,330454,27.01
20260928,539997,1015,35.39
20260928,540005,4173,39.07
20260928,540006,3581,65.2
20260928,540008,281,94.3
20260928,540023,241,99.59
20260928,540025,6298,61.8
20260928,540026,159,50.16
20260928,540047,3247,45.58
20260928,540048,658,74.35
20260928,540061,1343,66.88
20260928,540063,57705,100.0
20260928,540065,35222,48.6
20260928,540073,65300,67.41
20260928,540078,24334,84.42
20260928,540079,154402,34.1
20260928,540080,21786,86.04
20260928,540082,1350,100.0
20260928,540083,18850,100.0
20260928,540097,4923,71.63
20260928,540115,3125,63.35
20260928,540124,28082,64.16
20260928,540125,32854,100.0
20260928,540132,120941,100.0
20260928,540133,17266,36.57
20260928,540134,7581,100.0
20260928,540135,816295,49.32
20260928,540136,4283,55.74
20260928,540143,1373,83.57
20260928,540145,3975,75.34
20260928,540147,20823,88.58
20260928,540153,1186,46.69
20260928,540154,6,66.67
20260928,540159,456,75.25
20260928,540168,19550,70.75
20260928,540173,5842,45.35
20260928,540174,767,76.32
20260928,540175,415248,82.67
20260928,540180,1211785,91.21
20260928,540181,907,97.32
20260928,540189,1201,100.0
20260928,540190,2423873,49.91
20260928,540192,60038,79.68
20260928,540198,1378,30.14
20260928,540199,674,100.0
20260928,540203,7952,59.16
20260928,540204,13828,75.27
20260928,540205,3208,73.97
20260928,540210,319,99.69
20260928,540212,670,82.01
20260928,540222,14325,46.93
20260928,540243,50375,100.0
20260928,540252,226544,84.03
20260928,540254,53316,100.0
20260928,540259,1235028,80.95
20260928,540266,21583,68.66
20260928,540268,3193,82.91
20260928,540269,10000,100.0
20260928,540293,11579,59.16
20260928,540310,20191,100.0
20260928,540311,1591,85.77
20260928,540358,12071,79.38
20260928,540359,16216,100.0
20260928,540360,1471612,100.0
20260928,540361,55735,79.99
20260928,540366,6767,87.59
20260928,540376,6085,56.65
20260928,540377,2068114,47.9
20260928,540386,9382,100.0
20260928,540393,649,100.0
20260928,540395,1987,81.67
20260928,540396,16102,54.28
20260928,540401,23891,79.44
20260928,540403,2358,95.0
20260928,540404,21209,76.9
20260928,540405,4243,61.73
20260928,540425,1141,73.71
20260928,540455,79,100.0
20260928,540467,5,100.0
20260928,540481,66,100.0
20260928,540492,128865,66.48
20260928,540497,3882,74.64
20260928,540519,18595,66.21
20260928,540526,22539,78.1
20260928,540530,145609,60.63
20260928,540544,1155,51.06
20260928,540545,4331,100.0
20260928,540565,16180,83.92
20260928,540570,196380,65.23
20260928,540575,9353,72.94
20260928,540590,319,100.0
20260928,540595,35099,36.79
20260928,540596,1111,75.17
20260928,540597,1441,33.77
20260928,540602,914,93.08
20260928,540611,348330,90.37
20260928,540612,108320,96.93
20260928,540615,36262,100.0
20260928,540642,541172,71.67
20260928,540647,20,50.0
20260928,540648,1,100.0
20260928,540649,10760,59.92
20260928,540650,2059,57.34
20260928,540652,750,100.0
20260928,540654,18381,67.66
20260928,540669,9493,86.65
20260928,540673,789351,66.97
20260928,540678,25437,52.39
20260928,540679,177,98.33
20260928,540680,3633,58.33
20260928,540681,2500,100.0
20260928,540686,5971,56.82
20260928,540691,36571,49.07
20260928,540692,18182,90.21
20260928,540693,441779,61.49
20260928,540694,5101,100.0
20260928,540696,51477,100.0
20260928,540699,15980,42.1
20260928,540700,980,73.46
20260928,540701,9877,80.98
20260928,540702,10284,100.0
20260928,540703,10514,100.0
20260928,540704,141,90.38
20260928,540709,278143,100.0
20260928,540710,12801,56.37
20260928,540716,138574,96.21
20260928,540717,75919,74.56
20260928,540718,54375,77.96
20260928,540719,5365,37.38
20260928,540724,100,82.64
20260928,540725,20671,43.93
20260928,540726,16974,83.3
20260928,540727,9298,81.97
20260928,540728,3,50.0
20260928,540729,1500,100.0
20260928,540730,554536,80.44
20260928,540735,1076,71.12
20260928,540737,1820,68.27
20260928,540738,7889,73.13
20260928,540743,5585,45.55
20260928,540749,307310,99.37
20260928,540750,161324,58.57
20260928,540755,16112,68.34
20260928,540757,963,100.0
20260928,540762,3910,44.63
20260928,540767,14708,42.29
20260928,540768,14997,60.77
20260928,540769,120038,64.34
20260928,540774,47,79.66
20260928,540775,455,100.0
20260928,540776,3041,82.97
20260928,540777,65695,63.12
20260928,540786,107406,51.78
20260928,540787,14576,72.24
20260928,540788,953,96.85
20260928,540789,609,50.29
20260928,540795,10313,50.83
20260928,540796,22,100.0
20260928,540797,3239,79.15
20260928,540809,119436,70.5
20260928,540821,12091,94.39
20260928,540824,3101,100.0
20260928,540829,3409,100.0
20260928,540850,21000,77.78
20260928,540874,9777,62.95
20260928,540879,564648,71.54
20260928,540900,23333,58.01
20260928,540901,10459,76.5
20260928,540902,3614,45.54
20260928,540904,3741,100.0
20260928,540914,29888,99.96
20260928,540923,606,83.36
20260928,540935,1102,70.51
20260928,540936,1052,74.72
20260928,540937,195400,55.32
20260928,540952,6310,90.84
20260928,540953,55782,99.96
20260928,540954,83696,57.2
20260928,540955,783,100.0
20260928,540956,118636,64.79
20260928,540961,10,100.0
20260928,540975,11851,34.15
20260928,540980,20,100.0
20260928,541019,6165,59.52
20260928,541083,3500,82.35
20260928,541096,11958,62.77
20260928,541097,1384,80.65
20260928,541143,51607,50.12
20260928,541144,5510,83.22
20260928,541152,34979,98.49
20260928,541153,126675,45.9
20260928,541154,39319,65.42
20260928,541161,48647,100.0
20260928,541163,6342,72.0
20260928,541167,522,38.41
20260928,541195,17559,35.69
20260928,541206,57,54.29
20260928,541228,9380,100.0
20260928,541233,61598,47.09
20260928,541269,210,94.59
20260928,541276,26954,83.66
20260928,541301,12230,69.13
20260928,541302,106,82.17
20260928,541303,27407,62.74
20260928,541304,75,100.0
20260928,541313,4869,86.73
20260928,541336,2205,87.81
20260928,541337,6000,100.0
20260928,541338,23590,58.62
20260928,541347,2016,100.0
20260928,541352,265,88.93
20260928,541353,8000,100.0
20260928,541358,9671,100.0
20260928,541400,4723,53.85
20260928,541402,9600,92.33
20260928,541403,7113,76.38
20260928,541418,3545,92.29
20260928,541444,1556,100.0
20260928,541445,1600,100.0
20260928,541450,51218,45.86
20260928,541503,1,100.0
20260928,541540,10786,43.49
20260928,541546,56540,87.47
20260928,541556,38985,59.25
20260928,541557,477,73.38
20260928,541578,7483,52.48
20260928,541601,2357197,46.33
20260928,541634,170,71.73
20260928,541702,368112,100.0
20260928,541729,9477,57.19
20260928,541735,204979,56.29
20260928,541741,4215,100.0
20260928,541770,5537,53.02
20260928,541771,18666,100.0
20260928,541778,1836,100.0
20260928,541809,46863,82.24
20260928,541865,11593,91.59
20260928,541890,47539,100.0
20260928,541929,213,95.52
20260928,541946,88138,98.66
20260928,541956,185644,59.39
20260928,541967,25597,45.42
20260928,541972,134,58.26
20260928,541973,1500,100.0
20260928,541974,1782,50.13
20260928,541983,5000,100.0
20260928,541988,9546,57.3
20260928,542011,26813,58.88
20260928,542012,957273,100.0
20260928,542013,629,69.5
20260928,542019,7795,87.41
20260928,542020,24195,100.0
20260928,542025,288000,100.0
20260928,542034,15901,61.96
20260928,542046,131297,87.26
20260928,542057,3733,90.06
20260928,542066,19984,53.98
20260928,542131,14406,94.55
20260928,542141,5230,52.45
20260928,542146,2500,100.0
20260928,542155,2000,100.0
20260928,542176,50,100.0
20260928,542206,12460,100.0
20260928,542216,3114,74.44
20260928,542230,3004,95.09
20260928,542231,58011,72.08
20260928,542232,3985,91.09
20260928,542233,1317,84.97
20260928,542248,1857,75.7
20260928,542285,96213,71.23
20260928,542323,183080,41.94
20260928,542332,4,100.0
20260928,542333,1841,82.97
20260928,542337,2134,85.67
20260928,542351,167,100.0
20260928,542367,17344,53.27
20260928,542376,500,100.0
20260928,542383,798,80.69
20260928,542399,1981,60.49
20260928,542437,10718,100.0
20260928,542446,49816,61.54
20260928,542459,2352,68.04
20260928,542460,383,53.19
20260928,542484,1373,48.86
20260928,542503,88000,100.0
20260928,542513,180,100.0
20260928,542524,505,100.0
20260928,542543,1100000,95.65
20260928,542579,357170,71.75
20260928,542580,7845,100.0
20260928,542597,6864,70.61
20260928,542602,262622,98.87
20260928,542627,15781,100.0
20260928,542628,5196,76.97
20260928,542649,93567,46.38
20260928,542650,2841,45.67
20260928,542651,70821,45.11
20260928,542652,2507,37.57
20260928,542654,21142,99.51
20260928,542655,281941,92.22
20260928,542665,6195,48.37
20260928,542666,15539,83.06
20260928,542668,2000,100.0
20260928,542669,119650,84.05
20260928,542670,1375,89.93
20260928,542677,723,99.86
20260928,542678,274,100.0
20260928,542679,184,100.0
20260928,542682,1089,99.45
20260928,542684,4359,100.0
20260928,542685,1970,78.99
20260928,542721,26160,100.0
20260928,542725,1218749,61.57
20260928,542726,3082,49.57
20260928,542727,129600,66.22
20260928,542729,363,69.01
20260928,542730,10074,85.15
20260928,542747,5272,70.07
20260928,542752,3387,60.53
20260928,542758,88805,89.26
20260928,542759,10494,58.69
20260928,542760,36309,63.23
20260928,542770,3207,82.29
20260928,542771,3000,100.0
20260928,542772,5085,31.1
20260928,542773,34777,74.25
20260928,542774,32640,79.58
20260928,542802,30832,77.21
20260928,542803,112384,43.31
20260928,542812,922,38.37
20260928,542830,81549,65.58
20260928,542850,22000,100.0
20260928,542851,17778,100.0
20260928,542852,14591,78.55
20260928,542857,104704,96.99
20260928,542862,16567,93.66
20260928,542863,4232,93.61
20260928,542865,5165,83.31
20260928,542866,192,100.0
20260928,542867,6858,45.46
20260928,542904,318706,42.63
20260928,542905,5565,82.53
20260928,542907,6311,59.21
20260928,542909,78,56.93
20260928,542910,31500,100.0
20260928,542911,1,100.0
20260928,542918,4734,100.0
20260928,542919,80652,43.88
20260928,542920,4578,69.41
20260928,542921,102290,97.01
20260928,542922,1242,89.03
20260928,542933,206,100.0
20260928,542934,1000,100.0
20260928,543064,7050,34.75
20260928,543065,4000,100.0
20260928,543066,20549,53.37
20260928,543071,1,100.0
20260928,543079,11,91.67
20260928,543083,1,100.0
20260928,543092,418,99.52
20260928,543110,13,100.0
20260928,543144,719,100.0
20260928,543150,3609,94.11
20260928,543153,1,50.0
20260928,543161,372,99.47
20260928,543171,21847,79.6
20260928,543172,1500,100.0
20260928,543173,335,99.11
20260928,543174,1119,79.64
20260928,543175,11070,62.02
20260928,543176,21,100.0
20260928,543177,21773,79.21
20260928,543178,1,6.67
20260928,543181,167,52.35
20260928,543182,66,91.67
20260928,543184,1,50.0
20260928,543186,330,100.0
20260928,543187,2504,49.95
20260928,543193,11316,62.55
20260928,543207,98502,82.24
20260928,543208,67111,61.38
20260928,543209,84000,90.32
20260928,543210,922,100.0
20260928,543211,193,100.0
20260928,543212,39350,45.23
20260928,543213,2358,68.75
20260928,543214,2015,65.49
20260928,543216,72,98.63
20260928,543217,10300,73.16
20260928,543218,983,84.23
20260928,543219,7080,75.01
20260928,543220,64698,65.31
20260928,543221,14618,78.44
20260928,543223,1685,77.61
20260928,543224,2118,99.95
20260928,543225,75000,100.0
20260928,543226,1317,77.2
20260928,543227,24008,58.57
20260928,543228,4763,46.6
20260928,543229,1,100.0
20260928,543230,3727,63.08
20260928,543231,579,91.76
20260928,543232,21547,49.22
20260928,543233,11634,75.04
20260928,543234,2,100.0
20260928,543235,110875,46.33
20260928,543236,295,97.68
20260928,543237,38027,48.18
20260928,543238,3180,52.73
20260928,543240,3314,77.48
20260928,543241,963,82.52
20260928,543242,12411,51.13
20260928,543243,60765,37.39
20260928,543244,4000,100.0
20260928,543245,60540,87.62
20260928,543246,2200,85.11
20260928,543248,44266,49.6
20260928,543249,6605,82.36
20260928,543250,22,30.56
20260928,543251,809,98.9
20260928,543252,1,100.0
20260928,543253,24190,58.06
20260928,543254,2818,62.68
20260928,543255,420,97.0
20260928,543256,19858,80.3
20260928,543257,573651,57.17
20260928,543258,1190,57.29
20260928,543259,5083,50.19
20260928,543260,3307,55.45
20260928,543261,23883,82.97
20260928,543262,1000,100.0
20260928,543263,306310,49.23
20260928,543264,2180,100.0
20260928,543265,27331,51.93
20260928,543266,6585,68.41
20260928,543267,1704044,65.79
20260928,543268,2076,88.19
20260928,543270,3846,100.0
20260928,543271,9416,35.31
20260928,543272,778023,65.33
20260928,543273,2038,51.44
20260928,543275,773,25.8
20260928,543276,3295,68.49
20260928,543277,32989,48.77
20260928,543278,107358,42.48
20260928,543279,13042,68.97
20260928,543280,26693,45.19
20260928,543281,8542,70.02
20260928,543283,1228,100.0
20260928,543284,13557,61.7
20260928,543287,7395,34.41
20260928,543288,8418,46.5
20260928,543290,106249,87.68
20260928,543291,23293,66.08
20260928,543292,2232,71.36
20260928,543298,13278,98.51
20260928,543299,2357,49.6
20260928,543300,278549,71.24
20260928,543306,950,82.11
20260928,543308,4655,37.85
20260928,543309,18000,75.0
20260928,543311,4745,46.16
20260928,543312,4266,100.0
20260928,543317,1018,76.83
20260928,543318,8484,47.93
20260928,543319,9040000,82.48
20260928,543320,106247,48.91
20260928,543321,5183,30.82
20260928,543322,1905,48.31
20260928,543323,11295,83.43
20260928,543324,6327,30.91
20260928,543325,94284,34.3
20260928,543326,63660,63.17
20260928,543327,70327,93.69
20260928,543328,2858,74.82
20260928,543329,2108,54.72
20260928,543330,136800,55.53
20260928,543331,36085,45.51
20260928,543332,3018,87.94
20260928,543333,4334,30.53
20260928,543334,9119,58.2
20260928,543335,11939,60.82
20260928,543336,7988,31.63
20260928,543341,3754,99.02
20260928,543346,39000,52.7
20260928,543347,2,100.0
20260928,543348,580,99.49
20260928,543349,5492,63.89
20260928,543350,4610,67.18
20260928,543351,4800,100.0
20260928,543352,600,100.0
20260928,543357,5,100.0
20260928,543358,19553,63.32
20260928,543363,17200,81.9
20260928,543364,14005,69.13
20260928,543365,53470,67.01
20260928,543366,4800,100.0
20260928,543367,20347,44.26
20260928,543373,4850,100.0
20260928,543374,111942,93.71
20260928,543376,578,91.17
20260928,543377,30000,60.0
20260928,543378,1500,75.0
20260928,543383,621,21.88
20260928,543384,17680,35.22
20260928,543386,16969,64.4
20260928,543387,3612,65.12
20260928,543388,1554,90.67
20260928,543389,64154,54.4
20260928,543390,273370,38.74
20260928,543391,2250,75.0
20260928,543396,30120,26.02
20260928,543397,14365,40.28
20260928,543398,13543,57.76
20260928,543399,10667,49.76
20260928,543400,4000,66.67
20260928,543401,1149,58.65
20260928,543410,25350,56.52
20260928,543411,24100,57.6
20260928,543412,1072353,99.23
20260928,543413,3672,29.77
20260928,543414,81664,89.96
20260928,543415,14894,62.62
20260928,543416,1284,84.75
20260928,543417,4309,53.85
20260928,543418,2261,100.0
20260928,543419,19222,81.23
20260928,543420,3714,59.41
20260928,543425,3193,62.85
20260928,543426,2612,62.92
20260928,543427,4239,88.26
20260928,543428,16144,51.57
20260928,543433,1418,93.78
20260928,543434,13927,49.5
20260928,543435,8300,66.67
20260928,543437,111905,51.9
20260928,543438,8354,91.96
20260928,543440,784,58.55
20260928,543441,42911,69.98
20260928,543442,994,91.87
20260928,543449,8043,66.0
20260928,543450,10145,71.28
20260928,543451,9387,100.0
20260928,543452,168637,62.69
20260928,543453,2250,100.0
20260928,543454,1535,64.17
20260928,543458,44688,64.04
20260928,543461,20000,80.0
20260928,543462,2702,93.49
20260928,543463,89319,90.42
20260928,543464,38000,86.36
20260928,543465,2617,79.96
20260928,543470,331,91.18
20260928,543471,58649,72.99
20260928,543472,307,78.72
20260928,543473,10366,78.06
20260928,543474,19792,81.89
20260928,543475,4000,100.0
20260928,543481,135763,84.57
20260928,543482,3035,71.97
20260928,543489,29222,69.96
20260928,543490,326106,64.56
20260928,543497,12000,60.0
20260928,543498,676013,53.94
20260928,543499,99944,77.89
20260928,543500,40000,100.0
20260928,543501,370855,45.64
20260928,543512,5186,78.6
20260928,543513,5466,100.0
20260928,543514,9087,71.02
20260928,543515,7125,67.86
20260928,543516,336000,100.0
20260928,543517,4828,54.76
20260928,543520,1207000,100.0
20260928,543521,10000,100.0
20260928,543522,750,100.0
20260928,543523,8095,58.88
20260928,543524,1448,31.98
20260928,543525,30584,64.39
20260928,543526,661231,88.09
20260928,543527,18390,94.79
20260928,543528,12108,69.0
20260928,543529,52943,57.3
20260928,543530,112346,55.99
20260928,543531,22450,71.54
20260928,543532,1593,57.45
20260928,543533,17391,43.31
20260928,543534,11258,43.04
20260928,543535,1518,100.0
20260928,543539,542,73.94
20260928,543540,2400,100.0
20260928,543542,5800,32.58
20260928,543543,800,100.0
20260928,543544,42000,91.8
20260928,543545,116900,100.0
20260928,543546,84000,87.5
20260928,543547,6832,76.09
20260928,543563,1261,51.81
20260928,543568,53673,54.52
20260928,543569,869,96.88
20260928,543570,5893,79.64
20260928,543571,4053,82.99
20260928,543572,300179,87.14
20260928,543573,58307,46.09
20260928,543574,970,99.9
20260928,543575,1909,86.42
20260928,543576,8362,75.87
20260928,543577,5150,99.96
20260928,543578,4625,83.33
20260928,543590,6229670,61.85
20260928,543591,8484,75.41
20260928,543592,148160,62.11
20260928,543593,13605,72.45
20260928,543594,33000,55.0
20260928,543595,0,0.0
20260928,543596,5619,49.37
20260928,543597,2443,54.67
20260928,543599,4218,74.93
20260928,543600,9952,66.1
20260928,543605,1136,99.74
20260928,543606,1000,50.0
20260928,543607,4158,95.04
20260928,543608,527,100.0
20260928,543614,1381,66.39
20260928,543615,3200,66.67
20260928,543616,15000,83.33
20260928,543618,27750,94.87
20260928,543619,3050,72.62
20260928,543620,137706,83.06
20260928,543622,1200,100.0
20260928,543626,172139,39.32
20260928,543627,663,91.83
20260928,543628,1997,91.1
20260928,543635,54867,32.27
20260928,543636,11123,52.02
20260928,543637,7200,85.71
20260928,543638,99126,85.55
20260928,543643,26686,78.1
20260928,543644,6927,52.05
20260928,543650,9477,46.58
20260928,543652,18449,68.18
20260928,543653,1534,52.82
20260928,543654,3015,55.56
20260928,543655,50000,100.0
20260928,543656,28000,70.0
20260928,543657,8762,40.04
20260928,543663,7399,33.11
20260928,543664,19127,37.36
20260928,543665,3427,70.95
20260928,543666,20286,93.17
20260928,543667,18677,44.35
20260928,543668,153,94.44
20260928,543669,522,65.66
20260928,543670,28159,100.0
20260928,543671,11549,82.78
20260928,543677,22631,82.53
20260928,543686,1897,78.42
20260928,543687,637,66.42
20260928,543688,285938,75.8
20260928,543689,1177,42.14
20260928,543699,363,99.18
20260928,543700,25,100.0
20260928,543709,9750,70.91
20260928,543710,2011,35.72
20260928,543711,15753,74.83
20260928,543712,279,97.89
20260928,543713,15000,57.69
20260928,543714,1447,64.83
20260928,543720,70526,77.02
20260928,543725,2257,67.03
20260928,543732,41104,67.67
20260928,543737,9,100.0
20260928,543738,5501,99.03
20260928,543743,2821,97.95
20260928,543745,450000,98.68
20260928,543746,9600,43.24
20260928,543747,40721,90.18
20260928,543748,22762,55.56
20260928,543766,584,100.0
20260928,543767,16107,98.17
20260928,543768,341139,47.18
20260928,543774,8786,67.14
20260928,543775,19831,56.87
20260928,543776,96010,70.33
20260928,543781,25363,70.75
20260928,543782,6660,100.0
20260928,543787,495,100.0
20260928,543798,8000,100.0
20260928,543799,1000,66.67
20260928,543805,6750,56.25
20260928,543806,11800,59.0
20260928,543811,7935,87.1
20260928,543812,4826,37.99
20260928,543813,50,98.04
20260928,543819,8070,54.78
20260928,543828,36000,81.82
20260928,543829,2156,94.52
20260928,543831,1125,100.0
20260928,543848,4000,100.0
20260928,543853,221,96.09
20260928,543860,191,100.0
20260928,543861,5225,92.86
20260928,543874,12000,80.0
20260928,543895,118750,94.81
20260928,543896,3202,37.7
20260928,543897,1000,100.0
20260928,543898,1113,93.53
20260928,543899,18005,94.29
20260928,543900,29095,72.19
20260928,543901,261,100.0
20260928,543902,6000,75.0
20260928,543903,24662,56.64
20260928,543904,18309,80.64
20260928,543905,7200,100.0
20260928,543910,84,100.0
20260928,543911,69227,41.47
20260928,543912,7626,81.67
20260928,543913,11012,88.09
20260928,543914,12322,100.0
20260928,543915,13321,80.16
20260928,543916,28000,100.0
20260928,543917,4998,81.33
20260928,543918,13010,45.93
20260928,543919,11235,85.48
20260928,543920,21111,59.41
20260928,543922,11027,79.68
20260928,543923,15225,64.94
20260928,543924,40000,64.52
20260928,543926,51600,91.49
20260928,543927,584,94.35
20260928,543928,8100,66.94
20260928,543929,67174,54.91
20260928,543930,285,100.0
20260928,543931,11600,58.59
20260928,543932,6985,66.22
20260928,543933,7879,45.3
20260928,543934,3,100.0
20260928,543935,2076,92.43
20260928,543936,62588,41.92
20260928,543939,5000,100.0
20260928,543940,1147168,63.76
20260928,543942,293133,74.06
20260928,543943,57000,64.77
20260928,543944,309,99.68
20260928,543945,23803,40.33
20260928,543946,8627,96.49
20260928,543947,1391,99.57
20260928,543948,2122,61.92
20260928,543949,3230,89.05
20260928,543950,6477,34.18
20260928,543952,5651,77.44
20260928,543953,9500,34.86
20260928,543954,10706,82.92
20260928,543955,13499,67.74
20260928,543956,15072,99.44
20260928,543957,20036,52.55
20260928,543958,10171,82.1
20260928,543959,26895,40.19
20260928,543960,8530,54.87
20260928,543962,631,100.0
20260928,543963,6000,100.0
20260928,543965,18592,52.06
20260928,543969,2347,94.41
20260928,543970,1500,100.0
20260928,543971,47600,60.25
20260928,543972,23770,43.56
20260928,543973,94,96.91
20260928,543974,81828,79.71
20260928,543975,89,95.7
20260928,543976,14918,78.77
20260928,543977,4310,37.93
20260928,543978,75178,49.23
20260928,543979,6400,100.0
20260928,543980,6442,78.13
20260928,543981,3222,42.46
20260928,543982,24800,90.51
20260928,543983,4093,67.62
20260928,543984,101429,67.8
20260928,543985,30576,57.13
20260928,543986,3400,51.82
20260928,543988,9366,39.7
20260928,543989,16007,44.41
20260928,543990,25058,26.02
20260928,543991,4400,100.0
20260928,543992,39949,64.36
20260928,543993,1247,92.78
20260928,543994,51996,42.05
20260928,543995,12479,49.72
20260928,543996,9081,62.8
20260928,543997,46800,59.09
20260928,543998,12647,100.0
20260928,543999,6042,99.31
20260928,544000,12000,100.0
20260928,544001,17500,100.0
20260928,544002,6000,100.0
20260928,544003,13041,88.84
20260928,544004,2347,71.14
20260928,544006,3776,74.62
20260928,544007,9215,65.09
20260928,544008,2061,46.41
20260928,544009,11029,58.57
20260928,544010,1,100.0
20260928,544012,14371,51.63
20260928,544013,3000,100.0
20260928,544014,27595,36.42
20260928,544015,1500,75.0
20260928,544020,143694,100.0
20260928,544021,63885,33.89
20260928,544022,9462,24.76
20260928,544023,5500,100.0
20260928,544025,600,100.0
20260928,544026,780706,43.45
20260928,544027,27023,60.32
20260928,544028,19643,32.23
20260928,544029,15483,49.58
20260928,544030,2371,24.62
20260928,544035,14400,60.0
20260928,544036,8800,100.0
20260928,544037,24700,49.4
20260928,544042,7699,81.2
20260928,544043,49,94.23
20260928,544044,5857,77.12
20260928,544045,798,62.15
20260928,544046,4504,44.86
20260928,544047,42000,82.35
20260928,544053,502790,27.24
20260928,544054,2172,80.21
20260928,544055,9184,68.66
20260928,544057,4939,70.33
20260928,544058,8646,91.85
20260928,544059,2000,100.0
20260928,544060,15539,100.0
20260928,544061,20019,43.72
20260928,544066,483,92.53
20260928,544067,3459,48.31
20260928,544073,23000,95.83
20260928,544074,7800,100.0
20260928,544079,521,80.53
20260928,544081,34770,40.19
20260928,544082,4000,100.0
20260928,544083,1000,66.67
20260928,544088,7740,64.84
20260928,544089,457499,83.23
20260928,544090,1,100.0
20260928,544091,11600,100.0
20260928,544092,146,80.22
20260928,544093,2658,96.34
20260928,544094,1200,100.0
20260928,544095,15440,57.39
20260928,544100,5895,95.0
20260928,544101,3200,100.0
20260928,544104,1,100.0
20260928,544105,4500,100.0
20260928,544106,1200,100.0
20260928,544107,9421,64.94
20260928,544108,9600,100.0
20260928,544109,4584,93.68
20260928,544110,2823,82.42
20260928,544111,25867,54.87
20260928,544112,1593,89.39
20260928,544117,1657,90.94
20260928,544118,23947,39.63
20260928,544119,8381,46.09
20260928,544120,1159,64.97
20260928,544122,3130,39.76
20260928,544123,623,84.76
20260928,544124,1012,94.93
20260928,544129,5013,59.8
20260928,544130,77336,74.02
20260928,544131,3814,59.84
20260928,544132,469155,60.96
20260928,544133,51349,70.44
20260928,544134,1490,81.02
20260928,544135,36852,100.0
20260928,544136,482,66.94
20260928,544137,7613,76.96
20260928,544138,18923,67.5
20260928,544139,2000,100.0
20260928,544140,3087,32.02
20260928,544141,800,7.14
20260928,544142,16132,81.28
20260928,544143,1500,100.0
20260928,544144,445,98.45
20260928,544149,637,92.05
20260928,544150,69250,60.48
20260928,544151,26000,100.0
20260928,544157,1000,66.67
20260928,544158,2073,88.51
20260928,544159,221166,85.65
20260928,544160,49600,100.0
20260928,544161,462,59.46
20260928,544162,4023,65.22
20260928,544163,11000,78.57
20260928,544165,27000,85.71
20260928,544166,25200,100.0
20260928,544167,4118,67.94
20260928,544169,12000,66.67
20260928,544170,16000,88.89
20260928,544171,7200,100.0
20260928,544172,31870,51.27
20260928,544173,3000,100.0
20260928,544174,2999,62.3
20260928,544175,2400,100.0
20260928,544176,5431,49.65
20260928,544177,4000,80.0
20260928,544179,182699,49.56
20260928,544180,4783,45.08
20260928,544181,10465,56.79
20260928,544182,7,43.75
20260928,544184,7179,84.18
20260928,544185,10619,67.42
20260928,544186,26380,80.19
20260928,544187,33296,100.0
20260928,544188,248000,81.58
20260928,544189,3000,75.0
20260928,544190,4000,66.67
20260928,544191,25666,64.85
20260928,544192,40375,52.25
20260928,544193,255360,89.06
20260928,544194,80742,99.46
20260928,544195,6000,75.0
20260928,544196,236,16.91
20260928,544197,12583,89.98
20260928,544198,7299,54.81
20260928,544199,28000,81.4
20260928,544200,24692,63.17
20260928,544201,52000,100.0
20260928,544202,7196,45.94
20260928,544203,70622,45.02
20260928,544204,2988,99.2
20260928,544205,381,100.0
20260928,544206,94853,64.62
20260928,544207,440,75.21
20260928,544209,11506,51.51
20260928,544210,41099,97.83
20260928,544212,13786,66.95
20260928,544213,6600,64.71
20260928,544215,2007,91.98
20260928,544216,83709,70.88
20260928,544217,3985,54.0
20260928,544218,10572,83.0
20260928,544219,91800,76.12
20260928,544221,3000,100.0
20260928,544222,4950,56.44
20260928,544223,3993,54.47
20260928,544224,44160,76.51
20260928,544225,2512004,41.46
20260928,544226,540842,23.49
20260928,544227,12063,69.77
20260928,544228,150,100.0
20260928,544229,209350,71.34
20260928,544230,89400,56.6
20260928,544232,1767,53.64
20260928,544233,692,99.86
20260928,544234,8,100.0
20260928,544235,3785,79.43
20260928,544237,800,100.0
20260928,544238,32824,40.44
20260928,544239,4399,81.6
20260928,544240,10479,60.95
20260928,544241,38769,86.12
20260928,544242,3000,50.0
20260928,544243,332463,66.29
20260928,544244,1694,64.0
20260928,544246,1751,100.0
20260928,544247,5640,83.63
20260928,544248,105600,72.73
20260928,544249,3118,83.41
20260928,544250,898,17.13
20260928,544251,8000,100.0
20260928,544252,344037,72.16
20260928,544253,20149,49.76
20260928,544254,1807,94.86
20260928,544256,26702,50.96
20260928,544257,500,100.0
20260928,544258,2947,68.97
20260928,544259,6000,66.67
20260928,544260,828948,96.82
20260928,544261,15134,69.77
20260928,544262,4612,39.17
20260928,544263,6030,53.24
20260928,544264,9136,65.29
20260928,544266,1637,19.54
20260928,544267,128000,75.83
20260928,544268,81612,53.58
20260928,544271,25539,61.78
20260928,544272,400,100.0
20260928,544273,17141,95.63
20260928,544274,6554,50.27
20260928,544275,9636,78.54
20260928,544276,77756,75.09
20260928,544277,17245,53.22
20260928,544278,8913,100.0
20260928,544279,8832,69.86
20260928,544280,34626,40.86
20260928,544281,20634,100.0
20260928,544282,676708,53.53
20260928,544283,32517,48.28
20260928,544284,3752,80.79
20260928,544285,171647,46.69
20260928,544286,66644,74.34
20260928,544288,28646,50.14
20260928,800442,3000,100.0
20260928,800443,4,100.0
20260928,800444,51,100.0
20260928,800488,52,89.66
20260928,800489,1611,100.0
20260928,800517,2,100.0
20260928,800522,11,100.0
20260928,800573,21,100.0
20260928,800575,30,73.17
20260928,800580,56,77.78
20260928,800588,200,100.0
20260928,800596,184,83.26
20260928,800598,4501,100.0
20260928,800603,196,80.66
20260928,800605,360,84.71
20260928,800607,9500,100.0
20260928,800618,1712,100.0
20260928,800807,2047,100.0
20260928,800808,4620,100.0
20260928,800809,4176,78.0
20260928,805135,1000,100.0
20260928,805228,200,100.0
20260928,805235,100,100.0
20260928,805259,100,100.0
20260928,890217,1932,100.0
20260928,890226,2650,99.59
20260928,890228,110,98.21
20260928,890231,501,100.0
20260928,890234,350019,100.0
20260928,890238,279,100.0
20260928,890239,11,100.0
20260928,935514,126,100.0
20260928,935568,1510,100.0
20260928,935574,454,100.0
20260928,935584,150,100.0
20260928,935682,349,100.0
20260928,936048,271,81.87
20260928,936130,400,100.0
20260928,936224,13,100.0
20260928,936230,353,90.05
20260928,936236,125,55.56
20260928,936254,1,100.0
20260928,936294,100,100.0
20260928,936320,65,100.0
20260928,936412,541,99.82
20260928,936416,60,100.0
20260928,936478,19,100.0
20260928,936532,7,100.0
20260928,936656,81,100.0
20260928,936722,30,100.0
20260928,936724,348,100.0
20260928,936810,190,93.14
20260928,937017,1,100.0
20260928,937057,273,89.8
20260928,937091,466,100.0
20260928,937093,200,100.0
20260928,937381,70,100.0
20260928,937419,258,100.0
20260928,937441,30,100.0
20260928,937453,50,100.0
20260928,937549,135,100.0
20260928,937619,276,100.0
20260928,937621,86,80.37
20260928,937721,782,100.0
20260928,937743,2,100.0
20260928,937777,260,100.0
20260928,937799,85,100.0
20260928,937803,5,100.0
20260928,937885,300,100.0
20260928,938001,100,100.0
20260928,938011,52,50.98
20260928,938067,12,100.0
20260928,938212,500,100.0
20260928,938218,170,99.42
20260928,938222,1,100.0
20260928,938226,111,100.0
20260928,938284,581,100.0
20260928,938330,124,100.0
20260928,938364,549,100.0
20260928,938368,65,100.0
20260928,938370,100,100.0
20260928,938442,35,100.0
20260928,938462,50,100.0
20260928,938508,2,100.0
20260928,938526,181,100.0
20260928,938530,600,100.0
20260928,938532,20,50.0
20260928,938558,25,100.0
20260928,938570,248,100.0
20260928,938850,52,92.86
20260928,938890,284,100.0
20260928,938902,50,100.0
20260928,938906,1,100.0
20260928,938924,2,66.67
20260928,938982,5,100.0
20260928,938990,9,100.0
20260928,938994,75,100.0
20260928,939002,1112,79.71
20260928,939010,10,100.0
20260928,939088,22,100.0
20260928,939124,46,100.0
20260928,939180,35,100.0
20260928,939190,15,100.0
20260928,939202,137,100.0
20260928,939204,180,100.0
20260928,939212,5,100.0
20260928,939240,20,100.0
20260928,939264,17,100.0
20260928,939276,5,100.0
20260928,939297,20,100.0
20260928,939299,1,100.0
20260928,939321,80,100.0
20260928,939357,5,100.0
20260928,939407,64,100.0
20260928,939427,137,100.0
20260928,939435,190,100.0
20260928,939447,400,100.0
20260928,939461,750,100.0
20260928,939575,2,100.0
20260928,939617,40,100.0
20260928,939627,130,100.0
20260928,939631,25,100.0
20260928,939647,40,100.0
20260928,939657,100,68.03
20260928,939715,6,100.0
20260928,939719,48,100.0
20260928,939741,15,100.0
20260928,939743,298,95.82
20260928,939807,5,100.0
20260928,939831,10,100.0
20260928,939841,1,100.0
20260928,939849,15,100.0
20260928,939857,14,100.0
20260928,939867,100,100.0
20260928,939877,10,100.0
20260928,939901,3,100.0
20260928,939965,400,94.12
20260928,940033,10,100.0
20260928,940045,360,100.0
20260928,940053,195,100.0
20260928,940057,30,100.0
20260928,940067,30,100.0
20260928,940069,90,100.0
20260928,940097,25,100.0
20260928,940115,286,63.0
20260928,940165,100,100.0
20260928,940211,75,100.0
20260928,940227,151,100.0
20260928,940233,40,100.0
20260928,940235,40,100.0
20260928,940239,44,100.0
20260928,940275,10,100.0
20260928,940325,208,100.0
20260928,940327,10,100.0
20260928,940331,110,100.0
20260928,940333,500,100.0
20260928,940383,10,100.0
20260928,940393,100,100.0
20260928,940399,108,100.0
20260928,940421,10,100.0
20260928,940427,40,100.0
20260928,940433,10,100.0
20260928,940439,50,100.0
20260928,940441,3,100.0
20260928,940473,1,100.0
20260928,940517,125,100.0
20260928,940559,100,100.0
20260928,940571,14,100.0
20260928,940593,34,100.0
20260928,940607,268,100.0
20260928,940619,24,100.0
20260928,940637,63,54.78
20260928,940649,1,100.0
20260928,940653,83,100.0
20260928,940655,1100,100.0
20260928,940657,476,100.0
20260928,940661,100,100.0
20260928,940675,10,100.0
20260928,940677,200,100.0
20260928,940681,1288,70.5
20260928,940683,327,100.0
20260928,940685,23,100.0
20260928,940687,60,85.71
20260928,940699,130,100.0
20260928,940709,10,100.0
20260928,940713,15,100.0
20260928,940715,6,100.0
20260928,940717,1,100.0
20260928,940719,25,100.0
20260928,940725,225,100.0
20260928,940727,50,100.0
20260928,940757,10,100.0
20260928,940767,315,100.0
20260928,940771,30,100.0
20260928,940777,240,100.0
20260928,940783,111,100.0
20260928,940785,10,100.0
20260928,940791,500,100.0
20260928,940819,20,100.0
20260928,940825,10,50.0
20260928,940837,77,100.0
20260928,940841,3020,92.92
20260928,940853,1,100.0
20260928,940855,235,81.88
20260928,940859,152,93.83
20260928,940861,2,100.0
20260928,940866,1030,100.0
20260928,940870,10,100.0
20260928,940880,10,100.0
20260928,940886,44,84.62
20260928,940898,140,51.47
20260928,940906,340,85.0
20260928,940915,18,100.0
20260928,940933,3,100.0
20260928,940943,110,100.0
20260928,940951,20,100.0
20260928,940955,36,87.8
20260928,940963,10,100.0
20260928,940965,10,100.0
20260928,940969,22,100.0
20260928,940983,50,50.0
20260928,940989,47,100.0
20260928,940995,6,100.0
20260928,941009,50,100.0
20260928,941021,112,100.0
20260928,941023,75,68.18
20260928,941035,43,81.13
20260928,941037,166,98.81
20260928,941049,20,100.0
20260928,941063,1450,100.0
20260928,941093,190,75.1
20260928,941097,1,100.0
20260928,941111,241,100.0
20260928,941117,65,100.0
20260928,941125,1147,100.0
20260928,941127,65,97.01
20260928,941129,43,89.58
20260928,941143,140,100.0
20260928,941157,857,100.0
20260928,941165,5,83.33
20260928,941173,320,100.0
20260928,941185,412,75.18
20260928,941189,640,99.53
20260928,941193,2399,100.0
20260928,941195,131,100.0
20260928,941199,61,100.0
20260928,941201,15,100.0
20260928,941203,318,100.0
20260928,941231,412,53.58
20260928,941237,4,100.0
20260928,941251,3195,99.75
20260928,941253,875,100.0
20260928,941255,306,96.84
20260928,941257,314,75.85
20260928,941259,152,100.0
20260928,941261,75,100.0
20260928,941263,329,100.0
20260928,941265,560,100.0
20260928,941267,47,100.0
20260928,941271,15,100.0
20260928,941273,595,100.0
20260928,957809,2,100.0
20260928,957810,2,100.0
20260928,961718,4,100.0
20260928,961728,238,98.35
20260928,961730,120,100.0
20260928,961734,30,100.0
20260928,961751,14,100.0
20260928,961779,300,63.16
20260928,961785,286,100.0
20260928,961791,100,100.0
20260928,961803,101,100.0
20260928,961804,50,84.75
20260928,961822,2438,100.0
20260928,961825,20,100.0
20260928,961826,15,100.0
20260928,961839,1,100.0
20260928,961853,50,100.0
20260928,961875,290,100.0
20260928,961885,1,100.0
20260928,961921,233,100.0
20260928,972715,12,100.0
20260928,972721,2,100.0
20260928,972773,16,100.0
20260928,972893,23,100.0
20260928,973491,6286,88.59
20260928,974286,1,100.0
20260928,974634,3,100.0
20260928,974863,5,100.0
20260928,974998,3,75.0
20260928,975231,5,100.0
20260928,975235,3,100.0
20260928,975263,2,100.0
20260928,975375,4,100.0
20260928,975413,5,100.0
20260928,975572,1,50.0
20260928,975662,5,100.0
20260928,975690,8,100.0
20260928,975733,7,100.0
20260928,975803,5,100.0
20260928,976020,7,100.0
20260928,976036,4,100.0
20260928,976228,150,100.0
20260928,976248,8,100.0
20260928,976325,106,97.25
20260928,976376,1,100.0
20260928,976411,2,100.0
20260928,976427,1,100.0
20260928,976437,31,100.0
20260928,976457,1,100.0
20260928,976492,1,100.0
20260928,976493,2,100.0
20260928,976597,2,100.0
20260928,976702,1,100.0
20260928,976708,1,33.33
20260928,976712,8,100.0
20260928,976752,1,100.0
20260928,976757,1,100.0
20260928,976776,1,100.0
20260928,976778,5,100.0
20260928,976808,162,100.0
20260928,976855,12,100.0
20260928,976868,7,100.0
20260928,976873,20,100.0
20260928,976893,101,100.0
20260928,976929,1,100.0
20260928,976940,1,100.0
20260928,976954,10,100.0
20260928,976970,1,100.0
20260928,976976,1,100.0
20260928,977009,4,100.0
20260928,977017,362,91.41
20260928,977075,211,100.0
20260928,977093,2,100.0
20260928,977117,3,100.0
20260928,977128,100,80.0
20260928,977134,13,81.25
20260928,977144,2,100.0
20260928,977187,2,100.0
20260928,977200,40,100.0
20260928,977226,4,100.0
20260928,977241,130,95.59
20260928,977249,7,100.0
20260928,977260,15,100.0
20260928,977262,1,100.0
20260928,977298,7,100.0
20260928,977309,28,100.0
20260928,977331,1,100.0
20260928,977356,13,100.0
20260928,977367,24,75.0
20260928,977382,3,100.0
20260928,977383,4,50.0
20260928,977403,2,100.0
20260928,977418,1,100.0
20260928,977424,2,100.0
20260928,977440,7,100.0
20260928,977453,33,100.0
20260928,977468,3,100.0
20260928,977469,15,100.0
20260928,977470,4,100.0
20260928,977486,3,100.0
20260928,977495,1,100.0
20260928,977534,40,88.89
20260928,977541,90,94.74
20260928,977564,583,100.0
20260928,977575,49,100.0
20260928,977580,39,100.0
20260928,977583,1,100.0
20260928,977596,9,100.0
20260928,977633,1,100.0
20260928,977635,3,100.0
20260928,977642,2,100.0
20260928,977648,100,100.0
20260928,977649,69,100.0
20260928,977657,41,100.0
20260928,977662,103,100.0
20260928,977700,17,100.0
20260928,977712,5,100.0
20260928,977725,6,100.0
20260928,977732,266,97.08
20260928,977740,71,100.0
20260928,977753,72,96.0
20260928,977757,1,100.0
20260928,977774,60,100.0
20260928,977801,4,100.0
20260928,977803,2,100.0
20260928,977806,1,100.0
20260928,977839,1,100.0
20260928,977846,2,100.0
20260928,977855,3,100.0
20260928,977859,1,100.0
20260928,977868,147,78.19
20260928,977869,66,100.0
20260928,977874,2,100.0
20260928,977921,1,100.0
20260928,977933,1,100.0
20260928,977935,92,98.92
20260928,977979,6,100.0
20260928,977984,18,100.0
20260928,977993,202,100.0
20260928,977996,4,100.0
20260928,978008,1,100.0
20260928,978016,1,100.0
20260928,978019,2,100.0
20260928,978024,15,68.18
20260928,978025,54,94.74
20260928,978033,1,100.0
20260928,978034,58,100.0
20260928,978035,2,100.0
20260928,978037,5,100.0
20260928,978039,50,100.0
20260928,978051,37,92.5
20260928,978055,7,100.0
20260928,978075,13,100.0
20260928,978086,5,100.0
20260928,978087,1,100.0
20260928,978094,167,100.0
20260928,978115,11,100.0
20260928,978127,30,100.0
20260928,978128,1,100.0
20260928,978132,1,100.0
20260928,978167,65,98.48
20260928,978169,118,100.0
20260928,978196,124,100.0
20260928,978197,290,100.0
20260928,978199,2,100.0
