DATE,SYMBOL,DELIV_QTY,DELIV_PER
20261006,500002,3544,43.71
20261006,500003,12171,35.95
20261006,500008,14234,70.29
20261006,500009,3558,100.0
20261006,500012,86311,68.16
20261006,500013,8615,100.0
20261006,500014,17547,67.77
20261006,500016,1388,93.41
20261006,500020,16421,58.11
20261006,500023,287,72.29
20261006,500027,1181,67.76
20261006,500028,19240,97.38
20261006,500031,4739,50.78
20261006,500032,475681,46.79
20261006,500033,1273,37.19
20261006,500034,158403,65.05
20261006,500038,38449,31.12
20261006,500039,5092,76.35
20261006,500040,10110,60.52
20261006,500041,62,73.81
20261006,500042,412,52.62
20261006,500043,3347,62.42
20261006,500048,5309,54.07
20261006,500049,113448,44.25
20261006,500051,48042,100.0
20261006,500052,35156,42.11
20261006,500058,25207,95.39
20261006,500059,540,100.0
20261006,500060,25812,64.14
20261006,500067,145243,76.88
20261006,500068,10,90.91
20261006,500069,111,100.0
20261006,500074,2378,87.43
20261006,500078,705,91.32
20261006,500083,4725,78.31
20261006,500084,55489,48.76
20261006,500085,18085,49.84
20261006,500086,112298,75.36
20261006,500087,9806,53.2
20261006,500089,2,100.0
20261006,500092,483,63.22
20261006,500093,39871,34.5
20261006,500096,29255,43.59
20261006,500097,11380,39.31
20261006,500101,5600,62.12
20261006,500103,1044720,54.76
20261006,500104,645587,81.85
20261006,500106,1057146,38.13
20261006,500108,103029,60.25
20261006,500109,212578,32.03
20261006,500110,15549,32.6
20261006,500112,357437,72.76
20261006,500113,301523,33.42
20261006,500114,8740,51.67
20261006,500116,317836,57.26
20261006,500117,54472,67.6
20261006,500119,61286,42.27
20261006,500120,2477,79.85
20261006,500123,304,72.21
20261006,500124,34962,57.67
20261006,500125,5714,38.09
20261006,500126,139,46.33
20261006,500128,183147,41.17
20261006,500133,86,78.9
20261006,500135,20896,39.74
20261006,500136,2121,60.46
20261006,500142,696,100.0
20261006,500143,7673,100.0
20261006,500144,9060,50.36
20261006,500147,224,76.45
20261006,500148,11447,87.32
20261006,500150,219,49.77
20261006,500151,592,100.0
20261006,500153,50285,100.0
20261006,500159,19,100.0
20261006,500160,43284,94.89
20261006,500163,3193,46.91
20261006,500164,949,36.64
20261006,500165,161980,91.5
20261006,500166,5140,76.23
20261006,500168,751,57.15
20261006,500170,3454,88.86
20261006,500171,5700,56.53
20261006,500173,4685,86.15
20261006,500174,253,100.0
20261006,500178,159,100.0
20261006,500179,15607,70.34
20261006,500180,684384,58.68
20261006,500182,17632,68.38
20261006,500183,241531,100.0
20261006,500184,16049,49.86
20261006,500185,377688,49.51
20261006,500186,34376,79.62
20261006,500187,2357,71.62
20261006,500188,79999,54.16
20261006,500191,2054,100.0
20261006,500192,22913,60.42
20261006,500193,12024,96.41
20261006,500199,2762,37.76
20261006,500201,17895,50.28
20261006,500202,1,100.0
20261006,500206,1589,71.35
20261006,500207,41637,56.3
20261006,500209,253515,65.51
20261006,500210,340,64.76
20261006,500213,759,100.0
20261006,500214,2294,49.98
20261006,500215,1081,89.49
20261006,500219,27095,53.79
20261006,500220,1857,94.5
20261006,500227,862,53.31
20261006,500228,9669,35.55
20261006,500233,26517,78.58
20261006,500234,44,100.0
20261006,500235,1137,48.97
20261006,500236,1459,100.0
20261006,500238,6691,48.08
20261006,500239,2296,99.48
20261006,500240,9644,71.54
20261006,500241,2774,56.06
20261006,500243,190,56.89
20261006,500245,11737,67.09
20261006,500246,132,100.0
20261006,500247,5282873,87.55
20261006,500248,10,100.0
20261006,500249,7304,65.89
20261006,500250,1199,64.22
20261006,500251,125979,30.72
20261006,500252,70,55.12
20261006,500253,11999,40.93
20261006,500257,32787,73.97
20261006,500259,6422,100.0
20261006,500260,2426,62.28
20261006,500262,257,72.39
20261006,500264,4637,61.21
20261006,500265,165697,93.95
20261006,500266,125,59.52
20261006,500267,103,100.0
20261006,500268,291033,48.42
20261006,500270,406,100.0
20261006,500271,10343,35.25
20261006,500277,226,100.0
20261006,500279,13241,78.24
20261006,500280,6311,77.92
20261006,500284,2522,78.06
20261006,500285,1448252,51.48
20261006,500288,651413,37.48
20261006,500290,87,57.24
20261006,500292,12215,74.12
20261006,500294,51406,59.42
20261006,500295,281266,36.99
20261006,500296,11,100.0
20261006,500298,2526,95.25
20261006,500300,3701,60.65
20261006,500304,8856,58.09
20261006,500306,119476,33.61
20261006,500307,186,83.41
20261006,500312,1721544,87.02
20261006,500313,4800,100.0
20261006,500314,16308,74.54
20261006,500317,3865,74.51
20261006,500319,17381,57.5
20261006,500322,274,100.0
20261006,500325,415851,61.55
20261006,500327,3550,89.15
20261006,500330,47983,34.61
20261006,500331,8487,55.43
20261006,500333,1568,76.26
20261006,500335,112830,98.79
20261006,500336,5139,65.27
20261006,500337,402,78.82
20261006,500338,5310,57.99
20261006,500339,42971,44.97
20261006,500342,1259,100.0
20261006,500343,288,100.0
20261006,500346,925,88.86
20261006,500350,400,80.16
20261006,500354,2638,71.8
20261006,500355,13792,71.04
20261006,500356,1806,89.1
20261006,500357,3926,100.0
20261006,500360,21583,100.0
20261006,500365,89769,67.76
20261006,500367,4328,20.96
20261006,500368,108914,44.34
20261006,500370,175,87.5
20261006,500371,499,100.0
20261006,500378,28787,56.5
20261006,500380,9124,58.75
20261006,500387,3799,78.85
20261006,500390,1043,100.0
20261006,500399,14994,100.0
20261006,500400,74706,50.46
20261006,500402,6552,58.25
20261006,500403,2840,50.08
20261006,500404,23720,51.28
20261006,500405,6224,61.45
20261006,500407,1103,92.22
20261006,500408,5906,57.7
20261006,500410,3522,61.57
20261006,500411,5152,70.23
20261006,500412,10420,55.04
20261006,500413,18871,62.73
20261006,500414,26170,46.27
20261006,500418,49,100.0
20261006,500420,4210,54.37
20261006,500421,145655,100.0
20261006,500422,8088,100.0
20261006,500425,47515,46.8
20261006,500426,13189,75.53
20261006,500429,827,100.0
20261006,500439,64,96.97
20261006,500440,66292,58.89
20261006,500444,4887,51.2
20261006,500449,102033,100.0
20261006,500450,10,100.0
20261006,500456,14232,78.44
20261006,500458,41659,99.86
20261006,500459,942,70.56
20261006,500460,32070,65.95
20261006,500463,47751,48.92
20261006,500464,1002,100.0
20261006,500467,50,100.0
20261006,500469,48034,43.68
20261006,500470,253413,41.13
20261006,500472,303,50.58
20261006,500477,175127,47.27
20261006,500480,3591,53.14
20261006,500483,3301,63.04
20261006,500488,356,54.1
20261006,500490,447,48.17
20261006,500493,21185,57.05
20261006,500495,5718,56.5
20261006,500500,79831,77.05
20261006,500510,139310,74.76
20261006,500520,949484,95.61
20261006,500530,961,79.62
20261006,500540,25021,100.0
20261006,500547,120007,54.89
20261006,500550,5526,41.37
20261006,500570,279111,54.47
20261006,500575,256748,90.86
20261006,500620,12815,48.37
20261006,500645,14069,34.97
20261006,500650,128,96.97
20261006,500655,1625,58.47
20261006,500660,722,47.59
20261006,500670,56725,40.25
20261006,500672,2437,46.17
20261006,500674,1158,59.48
20261006,500680,420,63.54
20261006,500690,39919,60.14
20261006,500696,31698,65.63
20261006,500710,935,65.48
20261006,500730,15803,49.96
20261006,500770,28110,50.96
20261006,500777,24864,56.99
20261006,500780,13272,59.2
20261006,500790,23315,48.03
20261006,500800,310198,95.66
20261006,500820,9494,53.38
20261006,500825,110399,98.31
20261006,500830,3124,50.63
20261006,500840,3202,53.82
20261006,500850,79043,62.66
20261006,500870,687418,89.91
20261006,500875,7547282,86.44
20261006,500877,7704,51.43
20261006,500878,2478,69.61
20261006,500940,62652,74.12
20261006,501150,40488,67.04
20261006,501151,17,100.0
20261006,501242,5036,40.25
20261006,501261,1621209,100.0
20261006,501270,1,100.0
20261006,501295,9264,79.02
20261006,501298,2,100.0
20261006,501301,7789,31.19
20261006,501311,3530,100.0
20261006,501314,224974,84.15
20261006,501343,4231,96.58
20261006,501370,1254,66.81
20261006,501391,89,98.89
20261006,501421,134,74.86
20261006,501423,2014,44.16
20261006,501425,4078,71.07
20261006,501430,15,100.0
20261006,501455,44123,39.06
20261006,501477,53,100.0
20261006,501700,5944,96.38
20261006,501831,1101,85.35
20261006,501833,1080,62.54
20261006,501848,5419,61.72
20261006,501945,46923,100.0
20261006,502015,7162,79.96
20261006,502090,1252,81.78
20261006,502137,389,97.49
20261006,502157,256,56.64
20261006,502168,6551,97.89
20261006,502175,5931,79.78
20261006,502180,6048,66.62
20261006,502219,47124,83.83
20261006,502281,4076,100.0
20261006,502294,45,100.0
20261006,502330,6008,66.25
20261006,502355,2668,56.89
20261006,502420,15468,82.81
20261006,502445,64,98.46
20261006,502448,83408,100.0
20261006,502450,906,56.31
20261006,502587,499,81.94
20261006,502820,503,100.0
20261006,502865,6195,87.28
20261006,502873,5,100.0
20261006,502901,2397,96.97
20261006,502933,48,100.0
20261006,502937,44285,73.38
20261006,502958,13,92.86
20261006,502986,38650,75.27
20261006,503031,5858,76.23
20261006,503092,1,100.0
20261006,503100,74309,88.88
20261006,503101,1862,63.05
20261006,503162,276,72.25
20261006,503169,744,85.62
20261006,503229,3,100.0
20261006,503310,11006,32.0
20261006,503349,83,100.0
20261006,503624,679,100.0
20261006,503635,131,100.0
20261006,503639,1315,100.0
20261006,503641,19837,84.47
20261006,503657,3003,77.54
20261006,503659,1070,100.0
20261006,503663,868763,77.86
20261006,503675,7149,100.0
20261006,503681,6,85.71
20261006,503685,615,100.0
20261006,503722,694,87.52
20261006,503772,131,100.0
20261006,503776,50,100.0
20261006,503804,173,80.47
20261006,503806,1050,35.19
20261006,503811,1183,66.99
20261006,503816,4182,94.4
20261006,503837,50,100.0
20261006,503960,508,63.34
20261006,504000,472,89.06
20261006,504028,63471,100.0
20261006,504036,1862,49.83
20261006,504058,1,100.0
20261006,504067,13127,43.88
20261006,504076,50653,62.3
20261006,504084,577,48.53
20261006,504092,198,97.06
20261006,504093,434,56.07
20261006,504112,7100,44.9
20261006,504132,55,80.88
20261006,504176,5233,63.31
20261006,504180,982,89.11
20261006,504212,11859,46.26
20261006,504220,1649,90.26
20261006,504240,7039,100.0
20261006,504258,587,91.72
20261006,504273,36459,100.0
20261006,504286,1063,98.79
20261006,504340,8108,67.48
20261006,504341,5570,71.27
20261006,504351,3757037,69.76
20261006,504356,2,100.0
20261006,504369,6786,100.0
20261006,504378,34004,85.37
20261006,504380,383,94.1
20261006,504392,20267,100.0
20261006,504397,326,100.0
20261006,504605,1470,70.3
20261006,504614,6713,63.68
20261006,504646,286,100.0
20261006,504648,326,99.69
20261006,504697,9,100.0
20261006,504731,6208,79.74
20261006,504741,1233,79.14
20261006,504746,3019,92.61
20261006,504786,856,100.0
20261006,504810,653,43.07
20261006,504840,15,93.75
20261006,504879,3072,75.83
20261006,504882,1138,89.68
20261006,504903,19013,100.0
20261006,504908,794,94.98
20261006,504918,20636,64.81
20261006,504959,1862,99.95
20261006,504973,2111,47.99
20261006,504988,35,94.59
20261006,505010,44,77.19
20261006,505029,173,100.0
20261006,505036,358,95.72
20261006,505075,1949,100.0
20261006,505160,5915,72.03
20261006,505163,142,100.0
20261006,505192,2140,54.66
20261006,505196,4442,100.0
20261006,505200,10637,66.23
20261006,505212,263,100.0
20261006,505216,4,100.0
20261006,505232,33,100.0
20261006,505242,411,51.83
20261006,505250,213,99.07
20261006,505255,2762,56.69
20261006,505283,8542,58.81
20261006,505299,507,78.48
20261006,505302,9,100.0
20261006,505324,3627,100.0
20261006,505336,2718975,100.0
20261006,505343,473254,76.88
20261006,505355,669,58.89
20261006,505358,5586,92.03
20261006,505368,5,100.0
20261006,505400,5670,56.9
20261006,505412,192,64.65
20261006,505502,32992,100.0
20261006,505504,3142,100.0
20261006,505509,13812,50.5
20261006,505515,8916,51.17
20261006,505523,237331,55.08
20261006,505526,10713,83.6
20261006,505533,1087,31.24
20261006,505537,2916874,90.37
20261006,505590,5822,87.8
20261006,505650,6237,85.52
20261006,505681,76,95.0
20261006,505688,788,100.0
20261006,505690,68,100.0
20261006,505693,65265,44.12
20261006,505700,6702,49.07
20261006,505710,27964,77.37
20261006,505712,2946,100.0
20261006,505714,12652,49.52
20261006,505720,4181,65.44
20261006,505725,186249,28.26
20261006,505726,3345,91.12
20261006,505729,6268,92.08
20261006,505737,454,99.56
20261006,505744,3679,63.84
20261006,505750,2798,77.81
20261006,505790,11074,78.15
20261006,505797,1583,100.0
20261006,505800,111,73.51
20261006,505807,50,100.0
20261006,505827,1010,71.89
20261006,505840,5992,100.0
20261006,505850,1589,82.55
20261006,505854,273,97.15
20261006,505872,4748,67.43
20261006,505890,844,60.5
20261006,505893,172,83.09
20261006,505978,428,94.48
20261006,506003,11440,61.53
20261006,506022,10243,63.85
20261006,506074,19083,100.0
20261006,506076,2316,68.54
20261006,506105,17,77.27
20261006,506109,52168,59.75
20261006,506122,76608,100.0
20261006,506128,123,95.35
20261006,506134,26092,86.46
20261006,506146,39050,97.5
20261006,506166,6322,68.99
20261006,506180,58,100.0
20261006,506184,28515,85.63
20261006,506186,300,100.0
20261006,506194,80,100.0
20261006,506197,54903,100.0
20261006,506222,286,54.17
20261006,506235,20381,60.62
20261006,506248,21011,55.82
20261006,506260,6592,75.29
20261006,506261,8342,100.0
20261006,506285,1939,83.4
20261006,506365,5,100.0
20261006,506390,354,85.1
20261006,506395,1989,51.22
20261006,506401,12515,59.44
20261006,506405,40987,40.74
20261006,506414,15356,52.49
20261006,506480,5595,57.76
20261006,506520,14546,61.3
20261006,506525,2631,100.0
20261006,506528,238,100.0
20261006,506532,166,94.32
20261006,506543,60,100.0
20261006,506579,20257,81.52
20261006,506590,29397,52.45
20261006,506597,6131,73.69
20261006,506605,23,82.14
20261006,506618,73,68.22
20261006,506640,87,100.0
20261006,506642,853170,100.0
20261006,506655,2472,55.46
20261006,506680,1419,92.14
20261006,506685,3887,67.8
20261006,506687,205,100.0
20261006,506690,2815,53.96
20261006,506734,561,100.0
20261006,506767,29978,23.53
20261006,506808,1803,87.87
20261006,506820,266,56.12
20261006,506852,31934,69.11
20261006,506854,5206,52.78
20261006,506858,308,63.37
20261006,506863,1494,75.49
20261006,506879,3761,34.69
20261006,506919,274,63.57
20261006,506935,29,100.0
20261006,506947,679,100.0
20261006,506979,486,57.51
20261006,506981,25,100.0
20261006,507155,5853,73.14
20261006,507180,49379,100.0
20261006,507205,67141,35.74
20261006,507265,54,100.0
20261006,507300,36,100.0
20261006,507315,9183,50.59
20261006,507410,16881,62.89
20261006,507438,226,96.58
20261006,507474,3326,96.6
20261006,507486,5,100.0
20261006,507488,3766,74.22
20261006,507490,206161,91.39
20261006,507498,956,62.57
20261006,507514,30272,64.49
20261006,507515,981,77.92
20261006,507526,20781,92.92
20261006,507552,4071,66.48
20261006,507580,6837,100.0
20261006,507598,1239,74.01
20261006,507609,1,100.0
20261006,507621,5497,96.57
20261006,507645,3,100.0
20261006,507685,296080,63.59
20261006,507690,362,85.99
20261006,507717,1339,52.41
20261006,507747,1195,73.54
20261006,507753,43813,63.2
20261006,507759,103,100.0
20261006,507779,1135,52.82
20261006,507785,3,100.0
20261006,507789,3429,88.49
20261006,507794,4704,57.3
20261006,507813,126,100.0
20261006,507815,591,63.69
20261006,507828,13741,92.14
20261006,507833,1309,75.66
20261006,507836,221,70.38
20261006,507852,258,63.7
20261006,507864,182,100.0
20261006,507872,757,77.88
20261006,507878,325437,71.25
20261006,507880,5408,59.1
20261006,507910,2512,96.47
20261006,507912,322891,94.08
20261006,507944,4250,90.0
20261006,507946,111,98.23
20261006,507948,3365,95.98
20261006,507960,407,71.15
20261006,507962,2189,100.0
20261006,507966,6081,96.1
20261006,507968,45,100.0
20261006,507970,65,95.59
20261006,507981,1061,96.02
20261006,507998,4624,78.45
20261006,508486,46,83.64
20261006,508494,1109,97.37
20261006,508571,9,100.0
20261006,508664,722,100.0
20261006,508670,22,100.0
20261006,508807,62,75.61
20261006,508814,495,67.35
20261006,508867,1,100.0
20261006,508869,144039,89.44
20261006,508875,165,100.0
20261006,508905,1146,93.86
20261006,508906,1431,79.68
20261006,508918,6195,55.69
20261006,508933,2318,83.59
20261006,508941,1337,71.08
20261006,508954,131,71.98
20261006,508956,926,99.78
20261006,508961,26,100.0
20261006,508963,1,100.0
20261006,508969,10151,58.08
20261006,508980,4752,100.0
20261006,508989,3846,62.19
20261006,509009,364,100.0
20261006,509020,7968,98.63
20261006,509024,927,51.85
20261006,509026,3,60.0
20261006,509038,8,100.0
20261006,509040,263,60.32
20261006,509046,1,100.0
20261006,509048,5118,100.0
20261006,509051,2020731,65.35
20261006,509053,9307,69.32
20261006,509055,10672,100.0
20261006,509069,78,98.73
20261006,509073,2023,100.0
20261006,509079,3403,38.15
20261006,509084,255,100.0
20261006,509152,1001,99.9
20261006,509162,9000,100.0
20261006,509196,1772,91.91
20261006,509220,1208,85.49
20261006,509243,222,55.09
20261006,509438,10,90.91
20261006,509470,10,83.33
20261006,509472,87,54.72
20261006,509480,18054,61.36
20261006,509486,500,100.0
20261006,509488,38965,41.2
20261006,509496,8091,56.2
20261006,509525,521,99.81
20261006,509546,202,100.0
20261006,509557,1380,79.86
20261006,509563,1388,61.36
20261006,509567,923,65.79
20261006,509597,126,89.36
20261006,509631,228307,58.78
20261006,509635,212,45.2
20261006,509675,460,87.45
20261006,509692,3,100.0
20261006,509709,4006,93.08
20261006,509715,1273,84.75
20261006,509732,537,80.63
20261006,509760,4095,100.0
20261006,509762,1787,100.0
20261006,509820,3081,66.91
20261006,509835,201,100.0
20261006,509874,30225,100.0
20261006,509895,196,81.33
20261006,509930,3391,64.82
20261006,509945,11,100.0
20261006,509953,7,100.0
20261006,509966,7668,79.81
20261006,510245,40017,84.89
20261006,511000,11941,81.59
20261006,511012,569709,100.0
20261006,511016,827,100.0
20261006,511018,9155,71.01
20261006,511034,1497,38.68
20261006,511066,3886,92.57
20261006,511076,20461,47.17
20261006,511092,15272,100.0
20261006,511110,2,100.0
20261006,511116,152466,100.0
20261006,511122,38,70.37
20261006,511144,82088,100.0
20261006,511147,157,59.7
20261006,511153,9736,100.0
20261006,511169,5,100.0
20261006,511187,7522,73.59
20261006,511194,107,100.0
20261006,511196,2666,50.96
20261006,511208,14199,92.08
20261006,511218,31015,59.07
20261006,511243,147735,85.44
20261006,511260,1458,87.94
20261006,511333,22,95.65
20261006,511355,98763,100.0
20261006,511359,13268,87.59
20261006,511391,8,72.73
20261006,511411,359,99.72
20261006,511413,4,100.0
20261006,511431,88701,81.4
20261006,511441,72,100.0
20261006,511447,1326178,44.37
20261006,511451,126,100.0
20261006,511463,4658,100.0
20261006,511473,2143,95.2
20261006,511493,441,100.0
20261006,511501,416,92.04
20261006,939407,71,100.0
20261006,939439,500,50.0
20261006,939461,750,100.0
20261006,939477,117,100.0
20261006,939563,157,100.0
20261006,939575,200,100.0
20261006,939583,255,100.0
20261006,939589,37,100.0
20261006,939607,1,100.0
20261006,939617,60,100.0
20261006,939623,1000,100.0
20261006,939627,1,100.0
20261006,939631,396,88.79
20261006,939651,18,100.0
20261006,939655,50,100.0
20261006,939657,400,100.0
20261006,939727,402,91.99
20261006,939731,999,84.02
20261006,939733,25,50.0
20261006,939807,39,100.0
20261006,939819,39,100.0
20261006,939839,20,100.0
20261006,939855,10,100.0
20261006,939857,295,100.0
20261006,939869,10,100.0
20261006,939879,50,100.0
20261006,939901,97,100.0
20261006,939993,50,100.0
20261006,940001,13,100.0
20261006,940027,200,66.67
20261006,940043,401,100.0
20261006,940051,1000,84.03
20261006,940053,10,100.0
20261006,940097,78,100.0
20261006,940099,145,74.36
20261006,940115,11,91.67
20261006,940139,10,100.0
20261006,940159,5,55.56
20261006,940165,100,100.0
20261006,940211,700,99.86
20261006,940227,200,50.0
20261006,940239,47,100.0
20261006,940247,3,100.0
20261006,940255,95,95.0
20261006,940261,501,72.5
20261006,940325,100,100.0
20261006,940327,10,100.0
20261006,940347,210,100.0
20261006,940353,40,100.0
20261006,940385,5,100.0
20261006,940415,3,100.0
20261006,940425,123,100.0
20261006,940427,60,100.0
20261006,940443,100,100.0
20261006,940445,290,100.0
20261006,940457,15,100.0
20261006,940467,2,100.0
20261006,940479,36,100.0
20261006,940501,5,100.0
20261006,940513,30,100.0
20261006,940517,230,100.0
20261006,940635,1,100.0
20261006,940637,100,100.0
20261006,940639,100,100.0
20261006,940649,6,100.0
20261006,940651,568,100.0
20261006,940661,2319,100.0
20261006,940663,10,100.0
20261006,940669,25,100.0
20261006,940681,70,100.0
20261006,940685,10,100.0
20261006,940699,30,100.0
20261006,940705,340,100.0
20261006,940709,353,100.0
20261006,940713,949,95.47
20261006,940715,110,100.0
20261006,940719,100,100.0
20261006,940727,44,100.0
20261006,940731,161,100.0
20261006,940745,6,100.0
20261006,940751,20,100.0
20261006,940753,20,66.67
20261006,940761,100,100.0
20261006,940771,10,100.0
20261006,940777,100,100.0
20261006,940785,100,100.0
20261006,940789,42,100.0
20261006,940795,50,100.0
20261006,940813,296,100.0
20261006,940833,10,100.0
20261006,940835,1,100.0
20261006,940841,2502,65.81
20261006,940845,117,100.0
20261006,940849,7,100.0
20261006,940853,38,97.44
20261006,940855,44,100.0
20261006,940859,174,100.0
20261006,940862,1,100.0
20261006,940866,83,100.0
20261006,940876,20,100.0
20261006,940880,20,100.0
20261006,940886,161,100.0
20261006,940900,27,100.0
20261006,940913,10,100.0
20261006,940933,300,100.0
20261006,940939,1,100.0
20261006,940951,50,100.0
20261006,940955,56,100.0
20261006,940965,30,100.0
20261006,940975,18,100.0
20261006,940979,10,100.0
20261006,940981,10,100.0
20261006,940987,136,100.0
20261006,940995,2,100.0
20261006,941007,209,100.0
20261006,941009,40,100.0
20261006,941015,10,76.92
20261006,941023,19,100.0
20261006,941035,110,100.0
20261006,941037,4,50.0
20261006,941041,20,100.0
20261006,941049,10,100.0
20261006,941051,48,100.0
20261006,941061,1,100.0
20261006,941063,52,100.0
20261006,941069,10,100.0
20261006,941075,615,98.87
20261006,941087,4,100.0
20261006,941093,310,62.0
20261006,941095,21,100.0
20261006,941105,20,100.0
20261006,941107,256,100.0
20261006,941111,120,100.0
20261006,941117,31,100.0
20261006,941121,2,100.0
20261006,941127,106,100.0
20261006,941133,35,100.0
20261006,941135,41,100.0
20261006,941141,1,100.0
20261006,941143,14,50.0
20261006,941151,125,100.0
20261006,941157,47,100.0
20261006,941159,6,100.0
20261006,941165,21,100.0
20261006,941173,629,91.69
20261006,941177,10,100.0
20261006,941185,919,87.94
20261006,941187,1,100.0
20261006,941189,25,100.0
20261006,941193,1032,100.0
20261006,941195,112,100.0
20261006,941197,100,100.0
20261006,941199,3,100.0
20261006,941201,135,100.0
20261006,941203,572,56.3
20261006,941231,469,100.0
20261006,941251,900,100.0
20261006,941253,76,100.0
20261006,941255,165,100.0
20261006,941257,50,61.73
20261006,941261,61,100.0
20261006,941265,200,100.0
20261006,941267,2,100.0
20261006,941269,26,100.0
20261006,941271,49,100.0
20261006,941273,52,100.0
20261006,941275,200,100.0
20261006,941287,10,100.0
20261006,941289,10,100.0
20261006,941291,1,100.0
20261006,941293,12,100.0
20261006,956882,20,100.0
20261006,960183,2,100.0
20261006,961718,9,100.0
20261006,961728,508,100.0
20261006,961730,533,96.21
20261006,961732,645,100.0
20261006,961734,80,100.0
20261006,961776,171,100.0
20261006,961779,840,97.11
20261006,961792,250,100.0
20261006,961803,1,100.0
20261006,961804,100,100.0
20261006,961810,477,100.0
20261006,961822,0,0.0
20261006,961826,75,100.0
20261006,961839,1,100.0
20261006,961841,6,100.0
20261006,961863,356,100.0
20261006,961875,424,100.0
20261006,961885,179,100.0
20261006,961910,60,100.0
20261006,972715,15,88.24
20261006,972721,41,100.0
20261006,972773,12,100.0
20261006,973491,674,99.41
20261006,973993,1,100.0
20261006,974285,7,100.0
20261006,974634,1,100.0
20261006,974998,5,62.5
20261006,975000,1,100.0
20261006,975375,4,100.0
20261006,975501,2,100.0
20261006,975572,1,50.0
20261006,975690,10,100.0
20261006,976020,3,100.0
20261006,976036,50,100.0
20261006,976090,1,100.0
20261006,976146,28,100.0
20261006,976148,1,100.0
20261006,976228,5,100.0
20261006,976289,1,100.0
20261006,976293,5,62.5
20261006,976307,5,100.0
20261006,976325,121,100.0
20261006,976411,6,100.0
20261006,976437,125,100.0
20261006,976493,4,100.0
20261006,976547,10,100.0
20261006,976560,1,100.0
20261006,976600,13,100.0
20261006,976685,2,66.67
20261006,976727,1,100.0
20261006,976752,2,100.0
20261006,976757,3,100.0
20261006,976799,4,100.0
20261006,976808,39,97.5
20261006,976821,2,100.0
20261006,976855,18,100.0
20261006,976868,8,100.0
20261006,976872,1,100.0
20261006,976905,2,100.0
20261006,976928,5,100.0
20261006,976929,1,100.0
20261006,976965,15,100.0
20261006,976970,150,100.0
20261006,976976,2,100.0
20261006,977001,6,100.0
20261006,977017,77,87.5
20261006,977022,57,100.0
20261006,977029,1,100.0
20261006,977044,10,52.63
20261006,977068,5,100.0
20261006,977071,455,100.0
20261006,977093,1,100.0
20261006,977107,12,100.0
20261006,977117,24,100.0
20261006,977134,2,100.0
20261006,977142,2,100.0
20261006,977172,19,100.0
20261006,977186,2,100.0
20261006,977187,1,100.0
20261006,977200,85,100.0
20261006,977226,10,100.0
20261006,977228,10,100.0
20261006,977241,123,93.89
20261006,977249,14,100.0
20261006,977261,1,100.0
20261006,977280,2,100.0
20261006,977281,2,100.0
20261006,977288,1,100.0
20261006,977309,18,100.0
20261006,977331,1,100.0
20261006,977335,19,100.0
20261006,977367,6,100.0
20261006,977379,2,100.0
20261006,977382,25,62.5
20261006,977396,2,66.67
20261006,977397,1,100.0
20261006,977411,1,100.0
20261006,977418,1,100.0
20261006,977419,1,100.0
20261006,977424,10,100.0
20261006,977440,20,100.0
20261006,977453,8,100.0
20261006,977468,9,69.23
20261006,977473,10,100.0
20261006,977477,10,100.0
20261006,977486,11,100.0
20261006,977495,213,100.0
20261006,977508,10,100.0
20261006,977515,4,100.0
20261006,977529,3,100.0
20261006,977532,77,100.0
20261006,977534,56,100.0
20261006,977541,178,66.17
20261006,977558,3,100.0
20261006,977564,41,91.11
20261006,977575,1,100.0
20261006,977576,10,100.0
20261006,977580,1,100.0
20261006,977582,3,100.0
20261006,977583,10,100.0
20261006,977585,0,0.0
20261006,977596,34,94.44
20261006,977633,6,100.0
20261006,977645,16,72.73
20261006,977648,7,100.0
20261006,977649,13,100.0
20261006,977662,22,100.0
20261006,977678,1,100.0
20261006,977680,5,100.0
20261006,977681,1,100.0
20261006,977710,1,100.0
20261006,977712,6,100.0
20261006,977732,143,100.0
20261006,977735,3,100.0
20261006,977736,2,100.0
20261006,977740,86,100.0
20261006,977753,54,88.52
20261006,977759,1,100.0
20261006,977773,33,86.84
20261006,977803,4,100.0
20261006,977806,11,100.0
20261006,977807,10,100.0
20261006,977815,100,100.0
20261006,977839,3,100.0
20261006,977846,5,100.0
20261006,977852,10,100.0
20261006,977855,1,100.0
20261006,977868,117,94.35
20261006,977869,61,100.0
20261006,977892,1,100.0
20261006,977907,1,100.0
20261006,977932,21,100.0
20261006,977935,192,96.0
20261006,977948,321,100.0
20261006,977984,6,100.0
20261006,977986,7,100.0
20261006,977987,1,100.0
20261006,977994,1,100.0
20261006,977995,1,100.0
20261006,977996,3,100.0
20261006,978003,1,100.0
20261006,978006,6,100.0
20261006,978007,30,81.08
20261006,978008,2,100.0
20261006,978021,2,100.0
20261006,978024,105,92.11
20261006,978025,30,100.0
20261006,978028,1,100.0
20261006,978034,3,100.0
20261006,978039,15,100.0
20261006,978046,1,100.0
20261006,978051,7,100.0
20261006,978055,9,100.0
20261006,978068,15,100.0
20261006,978075,1,100.0
20261006,978086,1,100.0
20261006,978087,13,100.0
20261006,978094,55,100.0
20261006,978115,34,100.0
20261006,978131,13,61.9
20261006,978166,14,100.0
20261006,978167,106,100.0
20261006,978169,60,100.0
20261006,978173,1,100.0
20261006,978196,9,100.0
20261006,978197,80,100.0
20261006,978235,6,85.71
20261006,511505,37906,100.0
20261006,511507,3948,70.31
20261006,511509,34391,49.45
20261006,511523,127323,100.0
20261006,511525,10525,79.21
20261006,511533,11860,96.15
20261006,511535,515,100.0
20261006,511539,107,100.0
20261006,511543,2038,100.0
20261006,511549,238,87.82
20261006,511551,485,60.78
20261006,511557,2049633,100.0
20261006,511559,12,92.31
20261006,511563,1,100.0
20261006,511571,1501,38.36
20261006,511577,60,51.72
20261006,511589,11698,82.02
20261006,511593,360,100.0
20261006,511601,56,72.73
20261006,511605,31837,57.17
20261006,511609,750,100.0
20261006,511611,18722,99.94
20261006,511626,2218,71.34
20261006,511628,966372,45.6
20261006,511630,606,99.51
20261006,511644,84246,100.0
20261006,511654,1094,100.0
20261006,511658,5188,94.43
20261006,511664,5076,82.3
20261006,511672,2178,100.0
20261006,511676,2394,85.23
20261006,511692,2300,100.0
20261006,511696,5,100.0
20261006,511700,3624827,59.54
20261006,511702,625,88.9
20261006,511710,15808,100.0
20261006,511712,125,79.62
20261006,511714,96,96.0
20261006,511716,209,100.0
20261006,511724,1077,77.59
20261006,511726,7416,100.0
20261006,511728,500,100.0
20261006,511734,46170,100.0
20261006,511740,90,98.9
20261006,511742,2664,77.62
20261006,511754,1676,93.16
20261006,511756,123,100.0
20261006,511758,42,100.0
20261006,511764,8621,66.02
20261006,511766,290,89.23
20261006,511768,28122,91.31
20261006,512008,8647,60.81
20261006,512014,72,67.29
20261006,512018,7242,81.77
20261006,512020,2,100.0
20261006,512025,22574,60.47
20261006,512026,100,100.0
20261006,512036,6,100.0
20261006,512038,17159,60.5
20261006,512047,55300,74.09
20261006,512048,137589,78.56
20261006,512062,516,100.0
20261006,512064,2002,99.9
20261006,512065,394,100.0
20261006,512068,89849,38.62
20261006,512070,43480,55.53
20261006,512093,88772,100.0
20261006,512097,109030,67.52
20261006,512099,2,100.0
20261006,512103,871,79.54
20261006,512115,5339,93.47
20261006,512131,3718,100.0
20261006,512149,2362515,70.1
20261006,512161,956,93.0
20261006,512165,2308,100.0
20261006,512169,106951,100.0
20261006,512175,5860,59.93
20261006,512179,4732,50.93
20261006,512197,120,100.0
20261006,512217,15814,96.33
20261006,512229,5172,100.0
20261006,512237,8202,47.6
20261006,512247,18279,77.11
20261006,512257,15766,59.36
20261006,512267,302962,95.57
20261006,512277,940,100.0
20261006,512296,10416,71.5
20261006,512301,8712,100.0
20261006,512329,3730,58.82
20261006,512344,10,100.0
20261006,512345,1000,100.0
20261006,512359,699625,100.0
20261006,512361,38884,100.0
20261006,512377,1694,100.0
20261006,512379,185184,100.0
20261006,512381,55,100.0
20261006,512393,4477,100.0
20261006,512399,110009,62.52
20261006,512415,19545,100.0
20261006,512425,10,100.0
20261006,512437,273,100.0
20261006,512441,4456940,63.92
20261006,512443,94157,95.89
20261006,512453,189,69.49
20261006,512455,29005,47.49
20261006,512463,66543,37.1
20261006,512489,1239,100.0
20261006,512493,164,100.0
20261006,512499,727785,100.0
20261006,512519,500,100.0
20261006,512527,1135,100.0
20261006,512529,70923,65.18
20261006,512531,648,95.72
20261006,512553,5,100.0
20261006,512559,5374,65.75
20261006,512573,9049,58.91
20261006,512587,4862,85.76
20261006,512589,119,88.81
20261006,512591,1210546,48.75
20261006,512595,12313,93.25
20261006,512597,1,100.0
20261006,512599,54261,57.56
20261006,512600,4327,84.78
20261006,512604,500,100.0
20261006,512608,30251,91.33
20261006,512618,433,100.0
20261006,512624,15223,84.53
20261006,512626,1061,95.84
20261006,512634,1780,73.64
20261006,513005,610,67.4
20261006,513023,12538,47.93
20261006,513043,4552,77.71
20261006,513059,3373,100.0
20261006,513063,1201,82.71
20261006,513097,3255,58.14
20261006,513108,456,65.8
20261006,513117,6336,94.82
20261006,513119,32938,81.82
20261006,513121,489,54.21
20261006,513149,30,100.0
20261006,513173,400,99.75
20261006,513228,7233,55.15
20261006,513250,242697,65.77
20261006,513252,3,100.0
20261006,513262,30768,29.07
20261006,513269,19855,32.32
20261006,513295,154,71.96
20261006,513303,128,86.49
20261006,513307,11116,64.5
20261006,513337,4755352,61.08
20261006,513343,750,100.0
20261006,513349,5750,57.05
20261006,513353,7426,83.79
20261006,513361,466265,68.87
20261006,513369,215,100.0
20261006,513375,5328,40.21
20261006,513377,15932,49.39
20261006,513397,466,100.0
20261006,513418,20065,100.0
20261006,513422,6,100.0
20261006,513430,302,100.0
20261006,513436,406,100.0
20261006,513452,500,100.0
20261006,513456,357,86.44
20261006,513460,6578,100.0
20261006,513472,103557,71.91
20261006,513488,1800,100.0
20261006,513496,1881,100.0
20261006,513498,437,95.62
20261006,513502,44978,65.52
20261006,513507,200,100.0
20261006,513509,703,100.0
20261006,513511,76,100.0
20261006,513513,2598,100.0
20261006,513517,3514,55.96
20261006,513519,2599,56.13
20261006,513528,7266,100.0
20261006,513532,9623,59.07
20261006,513536,10769,69.39
20261006,513540,200,100.0
20261006,513544,242,100.0
20261006,513548,80,50.0
20261006,513554,12,100.0
20261006,513566,1310,100.0
20261006,513575,1935,88.15
20261006,513599,252195,51.9
20261006,513629,410,99.51
20261006,513642,1210,87.11
20261006,513683,20747,33.74
20261006,513687,1591,100.0
20261006,513693,3105,56.26
20261006,513699,15,75.0
20261006,513709,46,97.87
20261006,513713,7643,81.93
20261006,513721,1286,100.0
20261006,513729,274,100.0
20261006,514010,109889,100.0
20261006,514028,1000,93.98
20261006,514030,3665,89.35
20261006,514043,13881,56.36
20261006,514045,65,100.0
20261006,514060,55497,100.0
20261006,514087,3130,99.97
20261006,514138,10,100.0
20261006,514142,7377,81.18
20261006,514162,324190,50.54
20261006,514165,8094,72.77
20261006,514167,438,71.45
20261006,514171,403,79.64
20261006,514175,14973,94.57
20261006,514183,6173,73.01
20261006,514197,502,100.0
20261006,514211,195058,76.16
20261006,514223,2596,100.0
20261006,514234,1268,82.44
20261006,514238,1483,84.41
20261006,514240,1159,98.3
20261006,514248,200,100.0
20261006,514260,830,100.0
20261006,514266,3021,95.54
20261006,514272,2449,88.48
20261006,514274,4589,60.33
20261006,514280,385,86.52
20261006,514286,2406,80.82
20261006,514300,110,100.0
20261006,514302,1,100.0
20261006,514312,608,84.21
20261006,514316,1594,91.45
20261006,514318,617,89.16
20261006,514322,25,100.0
20261006,514324,570,79.94
20261006,514326,3664,97.29
20261006,514330,3491,79.21
20261006,514332,1931,75.99
20261006,514336,716,100.0
20261006,514354,43185,57.6
20261006,514358,129,100.0
20261006,514360,91386,74.11
20261006,514378,11096,87.1
20261006,514386,2124823,99.48
20261006,514400,150,100.0
20261006,514402,12689,64.44
20261006,514414,225,100.0
20261006,514418,381,98.96
20261006,514428,59,95.16
20261006,514440,23682,83.59
20261006,514442,2780,100.0
20261006,514448,639,68.64
20261006,514450,233,100.0
20261006,514454,982,100.0
20261006,514470,5443,70.29
20261006,515008,27184,100.0
20261006,515018,3533,68.01
20261006,515030,855,53.71
20261006,515037,1307,92.89
20261006,515043,2665,45.46
20261006,515055,64361,59.07
20261006,515059,1100,100.0
20261006,515085,26503,87.98
20261006,515093,81,100.0
20261006,515147,2054,63.43
20261006,516003,1629,49.3
20261006,516016,460,100.0
20261006,516020,4,100.0
20261006,516022,1,100.0
20261006,516030,18223,52.74
20261006,516032,25381,68.12
20261006,516038,4883,58.7
20261006,516062,4,100.0
20261006,516064,1966,60.21
20261006,516072,7917,55.69
20261006,516078,4745,100.0
20261006,516082,663,87.12
20261006,516092,178,99.44
20261006,516096,248,98.41
20261006,516098,333,76.91
20261006,516106,680,97.28
20261006,516108,5474,73.12
20261006,516110,34910,70.13
20261006,517015,4688,49.29
20261006,517035,36335,45.71
20261006,517041,1094,72.88
20261006,517059,848,68.83
20261006,517063,803,55.15
20261006,517077,60,100.0
20261006,517096,2068,91.71
20261006,517119,14175,77.68
20261006,517146,34842,46.52
20261006,517168,502,74.37
20261006,517170,4008,89.95
20261006,517172,25,100.0
20261006,517174,57,67.86
20261006,517201,6062,100.0
20261006,517206,147,61.0
20261006,517214,8007,99.48
20261006,517230,21,100.0
20261006,517236,1126,68.87
20261006,517238,570,95.0
20261006,517246,26878,100.0
20261006,517258,168,100.0
20261006,517264,2055,86.67
20261006,517271,18060,55.31
20261006,517273,215,85.32
20261006,517286,109476,100.0
20261006,517288,8597,96.6
20261006,517300,10805,69.33
20261006,517320,10743,100.0
20261006,517334,184841,52.81
20261006,517336,1100,100.0
20261006,517344,14822,78.56
20261006,517354,103251,74.84
20261006,517356,239892,100.0
20261006,517360,424,65.94
20261006,517370,839,59.55
20261006,517372,3090,79.33
20261006,517380,4834,71.15
20261006,517385,2789,58.96
20261006,517393,196415,100.0
20261006,517397,64,69.57
20261006,517399,15398,100.0
20261006,517411,95,100.0
20261006,517415,1416,100.0
20261006,517417,8497,100.0
20261006,517421,1180,73.61
20261006,517429,44,100.0
20261006,517431,19219,75.93
20261006,517437,90,100.0
20261006,517447,1102,99.37
20261006,517449,669,98.24
20261006,517467,55337,48.72
20261006,517477,119,100.0
20261006,517494,5346,72.92
20261006,517498,253535,65.04
20261006,517500,20371,62.72
20261006,517506,381,61.06
20261006,517514,406,65.17
20261006,517522,1473,55.67
20261006,517530,3743,78.83
20261006,517536,1384,88.72
20261006,517544,2587,64.53
20261006,517546,3056,81.28
20261006,517554,9770873,100.0
20261006,517556,215047,53.62
20261006,517562,1727,97.52
20261006,517569,4098,55.09
20261006,518011,533,74.96
20261006,518053,212,84.13
20261006,518075,4328,85.25
20261006,518091,350,100.0
20261006,519003,341,97.71
20261006,519031,331,100.0
20261006,519091,92,85.98
20261006,519097,9055,100.0
20261006,519105,11337,61.58
20261006,519126,2339,66.37
20261006,519136,499,98.04
20261006,519152,2,100.0
20261006,519156,336,61.31
20261006,519183,17015,63.66
20261006,519191,16416,100.0
20261006,519214,5,100.0
20261006,519216,31011,78.35
20261006,519224,504,100.0
20261006,519230,10313,78.22
20261006,519234,26,100.0
20261006,519238,1033,100.0
20261006,519242,11798,100.0
20261006,519260,6143,100.0
20261006,519262,250,100.0
20261006,519279,1003,100.0
20261006,519285,1796,100.0
20261006,519287,97644,100.0
20261006,519295,409,100.0
20261006,519299,6969,100.0
20261006,519307,65223,100.0
20261006,519331,5415,99.83
20261006,519359,658,81.33
20261006,519367,124,100.0
20261006,519383,7047,66.46
20261006,519397,1401,86.06
20261006,519413,100,100.0
20261006,519421,2017,85.03
20261006,519457,32,50.0
20261006,519463,2427,99.79
20261006,519471,166,100.0
20261006,519477,15076,48.24
20261006,519483,329,69.7
20261006,519494,245,96.84
20261006,519500,62,88.57
20261006,519528,35,100.0
20261006,519532,2614,97.76
20261006,519552,7385,41.81
20261006,519566,266,99.63
20261006,519574,350,85.37
20261006,519600,2151,45.18
20261006,519602,99489,64.29
20261006,519604,4,57.14
20261006,519606,14170,100.0
20261006,519612,328,84.32
20261006,520008,31792,61.43
20261006,520021,7700,66.93
20261006,520043,894,89.13
20261006,520051,201255,57.67
20261006,520056,319,62.67
20261006,520057,8708,81.46
20261006,520059,11855,76.75
20261006,520066,59259,71.39
20261006,520073,1800,60.08
20261006,520075,369,100.0
20261006,520086,1136,100.0
20261006,520111,167,35.91
20261006,520113,9059,36.97
20261006,520119,1302,95.66
20261006,520121,6124,100.0
20261006,520123,183,75.93
20261006,520127,1759,41.46
20261006,520131,100,100.0
20261006,520141,14150,97.85
20261006,520151,27,100.0
20261006,520155,2085,99.71
20261006,521005,1688184,64.76
20261006,521016,26403,29.94
20261006,521018,82,100.0
20261006,521034,627,99.52
20261006,521036,5220,100.0
20261006,521054,95,100.0
20261006,521062,40048,84.05
20261006,521064,442062,63.18
20261006,521070,1825701,71.0
20261006,521080,1,100.0
20261006,521097,58,60.42
20261006,521105,368,71.88
20261006,521109,26,92.86
20261006,521113,8815,57.63
20261006,521131,337,92.84
20261006,521133,500,100.0
20261006,521137,8926,100.0
20261006,521141,122,54.95
20261006,521149,324,99.69
20261006,521161,310,100.0
20261006,521163,556,99.29
20261006,521167,15652,100.0
20261006,521178,1498,91.01
20261006,521180,56,100.0
20261006,521194,99,80.49
20261006,521206,14992,76.13
20261006,521210,40,100.0
20261006,521216,306,72.68
20261006,521226,83,90.22
20261006,521228,18501,74.36
20261006,521234,555,99.82
20261006,521238,22366,100.0
20261006,521244,93,100.0
20261006,521246,21407,86.22
20261006,521248,26005,76.43
20261006,522001,43238,81.67
20261006,522004,15335,67.24
20261006,522005,608,76.29
20261006,522014,1335,56.91
20261006,522017,2604,79.85
20261006,522027,50,100.0
20261006,522029,4348,69.9
20261006,522034,1983,60.04
20261006,522036,27,84.38
20261006,522064,78,88.64
20261006,522073,120,100.0
20261006,522074,8820,54.74
20261006,522091,1225,97.61
20261006,522101,2477,41.72
20261006,522105,10953,100.0
20261006,522108,6419,45.15
20261006,522113,328,66.4
20261006,522122,14,100.0
20261006,522134,12859,82.17
20261006,522150,12779,100.0
20261006,522152,268,81.71
20261006,522163,88375,100.0
20261006,522165,2088,69.12
20261006,522183,30,75.0
20261006,522195,767,50.07
20261006,522205,12366,31.07
20261006,522207,27,50.0
20261006,522209,2114,99.48
20261006,522215,8486,63.99
20261006,522217,51,83.61
20261006,522229,3847,72.08
20261006,522231,1887,76.4
20261006,522235,69,100.0
20261006,522237,2668,96.35
20261006,522241,1041,70.96
20261006,522249,6712,83.84
20261006,522251,5041,67.5
20261006,522257,70297,63.87
20261006,522261,1165,57.0
20261006,522267,728,100.0
20261006,522273,194,66.67
20261006,522275,4286,39.05
20261006,522281,15477,53.83
20261006,522285,88615,44.45
20261006,522287,50964,72.48
20261006,522289,23646,83.59
20261006,522292,1789,100.0
20261006,522294,554,96.52
20261006,522295,4801,96.77
20261006,522650,4788,73.21
20261006,523007,185,100.0
20261006,523011,1864,89.19
20261006,523019,31503,69.24
20261006,523021,10189,71.52
20261006,523023,1383,78.36
20261006,523025,1477,44.69
20261006,523062,1,100.0
20261006,523100,6650,81.2
20261006,523105,3662739,100.0
20261006,523120,302,100.0
20261006,523127,1434,86.28
20261006,523144,4360,100.0
20261006,523160,903,76.07
20261006,523186,198,100.0
20261006,523204,3490,100.0
20261006,523207,1278,55.93
20261006,523222,9108,100.0
20261006,523229,2562,57.74
20261006,523232,67,100.0
20261006,523242,42800,100.0
20261006,523248,402,64.63
20261006,523260,40,100.0
20261006,523261,1850,63.9
20261006,523269,1159,85.92
20261006,523277,1679241,68.6
20261006,523283,100,100.0
20261006,523289,1134,75.65
20261006,523301,261,76.32
20261006,523309,11595,54.16
20261006,523319,11842,54.31
20261006,523323,266,86.93
20261006,523329,151,100.0
20261006,523367,8938,36.53
20261006,523369,42772,54.51
20261006,523371,9279,45.33
20261006,523373,127484,46.07
20261006,523384,10,100.0
20261006,523385,1926,74.62
20261006,523387,275601,84.69
20261006,523391,1638,94.74
20261006,523395,47,46.53
20261006,523398,1939,55.27
20261006,523405,74735,57.58
20261006,523411,2603,72.01
20261006,523419,409,100.0
20261006,523445,1453,57.7
20261006,523457,547,62.44
20261006,523465,110,95.65
20261006,523467,20259,100.0
20261006,523475,1030,73.15
20261006,523489,1318,86.03
20261006,523519,2001,98.96
20261006,523537,1076,95.73
20261006,523539,8952,41.33
20261006,523550,9760,96.47
20261006,523558,21313,100.0
20261006,523566,310,100.0
20261006,523574,10638,100.0
20261006,523586,5227,86.11
20261006,523594,10,100.0
20261006,523598,108267,35.38
20261006,523606,1928,66.41
20261006,523610,32856,55.62
20261006,523618,2224,56.39
20261006,523630,31701,59.63
20261006,523642,16437,71.71
20261006,523648,2006,67.86
20261006,523650,48167,98.08
20261006,523660,3252,83.68
20261006,523672,10265,94.33
20261006,523676,2363,69.54
20261006,523694,3274,67.59
20261006,523696,4284,72.11
20261006,523704,2103,64.0
20261006,523708,3828,63.5
20261006,523710,120,100.0
20261006,523716,1802,71.56
20261006,523722,7671,100.0
20261006,523732,2347,99.53
20261006,523736,100,86.96
20261006,523752,39346,92.0
20261006,523754,1427,98.82
20261006,523782,6894,83.61
20261006,523792,5566,100.0
20261006,523796,8046,100.0
20261006,523826,1865,92.97
20261006,523828,15330,59.21
20261006,523832,900,90.45
20261006,523836,1578,78.55
20261006,523838,6052,69.16
20261006,523840,828,98.57
20261006,523842,43829,100.0
20261006,523844,20061,86.08
20261006,523850,2089,80.87
20261006,523862,184,29.97
20261006,523874,11656,100.0
20261006,523888,57,0.71
20261006,524000,9265,36.33
20261006,524019,646,66.53
20261006,524031,65,100.0
20261006,524037,2994,49.57
20261006,524038,10004,79.4
20261006,524051,610677,99.52
20261006,524075,498,98.22
20261006,524080,20,95.24
20261006,524091,2079,59.83
20261006,524109,5907,100.0
20261006,524129,91,65.94
20261006,524136,701,100.0
20261006,524156,8505,99.4
20261006,524164,106045,47.12
20261006,524174,19278,71.74
20261006,524200,25050,92.37
20261006,524202,3917,77.06
20261006,524204,332,99.1
20261006,524208,17456,51.97
20261006,524210,440,94.62
20261006,524212,25712,58.95
20261006,524218,5763,100.0
20261006,524226,29229,53.93
20261006,524230,45791,51.16
20261006,524238,122704,100.0
20261006,524280,15791,63.75
20261006,524288,1130,65.81
20261006,524314,1011,100.0
20261006,524322,37108,58.25
20261006,524324,554,100.0
20261006,524330,388,99.74
20261006,524332,16268,65.11
20261006,524336,22503,100.0
20261006,524342,8481,63.99
20261006,524348,9919,65.52
20261006,524370,59812,100.0
20261006,524372,2839,45.83
20261006,524394,2999,42.39
20261006,524396,593,81.46
20261006,524400,684,100.0
20261006,524404,52963,42.63
20261006,524408,2110,99.95
20261006,524412,7923,78.14
20261006,524414,573,91.97
20261006,524434,5080,99.67
20261006,524440,4275,72.26
20261006,524444,17387116,90.59
20261006,524458,2808,100.0
20261006,524470,569199,51.34
20261006,524480,222,76.82
20261006,524488,38895,100.0
20261006,524494,3517,57.43
20261006,524500,23651,39.53
20261006,524502,4954,100.0
20261006,524506,1048,84.65
20261006,524516,8735,100.0
20261006,524518,9296,79.49
20261006,524520,14574,36.84
20261006,524522,40,100.0
20261006,524534,304,50.08
20261006,524542,1042,96.21
20261006,524548,100,80.0
20261006,524558,1638,48.46
20261006,524564,922,100.0
20261006,524570,209,99.52
20261006,524572,450,93.36
20261006,524576,5653,87.85
20261006,524582,10,66.67
20261006,524592,13519,100.0
20261006,524594,1529,93.8
20261006,524598,635,100.0
20261006,524602,1422,96.15
20261006,524606,592,76.68
20261006,524614,46867,78.45
20261006,524622,11932,75.89
20261006,524624,293,75.91
20261006,524628,368,100.0
20261006,524632,934859,47.74
20261006,524634,4611,96.71
20261006,524636,12208,100.0
20261006,524640,5197,64.19
20261006,524648,157781,32.89
20261006,524654,91,100.0
20261006,524661,2480587,67.69
20261006,524663,131119,90.72
20261006,524667,29595,63.04
20261006,524669,321,64.59
20261006,524675,5042,99.23
20261006,524687,10190,61.32
20261006,524703,589,94.24
20261006,524709,14643,56.39
20261006,524711,9254,90.26
20261006,524715,13562,58.42
20261006,524717,7878,68.82
20261006,524723,1308,100.0
20261006,524727,61,98.39
20261006,524731,454,100.0
20261006,524735,37062,52.01
20261006,524742,2445,38.82
20261006,524743,7690,52.81
20261006,524748,2360,94.59
20261006,524752,4482,89.07
20261006,524768,410,91.72
20261006,524774,726,56.63
20261006,524790,1069,62.51
20261006,524804,1791,28.23
20261006,524808,618,100.0
20261006,524816,18894,67.64
20261006,524818,394,77.87
20261006,524820,24645,66.67
20261006,524824,1738,100.0
20261006,524828,3830,89.3
20261006,526001,1347,82.39
20261006,526025,7341,81.04
20261006,526027,24880,100.0
20261006,526043,2577,91.16
20261006,526071,2122,100.0
20261006,526073,1445,100.0
20261006,526075,207,100.0
20261006,526081,2021,100.0
20261006,526095,18,100.0
20261006,526113,13,100.0
20261006,526115,100,100.0
20261006,526125,812,82.02
20261006,526133,171,100.0
20261006,526137,1001,94.61
20261006,526139,43471,92.12
20261006,526143,336,100.0
20261006,526159,7601,82.51
20261006,526161,200,100.0
20261006,526169,1152,50.97
20261006,526173,25272,52.23
20261006,526179,329,94.0
20261006,526187,742,100.0
20261006,526193,340,92.9
20261006,526211,4139,98.62
20261006,526217,345,100.0
20261006,526227,128319,49.64
20261006,526231,305,100.0
20261006,526237,297,96.74
20261006,526241,4367,100.0
20261006,526247,24159,93.99
20261006,526251,3761,80.5
20261006,526263,7890,100.0
20261006,526269,1652,74.58
20261006,526299,18375,90.95
20261006,526315,644,100.0
20261006,526331,30,100.0
20261006,526335,19398,89.67
20261006,526345,1724,96.58
20261006,526355,459,100.0
20261006,526365,8358,100.0
20261006,526367,3083,93.68
20261006,526371,383836,59.57
20261006,526373,20,100.0
20261006,526381,8234,94.82
20261006,526397,568,100.0
20261006,526407,1052,90.15
20261006,526409,5886,64.98
20261006,526415,146434,93.9
20261006,526423,1077,81.84
20261006,526431,10,100.0
20261006,526433,7810,43.93
20261006,526435,256,93.77
20261006,526439,460,100.0
20261006,526441,3412,100.0
20261006,526443,56935,100.0
20261006,526445,65603,100.0
20261006,526468,922,100.0
20261006,526471,1500,83.57
20261006,526473,3160,96.31
20261006,526479,887,77.06
20261006,526481,351,100.0
20261006,526488,5433,65.95
20261006,526490,28046,69.09
20261006,526492,1177,77.13
20261006,526494,474,100.0
20261006,526500,220,100.0
20261006,526506,2299,100.0
20261006,526508,788,85.84
20261006,526519,1515,100.0
20261006,526525,33,97.06
20261006,526530,3539,61.83
20261006,526532,202,100.0
20261006,526544,8453,56.39
20261006,526546,1813,100.0
20261006,526550,1450,79.06
20261006,526570,658308,97.89
20261006,526574,19,100.0
20261006,526582,1204,87.88
20261006,526588,248,100.0
20261006,526596,503,81.79
20261006,526604,4899,100.0
20261006,526608,1106,92.94
20261006,526612,131,50.19
20261006,526614,1065,100.0
20261006,526616,373,61.86
20261006,526622,161218,72.55
20261006,526628,900,100.0
20261006,526638,7158,74.7
20261006,526640,864,97.63
20261006,526642,4471,95.33
20261006,526650,49455,37.09
20261006,526666,886,60.56
20261006,526668,10404,50.01
20261006,526675,30323,96.93
20261006,526677,809,99.63
20261006,526703,2245,90.93
20261006,526705,130,82.8
20261006,526709,45137,85.03
20261006,526711,663,100.0
20261006,526717,10723,100.0
20261006,526721,5,83.33
20261006,526723,108,98.18
20261006,526727,627,100.0
20261006,526729,20217,70.54
20261006,526731,357,99.72
20261006,526739,2549,71.04
20261006,526747,2390,74.99
20261006,526751,297,100.0
20261006,526755,21341,90.55
20261006,526761,2615,96.32
20261006,526775,39600,63.41
20261006,526783,43,51.19
20261006,526797,105682,94.56
20261006,526807,1048,61.14
20261006,526813,3318,89.51
20261006,526817,320,92.75
20261006,526821,1,100.0
20261006,526827,31611,86.66
20261006,526829,28274,48.88
20261006,526839,280,28.63
20261006,526841,100534,88.97
20261006,526847,1013,100.0
20261006,526849,47,100.0
20261006,526853,3832,100.0
20261006,526859,22773,51.44
20261006,526861,1259,70.73
20261006,526865,1057,100.0
20261006,526869,1100,100.0
20261006,526871,3293,99.91
20261006,526873,1305,100.0
20261006,526877,6,100.0
20261006,526881,5241,57.82
20261006,526885,953,97.44
20261006,526887,3,100.0
20261006,526891,52,98.11
20261006,526899,46354,93.45
20261006,526901,1511,78.9
20261006,526905,65,100.0
20261006,526921,354,93.16
20261006,526931,50,65.79
20261006,526935,3908876,57.13
20261006,526945,1,50.0
20261006,526947,18940,84.01
20261006,526951,867,53.0
20261006,526953,1120,100.0
20261006,526961,9105,58.29
20261006,526965,126,94.03
20261006,526967,1002,100.0
20261006,526971,9888,100.0
20261006,526981,1182,99.49
20261006,526987,55238,83.72
20261006,527001,9745,62.91
20261006,527005,1231,61.52
20261006,530001,1360,27.93
20261006,530005,8336,57.07
20261006,530007,16570,57.65
20261006,530017,4024,90.47
20261006,530019,4834,43.37
20261006,530023,32,56.14
20261006,530025,7211,90.57
20261006,530027,240,100.0
20261006,530037,2447,69.38
20261006,530043,74,75.51
20261006,530045,5132,22.76
20261006,530053,221104,100.0
20261006,530057,13311,88.09
20261006,530063,171,100.0
20261006,530065,1,100.0
20261006,530067,356,97.27
20261006,530073,13086,55.14
20261006,530075,3312,39.02
20261006,530077,3048,74.83
20261006,530079,850,68.71
20261006,530109,236013,76.59
20261006,530111,19,100.0
20261006,530117,5934,50.45
20261006,530119,352,99.72
20261006,530125,586,83.48
20261006,530127,4890,100.0
20261006,530129,1351,81.78
20261006,530133,199,90.87
20261006,530135,312707,37.03
20261006,530139,38,100.0
20261006,530145,44724,100.0
20261006,530163,4657,72.52
20261006,530167,311,100.0
20261006,530169,1030,99.04
20261006,530175,81875,82.34
20261006,530179,6680,100.0
20261006,530185,58045,71.21
20261006,530187,1754,100.0
20261006,530197,115,100.0
20261006,530199,3716,85.68
20261006,530201,14036,100.0
20261006,530207,155,100.0
20261006,530213,120,51.95
20261006,530215,5203,67.69
20261006,530217,2201,100.0
20261006,530233,1636,59.51
20261006,530235,595,65.53
20261006,530239,18235,52.67
20261006,530245,13,44.83
20261006,530249,269104,71.0
20261006,530251,61388,98.56
20261006,530253,60708,86.96
20261006,530255,21862,97.33
20261006,530259,3915,100.0
20261006,530263,34544,99.6
20261006,530265,2011,67.15
20261006,530267,150,100.0
20261006,530271,152,100.0
20261006,530281,1166,100.0
20261006,530289,284,80.45
20261006,530291,26,100.0
20261006,530299,610,92.85
20261006,530305,3480,56.64
20261006,530307,3556,52.67
20261006,530309,10628,66.14
20261006,530313,5360,98.17
20261006,530315,2804,69.7
20261006,530317,1245,71.55
20261006,530331,7,100.0
20261006,530343,47562,45.06
20261006,530355,6819,59.28
20261006,530357,25627,69.62
20261006,530361,3623,100.0
20261006,530363,35537,100.0
20261006,530365,1064,71.65
20261006,530367,10299,46.82
20261006,530369,1121,93.96
20261006,530377,8075,84.63
20261006,530393,7461,100.0
20261006,530401,515,92.79
20261006,530405,8362,87.63
20261006,530407,25524,62.77
20261006,530419,781,88.65
20261006,530421,5014,90.72
20261006,530427,3026,91.98
20261006,530429,29,100.0
20261006,530433,48,52.75
20261006,530439,1714,100.0
20261006,530443,101,100.0
20261006,530445,13943,80.31
20261006,530449,512,99.8
20261006,530457,29326,75.49
20261006,530459,419,100.0
20261006,530461,5315,52.03
20261006,530475,2703,75.99
20261006,530477,10218,61.0
20261006,530495,1079,76.8
20261006,530499,797,92.78
20261006,530517,2666,50.83
20261006,530521,541,96.95
20261006,530525,162516,100.0
20261006,530533,97,98.98
20261006,530545,134,100.0
20261006,530547,58,100.0
20261006,530549,91122,82.0
20261006,530555,70356,68.55
20261006,530557,7435053,100.0
20261006,530577,238,100.0
20261006,530579,15679,100.0
20261006,530581,450,100.0
20261006,530585,11849,100.0
20261006,530589,12331,85.64
20261006,530595,4262,100.0
20261006,530615,9771,100.0
20261006,530617,238503,77.15
20261006,530621,2522,100.0
20261006,530627,1121,60.11
20261006,530643,5754,67.85
20261006,530655,9132,57.04
20261006,530663,334447,100.0
20261006,530665,10876,72.62
20261006,530675,8,100.0
20261006,530677,559,100.0
20261006,530689,2507,85.3
20261006,530695,50,62.5
20261006,530697,613,98.71
20261006,530699,5583,100.0
20261006,530705,340,100.0
20261006,530709,233,100.0
20261006,530711,596,99.83
20261006,530723,1215,87.1
20261006,530735,1200,99.92
20261006,530741,2601,100.0
20261006,530745,189531,100.0
20261006,530747,3079,89.09
20261006,530755,1430,72.96
20261006,530757,518,100.0
20261006,530759,3064,83.15
20261006,530779,2,100.0
20261006,530789,19,100.0
20261006,530795,139,100.0
20261006,530799,232,69.88
20261006,530803,27553,59.28
20261006,530805,5357,73.68
20261006,530813,8035,46.28
20261006,530821,318,87.36
20261006,530825,4609,100.0
20261006,530829,51,42.86
20261006,530839,10917,100.0
20261006,530843,626747,47.65
20261006,530845,309,93.35
20261006,530853,120,100.0
20261006,530855,2253,81.81
20261006,530871,2846,86.74
20261006,530879,49750,81.01
20261006,530881,79236,68.17
20261006,530883,17717,100.0
20261006,530889,274,100.0
20261006,530897,936,84.32
20261006,530899,10,100.0
20261006,530907,59263,100.0
20261006,530917,1000,100.0
20261006,530919,11394,49.73
20261006,530921,1300,100.0
20261006,530925,618,84.89
20261006,530927,100,100.0
20261006,530931,100,100.0
20261006,530943,130295,83.48
20261006,530951,2387,74.8
20261006,530953,428,73.79
20261006,530959,54557,94.86
20261006,530961,336811,56.31
20261006,530965,280382,57.21
20261006,530977,32,96.97
20261006,530979,10773,69.61
20261006,530991,34,100.0
20261006,530993,1241,100.0
20261006,530997,509,86.42
20261006,530999,75705,41.27
20261006,531003,1,100.0
20261006,531015,167,49.7
20261006,531017,4216,99.95
20261006,531025,408849,56.81
20261006,531033,145740,99.66
20261006,531035,6374,100.0
20261006,531039,100,100.0
20261006,531041,319,72.34
20261006,531043,48,100.0
20261006,531049,7893,100.0
20261006,531051,1,100.0
20261006,531067,5896,91.47
20261006,531069,98,88.29
20261006,531082,12992,99.94
20261006,531083,3000,66.67
20261006,531091,21,67.74
20261006,531092,7038,75.51
20261006,531099,1976,100.0
20261006,531109,1033,97.73
20261006,531111,200,100.0
20261006,531112,14284,36.07
20261006,531119,824,100.0
20261006,531120,74528,59.81
20261006,531126,28589,88.15
20261006,531127,89759,100.0
20261006,531129,65998,68.69
20261006,531137,61447,79.68
20261006,531144,44608,100.0
20261006,531146,2509,100.0
20261006,531147,1729,41.18
20261006,531153,624175,83.27
20261006,531155,8,100.0
20261006,531156,19811,100.0
20261006,531157,3625,100.0
20261006,531158,2650,98.84
20261006,531161,32,100.0
20261006,531162,979714,94.46
20261006,531163,4370,98.14
20261006,531168,22,95.65
20261006,531169,584,77.35
20261006,531173,43429,70.82
20261006,531176,3231,97.61
20261006,531178,1782,74.59
20261006,531179,1163,61.4
20261006,531191,1105,100.0
20261006,531201,835,81.86
20261006,531205,4052782,45.19
20261006,531209,1253,82.76
20261006,531210,142,100.0
20261006,531212,286,83.38
20261006,531213,134990,66.87
20261006,531215,3717,100.0
20261006,531216,17133,41.65
20261006,531221,60,100.0
20261006,531223,231,92.77
20261006,531225,1162,96.67
20261006,531227,27,100.0
20261006,531228,101,100.0
20261006,531233,5307,83.85
20261006,531234,21,95.45
20261006,531235,39,100.0
20261006,531237,25151,100.0
20261006,531241,153,73.21
20261006,531246,2679,99.7
20261006,531253,323,74.42
20261006,531254,1541,98.97
20261006,531255,41,100.0
20261006,531257,13153,65.22
20261006,531259,143,100.0
20261006,531266,5405,87.8
20261006,531268,3024,60.59
20261006,531272,230,100.0
20261006,531273,74126,73.42
20261006,531274,13,100.0
20261006,531278,471,100.0
20261006,531279,18504,100.0
20261006,531280,1309,100.0
20261006,531281,18481,100.0
20261006,531283,504,100.0
20261006,531287,432,48.38
20261006,531288,15,100.0
20261006,531289,53204,100.0
20261006,531297,3392,96.69
20261006,531301,2886,86.82
20261006,531304,880,100.0
20261006,531306,324,97.3
20261006,531307,27295,91.24
20261006,531310,1249,96.0
20261006,531319,1173,91.36
20261006,531322,10767,99.94
20261006,531323,101,100.0
20261006,531324,644,100.0
20261006,531328,1497699,63.56
20261006,531335,5449,48.86
20261006,531338,4,100.0
20261006,531344,110169,77.91
20261006,531346,48,97.96
20261006,531349,3606,65.0
20261006,531352,1,100.0
20261006,531357,12724,87.01
20261006,531358,213740,98.2
20261006,531359,1443,86.46
20261006,531360,20,100.0
20261006,531364,6509,93.53
20261006,531370,28868,97.55
20261006,531373,2521,76.35
20261006,531380,100,100.0
20261006,531381,67,98.53
20261006,531387,100,100.0
20261006,531390,1341,60.41
20261006,531395,405878,100.0
20261006,531396,1,100.0
20261006,531398,1303,75.8
20261006,531399,9705,62.65
20261006,531400,10784,100.0
20261006,531402,8390,90.89
20261006,531406,32,100.0
20261006,531411,1706021,100.0
20261006,531412,19,100.0
20261006,531416,32,45.07
20261006,531417,17403,86.03
20261006,531420,1351,100.0
20261006,531426,7094,82.3
20261006,531431,37164,49.55
20261006,531432,1,100.0
20261006,531433,3436,100.0
20261006,531436,3923,79.65
20261006,531437,2076,67.16
20261006,531439,602,100.0
20261006,531441,26,100.0
20261006,531449,88796,25.43
20261006,531453,200,100.0
20261006,531454,5896,91.38
20261006,531456,4574,100.0
20261006,531458,86680,100.0
20261006,531460,7875,100.0
20261006,531465,67581,100.0
20261006,531471,9823,100.0
20261006,531472,529,99.81
20261006,531486,10366,100.0
20261006,531489,1774,81.83
20261006,531494,59962,96.02
20261006,531497,3914,93.01
20261006,531500,20607,100.0
20261006,531502,49479,83.96
20261006,531503,771,99.87
20261006,531506,2605,56.25
20261006,531508,459,51.46
20261006,531509,377,100.0
20261006,531512,192944,90.71
20261006,531515,1824,100.0
20261006,531518,196478,100.0
20261006,531525,70947,100.0
20261006,531529,9501,100.0
20261006,531530,3579,100.0
20261006,531531,937,69.82
20261006,531533,2943,67.98
20261006,531537,921,100.0
20261006,531539,1149,99.74
20261006,531540,7687,75.63
20261006,531541,7372,100.0
20261006,531543,67643,59.09
20261006,531548,2814,60.8
20261006,531550,24703,99.48
20261006,531553,3122,100.0
20261006,531556,86864,53.44
20261006,531557,20,100.0
20261006,531569,2262,84.09
20261006,531574,235,100.0
20261006,531578,2828,100.0
20261006,531582,4,100.0
20261006,531583,647,81.18
20261006,531591,1099,99.82
20261006,531592,115025,68.86
20261006,531594,50,100.0
20261006,531595,34380,57.66
20261006,531599,2117,62.65
20261006,531608,1794,100.0
20261006,531609,50,100.0
20261006,531613,3541,100.0
20261006,531624,5331,100.0
20261006,531626,25339,50.41
20261006,531628,557,100.0
20261006,531633,913,80.16
20261006,531635,158,79.4
20261006,531637,15858,85.18
20261006,531638,251,58.24
20261006,531642,11667,46.32
20261006,531644,803,84.26
20261006,531651,27,87.1
20261006,531652,2428,92.88
20261006,531658,68268,81.71
20261006,531661,44217,100.0
20261006,531663,13428,87.73
20261006,531667,6047,100.0
20261006,531668,3250,100.0
20261006,531671,45987,82.9
20261006,531673,1080,88.38
20261006,531676,215,100.0
20261006,531680,12096,100.0
20261006,531681,8930,100.0
20261006,531688,1782,90.18
20261006,531692,955,100.0
20261006,531694,9222,85.16
20261006,531716,9392,100.0
20261006,531717,1217,90.62
20261006,531719,1038,49.1
20261006,531723,2138218,100.0
20261006,531726,2144,69.09
20261006,531727,7429,100.0
20261006,531735,200,100.0
20261006,531737,25482,87.64
20261006,531739,158995,73.26
20261006,531744,1364,99.78
20261006,531746,14008,75.37
20261006,531752,2222524,45.59
20261006,531758,265,100.0
20261006,531761,3073,51.48
20261006,531762,325,100.0
20261006,531768,1051,47.75
20261006,531769,3102,100.0
20261006,531771,4099,81.1
20261006,531778,107,97.27
20261006,531780,763810,98.86
20261006,531784,145351,98.04
20261006,531795,1571,70.99
20261006,531797,325,51.92
20261006,531802,1782,58.75
20261006,531810,1374,99.93
20261006,531812,3668,100.0
20261006,531814,3754,97.33
20261006,531822,27,96.43
20261006,531832,1403,100.0
20261006,531834,12735,100.0
20261006,531840,1167,69.22
20261006,531841,770,100.0
20261006,531842,2,100.0
20261006,531845,21251,83.06
20261006,531846,1,100.0
20261006,531847,614,81.65
20261006,531859,3730,64.49
20261006,531861,2125,99.86
20261006,531862,7034,81.82
20261006,531867,3572,100.0
20261006,531869,40803,93.15
20261006,531870,27,100.0
20261006,531878,232,100.0
20261006,531888,21203,57.66
20261006,531889,286150,81.55
20261006,531892,8,100.0
20261006,531893,514320,47.84
20261006,531900,2711,99.05
20261006,531909,192527,100.0
20261006,531910,25463,100.0
20261006,531911,28023,100.0
20261006,531913,2205,46.13
20261006,531918,367,100.0
20261006,531921,935,63.91
20261006,531923,16567,72.99
20261006,531925,1242,100.0
20261006,531928,1,100.0
20261006,531929,50,100.0
20261006,531930,52,100.0
20261006,531931,5,83.33
20261006,531944,300,100.0
20261006,531950,9854,62.39
20261006,531952,2064,79.48
20261006,531959,8836,88.32
20261006,531962,2433,81.78
20261006,531977,233843,100.0
20261006,531978,142,73.58
20261006,531979,1019,98.26
20261006,531982,82090,100.0
20261006,531991,144701,96.22
20261006,531996,2246,97.19
20261006,531997,125282,83.9
20261006,532001,17,100.0
20261006,532007,102,100.0
20261006,532011,674,91.7
20261006,532015,21775,72.47
20261006,532016,1428,49.19
20261006,532019,7920,100.0
20261006,532022,560164,100.0
20261006,532029,7807,68.41
20261006,532039,15633,70.17
20261006,532041,3434,100.0
20261006,532042,100,100.0
20261006,532051,1491,63.2
20261006,532053,21,100.0
20261006,532054,458,45.66
20261006,532056,1510,93.79
20261006,532057,155,100.0
20261006,532067,1895,57.72
20261006,532070,28228,72.62
20261006,532090,17937,78.08
20261006,532092,45998,59.43
20261006,532100,7808,100.0
20261006,532102,3689,69.92
20261006,532113,204,100.0
20261006,532123,16655,79.27
20261006,532124,80829,86.87
20261006,532131,2040,97.28
20261006,532134,70294,49.11
20261006,532140,32900,94.06
20261006,532141,934,86.96
20261006,532143,17389,74.01
20261006,532144,33068,34.49
20261006,532145,665,100.0
20261006,532149,98200,51.67
20261006,532150,13559,69.26
20261006,532154,320911,53.29
20261006,532155,103580,51.99
20261006,532156,15641,74.17
20261006,532159,3574,75.62
20261006,532160,4177,74.86
20261006,532162,5389,40.14
20261006,532163,4070,40.54
20261006,532172,17912,100.0
20261006,532173,1382,72.85
20261006,532174,560963,87.45
20261006,532175,10346,37.78
20261006,532178,78470,39.84
20261006,532180,739568,73.59
20261006,532181,17664,50.35
20261006,532183,41711,65.44
20261006,532187,47221,63.74
20261006,532189,2476,61.0
20261006,532209,47838,59.16
20261006,532210,41543,63.11
20261006,532212,558,83.28
20261006,532215,249461,70.12
20261006,532216,825,100.0
20261006,532217,4527,100.0
20261006,532218,366876,49.58
20261006,532219,853,98.96
20261006,532221,23619,53.48
20261006,532230,203,99.51
20261006,532234,47531,36.89
20261006,532240,1494,52.61
20261006,532256,27,84.38
20261006,532259,2708,52.27
20261006,532262,7,100.0
20261006,532268,4061,61.22
20261006,532271,31196,99.89
20261006,532275,56143,67.16
20261006,532281,28155,43.65
20261006,532284,9107,93.33
20261006,532285,11439,65.21
20261006,532286,87091,53.1
20261006,532290,2464,58.29
20261006,532296,6783,50.63
20261006,532300,16021,44.84
20261006,532304,38,100.0
20261006,532305,7932,49.64
20261006,532309,13542,49.88
20261006,532310,3853,68.63
20261006,532313,2369,66.14
20261006,532315,7780,91.77
20261006,532320,148,100.0
20261006,532321,80247,70.32
20261006,532323,41108,74.83
20261006,532324,26,100.0
20261006,532326,171,80.66
20261006,532329,2094,100.0
20261006,532331,2893,56.7
20261006,532333,30,63.83
20261006,532334,18477,78.62
20261006,532335,148,100.0
20261006,532339,2228,93.65
20261006,532340,1110,68.94
20261006,532341,2471,61.44
20261006,532343,10229,69.38
20261006,532344,2344,72.59
20261006,532348,125305,24.11
20261006,532349,2904,66.11
20261006,532350,1311,100.0
20261006,532351,190073,100.0
20261006,532354,21435,100.0
20261006,532355,267,100.0
20261006,532356,27143,43.94
20261006,532359,82337,81.83
20261006,532362,356,87.47
20261006,532365,1860,65.03
20261006,532366,8602,51.58
20261006,532368,204476,69.49
20261006,532369,6100,73.91
20261006,532370,2873,82.82
20261006,532371,55241,53.55
20261006,532372,8244,95.89
20261006,532373,1870,98.58
20261006,532374,171563,100.0
20261006,532375,11226,78.04
20261006,532376,140,72.54
20261006,532378,2790,60.46
20261006,532379,24051,100.0
20261006,532380,20423,65.95
20261006,532382,4299,70.58
20261006,532384,1897,76.12
20261006,532386,32700,100.0
20261006,532387,34,100.0
20261006,532388,127281,60.34
20261006,532390,1043,70.62
20261006,532392,814,91.98
20261006,532395,3193,41.68
20261006,532397,245,100.0
20261006,532398,1405,82.4
20261006,532400,32703,50.67
20261006,532402,22927,79.58
20261006,532404,11713,93.19
20261006,532406,18928,34.99
20261006,532407,49068,39.01
20261006,532408,30476,100.0
20261006,532410,411,100.0
20261006,532416,1,100.0
20261006,532419,700,100.0
20261006,532424,49341,45.6
20261006,532425,28302,100.0
20261006,532430,760,54.02
20261006,532432,494300,97.82
20261006,532435,6126,93.21
20261006,532439,14043,55.91
20261006,532440,228,43.93
20261006,532443,95,74.8
20261006,532444,7099,100.0
20261006,532454,498690,89.98
20261006,532455,5172,85.32
20261006,532456,1268,100.0
20261006,532457,3754,27.84
20261006,532460,1802,48.01
20261006,532461,178685,58.19
20261006,532466,1289,45.9
20261006,532467,57235,56.83
20261006,532468,516,96.45
20261006,532470,4,100.0
20261006,532475,5481,84.49
20261006,532477,147866,57.85
20261006,532478,2959,62.85
20261006,532481,12635,83.77
20261006,532482,9748,54.33
20261006,532483,605096,59.08
20261006,532485,13463,94.58
20261006,532486,3140,74.13
20261006,532488,36222,86.23
20261006,532493,6327,47.76
20261006,532497,7700,45.33
20261006,532500,20816,73.96
20261006,532503,5,100.0
20261006,532504,9411,72.2
20261006,532505,332413,65.4
20261006,532507,521,87.86
20261006,532508,11330,66.15
20261006,532509,3205,68.72
20261006,532513,5038,77.32
20261006,532514,35956,47.61
20261006,532515,177,98.88
20261006,532521,211,100.0
20261006,532522,812355,89.58
20261006,532523,16580,45.45
20261006,532524,112990,60.74
20261006,532525,153240,51.92
20261006,532527,23194,43.74
20261006,532528,1341,50.76
20261006,532529,2043,68.79
20261006,532531,3537,31.95
20261006,532538,2249,66.8
20261006,532539,16068,64.19
20261006,532540,46728,54.14
20261006,532541,80001,72.78
20261006,532543,5924,100.0
20261006,532548,1052,75.09
20261006,532553,8924,71.79
20261006,532555,91495,64.44
20261006,532604,182189,67.52
20261006,532605,13160,61.78
20261006,532610,99380,32.76
20261006,532612,3807,39.69
20261006,532613,3434,91.57
20261006,532616,12740,76.25
20261006,532624,35,100.0
20261006,532626,22342,76.04
20261006,532627,1504123,41.93
20261006,532628,8600,100.0
20261006,532629,3627,100.0
20261006,532630,153836,96.77
20261006,532633,558,85.58
20261006,532636,16531,37.45
20261006,532637,16709,90.09
20261006,532638,1298,83.31
20261006,532640,538,100.0
20261006,532641,73489,57.66
20261006,532642,31,35.63
20261006,532644,297,54.7
20261006,532645,2718,100.0
20261006,532648,2323777,59.91
20261006,532649,33672,90.36
20261006,532650,19227,59.06
20261006,532652,16282,54.67
20261006,532654,5443,57.5
20261006,532656,208247,56.46
20261006,532660,1201,100.0
20261006,532661,3546,42.51
20261006,532662,2227,70.3
20261006,532663,300,49.02
20261006,532666,373467,61.07
20261006,532667,2752760,55.8
20261006,532668,5135,41.36
20261006,532670,552308,39.96
20261006,532673,7176,100.0
20261006,532674,302,100.0
20261006,532676,9443,100.0
20261006,532683,456,59.61
20261006,532684,3117,63.24
20261006,532686,7361,60.67
20261006,532687,957,73.67
20261006,532689,3913,44.34
20261006,532694,17628,84.51
20261006,532695,1496,100.0
20261006,532698,1999,62.29
20261006,532699,2142,93.5
20261006,532700,206,99.04
20261006,532701,24986,100.0
20261006,532705,3522,70.19
20261006,532707,10,83.33
20261006,532708,110779,100.0
20261006,532710,12952,96.63
20261006,532712,445263,100.0
20261006,532713,181095,79.94
20261006,532714,19202,49.39
20261006,532716,428,99.53
20261006,532717,803,42.99
20261006,532719,34892,64.66
20261006,532720,61331,52.34
20261006,532721,3240,99.17
20261006,532722,3401,74.39
20261006,532723,42,100.0
20261006,532725,2843,42.31
20261006,532726,8116,76.85
20261006,532728,31,100.0
20261006,532729,15578,56.24
20261006,532730,504,94.03
20261006,532732,472,58.13
20261006,532733,39790,38.68
20261006,532734,33098,42.44
20261006,532735,34050,46.33
20261006,532737,481,39.92
20261006,532738,6957,100.0
20261006,532740,25083,52.77
20261006,532741,14002,55.49
20261006,532742,2638,59.11
20261006,532744,944,94.12
20261006,532748,36113,20.07
20261006,532749,304618,67.43
20261006,532754,185756,52.2
20261006,532755,81443,65.95
20261006,532756,4380,62.3
20261006,532757,155,56.16
20261006,532759,1255,74.84
20261006,532761,1055,100.0
20261006,532762,6875,61.76
20261006,532764,16,94.12
20261006,532767,61650,51.54
20261006,532768,1873,67.4
20261006,532771,79375,100.0
20261006,532772,22790,38.84
20261006,532773,365,97.33
20261006,532774,240,96.0
20261006,532775,2674101,53.89
20261006,532776,14661,93.54
20261006,532777,12653,31.23
20261006,532779,6343,56.47
20261006,532780,14488,100.0
20261006,532782,411,82.86
20261006,532783,7296,50.4
20261006,532784,1340,39.99
20261006,532785,809,86.34
20261006,532790,8123,57.99
20261006,532794,53809,82.53
20261006,532795,1117,100.0
20261006,532796,4912,43.95
20261006,532797,3613,60.17
20261006,532798,101783,57.52
20261006,532799,11906,54.61
20261006,532801,1221,100.0
20261006,532804,390,48.21
20261006,532805,39732,33.46
20261006,532806,403,93.07
20261006,532807,651,99.54
20261006,532808,17852,74.02
20261006,532809,9765,45.91
20261006,532810,366077,60.27
20261006,532811,3591,81.97
20261006,532812,200,100.0
20261006,532814,8320,33.89
20261006,532815,4417,57.47
20261006,532817,7629,90.49
20261006,532820,6117,62.52
20261006,532822,9780089,49.79
20261006,532825,50037,100.0
20261006,532826,863,100.0
20261006,532827,697,53.45
20261006,532828,689,100.0
20261006,532829,899,8.83
20261006,532830,4642,61.7
20261006,532832,234591,84.75
20261006,532834,59829,70.62
20261006,532835,464,71.17
20261006,532839,96705,82.58
20261006,532841,1188,78.36
20261006,532842,2383,90.16
20261006,532843,215832,88.8
20261006,532845,61,100.0
20261006,532847,18069,88.76
20261006,532848,1177702,32.7
20261006,532850,33923,100.0
20261006,532851,399,92.36
20261006,532853,171,100.0
20261006,532855,7,100.0
20261006,532856,26809,57.86
20261006,532859,700,84.85
20261006,532864,13758,80.4
20261006,532866,2466,90.56
20261006,532867,121439,25.94
20261006,532868,46261,52.03
20261006,532869,11718,34.72
20261006,532870,23429,100.0
20261006,532872,25462,59.85
20261006,532873,39040,100.0
20261006,532875,9655,49.9
20261006,532878,274,95.47
20261006,532880,7702,68.32
20261006,532884,59692,84.12
20261006,532885,69441,65.08
20261006,532887,2518,100.0
20261006,532888,13605,39.05
20261006,532889,1375,45.96
20261006,532890,151008,83.51
20261006,532891,4891,60.58
20261006,532892,43638,45.15
20261006,532893,28851,84.88
20261006,532894,14715,79.16
20261006,532895,1179,93.35
20261006,532896,606,100.0
20261006,532898,75344,54.7
20261006,532899,5500,60.09
20261006,532900,179174,43.09
20261006,532902,14940,90.29
20261006,532904,4665,56.82
20261006,532906,3008,73.98
20261006,532907,1100,100.0
20261006,532911,88523,81.48
20261006,532915,14491,57.44
20261006,532916,2180,91.75
20261006,532918,2633,82.05
20261006,532921,23849,49.02
20261006,532922,79498,44.22
20261006,532923,22509,63.25
20261006,532924,2697,57.52
20261006,532925,10,100.0
20261006,532926,21277,51.29
20261006,532927,17589,69.93
20261006,532928,62219,26.24
20261006,532929,4096,54.44
20261006,532930,4908,100.0
20261006,532931,11163,100.0
20261006,532932,1121,71.54
20261006,532933,2799,87.11
20261006,532934,2113,100.0
20261006,532935,1784,100.0
20261006,532937,3736,59.75
20261006,532939,1487191,42.42
20261006,532940,1705,75.11
20261006,532941,6153,100.0
20261006,532942,124252,64.55
20261006,532944,3036,100.0
20261006,532945,422513,76.01
20261006,532946,487,81.3
20261006,532947,999814,62.68
20261006,532951,6786,90.94
20261006,532952,51,100.0
20261006,532953,8712,49.71
20261006,532955,201164,60.04
20261006,532957,993,87.8
20261006,532966,10836,54.64
20261006,532967,19125,57.59
20261006,532974,3106,78.12
20261006,532975,643,100.0
20261006,532976,6502,85.74
20261006,532977,42541,87.0
20261006,532978,96588,92.04
20261006,532980,16623,86.74
20261006,532983,597,78.86
20261006,532985,458,47.51
20261006,532986,54,87.1
20261006,532989,5386,100.0
20261006,532992,1,100.0
20261006,532993,525,99.62
20261006,532994,2500,99.96
20261006,532998,516,93.65
20261006,533001,2303,89.96
20261006,533006,48627,100.0
20261006,533007,207498,100.0
20261006,533012,3335,100.0
20261006,533014,1984,99.05
20261006,533019,5,100.0
20261006,533022,2263,56.38
20261006,533023,36078,91.65
20261006,533029,638,100.0
20261006,533033,2801,67.79
20261006,533047,2693,51.91
20261006,533048,240056,100.0
20261006,533056,8292,76.55
20261006,533080,3926,60.92
20261006,533088,2433,81.07
20261006,533090,1704872,51.53
20261006,533093,125,100.0
20261006,533095,282,88.96
20261006,533096,1381419,69.33
20261006,533098,74263,41.36
20261006,533100,28057,80.89
20261006,533104,3509,66.53
20261006,533106,13441,54.04
20261006,533107,2675,100.0
20261006,533108,358,100.0
20261006,533110,35,100.0
20261006,533121,1262,54.21
20261006,533122,558515,64.85
20261006,533137,12850,80.61
20261006,533138,3001,69.32
20261006,533146,2552,72.15
20261006,533148,30925,45.07
20261006,533149,4419,99.01
20261006,533150,8626,34.86
20261006,533151,11396,75.37
20261006,533152,19314,73.46
20261006,533155,11601,52.54
20261006,533156,14796,69.67
20261006,533158,2616,52.65
20261006,533160,23302,48.42
20261006,533162,148166,47.01
20261006,533164,10933,67.23
20261006,533166,31592,98.34
20261006,533167,29603,98.65
20261006,533168,906,97.73
20261006,533169,17890,48.13
20261006,533170,213,100.0
20261006,533172,307,93.88
20261006,533177,10043,100.0
20261006,533179,4892,38.06
20261006,533192,122592,100.0
20261006,533193,8044,59.1
20261006,533202,88659,82.31
20261006,533203,4254,78.03
20261006,533206,176052,58.55
20261006,533208,3010,100.0
20261006,533210,1691,69.08
20261006,533217,1494,100.0
20261006,533218,626,85.87
20261006,533221,3,100.0
20261006,533227,1,100.0
20261006,533229,22273,72.58
20261006,533230,36458,47.85
20261006,533239,13725,91.37
20261006,533244,150256,66.51
20261006,533248,46156,67.74
20261006,533252,6,100.0
20261006,533257,2969,57.7
20261006,533259,1,25.0
20261006,533260,21735,63.84
20261006,533262,3857,80.56
20261006,533263,130953,75.8
20261006,533267,6888,84.28
20261006,533268,2,100.0
20261006,533269,9507,45.86
20261006,533270,5758,96.03
20261006,533271,17495,60.09
20261006,533272,20668,37.62
20261006,533273,9370,72.48
20261006,533274,5159,42.35
20261006,533275,26784,89.84
20261006,533278,99727,60.71
20261006,533282,31063,46.9
20261006,533284,3111,87.88
20261006,533285,66666,56.86
20261006,533286,9078,58.31
20261006,533287,44370,74.69
20261006,533289,2155,99.91
20261006,533292,30358,69.44
20261006,533293,33371,74.03
20261006,533294,20,100.0
20261006,533295,56399,69.26
20261006,533296,7002,92.77
20261006,533298,4329,93.97
20261006,533301,1184,100.0
20261006,533302,64,83.12
20261006,533303,94,68.12
20261006,533306,339,99.41
20261006,533315,516976,91.65
20261006,533316,42,100.0
20261006,533326,59775,46.19
20261006,533329,1035,99.04
20261006,533333,1951411,51.02
20261006,533336,13,100.0
20261006,533339,4165,51.5
20261006,533343,115,98.29
20261006,533344,38081,81.94
20261006,533385,60737,76.99
20261006,533398,13235,52.18
20261006,533407,9400,92.01
20261006,533408,7422,71.13
20261006,533427,11014,79.81
20261006,533451,551,90.33
20261006,533452,1,100.0
20261006,533470,10716,96.43
20261006,533477,724,93.3
20261006,533482,6504,79.8
20261006,533506,122493,93.15
20261006,533519,88548,48.8
20261006,533520,1095533,69.39
20261006,533540,6420,86.52
20261006,533543,42182,99.3
20261006,533552,7735,76.21
20261006,533553,45037,33.46
20261006,533570,10247,79.97
20261006,533573,1090,47.58
20261006,533576,824,98.21
20261006,533581,121776,42.43
20261006,533602,20669,66.98
20261006,533608,3314,54.3
20261006,533629,4339,100.0
20261006,533632,12606,100.0
20261006,533638,4800,100.0
20261006,533644,1501,80.92
20261006,533655,1177062,97.28
20261006,533676,113922,86.33
20261006,533704,32310,66.44
20261006,533719,6128,69.73
20261006,533758,9685,71.1
20261006,533761,12598,71.56
20261006,533896,105,100.0
20261006,533941,8041,84.68
20261006,533982,3633,66.77
20261006,534060,418637,61.11
20261006,534063,3,100.0
20261006,534064,86927,100.0
20261006,534076,3905,46.7
20261006,534091,128517,70.94
20261006,534139,5250,33.43
20261006,534190,25,100.0
20261006,534309,223117,50.05
20261006,534312,1558,100.0
20261006,534328,64,100.0
20261006,534338,2863,88.58
20261006,534369,52955,100.0
20261006,534392,2094,79.08
20261006,534422,8858,90.7
20261006,534425,2823,100.0
20261006,534532,519,99.81
20261006,534535,954021,100.0
20261006,534597,61922,64.05
20261006,534598,907,90.97
20261006,534600,28499,43.78
20261006,534612,398,96.84
20261006,534615,19200,83.01
20261006,534618,6225,54.2
20261006,534623,4573,81.0
20261006,534639,46,100.0
20261006,534674,200876,100.0
20261006,534675,17073,77.95
20261006,534680,2526,100.0
20261006,534691,2460,99.64
20261006,534708,6000,100.0
20261006,534732,5745,97.49
20261006,534733,244093,100.0
20261006,534741,76084,100.0
20261006,534742,4911,53.09
20261006,534748,211512,67.32
20261006,534755,53616,100.0
20261006,534796,1100,99.19
20261006,534804,2569,76.32
20261006,534809,2610727,45.44
20261006,534816,171400,58.94
20261006,534920,1000,100.0
20261006,534976,1497,65.51
20261006,535136,7234,82.01
20261006,535204,4037,100.0
20261006,535205,5132,68.88
20261006,535267,3321,99.94
20261006,535276,2371,65.48
20261006,535322,2735,60.98
20261006,535387,141,99.3
20261006,535431,154101,83.17
20261006,535458,316,100.0
20261006,535566,49,50.52
20261006,535601,356,100.0
20261006,535602,1660,63.5
20261006,535621,92,97.87
20261006,535648,3069,62.61
20261006,535657,32,100.0
20261006,535667,4822,98.57
20261006,535693,7309,96.2
20261006,535719,6523,56.35
20261006,535730,279278,77.98
20261006,535754,17241,85.11
20261006,535755,242914,35.24
20261006,535789,142120,59.38
20261006,535910,20431,81.65
20261006,535916,34416,95.14
20261006,535958,103330,87.46
20261006,536073,39947,62.11
20261006,536264,11833,68.17
20261006,536493,233,94.33
20261006,536507,66258,100.0
20261006,536565,2060,77.65
20261006,536659,381655,63.45
20261006,536672,3010,68.3
20261006,536709,12862,100.0
20261006,536737,1200,100.0
20261006,536738,6000,33.33
20261006,536773,127,69.4
20261006,536846,820,100.0
20261006,536960,11284,43.62
20261006,536974,9320,97.71
20261006,537007,13833,76.43
20261006,537008,4724,20.37
20261006,537069,4780,100.0
20261006,537253,2,33.33
20261006,537254,788,100.0
20261006,537259,230,84.87
20261006,537291,1399,83.08
20261006,537292,733,99.19
20261006,537326,67497,99.63
20261006,537392,11619,100.0
20261006,537483,1905,54.21
20261006,537536,1473,98.66
20261006,537707,393110,77.31
20261006,537708,2979,51.06
20261006,537709,4997,100.0
20261006,537766,46692,79.37
20261006,537785,218,91.6
20261006,537800,1215750,100.0
20261006,537820,29781,100.0
20261006,537839,2682,83.19
20261006,537985,26,56.52
20261006,538057,18581,63.63
20261006,538081,1630,100.0
20261006,538119,35109,100.0
20261006,538212,1348,100.0
20261006,538268,1335,70.41
20261006,538273,303,78.29
20261006,538351,17760,100.0
20261006,538365,35,100.0
20261006,538395,11,100.0
20261006,538401,7873,100.0
20261006,538422,105817,66.98
20261006,538446,4377,100.0
20261006,538451,858247,83.85
20261006,538464,81,100.0
20261006,538476,9750,100.0
20261006,538520,7019,100.0
20261006,538521,275,100.0
20261006,538539,534824,96.34
20261006,538540,52124,85.28
20261006,538542,4604,99.33
20261006,538546,4445,66.48
20261006,538556,337,67.27
20261006,538562,22706,70.92
20261006,538563,19,95.0
20261006,538564,565,99.3
20261006,538565,3117,82.94
20261006,538567,1042,53.55
20261006,538568,246,100.0
20261006,538569,3706,100.0
20261006,538596,6,100.0
20261006,538597,18610,90.45
20261006,538598,11302,82.72
20261006,538607,214379,80.76
20261006,538609,174,81.69
20261006,538610,487083,100.0
20261006,538611,1,100.0
20261006,538634,1354,98.54
20261006,538635,680796,98.31
20261006,538646,7140,74.25
20261006,538647,66,100.0
20261006,538666,8596,81.69
20261006,538668,7474,34.1
20261006,538683,9200,76.2
20261006,538685,435,99.77
20261006,538706,95813,77.65
20261006,538707,215,94.71
20261006,538708,1325,99.62
20261006,538713,1230,99.27
20261006,538714,1199,99.83
20261006,538715,2247,100.0
20261006,538730,1787,71.31
20261006,538732,639,95.23
20261006,538734,12598,44.68
20261006,538742,5893,100.0
20261006,538743,21175,100.0
20261006,538770,1013,99.9
20261006,538772,32198,69.69
20261006,538777,405,100.0
20261006,538778,8559,81.79
20261006,538786,1418,68.01
20261006,538787,10338,100.0
20261006,538788,796,55.39
20261006,538794,4000,100.0
20261006,538795,776,92.49
20261006,538812,7084,100.0
20261006,538817,54086,69.1
20261006,538833,1075,100.0
20261006,538834,15923,58.98
20261006,538835,7019,50.6
20261006,538836,640,67.23
20261006,538837,128017,92.68
20261006,538857,10117,99.76
20261006,538860,13636,100.0
20261006,538862,354,100.0
20261006,538868,108093,100.0
20261006,538874,2710,100.0
20261006,538881,337,100.0
20261006,538882,12917,77.08
20261006,538890,3091,98.19
20261006,538891,24055,61.76
20261006,538895,8819,100.0
20261006,538896,396,77.5
20261006,538897,586,100.0
20261006,538918,14777,49.01
20261006,538920,45785,72.46
20261006,538922,3151,86.38
20261006,538923,106444,81.24
20261006,538926,49504,53.7
20261006,538928,34893,94.82
20261006,538935,15,93.75
20261006,538942,104,51.49
20261006,538943,1749,56.92
20261006,538952,4332,67.96
20261006,538961,5474,88.58
20261006,538962,3710,44.24
20261006,538965,16359,87.45
20261006,538970,149498,100.0
20261006,538975,123849,100.0
20261006,538979,696,75.0
20261006,538987,773,76.76
20261006,538992,30,100.0
20261006,539006,696,52.37
20261006,539011,400,95.24
20261006,539012,7,100.0
20261006,539013,69,51.49
20261006,539014,1113,100.0
20261006,539016,598,69.21
20261006,539017,37819,91.74
20261006,539018,23,63.89
20261006,539031,123,91.11
20261006,539032,3589,50.24
20261006,539040,40951,73.81
20261006,539041,65000,86.67
20261006,539042,4205,60.99
20261006,539044,2286,100.0
20261006,539045,2504,85.52
20261006,539046,5535,77.83
20261006,539056,41279,72.56
20261006,539083,994225,69.71
20261006,539090,1297,81.11
20261006,539091,4946583,87.98
20261006,539097,57565,100.0
20261006,539110,2,100.0
20261006,539113,67,95.71
20261006,539115,1793,100.0
20261006,539117,18145,32.21
20261006,539118,8648,81.33
20261006,539120,1558,81.19
20261006,539121,2037,77.01
20261006,539122,3781,97.17
20261006,539123,4010,100.0
20261006,539124,109,94.78
20261006,539126,89027,100.0
20261006,539132,435912,69.57
20261006,539141,1922,86.73
20261006,539143,13456,81.11
20261006,539148,2525,61.14
20261006,539149,3739,100.0
20261006,539150,11897,55.4
20261006,539151,186004,46.26
20261006,539167,1,100.0
20261006,539174,262,92.58
20261006,539176,345,98.29
20261006,539177,6516,68.14
20261006,539189,599,88.87
20261006,539190,995,99.9
20261006,539195,7690,53.03
20261006,539196,5055,64.0
20261006,539199,15398,59.41
20261006,539200,251133,100.0
20261006,539201,3114,86.72
20261006,539206,1121,100.0
20261006,539216,5947571,84.85
20261006,539217,1343216,47.24
20261006,539219,9356,94.8
20261006,539220,1630,99.69
20261006,539221,27561,52.21
20261006,539222,6239720,68.15
20261006,539224,3,100.0
20261006,539225,1,100.0
20261006,539226,2114,96.97
20261006,539227,1788,75.79
20261006,539228,31416,100.0
20261006,539251,36,100.0
20261006,539252,23273,95.24
20261006,539254,9080,32.58
20261006,539255,1278,86.06
20261006,539267,1429,84.86
20261006,539268,12374,63.97
20261006,539275,141,97.92
20261006,539276,3,100.0
20261006,539278,16880,84.65
20261006,539287,3008,92.27
20261006,539289,1696,50.0
20261006,539290,2116,78.02
20261006,539300,1575,80.07
20261006,539301,1396,58.95
20261006,539302,570,44.78
20261006,539309,269538,100.0
20261006,539310,192631,100.0
20261006,539312,67,100.0
20261006,539313,222,91.74
20261006,539314,2380,100.0
20261006,539331,6005,81.48
20261006,539332,6853,61.76
20261006,539334,1759,48.2
20261006,539336,71920,57.7
20261006,539337,3850,62.86
20261006,539346,26321,92.69
20261006,539353,2651,99.96
20261006,539354,4,100.0
20261006,539359,10221,78.32
20261006,539383,161,100.0
20261006,539391,19,100.0
20261006,539398,1022,78.86
20261006,539399,1362,99.2
20261006,539400,125,73.96
20261006,539402,4274,100.0
20261006,539404,120677,60.72
20261006,539405,2610,100.0
20261006,539407,16564,81.72
20261006,539408,17677,100.0
20261006,539428,9063,98.28
20261006,539435,100,100.0
20261006,539436,12241,47.06
20261006,539437,428596,42.14
20261006,539448,11307,54.31
20261006,539449,22156,99.42
20261006,539450,4767,40.06
20261006,539455,211,95.48
20261006,539469,205621,55.24
20261006,539470,89685,50.21
20261006,539479,202953,81.28
20261006,539480,104,100.0
20261006,539486,2048,100.0
20261006,539487,1,100.0
20261006,539492,538,95.39
20261006,539494,5501,77.01
20261006,539495,843,62.72
20261006,539506,112907,74.28
20261006,539515,2949,100.0
20261006,539516,2053,86.19
20261006,539517,3278,96.27
20261006,539518,1264,70.07
20261006,539519,218467,100.0
20261006,539522,334,100.0
20261006,539523,3931,69.45
20261006,539524,1831,35.62
20261006,539526,242225,82.83
20261006,539527,36,59.02
20261006,539528,46726,76.78
20261006,539533,505205,59.05
20261006,539542,1049,62.93
20261006,539545,1,100.0
20261006,539546,1736,22.57
20261006,539551,4449,51.46
20261006,539552,21229,70.16
20261006,539559,449333,71.08
20261006,539561,1303617,100.0
20261006,539562,3426,100.0
20261006,539593,27645,100.0
20261006,539594,581731,77.59
20261006,539596,7829,100.0
20261006,539598,58974,78.06
20261006,539599,101,100.0
20261006,539607,156837,57.61
20261006,539620,2180,69.16
20261006,539621,18405,100.0
20261006,539636,4573,73.07
20261006,539658,692,76.97
20261006,539659,1014,60.39
20261006,539660,52621,63.87
20261006,539661,19841,41.07
20261006,539662,4150,85.57
20261006,539669,4127800,84.22
20261006,539673,30,100.0
20261006,539678,6033,70.84
20261006,539679,482917,100.0
20261006,539682,9108,14.79
20261006,539686,11463,53.79
20261006,539692,6738,93.31
20261006,539697,662,100.0
20261006,539724,8562,100.0
20261006,539725,8749,48.35
20261006,539730,9499,57.84
20261006,539742,25954,100.0
20261006,539760,1530,76.39
20261006,539761,122425,81.66
20261006,539762,25291,78.56
20261006,539767,347,100.0
20261006,539770,1538,100.0
20261006,539773,213002,70.62
20261006,539784,1,100.0
20261006,539785,7711,68.58
20261006,539787,1849,60.23
20261006,539798,3920,97.51
20261006,539799,1683,66.65
20261006,539800,12864,60.97
20261006,539807,483494,68.95
20261006,539814,3409,88.45
20261006,539834,509,37.4
20261006,539835,3750,62.5
20261006,539837,5353,78.02
20261006,539841,24575,81.6
20261006,539843,735,77.04
20261006,539854,220,73.09
20261006,539871,44262,91.79
20261006,539872,3402,79.02
20261006,539875,88,100.0
20261006,539876,40322,50.29
20261006,539883,61,98.39
20261006,539884,9899,98.96
20261006,539889,149148,46.53
20261006,539894,6613,94.43
20261006,539895,53862,100.0
20261006,539900,2713,89.24
20261006,539921,6896,64.18
20261006,539922,4136,100.0
20261006,539938,2211,94.85
20261006,539939,1527,77.12
20261006,539945,22863,70.97
20261006,539946,580,100.0
20261006,539947,3407,100.0
20261006,539956,19486,49.94
20261006,539957,4506,58.52
20261006,539963,34554,88.42
20261006,539978,6882,46.92
20261006,539979,3,100.0
20261006,539980,7561,92.46
20261006,539984,233,100.0
20261006,539985,12000,92.31
20261006,539986,51524,86.41
20261006,539991,943,100.0
20261006,539992,253751,33.23
20261006,539997,1359,59.45
20261006,540005,4129,60.67
20261006,540006,30612,92.65
20261006,540008,0,0.0
20261006,540023,515,92.63
20261006,540025,5103,67.69
20261006,540026,425,85.17
20261006,540047,2551,71.92
20261006,540048,538,69.42
20261006,540061,4931,86.39
20261006,540065,53320,49.4
20261006,540072,80000,100.0
20261006,540073,54855,54.51
20261006,540078,21081,79.66
20261006,540079,64498,52.38
20261006,540080,6786,100.0
20261006,540082,900,100.0
20261006,540083,2579,100.0
20261006,540097,1146,78.71
20261006,540115,2585,41.27
20261006,540124,24951,54.29
20261006,540125,6074,100.0
20261006,540132,8614,100.0
20261006,540133,6338,34.15
20261006,540135,1735228,47.53
20261006,540136,3270,61.85
20261006,540143,1235,100.0
20261006,540144,27500,100.0
20261006,540145,11055,48.6
20261006,540147,4154,78.72
20261006,540153,12827,73.47
20261006,540159,400,100.0
20261006,540168,48565,77.2
20261006,540173,4590,32.24
20261006,540174,262,99.24
20261006,540175,341332,77.66
20261006,540180,614596,86.04
20261006,540181,8245,83.76
20261006,540190,958618,61.78
20261006,540192,17282,75.93
20261006,540198,1204,84.08
20261006,540199,6,85.71
20261006,540203,3323,68.44
20261006,540204,3492,95.88
20261006,540205,3168,51.48
20261006,540210,20,100.0
20261006,540212,1207,69.13
20261006,540222,24812,44.21
20261006,540243,77221,100.0
20261006,540252,92740,76.4
20261006,540254,3249366,100.0
20261006,540259,1876589,69.01
20261006,540266,52887,60.36
20261006,540268,28110,98.48
20261006,540269,30000,100.0
20261006,540293,63473,50.17
20261006,540310,18973,100.0
20261006,540311,2940,83.86
20261006,540332,1000,100.0
20261006,540358,12830,86.41
20261006,540360,515159,100.0
20261006,540361,9414,99.2
20261006,540366,807,100.0
20261006,540376,34384,50.9
20261006,540377,1933139,39.9
20261006,540386,18070,100.0
20261006,540393,7372,66.93
20261006,540395,9010,93.89
20261006,540396,4043,33.9
20261006,540401,32427,57.48
20261006,540403,600,87.85
20261006,540404,2919,60.22
20261006,540405,4777,78.52
20261006,540425,4729,65.2
20261006,540455,15,78.95
20261006,540467,1,100.0
20261006,540481,446,99.78
20261006,540492,183918,75.46
20261006,540497,325,72.22
20261006,540515,2200,100.0
20261006,540519,1745,70.76
20261006,540526,38888,75.54
20261006,540530,1134163,70.99
20261006,540544,1019,50.1
20261006,540545,19426,100.0
20261006,540565,28793,81.95
20261006,540570,32349,71.56
20261006,540575,2394,45.08
20261006,540590,116,97.48
20261006,540595,63556,35.07
20261006,540596,1157,43.45
20261006,540597,3427,97.03
20261006,540602,795,84.04
20261006,540611,13689,43.88
20261006,540612,7354,86.7
20261006,540615,6358,100.0
20261006,540642,621671,74.74
20261006,540647,2,50.0
20261006,540648,1,100.0
20261006,540649,13041,37.5
20261006,540650,1532,75.62
20261006,540654,19726,62.78
20261006,540669,3021,88.1
20261006,540673,9447,82.12
20261006,540678,34884,48.26
20261006,540679,55,100.0
20261006,540680,5313,64.73
20261006,540686,1854,90.09
20261006,540691,25718,33.81
20261006,540692,4925,69.59
20261006,540693,268618,71.15
20261006,540694,1576,100.0
20261006,540696,4331,100.0
20261006,540699,5390,41.81
20261006,540700,3333,82.7
20261006,540701,10880,71.89
20261006,540703,24360,100.0
20261006,540704,159,65.16
20261006,540709,98740,100.0
20261006,540710,22836,55.72
20261006,540716,52889,88.53
20261006,540717,58557,76.6
20261006,540718,68625,72.24
20261006,540719,177103,93.08
20261006,540724,202,83.13
20261006,540725,19107,41.21
20261006,540726,11108,81.45
20261006,540727,1241,32.44
20261006,540728,2,100.0
20261006,540729,2250,100.0
20261006,540730,190837,75.15
20261006,540735,881,97.67
20261006,540737,6248,67.23
20261006,540738,19898,92.87
20261006,540743,3736,49.13
20261006,540749,3408,55.99
20261006,540750,94363,55.9
20261006,540755,26388,62.95
20261006,540757,776,100.0
20261006,540762,18096,48.73
20261006,540767,26073,79.27
20261006,540768,4475,61.48
20261006,540769,24630,17.42
20261006,540774,4942,88.92
20261006,540775,541,100.0
20261006,540776,5509,55.23
20261006,540777,376741,63.33
20261006,540782,29000,96.67
20261006,540786,132730,73.89
20261006,540787,15035,84.97
20261006,540788,992,100.0
20261006,540789,7083,96.35
20261006,540795,12416,65.07
20261006,540797,2817,80.67
20261006,540809,120546,65.61
20261006,540811,35000,100.0
20261006,540821,21032,92.52
20261006,540824,915,100.0
20261006,540829,4936,100.0
20261006,540850,22000,88.0
20261006,540874,33423,89.34
20261006,540879,96998,53.47
20261006,540900,24133,46.05
20261006,540901,33688,89.62
20261006,540902,2136,50.24
20261006,540904,1763,100.0
20261006,540914,41699,89.01
20261006,540923,2428,82.9
20261006,540935,1329,55.65
20261006,540936,6258,81.4
20261006,540937,23993,74.88
20261006,540952,127,73.41
20261006,540953,39498,90.27
20261006,540954,108,61.71
20261006,540955,229,100.0
20261006,540956,92974,72.19
20261006,540961,2,50.0
20261006,540975,26498,54.33
20261006,540980,3,100.0
20261006,541005,1,100.0
20261006,541019,14032,45.19
20261006,541083,7500,66.67
20261006,541096,1272,55.69
20261006,541097,6867,89.66
20261006,541143,13758,44.08
20261006,541144,2290,83.61
20261006,541152,5007,100.0
20261006,541153,316881,47.84
20261006,541154,243538,87.24
20261006,541161,708747,100.0
20261006,541163,3287,46.55
20261006,541167,1707,75.33
20261006,541178,4000,100.0
20261006,541195,45021,43.51
20261006,541228,4992,100.0
20261006,541233,127297,58.93
20261006,541269,695,88.09
20261006,541276,42535,69.29
20261006,541301,11968,50.15
20261006,541302,504,100.0
20261006,541303,51319,85.52
20261006,541304,866,95.69
20261006,541313,1772,88.12
20261006,541336,1148,48.73
20261006,541338,11888,62.21
20261006,541347,26576,100.0
20261006,541352,167,72.61
20261006,541353,8000,62.5
20261006,541358,3237,100.0
20261006,541400,4285,73.32
20261006,541402,1264,85.87
20261006,541403,5186,54.31
20261006,541418,452,65.89
20261006,541444,75712,61.19
20261006,541445,2400,100.0
20261006,541450,39068,42.85
20261006,541540,3733,46.81
20261006,541546,21822,81.1
20261006,541556,32031,49.25
20261006,541557,1982,45.51
20261006,541578,8794,46.98
20261006,541601,2005057,65.32
20261006,541627,6193,100.0
20261006,541634,2672,53.74
20261006,541702,296432,100.0
20261006,541729,6198,44.54
20261006,541735,46767,83.44
20261006,541741,6166,100.0
20261006,541770,6468,65.57
20261006,541771,60921,100.0
20261006,541778,425,100.0
20261006,541809,17320,59.92
20261006,541865,12067,65.26
20261006,541890,70773,100.0
20261006,541929,303,97.12
20261006,541946,71892,100.0
20261006,541956,100413,47.04
20261006,541967,59702,32.55
20261006,541972,951,97.64
20261006,541973,1500,100.0
20261006,541974,2173,44.81
20261006,541983,1000,100.0
20261006,541988,1265,44.65
20261006,542011,19419,51.42
20261006,542012,708061,100.0
20261006,542013,408,80.0
20261006,542019,10205,82.13
20261006,542020,24481,100.0
20261006,542025,96000,100.0
20261006,542034,3905,82.3
20261006,542046,300529,88.31
20261006,542057,4076,80.24
20261006,542066,11811,43.92
20261006,542131,8179,83.13
20261006,542141,7603,54.34
20261006,542146,12500,100.0
20261006,542155,14000,100.0
20261006,542176,19,100.0
20261006,542206,2430,100.0
20261006,542216,1319,75.5
20261006,542230,1124,99.03
20261006,542231,50307,55.26
20261006,542232,2198,99.41
20261006,542233,1001,77.9
20261006,542248,20483,83.8
20261006,542285,35733,71.2
20261006,542323,31750,40.05
20261006,542332,4000,100.0
20261006,542333,3511,95.56
20261006,542337,4858,66.94
20261006,542351,181,99.45
20261006,542367,4311,93.6
20261006,542383,8280,97.83
20261006,542399,3555,65.37
20261006,542437,2980,100.0
20261006,542446,186810,85.71
20261006,542459,4466,55.02
20261006,542460,1172,68.94
20261006,542484,3085,38.17
20261006,542513,270,28.18
20261006,542524,174,100.0
20261006,542543,250000,83.33
20261006,542579,221822,60.62
20261006,542580,3220,100.0
20261006,542597,8869,64.19
20261006,542602,18020,77.78
20261006,542627,17534,100.0
20261006,542628,3878,86.64
20261006,542649,87761,39.54
20261006,542650,4487,45.14
20261006,542651,46428,48.98
20261006,542652,5791,57.38
20261006,542654,8195,90.38
20261006,542655,172216,41.58
20261006,542665,5162,61.23
20261006,542666,19837,72.79
20261006,542668,3000,100.0
20261006,542669,197425,64.68
20261006,542670,2364,51.81
20261006,542677,10,100.0
20261006,542679,59,93.65
20261006,542682,1147,96.96
20261006,542684,702,56.61
20261006,542685,102,49.76
20261006,542721,41941,100.0
20261006,542725,1130261,51.51
20261006,542726,3694,59.75
20261006,542727,50300,89.03
20261006,542729,23,100.0
20261006,542730,6789,49.05
20261006,542747,1522,98.19
20261006,542752,38854,92.94
20261006,542758,141883,94.92
20261006,542759,2508,66.56
20261006,542760,75646,63.68
20261006,542770,657,96.62
20261006,542772,11483,62.59
20261006,542773,62229,94.9
20261006,542774,19423,52.74
20261006,542802,55096,66.49
20261006,542803,8688,89.16
20261006,542812,2009,43.01
20261006,542830,16234,50.08
20261006,542850,4000,100.0
20261006,542851,40446,100.0
20261006,542852,132081,73.19
20261006,542857,4833,61.95
20261006,542862,3287,90.78
20261006,542863,3334,97.86
20261006,542865,11183,75.03
20261006,542867,5763,42.18
20261006,542904,407958,52.2
20261006,542905,1312,61.17
20261006,542907,3155,59.51
20261006,542909,57,67.06
20261006,542918,545,100.0
20261006,542919,12221,43.88
20261006,542920,9251,46.19
20261006,542921,17108,84.76
20261006,542922,1369,91.51
20261006,542933,116,100.0
20261006,542934,4000,100.0
20261006,543064,6793,48.32
20261006,543066,32045,56.65
20261006,543071,305,84.72
20261006,543079,611,85.94
20261006,543083,1,100.0
20261006,543092,1,25.0
20261006,543110,2,50.0
20261006,543144,107,100.0
20261006,543150,4049,57.71
20261006,543153,403,99.26
20261006,543161,340,80.57
20261006,543165,4,100.0
20261006,543167,60,66.67
20261006,543171,24857,100.0
20261006,543172,1250,100.0
20261006,543173,387,98.72
20261006,543174,4130,98.8
20261006,543175,2172,100.0
20261006,543176,108,95.58
20261006,543177,6313,94.44
20261006,543178,541,100.0
20261006,543181,256,97.34
20261006,543182,10,52.63
20261006,543184,427,99.3
20261006,543186,259,97.74
20261006,543187,624,36.86
20261006,543193,744,100.0
20261006,543207,33932,78.05
20261006,543208,15540,72.26
20261006,543209,30000,100.0
20261006,543210,378,100.0
20261006,543211,302,100.0
20261006,543212,9258,64.02
20261006,543213,1926,64.8
20261006,543214,534,53.45
20261006,543216,17,100.0
20261006,543217,5988,86.28
20261006,543218,4938,99.68
20261006,543219,9309,58.41
20261006,543220,653102,89.2
20261006,543221,5209,70.64
20261006,543223,3985,70.79
20261006,543224,1210,84.14
20261006,543225,1400000,98.25
20261006,543226,118,95.16
20261006,543227,16010,68.2
20261006,543228,6000,62.42
20261006,543229,18,85.71
20261006,543230,2047,49.52
20261006,543232,32547,47.93
20261006,543233,1770,66.84
20261006,543235,611342,74.85
20261006,543236,653,58.88
20261006,543237,11168,37.23
20261006,543238,2870,64.05
20261006,543240,5045,73.11
20261006,543241,747,100.0
20261006,543242,7154,59.36
20261006,543243,9861,49.56
20261006,543245,25130,64.86
20261006,543246,641,50.47
20261006,543248,69554,73.61
20261006,543249,4483,65.43
20261006,543250,110,46.22
20261006,543251,3000,91.94
20261006,543252,17383,49.5
20261006,543253,13865,44.93
20261006,543254,1667,63.94
20261006,543255,127,72.99
20261006,543256,10,100.0
20261006,543257,317468,51.99
20261006,543258,1372,63.34
20261006,543259,5237,62.96
20261006,543260,3792,51.6
20261006,543261,18410,76.97
20261006,543262,4000,66.67
20261006,543263,736741,45.52
20261006,543264,297,100.0
20261006,543265,37319,52.67
20261006,543266,683,66.25
20261006,543267,307488,59.25
20261006,543268,2396,88.48
20261006,543269,3200,100.0
20261006,543270,5904,100.0
20261006,543271,2277,55.77
20261006,543272,282810,66.8
20261006,543273,7624,48.02
20261006,543275,527,52.23
20261006,543276,395,43.6
20261006,543277,185353,65.63
20261006,543278,400868,45.26
20261006,543279,10331,52.74
20261006,543280,12415,46.66
20261006,543281,20106,66.78
20261006,543282,300,100.0
20261006,543283,1471,100.0
20261006,543284,14691,100.0
20261006,543285,4000,76.92
20261006,543287,21286,42.3
20261006,543288,6524,60.56
20261006,543290,99437,70.98
20261006,543291,63896,61.65
20261006,543292,9629,74.44
20261006,543298,1492,81.22
20261006,543299,4249,32.4
20261006,543300,23996,24.0
20261006,543306,143,91.67
20261006,543308,236729,91.55
20261006,543309,6000,100.0
20261006,543311,16573,71.48
20261006,543312,2133,100.0
20261006,543317,1016,65.21
20261006,543318,16867,45.2
20261006,543319,160000,100.0
20261006,543320,465912,58.98
20261006,543321,3958,57.36
20261006,543322,20649,85.07
20261006,543323,12075,87.42
20261006,543324,1723,12.51
20261006,543325,142067,67.73
20261006,543326,26144,60.95
20261006,543327,77921,54.44
20261006,543328,796,75.81
20261006,543329,1709,51.44
20261006,543330,39456,52.6
20261006,543331,43157,35.59
20261006,543332,1073,44.67
20261006,543333,5084,52.42
20261006,543334,5656,60.6
20261006,543335,31856,58.92
20261006,543336,51422,53.54
20261006,543341,10683,100.0
20261006,543346,4000,100.0
20261006,543347,17,20.99
20261006,543348,21,91.3
20261006,543349,3184,36.51
20261006,543350,60870,92.4
20261006,543351,15600,86.67
20261006,543358,67161,82.27
20261006,543363,12600,79.75
20261006,543364,11246,65.14
20261006,543365,203724,67.11
20261006,543366,9600,100.0
20261006,543367,13716,36.69
20261006,543373,11587,100.0
20261006,543374,129606,95.64
20261006,543376,502,91.94
20261006,543377,60000,85.71
20261006,543378,5000,90.91
20261006,543383,476,23.44
20261006,543384,51426,44.02
20261006,543386,4119,61.79
20261006,543387,6266,61.5
20261006,543388,1300,53.67
20261006,543389,133763,48.79
20261006,543390,300737,36.62
20261006,543391,1500,100.0
20261006,543396,55494,45.49
20261006,543397,73076,90.66
20261006,543398,7825,62.79
20261006,543399,4221,48.93
20261006,543400,30000,100.0
20261006,543401,3266,38.89
20261006,543411,136846,40.2
20261006,543412,12787,48.53
20261006,543413,4206,34.53
20261006,543414,29235,79.04
20261006,543415,4686,50.9
20261006,543416,651,97.6
20261006,543417,3057,58.04
20261006,543419,19755,83.05
20261006,543420,1810,73.73
20261006,543425,2114,62.69
20261006,543426,2301,71.24
20261006,543427,4429,85.88
20261006,543428,5226,39.26
20261006,543433,1107,80.39
20261006,543434,5079,39.31
20261006,543435,4150,100.0
20261006,543437,143369,56.65
20261006,543438,80,100.0
20261006,543440,244,78.21
20261006,543441,47410,74.67
20261006,543442,2054,88.8
20261006,543449,6512,68.4
20261006,543450,20387,72.69
20261006,543451,1500,100.0
20261006,543452,30010,33.35
20261006,543454,1880,90.43
20261006,543458,93404,39.76
20261006,543461,20000,50.0
20261006,543462,4489,78.95
20261006,543463,4879,36.65
20261006,543464,19000,90.48
20261006,543465,1826,84.89
20261006,543470,556,93.29
20261006,543471,12809,53.15
20261006,543472,1491,95.58
20261006,543473,4935,86.9
20261006,543474,15055,58.07
20261006,543480,2000,100.0
20261006,543481,34375,57.31
20261006,543482,5385,74.22
20261006,543489,513509,95.76
20261006,543490,52171,42.46
20261006,543497,8800,84.62
20261006,543498,380470,61.8
20261006,543499,66117,89.05
20261006,543500,32000,100.0
20261006,543501,187,94.44
20261006,543512,4517,74.0
20261006,543513,1711,100.0
20261006,543514,28503,100.0
20261006,543515,24750,89.19
20261006,543516,112000,100.0
20261006,543517,4061,65.88
20261006,543519,18000,100.0
20261006,543520,221000,100.0
20261006,543522,1500,100.0
20261006,543523,13839,62.69
20261006,543524,3734,64.93
20261006,543525,12025,63.29
20261006,543526,50891,41.83
20261006,543527,667,65.01
20261006,543528,1706,47.08
20261006,543529,147763,67.21
20261006,543530,82030,51.11
20261006,543531,8321,71.1
20261006,543532,77498,98.56
20261006,543533,3381,37.23
20261006,543534,14413,34.55
20261006,543535,384,92.53
20261006,543538,4000,100.0
20261006,543539,651,36.97
20261006,543540,4800,88.89
20261006,543542,600,3.59
20261006,543543,7200,90.0
20261006,543544,25500,100.0
20261006,543545,50100,75.0
20261006,543546,14000,77.78
20261006,543547,1169,49.98
20261006,543563,11794,95.36
20261006,543568,27741,84.93
20261006,543569,705,83.73
20261006,543570,3331,78.27
20261006,543571,4313,55.42
20261006,543572,19173,71.51
20261006,543573,19258,35.86
20261006,543574,935,99.47
20261006,543575,550,67.32
20261006,543576,5284,79.53
20261006,543577,907,96.59
20261006,543578,6475,87.5
20261006,543590,951881,53.35
20261006,543591,16013,72.87
20261006,543592,61958,51.52
20261006,543593,64771,70.45
20261006,543594,21000,100.0
20261006,543595,500,100.0
20261006,543596,2931,60.56
20261006,543597,5499,50.41
20261006,543599,1389,70.76
20261006,543600,3310,77.75
20261006,543605,150,100.0
20261006,543607,183,85.51
20261006,543608,593,83.76
20261006,543613,4000,33.33
20261006,543614,4188,54.57
20261006,543615,3200,50.0
20261006,543616,15600,72.22
20261006,543618,8250,100.0
20261006,543619,4750,72.52
20261006,543620,36946,67.71
20261006,543623,3000,100.0
20261006,543626,149191,26.72
20261006,543627,172,78.54
20261006,543628,11473,76.85
20261006,543635,93611,54.21
20261006,543636,3513,54.62
20261006,543637,52800,91.67
20261006,543638,37572,64.37
20261006,543643,40412,82.21
20261006,543644,5613,59.9
20261006,543645,111,100.0
20261006,543650,14448,63.18
20261006,543651,4000,100.0
20261006,543652,4646,51.43
20261006,543653,20889,39.66
20261006,543654,59057,90.53
20261006,543655,600000,100.0
20261006,543656,12000,100.0
20261006,543657,3011,44.17
20261006,543663,17420,63.22
20261006,543664,29557,43.29
20261006,543665,1457,99.73
20261006,543666,13206,94.73
20261006,543667,40620,35.14
20261006,543668,906,68.64
20261006,543669,122,62.89
20261006,543670,268348,98.03
20261006,543671,226007,96.17
20261006,543677,13837,68.26
20261006,543678,1000,100.0
20261006,543686,3238,85.57
20261006,543687,1706,96.55
20261006,543688,156452,79.11
20261006,543689,3157,66.16
20261006,543699,339,99.41
20261006,543709,4375,52.24
20261006,543710,612,24.25
20261006,543711,10653,59.75
20261006,543712,101,100.0
20261006,543713,31000,70.45
20261006,543714,2613,72.42
20261006,543720,24010,49.14
20261006,543725,6045,72.12
20261006,543732,3946,67.96
20261006,543737,125,100.0
20261006,543738,124,99.2
20261006,543743,343,64.96
20261006,543744,1000,100.0
20261006,543745,24000,80.0
20261006,543746,6600,33.33
20261006,543747,29468,87.62
20261006,543748,44066,71.82
20261006,543754,800,100.0
20261006,543766,41,100.0
20261006,543767,104214,82.62
20261006,543768,56944,47.63
20261006,543769,4000,100.0
20261006,543774,4846,99.92
20261006,543775,11332,59.35
20261006,543776,22118,55.59
20261006,543781,19825,72.66
20261006,543782,18000,73.53
20261006,543787,4290,68.42
20261006,543798,12000,50.0
20261006,543805,16500,95.65
20261006,543806,5800,44.62
20261006,543811,8375,74.93
20261006,543812,1786,51.72
20261006,543813,500,95.24
20261006,543819,2817,63.78
20261006,543828,84000,91.3
20261006,543829,670,88.98
20261006,543830,2000,100.0
20261006,543831,3750,76.92
20261006,543848,140000,94.59
20261006,543853,600,98.2
20261006,543858,231,57.46
20261006,543860,1512,100.0
20261006,543861,4622,93.26
20261006,543874,7000,46.67
20261006,543875,1,100.0
20261006,543895,14500,89.23
20261006,543896,11555,26.11
20261006,543897,2000,100.0
20261006,543898,119,68.0
20261006,543899,4467,87.54
20261006,543900,2905,57.91
20261006,543902,28000,58.33
20261006,543903,2948,95.0
20261006,543904,101286,93.06
20261006,543910,818,89.01
20261006,543911,148115,66.86
20261006,543912,1593,94.15
20261006,543913,7422,73.33
20261006,543914,4560,100.0
20261006,543915,1524,97.5
20261006,543916,14400,100.0
20261006,543917,11620,87.6
20261006,543918,11666,63.62
20261006,543919,26256,82.62
20261006,543920,23577,50.35
20261006,543921,1000,100.0
20261006,543922,4755,87.91
20261006,543923,3024,46.41
20261006,543924,90000,58.44
20261006,543925,0,0.0
20261006,543926,14400,60.0
20261006,543927,63,100.0
20261006,543928,6600,79.52
20261006,543929,77188,63.52
20261006,543930,619,100.0
20261006,543931,10000,75.76
20261006,543932,8236,55.58
20261006,543933,11613,35.95
20261006,543934,6,100.0
20261006,543935,311,100.0
20261006,543936,17446,49.27
20261006,543939,4500,81.82
20261006,543940,804115,61.66
20261006,543941,1600,100.0
20261006,543942,86804,70.54
20261006,543943,44000,75.86
20261006,543944,21,80.77
20261006,543945,35206,44.68
20261006,543946,3784,99.97
20261006,543947,56,100.0
20261006,543948,163,46.57
20261006,543949,1277,86.17
20261006,543950,13142,47.88
20261006,543952,10792,80.78
20261006,543953,2000,10.81
20261006,543954,6273,94.22
20261006,543955,1458,97.66
20261006,543956,2112,88.85
20261006,543957,9059,63.77
20261006,543958,32029,69.12
20261006,543959,46198,51.21
20261006,543960,1894,43.39
20261006,543962,49294,36.35
20261006,543963,165000,69.62
20261006,543965,20067,56.33
20261006,543969,538,96.24
20261006,543971,80600,36.94
20261006,543972,45805,50.37
20261006,543973,2004,99.9
20261006,543974,60492,81.09
20261006,543976,7745,63.08
20261006,543977,9703,69.44
20261006,543978,36623,52.2
20261006,543980,11012,89.26
20261006,543981,15611,45.52
20261006,543982,36200,96.28
20261006,543983,6088,61.81
20261006,543984,22735,44.36
20261006,543985,18382,39.61
20261006,543986,152048,90.14
20261006,543988,32534,58.2
20261006,543989,17042,55.76
20261006,543990,2223,11.08
20261006,543991,4400,78.57
20261006,543992,22726,57.12
20261006,543993,215,95.13
20261006,543994,283527,74.85
20261006,543995,3524,59.33
20261006,543996,8623,63.04
20261006,543997,13500,19.48
20261006,543998,5808,100.0
20261006,543999,1505,83.24
20261006,544000,6000,100.0
20261006,544001,26500,100.0
20261006,544003,7626,89.58
20261006,544004,1976,70.25
20261006,544006,2523,56.19
20261006,544007,18889,65.55
20261006,544008,1791,51.26
20261006,544009,5658,49.96
20261006,544010,2502,99.8
20261006,544012,672636,36.34
20261006,544013,3000,100.0
20261006,544014,261248,26.4
20261006,544015,500,50.0
20261006,544020,22041,100.0
20261006,544021,41988,42.32
20261006,544022,3708,63.13
20261006,544023,12250,100.0
20261006,544026,92771,54.34
20261006,544027,21275,78.28
20261006,544028,26455,64.33
20261006,544029,27431,71.59
20261006,544030,1310,18.79
20261006,544035,3200,100.0
20261006,544036,2400,75.0
20261006,544037,9200,54.44
20261006,544042,5465,71.18
20261006,544043,4,80.0
20261006,544044,822,59.69
20261006,544045,822,65.97
20261006,544046,9622,48.81
20261006,544047,21000,77.78
20261006,544052,32000,84.21
20261006,544053,386196,51.92
20261006,544054,5548,84.59
20261006,544055,9123,54.65
20261006,544056,3200,50.0
20261006,544057,3137,68.17
20261006,544058,4644,82.19
20261006,544059,6000,100.0
20261006,544060,10381,100.0
20261006,544061,64635,47.66
20261006,544066,30208,99.89
20261006,544067,2582,35.23
20261006,544073,11000,91.67
20261006,544074,7800,100.0
20261006,544079,439,100.0
20261006,544080,66,100.0
20261006,544081,13096,51.02
20261006,544082,30000,75.0
20261006,544088,49293,96.47
20261006,544089,508257,73.56
20261006,544090,47,74.6
20261006,544091,14800,100.0
20261006,544092,10,66.67
20261006,544093,70,95.89
20261006,544095,23999,66.29
20261006,544100,6488,89.58
20261006,544105,9000,100.0
20261006,544106,1200,100.0
20261006,544107,6277,55.71
20261006,544108,600,100.0
20261006,544109,575,97.96
20261006,544110,333,61.33
20261006,544111,2993,75.62
20261006,544112,377,70.2
20261006,544117,1577,81.92
20261006,544118,11609,80.13
20261006,544119,5180,53.13
20261006,544120,4686,61.21
20261006,544121,1000,100.0
20261006,544122,1379,48.0
20261006,544123,500,100.0
20261006,544124,365,100.0
20261006,544129,4643,78.72
20261006,544130,21943,72.93
20261006,544131,2096,58.5
20261006,544132,289031,62.96
20261006,544133,33214,67.04
20261006,544134,1817,79.9
20261006,544135,53039,100.0
20261006,544136,699,78.01
20261006,544137,8495,66.87
20261006,544138,18059,62.89
20261006,544139,8000,100.0
20261006,544140,2139,25.06
20261006,544141,5600,41.18
20261006,544142,18199,83.61
20261006,544143,2000,80.0
20261006,544144,769,87.19
20261006,544149,611,78.13
20261006,544150,32500,69.15
20261006,544151,3000,100.0
20261006,544156,30000,100.0
20261006,544157,500,100.0
20261006,544158,4564,64.0
20261006,544159,51787,96.29
20261006,544160,16000,100.0
20261006,544161,22434,54.61
20261006,544162,165317,97.72
20261006,544163,2000,100.0
20261006,544165,13500,90.0
20261006,544166,3600,100.0
20261006,544167,3573,62.01
20261006,544168,1000,100.0
20261006,544169,2000,100.0
20261006,544170,6000,100.0
20261006,544171,2400,100.0
20261006,544172,2666,45.26
20261006,544173,11000,100.0
20261006,544174,1467,45.64
20261006,544175,2400,100.0
20261006,544176,2846,47.28
20261006,544179,1979,53.07
20261006,544180,1455,69.42
20261006,544181,13296,51.65
20261006,544182,298,100.0
20261006,544184,4330,92.11
20261006,544185,4412,83.67
20261006,544186,39393,95.83
20261006,544187,7607,100.0
20261006,544189,3000,66.67
20261006,544190,2000,50.0
20261006,544191,22867,89.67
20261006,544192,14523,35.64
20261006,544193,58360,71.35
20261006,544194,30885,82.6
20261006,544195,2000,100.0
20261006,544196,9,100.0
20261006,544197,1413,100.0
20261006,544198,2390,51.56
20261006,544199,12000,83.33
20261006,544200,9902,64.71
20261006,544201,224000,100.0
20261006,544202,1818,81.38
20261006,544203,47543,69.25
20261006,544204,3633,78.06
20261006,544205,1386,100.0
20261006,544206,9496,51.62
20261006,544207,174,84.47
20261006,544209,10686,66.37
20261006,544210,2802,54.03
20261006,544212,10463,67.19
20261006,544213,31200,88.14
20261006,544215,711,99.58
20261006,544216,6061,69.5
20261006,544217,2142,61.2
20261006,544218,4976,98.59
20261006,544219,6000,90.91
20261006,544222,2791,68.69
20261006,544223,3595,71.79
20261006,544224,78120,78.81
20261006,544225,2709600,47.41
20261006,544226,103692,51.75
20261006,544227,56754,52.36
20261006,544229,247541,81.4
20261006,544230,9282,60.64
20261006,544232,2899,71.14
20261006,544234,732,100.0
20261006,544235,7991,64.85
20261006,544236,3600,100.0
20261006,544237,800,100.0
20261006,544238,73247,84.72
20261006,544239,15498,74.88
20261006,544240,4061,37.43
20261006,544241,7284,57.18
20261006,544242,6000,66.67
20261006,544243,21488,54.15
20261006,544244,1365,79.92
20261006,544246,422,86.12
20261006,544247,2718,74.88
20261006,544248,114600,77.02
20261006,544249,4094,87.14
20261006,544250,73,62.93
20261006,544251,4800,100.0
20261006,544252,57089,57.12
20261006,544253,19189,56.31
20261006,544254,5716,52.75
20261006,544256,8040,56.42
20261006,544257,1500,60.0
20261006,544258,1238,57.34
20261006,544259,3000,100.0
20261006,544260,15095,51.3
20261006,544261,4551,84.15
20261006,544262,33866,85.74
20261006,544263,16494,73.07
20261006,544264,9416,52.88
20261006,544265,3600,75.0
20261006,544266,102,68.46
20261006,544267,44800,71.79
20261006,544268,36915,47.6
20261006,544269,6000,100.0
20261006,544271,7410,61.93
20261006,544272,2000,83.33
20261006,544273,16002,86.92
20261006,544274,6986,48.87
20261006,544275,9239,63.96
20261006,544276,55974,89.46
20261006,544277,10876,44.84
20261006,544278,9157,100.0
20261006,544279,6016,77.94
20261006,544280,24205,73.24
20261006,544281,22829,100.0
20261006,544282,412759,58.52
20261006,544283,53989,68.36
20261006,544284,7006,75.42
20261006,544285,5506378,90.11
20261006,544286,9038,22.0
20261006,544288,7634,28.88
20261006,544289,102730,62.71
20261006,544290,17682,50.03
20261006,544291,7400,69.81
20261006,544292,7602,70.0
20261006,544293,2086,50.37
20261006,544294,12434,36.45
20261006,544296,21200,72.6
20261006,544301,1208,88.89
20261006,544302,60,0.58
20261006,544303,2100,53.85
20261006,544304,9600,85.71
20261006,544305,1690500,50.0
20261006,544306,16163,66.88
20261006,544307,539865,57.77
20261006,544308,49373,98.9
20261006,544309,911,48.48
20261006,544310,70250,61.09
20261006,544311,7303,48.53
20261006,544313,4000,100.0
20261006,544314,2392,65.62
20261006,544315,3518,70.81
20261006,544316,15817,53.14
20261006,544317,49081,34.68
20261006,544318,3433,78.67
20261006,544319,6445,48.2
20261006,544320,1330,55.88
20261006,544321,1259,63.11
20261006,544322,8441,32.44
20261006,544323,12155,70.0
20261006,544324,2000,100.0
20261006,544325,60193,56.24
20261006,544326,989,77.81
20261006,544327,8000,100.0
20261006,544328,4802,59.11
20261006,544329,22000,78.57
20261006,544330,14000,100.0
20261006,544331,4000,66.67
20261006,544332,4800,92.31
20261006,544333,20279,54.68
20261006,544334,7500,100.0
20261006,544335,8000,100.0
20261006,544336,17332,50.2
20261006,544337,1000,100.0
20261006,544338,10504,94.67
20261006,544339,1961,84.13
20261006,544340,6400,100.0
20261006,544341,36800,71.88
20261006,544342,27111,100.0
20261006,544343,12400,96.88
20261006,544344,1335,50.04
20261006,544345,1871,69.71
20261006,544346,94,100.0
20261006,544348,6000,71.43
20261006,544349,3200,100.0
20261006,544350,54530,96.17
20261006,544351,6400,80.0
20261006,544353,10800,90.0
20261006,544354,3600,70.59
20261006,544355,851,96.92
20261006,544356,1687,57.5
20261006,544361,4361,56.18
20261006,544362,4880,65.38
20261006,544363,80,36.7
20261006,544364,940,90.3
20261006,544365,4000,66.67
20261006,544367,18403,54.18
20261006,544368,2400,100.0
20261006,544369,4800,100.0
20261006,544371,2841,100.0
20261006,544373,4800,100.0
20261006,544375,1455,84.4
20261006,544376,95,92.23
20261006,544377,300,100.0
20261006,544379,3513,56.39
20261006,544380,517,100.0
20261006,544382,2795,84.49
20261006,544383,8400,100.0
20261006,544384,127710,61.16
20261006,544385,1640,97.62
20261006,544386,168,100.0
20261006,544387,9500,65.52
20261006,544389,1629,87.77
20261006,544390,9387,54.17
20261006,544392,2000,100.0
20261006,544394,11849,77.2
20261006,544395,789593,62.93
20261006,544396,705,57.83
20261006,544397,128118,41.68
20261006,544398,6000,100.0
20261006,544399,12000,90.91
20261006,544400,36000,100.0
20261006,544401,222,60.16
20261006,544402,6350,46.38
20261006,544403,44982,36.09
20261006,544404,1815,90.93
20261006,544405,68485,37.78
20261006,544406,42800,83.59
20261006,544407,7811,55.88
20261006,544408,7819,52.2
20261006,544409,1000,100.0
20261006,544410,11399,70.38
20261006,544411,4353,50.59
20261006,544412,3000,100.0
20261006,544413,8529,71.4
20261006,544414,5810,41.6
20261006,544416,338,77.35
20261006,544417,6000,83.33
20261006,544418,8204,53.05
20261006,544419,25194,37.73
20261006,544420,74805,41.37
20261006,544421,36927,54.77
20261006,544423,1200,56.26
20261006,544424,1858,64.16
20261006,544425,9600,100.0
20261006,544426,3600,100.0
20261006,544427,980,70.86
20261006,544428,31200,74.29
20261006,544429,10458,49.97
20261006,544430,56268,44.75
20261006,544431,3000,100.0
20261006,544432,9216,60.09
20261006,544433,6000,100.0
20261006,544434,40000,100.0
20261006,544435,44000,83.33
20261006,544436,2400,100.0
20261006,544438,2406,69.54
20261006,544439,4868,71.45
20261006,544440,24000,100.0
20261006,544441,4000,71.43
20261006,544442,15600,72.22
20261006,544443,1880,89.65
20261006,544444,129600,100.0
20261006,544445,31000,100.0
20261006,544446,2332,69.97
20261006,544447,1620,68.88
20261006,544448,247285,83.44
20261006,544449,140161,84.02
20261006,544450,3718,100.0
20261006,544451,75200,63.95
20261006,544452,4000,100.0
20261006,544453,7800,100.0
20261006,544454,161,71.88
20261006,544455,27243,49.97
20261006,544456,9903,100.0
20261006,544457,2865,75.47
20261006,544458,72500,63.32
20261006,544459,152148,46.63
20261006,544460,91200,74.03
20261006,544461,382,95.02
20261006,544463,20400,89.47
20261006,544464,8000,100.0
20261006,544465,14373,74.46
20261006,544466,11769,50.24
20261006,544467,333788,64.72
20261006,544468,3600,75.0
20261006,544469,28147,100.0
20261006,544470,2398,46.45
20261006,544471,4000,100.0
20261006,544472,3200,50.0
20261006,544473,52883,83.95
20261006,544475,2000,100.0
20261006,544476,27216,50.52
20261006,544477,17267,74.56
20261006,544478,2001,90.91
20261006,544479,3536,80.95
20261006,544480,62929,56.44
20261006,544481,12448,80.42
20261006,544482,1000,100.0
20261006,544483,4800,80.0
20261006,544484,15853,43.88
20261006,544485,4280,64.66
20261006,544486,113917,99.67
20261006,544487,1933,63.05
20261006,544488,52401,71.31
20261006,544489,18000,93.75
20261006,544490,5154,27.31
20261006,544491,1221,56.71
20261006,544492,707,47.45
20261006,544493,105,73.43
20261006,544494,14400,90.0
20261006,544495,34800,100.0
20261006,544496,43708,55.41
20261006,544497,2251652,92.1
20261006,544498,36800,100.0
20261006,544499,10,90.91
20261006,544500,4000,66.67
20261006,544501,29000,100.0
20261006,544502,16541,100.0
20261006,544503,3000,100.0
20261006,544504,800,100.0
20261006,544506,6000,90.91
20261006,544507,64942,82.09
20261006,544508,6000,100.0
20261006,544511,13600,85.0
20261006,544512,12038,63.44
20261006,544513,13517,61.06
20261006,544515,555224,47.84
20261006,544516,74500,68.98
20261006,544517,4508,57.95
20261006,544518,95200,100.0
20261006,544519,3858,44.98
20261006,544520,15600,92.86
20261006,544521,5750,89.9
20261006,544522,115,98.29
20261006,544523,4192,59.66
20261006,544524,160000,93.46
20261006,544525,24804,66.48
20261006,544526,2010,82.61
20261006,544527,14868,45.27
20261006,544528,5921,47.25
20261006,544529,7200,100.0
20261006,544530,27909,70.87
20261006,544531,8400,66.67
20261006,544532,17668,61.07
20261006,544533,2283,46.26
20261006,544534,880,12.09
20261006,544535,65600,72.57
20261006,544536,26,100.0
20261006,544537,44082,68.67
20261006,544538,28000,100.0
20261006,544539,8000,100.0
20261006,544540,15248,72.68
20261006,544541,11400,86.36
20261006,544542,10000,100.0
20261006,544543,5345,79.44
20261006,544544,22800,100.0
20261006,544545,7070,73.52
20261006,544546,7200,60.0
20261006,544547,530,100.0
20261006,544550,17106,48.15
20261006,544551,51000,100.0
20261006,544552,1200,100.0
20261006,544553,8000,100.0
20261006,544554,50000,100.0
20261006,544555,14400,100.0
20261006,544557,2378,97.74
20261006,544558,7196,59.54
20261006,544559,6400,80.0
20261006,544562,3561,94.88
20261006,544563,12500,100.0
20261006,544564,20661,80.87
20261006,544565,122000,100.0
20261006,544567,1600,100.0
20261006,544568,6000,83.33
20261006,544569,355727,61.11
20261006,544570,2211,78.07
20261006,544572,562,62.17
20261006,544574,108720,78.75
20261006,544575,6000,100.0
20261006,544576,17828,53.51
20261006,544577,200,100.0
20261006,544578,5652,49.64
20261006,544579,752,100.0
20261006,544580,14053,61.46
20261006,544581,1076,100.0
20261006,544582,14400,80.0
20261006,544583,21796,38.92
20261006,544584,6000,100.0
20261006,544586,40832,95.02
20261006,544587,4918,71.48
20261006,544594,3600,75.0
20261006,544595,1355,53.66
20261006,544596,7200,100.0
20261006,544597,44152,89.82
20261006,544598,4659,99.98
20261006,544599,1582,77.4
20261006,544600,51843,51.69
20261006,544601,87,94.57
20261006,544602,130705,58.01
20261006,544603,2048685,70.52
20261006,544604,5459,57.64
20261006,544605,35097,80.01
20261006,544606,470642,50.16
20261006,544607,19200,100.0
20261006,544608,48941,49.78
20261006,544609,3461437,74.55
20261006,544610,21600,70.59
20261006,544611,4800,80.0
20261006,544612,10983,58.81
20261006,544613,9960,60.26
20261006,544614,7717,46.42
20261006,544615,2518,100.0
20261006,544616,6000,75.0
20261006,544617,33426,72.25
20261006,544618,1,100.0
20261006,544619,2527,63.18
20261006,544621,3000,75.0
20261006,544622,195226,43.84
20261006,544623,10800,100.0
20261006,544624,6000,100.0
20261006,544625,1800,100.0
20261006,544626,20500,100.0
20261006,544627,12000,100.0
20261006,544628,6000,25.0
20261006,544629,3000,75.0
20261006,544631,326,74.43
20261006,544632,3963628,75.9
20261006,544633,152099,71.82
20261006,544634,222345,41.88
20261006,544635,11200,87.5
20261006,544637,9600,29.63
20261006,544638,156,57.56
20261006,544639,302,77.44
20261006,544641,4800,88.89
20261006,544642,14141,59.59
20261006,544644,706,58.3
20261006,544645,5529,50.09
20261006,544646,10000,100.0
20261006,544647,10520,57.69
20261006,544648,4000,100.0
20261006,544654,1810,99.4
20261006,544655,5535,97.53
20261006,544656,400,100.0
20261006,544657,24600,95.35
20261006,544658,13666,77.74
20261006,544660,917,91.06
20261006,544661,11,100.0
20261006,544663,1000,100.0
20261006,544664,3069,37.04
20261006,544665,1600,100.0
20261006,544666,56277,52.73
20261006,544667,7200,100.0
20261006,544668,46800,76.47
20261006,544669,1800,100.0
20261006,544670,9600,100.0
20261006,544671,4000,100.0
20261006,544672,1,100.0
20261006,544673,4800,75.0
20261006,544674,145,100.0
20261006,544675,30400,100.0
20261006,544676,7200,75.0
20261006,544677,3200,100.0
20261006,544678,116306,44.07
20261006,544679,3056,29.11
20261006,544680,240,50.0
20261006,544681,35000,63.64
20261006,544682,2400,100.0
20261006,544684,56400,100.0
20261006,544685,84170,56.79
20261006,544687,12000,100.0
20261006,544688,42000,77.78
20261006,544693,1600,100.0
20261006,544695,76000,100.0
20261006,544698,9600,75.0
20261006,544699,12967,54.92
20261006,544700,4779,54.19
20261006,544701,5431,54.41
20261006,544702,29012,74.35
20261006,544703,9273,100.0
20261006,544704,266,89.86
20261006,544705,32984,85.6
20261006,544707,7200,100.0
20261006,544708,7200,85.71
20261006,544709,12607,32.55
20261006,544710,159000,62.35
20261006,544711,1000,100.0
20261006,544716,227,98.7
20261006,544717,5602,49.32
20261006,544718,9802,48.26
20261006,544719,350,100.0
20261006,544720,35310,45.07
20261006,544721,44211,88.34
20261006,544722,3812,97.57
20261006,544723,3637,35.81
20261006,544724,6000,100.0
20261006,544725,745,98.03
20261006,544726,61114,71.07
20261006,544731,60546,65.37
20261006,544732,841,83.1
20261006,544733,3674,73.58
20261006,544734,140,85.89
20261006,544735,45000,60.81
20261006,544736,2,50.0
20261006,544737,4601,93.76
20261006,544738,21000,91.3
20261006,544739,24045,30.87
20261006,544740,177600,100.0
20261006,544741,2400,100.0
20261006,544742,18982,50.8
20261006,544743,29277,44.06
20261006,544744,4623,51.91
20261006,544745,1111,97.8
20261006,544746,17600,84.62
20261006,544747,8400,77.78
20261006,544748,149557,62.39
20261006,544750,5980,72.91
20261006,544751,28800,77.42
20261006,544752,4,100.0
20261006,544753,29706,86.56
20261006,544754,18757,40.88
20261006,544755,8000,100.0
20261006,544756,14481,39.44
20261006,544757,388,72.93
20261006,544758,997645,99.44
20261006,544759,48000,80.0
20261006,544762,1061,84.14
20261006,544763,18364,94.15
20261006,544764,30987,84.6
20261006,544765,11200,100.0
20261006,544766,258,93.14
20261006,544767,6000,100.0
20261006,544768,6000,100.0
20261006,544769,63600,72.6
20261006,544770,24000,88.24
20261006,544771,12000,60.0
20261006,544772,102000,100.0
20261006,544773,44000,53.01
20261006,544774,5000,35.71
20261006,544777,13398,76.98
20261006,544779,4000,71.43
20261006,544780,164704,53.63
20261006,544781,568640,49.79
20261006,544782,872857,55.64
20261006,544783,237913,100.0
20261006,544784,1069900,62.42
20261006,544785,66514,100.0
20261006,544786,9245,64.11
20261006,544793,66000,100.0
20261006,544794,21600,72.0
20261006,544795,2113,97.46
20261006,544796,400,100.0
20261006,544797,6000,100.0
20261006,544798,28800,100.0
20261006,544799,119760,47.76
20261006,544801,9783,100.0
20261006,544802,103109,68.26
20261006,544803,78589,58.73
20261006,544804,21600,66.67
20261006,544806,6557,83.36
20261006,544807,12000,80.0
20261006,544808,110531,57.4
20261006,544809,42000,67.74
20261006,544810,236800,84.09
20261006,544811,4000,57.14
20261006,544812,54000,100.0
20261006,544813,2000,66.67
20261006,544814,188909,62.52
20261006,544821,15468,53.14
20261006,544822,32987,57.72
20261006,544823,69600,100.0
20261006,544825,13144,75.32
20261006,544826,41200,66.88
20261006,544827,1625,53.42
20261006,544828,26,100.0
20261006,544829,46299,63.12
20261006,544830,122869,81.68
20261006,544831,5600,93.8
20261006,544832,18600,88.57
20261006,544833,8011,49.66
20261006,544834,13200,100.0
20261006,544835,10000,83.33
20261006,544837,19195,34.15
20261006,544838,113446,86.94
20261006,544839,64410,46.72
20261006,544840,11000,68.75
20261006,544841,1815,94.68
20261006,544842,28,100.0
20261006,544843,19200,88.89
20261006,544844,35200,57.14
20261006,544845,30735,87.68
20261006,544846,102,100.0
20261006,544847,427476,93.4
20261006,544848,6400,80.0
20261006,544850,20,46.51
20261006,544851,125529,40.39
20261006,544852,1200,100.0
20261006,544853,35648,55.48
20261006,544854,24000,90.91
20261006,544855,1213,86.4
20261006,544856,2400,75.0
20261006,544857,110,91.67
20261006,544858,14400,80.0
20261006,544859,15000,57.69
20261006,544860,70051,54.81
20261006,544861,5069,100.0
20261006,544862,3946,50.43
20261006,544863,10800,100.0
20261006,544864,34185,43.44
20261006,544865,49994,44.2
20261006,544866,29330,35.14
20261006,544867,35503,54.62
20261006,544868,93713,100.0
20261006,544869,5000,83.33
20261006,544870,139892,59.47
20261006,544871,478258,70.3
20261006,544872,7200,60.0
20261006,544873,1888,91.25
20261006,544874,5,83.33
20261006,544876,6000,71.43
20261006,544877,55000,100.0
20261006,544878,3,60.0
20261006,544879,210723,54.92
20261006,544880,98078,40.63
20261006,544881,26558,54.0
20261006,544882,199000,65.07
20261006,544883,52000,75.36
20261006,544884,8400,87.5
20261006,544885,23639,44.79
20261006,544886,28727,41.96
20261006,544887,27,96.43
20261006,544888,40829,51.04
20261006,544889,6933,33.01
20261006,544890,49613,52.48
20261006,544891,63515,48.09
20261006,544892,1870,71.81
20261006,544893,27667,51.22
20261006,544894,94272,39.88
20261006,544895,209600,53.04
20261006,544897,198000,83.54
20261006,544898,60844,100.0
20261006,544899,59599,67.23
20261006,544900,12000,85.71
20261006,544901,6288,64.37
20261006,544902,2000,100.0
20261006,544903,342389,61.93
20261006,544904,32400,79.41
20261006,544905,242000,74.23
20261006,544906,4534,58.06
20261006,544907,1,100.0
20261006,544908,4936,82.68
20261006,544909,136426,52.0
20261006,544910,16000,100.0
20261006,544911,393082,33.44
20261006,544912,24759,48.29
20261006,544913,320058,36.91
20261006,544914,1037046,73.36
20261006,544915,154804,34.12
20261006,544916,39526,31.53
20261006,544917,76062,38.88
20261006,544918,116626,52.92
20261006,544919,34800,76.32
20261006,544920,46400,72.5
20261006,544921,114366,65.27
20261006,544922,16000,90.91
20261006,544923,130884,49.14
20261006,544924,83200,66.24
20261006,544925,64200,68.59
20261006,544926,1000,100.0
20261006,544927,200,100.0
20261006,544928,4800,75.0
20261006,544929,338942,44.54
20261006,544930,28800,66.67
20261006,544931,1600,100.0
20261006,544932,84000,100.0
20261006,544933,94000,100.0
20261006,544934,685626,33.6
20261006,544935,53448,100.0
20261006,544936,1688540,43.55
20261006,544937,1834725,64.19
20261006,544938,23572,100.0
20261006,544939,48000,100.0
20261006,544940,406800,100.0
20261006,544941,54000,100.0
20261006,544942,45274,48.52
20261006,544943,182400,100.0
20261006,544944,6400,100.0
20261006,544945,59950,41.3
20261006,544947,29000,100.0
20261006,544948,112000,100.0
20261006,544949,74562,100.0
20261006,544950,8308,100.0
20261006,544951,41259,32.77
20261006,544952,18510,36.48
20261006,544953,5836059,39.81
20261006,544954,406000,100.0
20261006,544955,1200,100.0
20261006,544957,169349,46.86
20261006,544958,192000,100.0
20261006,544959,34062,43.81
20261006,544960,1496336,44.12
20261006,544961,8000,100.0
20261006,544962,974732,49.28
20261006,544963,315981,100.0
20261006,544964,2836800,100.0
20261006,544965,359921,100.0
20261006,544966,6000,100.0
20261006,544967,276000,100.0
20261006,555555,693,52.74
20261006,570002,2566,100.0
20261006,570004,141,78.77
20261006,570005,75953,100.0
20261006,590003,10801,40.75
20261006,590005,1264,85.75
20261006,590006,826,67.7
20261006,590013,377,47.36
20261006,590021,1459,66.17
20261006,590024,2602,36.4
20261006,590025,657,100.0
20261006,590030,9896,68.2
20261006,590031,37,80.43
20261006,590041,18025,100.0
20261006,590051,5108,51.03
20261006,590056,41,70.69
20261006,590057,19,100.0
20261006,590062,8057,46.55
20261006,590065,3,100.0
20261006,590066,3140,59.55
20261006,590068,25,100.0
20261006,590070,984,98.8
20261006,590071,670,58.26
20261006,590073,3434,46.44
20261006,590075,1850,67.1
20261006,590078,2512,86.12
20261006,590086,147,54.04
20261006,590095,493864,52.97
20261006,590096,429030,83.89
20261006,590097,24242,52.49
20261006,590098,44219,50.0
20261006,590099,3793,8.11
20261006,590101,4792,71.46
20261006,590103,527064,82.9
20261006,590104,39272,80.17
20261006,590106,14102,65.73
20261006,590107,6509,91.62
20261006,590108,28611,53.72
20261006,590109,207,68.54
20261006,590110,403,55.66
20261006,590113,2127,61.12
20261006,590115,114,73.55
20261006,590134,2471,72.31
20261006,590136,28133,91.39
20261006,590137,412,25.02
20261006,590138,1316143,99.54
20261006,590139,4602,66.67
20261006,590140,680707,31.71
20261006,590141,183252,60.78
20261006,590142,15104,59.9
20261006,590143,3128,49.84
20261006,590144,38196,82.68
20261006,590145,260325,49.47
20261006,590146,404,29.06
20261006,590147,798208,100.0
20261006,590148,80725,89.96
20261006,590149,76311,90.6
20261006,590150,7545,81.2
20261006,590151,22679,87.82
20261006,590152,14521,60.81
20261006,590153,30656,91.27
20261006,590154,42041,77.16
20261006,590155,7688,88.88
20261006,590156,35126,75.52
20261006,590157,9170,59.52
20261006,590158,4098,22.0
20261006,590160,114,75.5
20261006,590161,333474,59.96
20261006,710058,378,100.0
20261006,751142,133260,100.0
20261006,751143,79395,100.0
20261006,751144,296901,100.0
20261006,800173,10,100.0
20261006,800177,21191,98.48
20261006,800297,50,73.53
20261006,800303,2,100.0
20261006,800313,10,100.0
20261006,800314,2,100.0
20261006,800318,1,100.0
20261006,800322,22,100.0
20261006,800324,52,83.87
20261006,800325,226,97.41
20261006,800327,10,100.0
20261006,800329,21,95.45
20261006,800330,3000,100.0
20261006,800331,87,95.6
20261006,800333,9,100.0
20261006,800334,10,100.0
20261006,800339,28,87.5
20261006,800340,29,85.29
20261006,800341,68,100.0
20261006,800342,2,100.0
20261006,800367,130,97.74
20261006,800385,10,62.5
20261006,800386,9,100.0
20261006,800435,5,100.0
20261006,800437,12,100.0
20261006,800438,3,100.0
20261006,800439,27,100.0
20261006,800441,5380,73.57
20261006,800443,40,97.56
20261006,800488,51,80.95
20261006,800517,5,100.0
20261006,800573,382,94.32
20261006,800574,10,100.0
20261006,800575,5,100.0
20261006,800580,37,68.52
20261006,800584,3866,88.55
20261006,800588,2930,100.0
20261006,800596,283,93.71
20261006,800598,6001,92.29
20261006,800603,139,86.34
20261006,800604,1400,100.0
20261006,800605,96,83.48
20261006,800607,7664,97.21
20261006,800807,157,100.0
20261006,800808,230200,100.0
20261006,800809,12135,82.88
20261006,800815,57600,99.48
20261006,800816,50010,100.0
20261006,805231,100,50.0
20261006,810727,56,100.0
20261006,811133,100,100.0
20261006,890217,151,100.0
20261006,890226,2490,99.56
20261006,890228,279,76.44
20261006,890234,725050,100.0
20261006,890238,2566,100.0
20261006,890239,846,100.0
20261006,890240,11389,75.15
20261006,935574,1114,100.0
20261006,935584,2,100.0
20261006,935682,100,100.0
20261006,935690,1,100.0
20261006,936224,643,100.0
20261006,936254,1,100.0
20261006,936294,12,100.0
20261006,936320,5,100.0
20261006,936398,5,100.0
20261006,936412,111,100.0
20261006,936528,1,100.0
20261006,936578,1,100.0
20261006,936656,149,100.0
20261006,936744,111,100.0
20261006,936810,12,54.55
20261006,936975,15,100.0
20261006,936991,10,100.0
20261006,937017,85,98.84
20261006,937065,100,90.91
20261006,937169,481,100.0
20261006,937273,1,100.0
20261006,937373,1048,70.81
20261006,937381,40,100.0
20261006,937455,6,100.0
20261006,937501,29,100.0
20261006,937529,5,100.0
20261006,937533,10,100.0
20261006,937537,101,99.02
20261006,937621,40,100.0
20261006,937637,30,100.0
20261006,937743,276,100.0
20261006,937799,45,100.0
20261006,937803,1,100.0
20261006,937985,209,100.0
20261006,938005,199,100.0
20261006,938105,10,100.0
20261006,938212,40,100.0
20261006,938214,187,100.0
20261006,938222,170,100.0
20261006,938256,553,100.0
20261006,938348,25,100.0
20261006,938370,100,100.0
20261006,938372,10,10.0
20261006,938384,1,50.0
20261006,938424,12,100.0
20261006,938486,41,100.0
20261006,938524,1,100.0
20261006,938526,208,91.23
20261006,938530,240,100.0
20261006,938544,21,100.0
20261006,938562,50,100.0
20261006,938618,1,100.0
20261006,938664,1020,100.0
20261006,938760,1,100.0
20261006,938782,50,100.0
20261006,938870,100,100.0
20261006,938880,451,100.0
20261006,938886,45,100.0
20261006,938890,2,100.0
20261006,938892,1,100.0
20261006,938912,750,100.0
20261006,938952,100,100.0
20261006,938958,49,100.0
20261006,938978,25,100.0
20261006,939190,10,100.0
20261006,939194,104,100.0
20261006,939196,50,100.0
20261006,939198,1,100.0
20261006,939216,100,100.0
20261006,939218,500,100.0
20261006,939234,100,100.0
20261006,939262,99,100.0
20261006,939264,117,100.0
20261006,939276,95,95.96
20261006,939299,200,100.0
20261006,939337,1000,100.0
20261006,939355,301,100.0
20261006,939357,20,100.0
20261006,939395,15,100.0
