DATE,SYMBOL,DELIV_QTY,DELIV_PER
20260921,500002,14820,66.46
20260921,500003,91016,50.54
20260921,500008,14023,48.81
20260921,500009,7312,100.0
20260921,500012,72363,78.02
20260921,500013,1,100.0
20260921,500014,7239,64.19
20260921,500016,1491,58.82
20260921,500020,9444,62.47
20260921,500023,374,84.62
20260921,500027,641,52.03
20260921,500028,11084,62.41
20260921,500031,5178,64.13
20260921,500032,701308,42.53
20260921,500033,2299,66.08
20260921,500034,36476,60.32
20260921,500038,14657,32.07
20260921,500039,8701,69.79
20260921,500040,5366,57.41
20260921,500041,5,100.0
20260921,500042,963,39.66
20260921,500043,5497,56.28
20260921,500048,8153,50.58
20260921,500049,572364,55.33
20260921,500051,1795,100.0
20260921,500052,45615,57.36
20260921,500058,26417,75.01
20260921,500059,4095,100.0
20260921,500060,31684,63.77
20260921,500067,31963,52.94
20260921,500068,4,100.0
20260921,500069,170,100.0
20260921,500074,4809,73.11
20260921,500078,5786,64.93
20260921,500083,26128,90.01
20260921,500084,354101,80.53
20260921,500085,18310,56.45
20260921,500086,52524,59.09
20260921,500087,30047,66.86
20260921,500089,113,90.4
20260921,500092,320,45.71
20260921,500093,181486,54.57
20260921,500096,44385,46.09
20260921,500097,2451,51.88
20260921,500101,95379,89.06
20260921,500103,116144,49.83
20260921,500104,18140,29.65
20260921,500106,1443468,32.76
20260921,500108,18630,82.69
20260921,500109,228242,35.68
20260921,500110,22366,39.87
20260921,500112,90125,54.15
20260921,500113,188889,47.69
20260921,500114,44023,82.11
20260921,500116,310355,43.85
20260921,500117,25445,56.28
20260921,500119,41669,56.16
20260921,500120,60,100.0
20260921,500123,1091,83.03
20260921,500124,26123,45.22
20260921,500125,11144,52.86
20260921,500126,247,59.52
20260921,500128,36342,59.64
20260921,500133,192,61.15
20260921,500135,305075,69.65
20260921,500136,2756,95.1
20260921,500142,6401,100.0
20260921,500143,5878,100.0
20260921,500144,11254,42.21
20260921,500147,281,54.78
20260921,500148,762,63.82
20260921,500150,495,54.94
20260921,500151,867,100.0
20260921,500153,5145,100.0
20260921,500159,107,99.07
20260921,500160,14946,78.16
20260921,500163,3982,56.85
20260921,500164,2247,64.62
20260921,500165,2256,72.4
20260921,500166,5752,75.52
20260921,500168,394,67.35
20260921,500170,3100,99.68
20260921,500171,1354,62.05
20260921,500173,4717,87.29
20260921,500174,5,100.0
20260921,500178,204,100.0
20260921,500179,98248,72.27
20260921,500180,640300,57.63
20260921,500182,74779,88.88
20260921,500183,260929,100.0
20260921,500184,56812,39.69
20260921,500185,432385,45.4
20260921,500186,12704,50.59
20260921,500187,27849,59.03
20260921,500188,68880,47.43
20260921,500189,122,99.19
20260921,500191,3535,100.0
20260921,500192,1926,88.92
20260921,500193,14899,76.75
20260921,500199,3805,65.04
20260921,500201,20913,53.65
20260921,500202,27,100.0
20260921,500206,1056,75.43
20260921,500207,465411,53.07
20260921,500209,93117,46.44
20260921,500210,853,50.96
20260921,500213,960,97.07
20260921,500214,9520,49.72
20260921,500215,6192,69.11
20260921,500219,89974,52.1
20260921,500220,4921,100.0
20260921,500227,2507,57.02
20260921,500228,6548,41.39
20260921,500233,3211,63.81
20260921,500234,242,99.59
20260921,500235,1772,74.96
20260921,500236,357,100.0
20260921,500238,54868,77.37
20260921,500239,1496,60.06
20260921,500240,14239,100.0
20260921,500241,3411,67.16
20260921,500243,125,60.98
20260921,500245,19941,82.29
20260921,500246,5392,100.0
20260921,500247,82130,47.14
20260921,500249,3259,52.48
20260921,500250,1550,81.71
20260921,500251,10310,52.15
20260921,500252,141,68.12
20260921,500253,91596,48.3
20260921,500257,10745,50.36
20260921,500259,1344,100.0
20260921,500260,91471,92.4
20260921,500262,501,100.0
20260921,500264,3539,72.42
20260921,500265,4732,41.17
20260921,500266,479,90.89
20260921,500267,421,100.0
20260921,500268,100317,42.64
20260921,500270,389,75.83
20260921,500271,3861,56.18
20260921,500277,1501,51.12
20260921,500279,188277,77.86
20260921,500280,1797,54.52
20260921,500282,33,97.06
20260921,500284,850,94.55
20260921,500285,7229416,47.54
20260921,500288,579016,47.34
20260921,500290,101,57.39
20260921,500292,9501,75.9
20260921,500294,271775,76.72
20260921,500295,164212,55.14
20260921,500296,1808,84.37
20260921,500298,378,67.38
20260921,500300,1110,54.71
20260921,500304,8179,71.73
20260921,500306,129109,49.81
20260921,500307,217,90.04
20260921,500312,1247461,88.91
20260921,500313,395,100.0
20260921,500314,19998,36.1
20260921,500317,3882,79.39
20260921,500319,13768,91.66
20260921,500322,267,100.0
20260921,500325,415137,69.79
20260921,500327,7455,92.8
20260921,500330,158722,35.24
20260921,500331,3119,47.16
20260921,500333,454,87.81
20260921,500335,1618,48.93
20260921,500336,3827,55.53
20260921,500337,473,56.11
20260921,500338,33662,75.2
20260921,500339,59549,37.21
20260921,500342,6790,85.26
20260921,500343,412,100.0
20260921,500346,1063,82.15
20260921,500350,16179,63.89
20260921,500354,509,71.89
20260921,500355,8079,66.91
20260921,500356,1604,99.5
20260921,500357,4935,100.0
20260921,500358,557,100.0
20260921,500360,62273,100.0
20260921,500365,71152,60.52
20260921,500367,4103,20.57
20260921,500368,428625,30.32
20260921,500370,519,97.37
20260921,500371,27880,100.0
20260921,500378,26471,51.42
20260921,500380,4310,69.93
20260921,500387,287,51.16
20260921,500388,62,100.0
20260921,500390,30566,100.0
20260921,500399,882,100.0
20260921,500400,352096,75.11
20260921,500402,3723,55.47
20260921,500403,6920,53.89
20260921,500404,8424,66.39
20260921,500405,19524,60.67
20260921,500407,1063,90.62
20260921,500408,13120,50.24
20260921,500410,6955,70.93
20260921,500411,1067,52.93
20260921,500412,11383,58.27
20260921,500413,26114,67.3
20260921,500414,34950,32.39
20260921,500418,30,100.0
20260921,500420,2075,27.96
20260921,500421,2032,100.0
20260921,500422,2936,100.0
20260921,500425,36699,53.48
20260921,500426,8749,78.19
20260921,500429,287,99.65
20260921,500439,20,100.0
20260921,500440,28223,42.72
20260921,500444,7533,52.36
20260921,500449,55879,63.3
20260921,500456,14167,92.79
20260921,500458,37,94.87
20260921,500459,805,71.94
20260921,500460,1353,79.96
20260921,500463,29254,46.8
20260921,500464,5816,100.0
20260921,500467,126,81.29
20260921,500469,468302,85.71
20260921,500470,284677,53.82
20260921,500472,816,59.43
20260921,500477,131279,53.45
20260921,500480,171750,97.99
20260921,500483,2600,54.27
20260921,500488,951,70.55
20260921,500490,26696,98.01
20260921,500493,10408,39.74
20260921,500495,1573,51.97
20260921,500500,140052,69.15
20260921,500510,59956,73.28
20260921,500520,80657,75.75
20260921,500530,4052,93.51
20260921,500540,2301,100.0
20260921,500547,1036581,97.47
20260921,500550,11995,73.34
20260921,500570,290155,55.07
20260921,500575,182937,85.83
20260921,500620,30906,60.71
20260921,500645,10748,58.25
20260921,500650,79,66.95
20260921,500655,928,63.43
20260921,500660,2155,69.72
20260921,500670,15858,44.5
20260921,500672,3823,53.48
20260921,500674,959,76.6
20260921,500680,230,56.65
20260921,500690,17707,38.27
20260921,500696,21202,52.85
20260921,500710,306,64.15
20260921,500730,36395,55.87
20260921,500770,122118,46.74
20260921,500777,38949,40.91
20260921,500780,3709,70.94
20260921,500790,9600,56.75
20260921,500800,19173,55.86
20260921,500820,3819,42.28
20260921,500825,19182,80.87
20260921,500830,3211,54.24
20260921,500840,21127,50.2
20260921,500850,35871,37.41
20260921,500870,80865,53.89
20260921,500875,219682,57.2
20260921,500877,23870,49.7
20260921,500878,1447,58.35
20260921,500890,161,100.0
20260921,500940,20650,61.46
20260921,501150,21696,98.89
20260921,501151,4,100.0
20260921,501242,3989,96.35
20260921,501261,1115307,100.0
20260921,501295,6937,97.35
20260921,501301,32674,51.41
20260921,501314,14621,94.01
20260921,501343,35474,38.87
20260921,501351,47,100.0
20260921,501370,2448,85.74
20260921,501391,519,79.48
20260921,501421,410,76.35
20260921,501423,14053,31.09
20260921,501425,2477,33.62
20260921,501430,7,87.5
20260921,501455,23973,49.98
20260921,501477,75,98.68
20260921,501622,4,100.0
20260921,501700,15152,62.1
20260921,501831,4332,66.97
20260921,501833,2740,89.51
20260921,501848,9510,66.27
20260921,501945,10860,100.0
20260921,502015,3324,97.62
20260921,502090,4143,93.99
20260921,502137,773,76.84
20260921,502157,221,56.81
20260921,502168,1548,97.48
20260921,502175,4059,79.57
20260921,502180,1154,80.14
20260921,502219,19183,47.94
20260921,502250,73,100.0
20260921,502271,1180,100.0
20260921,502281,9525,100.0
20260921,502330,36408,76.29
20260921,502355,2924,43.32
20260921,502420,9065,68.62
20260921,502445,153,79.27
20260921,502448,124101,100.0
20260921,502450,2852,64.67
20260921,502587,2184,82.04
20260921,502589,404,100.0
20260921,502820,383,98.46
20260921,502865,5374,59.69
20260921,502873,4747,86.96
20260921,502893,154,100.0
20260921,502901,569,100.0
20260921,502937,32480,100.0
20260921,502958,25,78.12
20260921,502986,5798,45.84
20260921,503031,35481,80.66
20260921,503092,116,100.0
20260921,503100,4559,42.24
20260921,503101,2914,63.38
20260921,503127,38,100.0
20260921,503162,39,100.0
20260921,503169,1960,38.8
20260921,503229,1,100.0
20260921,503310,25701,33.74
20260921,503349,88,100.0
20260921,503624,760,93.48
20260921,503635,2050,100.0
20260921,503639,201,100.0
20260921,503641,57666,76.24
20260921,503657,17100,85.01
20260921,503659,4637,100.0
20260921,503663,513627,66.64
20260921,503675,7975,100.0
20260921,503685,381,100.0
20260921,503722,406,70.49
20260921,503776,70,58.82
20260921,503804,1945,100.0
20260921,503806,3433,59.64
20260921,503811,698,63.92
20260921,503816,4250,73.48
20260921,503837,892,100.0
20260921,503863,197,82.77
20260921,503960,323,55.69
20260921,504000,516,97.18
20260921,504028,13128,100.0
20260921,504036,1731,70.62
20260921,504058,353,95.41
20260921,504067,33701,45.13
20260921,504076,97451,79.63
20260921,504080,52,100.0
20260921,504084,269,76.2
20260921,504092,884,81.18
20260921,504093,1215,67.73
20260921,504112,4504,48.92
20260921,504132,1156,64.01
20260921,504176,4959,75.85
20260921,504180,1778,62.21
20260921,504212,1754,45.43
20260921,504220,300,91.46
20260921,504240,4270,100.0
20260921,504258,1443,74.61
20260921,504273,7264,100.0
20260921,504286,11,100.0
20260921,504340,10276,100.0
20260921,504341,6695,65.09
20260921,504346,18,100.0
20260921,504351,204271,100.0
20260921,504356,9,100.0
20260921,504369,6670,100.0
20260921,504378,32770,89.67
20260921,504380,38,64.41
20260921,504392,1797,100.0
20260921,504397,17,100.0
20260921,504398,365,100.0
20260921,504605,664,81.17
20260921,504614,27623,77.12
20260921,504646,998,100.0
20260921,504648,321,100.0
20260921,504697,100,100.0
20260921,504731,16761,71.55
20260921,504741,642,64.78
20260921,504746,2479,86.05
20260921,504786,252,100.0
20260921,504810,3115,91.86
20260921,504840,41,100.0
20260921,504879,33545,88.99
20260921,504882,4904,98.63
20260921,504903,120273,100.0
20260921,504908,4220,93.07
20260921,504918,28082,69.15
20260921,504959,181,97.31
20260921,504973,2603,66.57
20260921,504988,50,96.15
20260921,505010,81,97.59
20260921,505029,316,57.04
20260921,505032,250,100.0
20260921,505036,552,91.85
20260921,505075,20622,100.0
20260921,505160,13119,55.51
20260921,505163,197,95.17
20260921,505192,2319,44.36
20260921,505196,3638,100.0
20260921,505200,1208,50.93
20260921,505216,23,92.0
20260921,505232,273,100.0
20260921,505242,337,57.12
20260921,505250,20,100.0
20260921,505255,16442,34.55
20260921,505283,5274,55.36
20260921,505299,327,78.23
20260921,505302,53,98.15
20260921,505324,52019,78.65
20260921,505336,1393447,100.0
20260921,505343,1508224,84.94
20260921,505355,1001,63.11
20260921,505358,11075,77.38
20260921,505368,2,100.0
20260921,505400,2130,66.33
20260921,505412,374,75.25
20260921,505502,22664,100.0
20260921,505504,17039,100.0
20260921,505509,6108,74.83
20260921,505515,2326,99.91
20260921,505523,626486,66.03
20260921,505526,3101,67.3
20260921,505533,721,51.54
20260921,505537,227215,43.3
20260921,505590,6335,86.56
20260921,505650,14658,82.95
20260921,505681,100,90.91
20260921,505685,2,100.0
20260921,505688,2051,100.0
20260921,505690,268,91.16
20260921,505693,106939,71.12
20260921,505700,6879,55.22
20260921,505703,31,100.0
20260921,505710,64527,57.43
20260921,505712,3908,100.0
20260921,505714,5671,44.63
20260921,505720,2124,81.16
20260921,505725,132310,22.04
20260921,505726,1759,89.97
20260921,505729,2592,94.84
20260921,505737,261,90.31
20260921,505744,4824,53.89
20260921,505750,7899,71.64
20260921,505790,5227,65.04
20260921,505797,30697,90.56
20260921,505800,232,74.84
20260921,505807,50,100.0
20260921,505827,4188,67.09
20260921,505840,4923,100.0
20260921,505850,1867,82.94
20260921,505854,325,99.39
20260921,505872,9013,52.17
20260921,505890,1327,66.82
20260921,505893,858,67.83
20260921,505978,393,81.54
20260921,506003,415,100.0
20260921,506022,75864,87.1
20260921,506074,71337,100.0
20260921,506076,4091,78.16
20260921,506079,551,100.0
20260921,506109,43704,54.91
20260921,506122,125266,100.0
20260921,506128,4159,94.95
20260921,506134,5823,100.0
20260921,506146,50089,79.59
20260921,506166,7507,64.93
20260921,506180,6,100.0
20260921,506184,43615,95.76
20260921,506186,3752,97.81
20260921,506194,47,100.0
20260921,506196,11,100.0
20260921,506197,8152,100.0
20260921,506222,960,75.71
20260921,506235,20639,59.46
20260921,506248,175,98.87
20260921,506260,6975,52.46
20260921,506261,9175,100.0
20260921,506285,1673,64.2
20260921,506373,1506,100.0
20260921,506390,1000,60.68
20260921,506395,201354,99.61
20260921,506401,8941,52.02
20260921,506405,1760,68.06
20260921,506414,4560,58.69
20260921,506480,25867,60.47
20260921,506520,7885,60.93
20260921,506525,4339,100.0
20260921,506528,202,100.0
20260921,506532,540,79.3
20260921,506543,12,100.0
20260921,506579,6206,65.26
20260921,506590,198330,57.55
20260921,506597,1104,58.07
20260921,506605,48,97.96
20260921,506618,96,87.27
20260921,506640,318,100.0
20260921,506642,939561,100.0
20260921,506655,5515,57.22
20260921,506680,4813,92.65
20260921,506685,7221,83.62
20260921,506687,133,100.0
20260921,506690,2298,53.47
20260921,506734,72,100.0
20260921,506767,1473,48.53
20260921,506808,1746,80.42
20260921,506820,79,61.72
20260921,506852,23759,87.38
20260921,506854,7755,56.78
20260921,506858,367,94.34
20260921,506863,1408,62.36
20260921,506879,11469,52.72
20260921,506919,157,81.35
20260921,506947,1122,100.0
20260921,506975,1100,100.0
20260921,506979,1293,57.14
20260921,506981,851,58.25
20260921,507155,15007,69.09
20260921,507180,97914,100.0
20260921,507205,47555,56.9
20260921,507265,2098,100.0
20260921,507300,66,100.0
20260921,507315,17447,84.9
20260921,507410,11966,58.1
20260921,507438,249,91.54
20260921,507474,1125,52.94
20260921,507486,2,100.0
20260921,507488,1163,67.42
20260921,507490,14302,64.15
20260921,507498,1215,85.2
20260921,507514,17311,58.91
20260921,507515,230,78.77
20260921,507526,1021,75.69
20260921,507552,935,92.21
20260921,507580,2662,100.0
20260921,507598,7322,87.17
20260921,507609,25,73.53
20260921,507621,1276,86.1
20260921,507685,279778,57.16
20260921,507690,2582,72.98
20260921,507717,182,55.49
20260921,507747,1592,76.21
20260921,507753,41751,36.94
20260921,507759,300,85.23
20260921,507779,3061,83.5
20260921,507785,621,92.14
20260921,507789,4860,79.31
20260921,507794,10649,65.29
20260921,507813,63,96.92
20260921,507815,1025,43.51
20260921,507817,61,92.42
20260921,507828,71520,94.65
20260921,507833,8636,58.21
20260921,507836,4089,99.98
20260921,507852,1420,99.79
20260921,507872,1224,100.0
20260921,507878,396713,60.26
20260921,507880,3199,39.45
20260921,507910,202,80.16
20260921,507912,3634,65.11
20260921,507917,2,100.0
20260921,507944,1622,91.79
20260921,507946,1175,100.0
20260921,507948,6,50.0
20260921,507960,1691,94.42
20260921,507962,1029,100.0
20260921,507966,7,87.5
20260921,507968,401,99.75
20260921,507970,440,100.0
20260921,507981,998,73.01
20260921,507984,200,100.0
20260921,507998,9113,74.02
20260921,508136,150,100.0
20260921,508486,182,84.65
20260921,508494,56,96.55
20260921,508571,230,93.88
20260921,508664,129,100.0
20260921,508807,60,100.0
20260921,508814,551,53.08
20260921,508860,16089,100.0
20260921,508867,1,100.0
20260921,508869,6724,83.26
20260921,508875,737,100.0
20260921,508905,2401,100.0
20260921,508906,505,100.0
20260921,508918,1750,99.49
20260921,508922,188199,100.0
20260921,508933,1211,51.42
20260921,508941,3588,83.38
20260921,508954,727,77.75
20260921,508956,793,99.62
20260921,508961,171,100.0
20260921,508969,75274,73.17
20260921,508980,6541,100.0
20260921,508989,2206,51.64
20260921,509009,1046,94.23
20260921,509015,30,81.08
20260921,509020,34739,86.06
20260921,509024,7383,72.95
20260921,509026,238,52.89
20260921,509038,536,100.0
20260921,509040,3383,85.45
20260921,509046,21,100.0
20260921,509048,7298,100.0
20260921,509051,962998,60.72
20260921,509053,52201,92.46
20260921,509055,6083,59.83
20260921,509069,534,100.0
20260921,509073,805,85.55
20260921,509079,2224,47.89
20260921,509084,10,100.0
20260921,509099,1750,100.0
20260921,509152,1,100.0
20260921,509162,8207,100.0
20260921,509196,2167,89.47
20260921,509220,3025,95.28
20260921,509243,845,64.65
20260921,509438,26,83.87
20260921,509449,300,92.59
20260921,509470,23,95.83
20260921,509472,362,98.91
20260921,509480,12354,59.81
20260921,509486,585,100.0
20260921,509488,32775,44.75
20260921,509496,5926,71.79
20260921,509525,12,100.0
20260921,509546,231,100.0
20260921,509557,137629,99.18
20260921,509563,3410,96.41
20260921,509567,2253,63.64
20260921,509597,143,83.63
20260921,509631,171547,100.0
20260921,509635,784,90.11
20260921,509675,246,72.78
20260921,509709,4171,67.57
20260921,509715,649,79.73
20260921,509732,9080,72.7
20260921,509760,102,100.0
20260921,509762,6256,100.0
20260921,509820,1818,68.6
20260921,509835,201,95.71
20260921,509874,4162,100.0
20260921,509895,2282,78.15
20260921,509930,2491,52.28
20260921,509945,1,100.0
20260921,509953,34,100.0
20260921,509966,1943,66.72
20260921,510245,24343,78.57
20260921,511000,11803,99.92
20260921,511012,384649,100.0
20260921,511016,750,100.0
20260921,511018,53553,62.84
20260921,511034,6938,53.51
20260921,511066,1636,67.19
20260921,511076,42785,66.44
20260921,511092,14761,100.0
20260921,511110,3585,98.0
20260921,511116,1129397,100.0
20260921,511122,17,94.44
20260921,511131,300,85.47
20260921,511144,5480,100.0
20260921,511147,5063,91.16
20260921,511153,4680,100.0
20260921,511169,857,100.0
20260921,511176,1,100.0
20260921,511187,1304,100.0
20260921,511194,1613,100.0
20260921,511196,58561,90.26
20260921,511208,60806,94.25
20260921,511218,35206,58.9
20260921,511243,4782,60.89
20260921,511246,201,100.0
20260921,511260,1145,61.26
20260921,511333,617,99.52
20260921,511355,6763,100.0
20260921,511359,1200,91.46
20260921,511391,26,61.9
20260921,511411,200,100.0
20260921,511413,251,100.0
20260921,511431,178124,80.95
20260921,511441,52,100.0
20260921,511447,7003772,48.82
20260921,511451,1193,100.0
20260921,511463,16663,100.0
20260921,511473,6312,81.34
20260921,511493,3921,100.0
20260921,511501,3629,92.51
20260921,511505,933,100.0
20260921,511507,5268,100.0
20260921,511509,1746,88.63
20260921,511523,104300,100.0
20260921,511525,34145,79.63
20260921,511533,616,100.0
20260921,511535,10462,99.99
20260921,511539,18,100.0
20260921,511543,1529,100.0
20260921,511549,88,92.63
20260921,511551,1588,86.3
20260921,511557,1228214,100.0
20260921,511559,6,100.0
20260921,511571,2134,99.53
20260921,511577,1852,94.97
20260921,511589,35851,71.18
20260921,511593,349,86.39
20260921,511601,1101,99.82
20260921,511605,4123,66.02
20260921,511609,5362,79.86
20260921,511611,1406,99.93
20260921,511626,4115,100.0
20260921,511628,1440995,60.61
20260921,511630,16170,92.29
20260921,511636,55,100.0
20260921,511644,580245,85.46
20260921,511654,593,98.34
20260921,511658,39067,56.29
20260921,511660,2499,100.0
20260921,511664,4367,100.0
20260921,511672,34869,100.0
20260921,511676,878,77.56
20260921,511692,2526,100.0
20260921,511696,121,100.0
20260921,511700,2648350,44.21
20260921,511702,11,100.0
20260921,511710,12313,100.0
20260921,511712,11,100.0
20260921,511714,1163,83.13
20260921,511716,3563,100.0
20260921,511724,4682,33.01
20260921,511726,88418,100.0
20260921,511734,3832,100.0
20260921,511742,9543,76.98
20260921,511754,2835,86.99
20260921,511756,114,100.0
20260921,511758,450,99.56
20260921,511764,1724,94.52
20260921,511766,505,92.66
20260921,511768,6655,43.36
20260921,512008,3306,73.91
20260921,512014,274,69.19
20260921,512018,35032,39.31
20260921,512020,1,100.0
20260921,512024,11,100.0
20260921,512025,55164,47.92
20260921,512036,440,100.0
20260921,512038,83923,66.44
20260921,512047,23944,65.24
20260921,512048,43851,99.97
20260921,512062,3919,100.0
20260921,512064,1781,99.66
20260921,512065,1433,100.0
20260921,512068,54684,36.55
20260921,512070,6854,36.2
20260921,512093,12231559,100.0
20260921,512097,138943,61.63
20260921,512103,395,69.54
20260921,512115,10435,91.32
20260921,512131,1414,100.0
20260921,512149,2420680,70.78
20260921,512161,655,97.76
20260921,512165,100,100.0
20260921,512169,135468,100.0
20260921,512175,5319,92.75
20260921,512179,5609,78.9
20260921,512197,28,100.0
20260921,512217,3692,79.28
20260921,512229,1144,100.0
20260921,512237,18584,44.4
20260921,512247,33897,75.72
20260921,512257,35862,92.44
20260921,512267,2755,80.91
20260921,512277,3017,96.36
20260921,512279,1950,100.0
20260921,512296,16316,46.86
20260921,512297,6610,100.0
20260921,512301,15212,100.0
20260921,512329,19929,77.3
20260921,512344,2351,100.0
20260921,512345,1547,100.0
20260921,512359,3112909,47.64
20260921,512361,113664,70.49
20260921,512379,174173,100.0
20260921,512381,3,100.0
20260921,512393,74,100.0
20260921,512399,22409,75.39
20260921,512405,4360,100.0
20260921,512415,16407,76.23
20260921,512425,1,100.0
20260921,512437,841,100.0
20260921,512441,5339658,71.74
20260921,512443,9973,58.91
20260921,512453,105,94.59
20260921,512455,7510,51.74
20260921,512463,99604,52.11
20260921,512477,11,100.0
20260921,512479,1,100.0
20260921,512481,2640,100.0
20260921,512489,8545,100.0
20260921,512493,516,100.0
20260921,512499,1616220,100.0
20260921,512519,234,100.0
20260921,512527,137,100.0
20260921,512529,27273,36.54
20260921,512531,342,95.0
20260921,512559,5648,59.63
20260921,512565,719,99.86
20260921,512573,8743,53.19
20260921,512587,15631,88.89
20260921,512589,4387,96.63
20260921,512591,1390490,59.15
20260921,512595,23027,53.39
20260921,512597,47,100.0
20260921,512599,34604,59.33
20260921,512600,17386,75.16
20260921,512608,22226,67.77
20260921,512618,1162,90.99
20260921,512624,18940,67.66
20260921,512626,38,100.0
20260921,512634,997,87.69
20260921,513005,661,97.06
20260921,513023,4633,56.68
20260921,513043,8465,78.6
20260921,513059,39441,100.0
20260921,513063,573,97.61
20260921,513097,12996,38.18
20260921,513108,535,94.02
20260921,513117,3983,75.71
20260921,513119,153529,80.36
20260921,513121,7581,92.25
20260921,513149,10,100.0
20260921,513173,1142,98.53
20260921,513228,22951,78.26
20260921,513250,147764,67.43
20260921,513252,19,100.0
20260921,513262,13170,47.74
20260921,513269,18853,39.18
20260921,513295,268,92.1
20260921,513303,4502,81.22
20260921,513307,8768,76.91
20260921,513337,1737220,67.08
20260921,513343,1150,100.0
20260921,513349,22459,67.08
20260921,513353,5209,83.04
20260921,513361,261813,90.24
20260921,513369,793,100.0
20260921,513375,64276,31.06
20260921,513377,38894,76.17
20260921,513403,4236,100.0
20260921,513418,74575,100.0
20260921,513430,30,100.0
20260921,513436,2656,100.0
20260921,513456,9723,50.26
20260921,513460,50,100.0
20260921,513472,512109,68.2
20260921,513488,135,100.0
20260921,513496,158,100.0
20260921,513498,265,100.0
20260921,513502,153487,74.5
20260921,513507,300,100.0
20260921,513509,851,100.0
20260921,513511,264,64.55
20260921,513513,3386,84.84
20260921,513517,1748,72.35
20260921,513519,1472,68.37
20260921,513528,3568,100.0
20260921,513532,4070,100.0
20260921,513536,8703,44.47
20260921,513544,708,100.0
20260921,513548,20,80.0
20260921,513554,380,100.0
20260921,513566,13988,100.0
20260921,513575,925,67.08
20260921,513579,1000,100.0
20260921,513599,258412,55.04
20260921,513629,2555,100.0
20260921,513642,622,57.27
20260921,513683,22157,56.26
20260921,513687,842,100.0
20260921,513693,870,73.05
20260921,513699,46,95.83
20260921,513709,150,75.0
20260921,513713,8735,63.0
20260921,513721,173,75.88
20260921,513729,102,64.97
20260921,514010,180261,100.0
20260921,514028,28,100.0
20260921,514030,1525,62.5
20260921,514036,125,100.0
20260921,514043,22177,70.92
20260921,514045,625,98.12
20260921,514060,30395,100.0
20260921,514113,1832,100.0
20260921,514128,82,100.0
20260921,514138,71,100.0
20260921,514142,39097,88.11
20260921,514162,56467,43.97
20260921,514165,8747,90.03
20260921,514167,645,51.39
20260921,514171,1,100.0
20260921,514175,3784,97.58
20260921,514183,9114,100.0
20260921,514197,632,75.78
20260921,514211,66812,71.89
20260921,514221,244269,100.0
20260921,514223,2947,100.0
20260921,514234,551,82.24
20260921,514238,281,92.74
20260921,514240,6786,91.65
20260921,514248,100,100.0
20260921,514260,2790,100.0
20260921,514264,1123,94.53
20260921,514266,3500,96.77
20260921,514272,664,98.52
20260921,514274,61567,83.12
20260921,514280,23,48.94
20260921,514286,2749,75.6
20260921,514300,28,93.33
20260921,514302,82,64.57
20260921,514312,5739,13.39
20260921,514316,565,96.58
20260921,514318,106,62.72
20260921,514322,3,50.0
20260921,514324,1909,94.04
20260921,514326,440,81.18
20260921,514330,1942,75.71
20260921,514332,2550,76.83
20260921,514336,12345,96.88
20260921,514354,3744,75.35
20260921,514358,1,100.0
20260921,514360,539125,88.1
20260921,514378,1202,95.85
20260921,514386,942065,70.03
20260921,514400,2875,71.68
20260921,514402,26825,96.4
20260921,514412,442,100.0
20260921,514414,210,100.0
20260921,514418,195,97.5
20260921,514428,1054,78.07
20260921,514440,37026,85.27
20260921,514442,1136,100.0
20260921,514448,3358,72.12
20260921,514450,232,100.0
20260921,514454,365,100.0
20260921,514460,418,100.0
20260921,514470,66481,97.92
20260921,515008,29577,100.0
20260921,515018,65,100.0
20260921,515030,4352,78.15
20260921,515037,8359,100.0
20260921,515043,5604,77.98
20260921,515055,44293,55.99
20260921,515059,169,100.0
20260921,515085,9159,80.6
20260921,515093,65,98.48
20260921,515147,653,100.0
20260921,516003,6162,86.74
20260921,516016,106,98.15
20260921,516020,2522,100.0
20260921,516030,5839,66.47
20260921,516032,44014,100.0
20260921,516038,10608,77.5
20260921,516064,1042,56.72
20260921,516072,2227,58.24
20260921,516078,6860,100.0
20260921,516082,597,65.1
20260921,516092,3,100.0
20260921,516096,2414,91.75
20260921,516098,2194,69.28
20260921,516106,812,99.88
20260921,516108,2950,78.56
20260921,516110,53671,73.57
20260921,517015,2362,38.73
20260921,517035,56314,54.53
20260921,517041,487,72.04
20260921,517059,2849,75.65
20260921,517063,7349,71.47
20260921,517077,7,100.0
20260921,517096,1418,82.92
20260921,517119,46924,52.03
20260921,517146,93109,46.69
20260921,517166,7822,100.0
20260921,517168,1759,74.91
20260921,517170,8195,94.23
20260921,517172,8,100.0
20260921,517174,63,56.76
20260921,517201,4906,100.0
20260921,517206,244,63.21
20260921,517214,18081,84.37
20260921,517230,26,100.0
20260921,517236,12715,92.66
20260921,517238,603,100.0
20260921,517246,20213,100.0
20260921,517258,2264,100.0
20260921,517264,928,97.99
20260921,517271,34087,48.25
20260921,517273,452,94.36
20260921,517286,71252,100.0
20260921,517288,1220,100.0
20260921,517300,12264,59.8
20260921,517320,4826,100.0
20260921,517330,491,100.0
20260921,517334,244647,55.41
20260921,517336,1500,100.0
20260921,517344,2828,87.12
20260921,517354,12451,50.0
20260921,517356,104950,100.0
20260921,517360,1501,99.93
20260921,517370,206,97.17
20260921,517372,4597,75.45
20260921,517380,586,66.97
20260921,517385,2439,51.01
20260921,517393,178676,100.0
20260921,517397,1305,87.0
20260921,517399,19626,100.0
20260921,517411,506,99.61
20260921,517415,1183,100.0
20260921,517417,44176,44.64
20260921,517421,1758,89.1
20260921,517423,34,100.0
20260921,517429,141,99.3
20260921,517431,71984,91.78
20260921,517437,100,100.0
20260921,517447,780,91.44
20260921,517449,343,79.77
20260921,517467,45032,51.4
20260921,517477,2196,96.06
20260921,517494,2914,70.81
20260921,517498,65217,54.12
20260921,517500,41331,78.37
20260921,517506,3494,42.36
20260921,517514,2504,99.52
20260921,517522,2649,55.58
20260921,517530,5864,86.71
20260921,517536,702,61.26
20260921,517544,4275,44.05
20260921,517546,15597,61.83
20260921,517554,4730871,100.0
20260921,517556,64327,53.84
20260921,517562,2314,64.73
20260921,517564,607,100.0
20260921,517569,3742,39.08
20260921,518011,2426,99.88
20260921,518053,822,87.91
20260921,518075,1380,100.0
20260921,518091,914,88.48
20260921,519003,176,97.78
20260921,519031,359,100.0
20260921,519064,4,100.0
20260921,519091,60,92.31
20260921,519097,6273,100.0
20260921,519105,22142,69.35
20260921,519126,85195,97.79
20260921,519136,1264,79.8
20260921,519152,10,100.0
20260921,519156,492,64.31
20260921,519174,1402,91.87
20260921,519183,3822,56.76
20260921,519191,9735,100.0
20260921,519214,1110,86.72
20260921,519216,22278,76.58
20260921,519230,56927,93.84
20260921,519234,100,100.0
20260921,519238,1143,100.0
20260921,519242,4445,100.0
20260921,519260,15844,100.0
20260921,519262,4276,89.53
20260921,519285,59,100.0
20260921,519287,40527,52.28
20260921,519295,1045,82.61
20260921,519299,4816,100.0
20260921,519307,54252,100.0
20260921,519331,666,99.4
20260921,519359,61,53.98
20260921,519367,2,100.0
20260921,519383,102,98.08
20260921,519397,23871,50.46
20260921,519413,1300,100.0
20260921,519421,2702,89.86
20260921,519439,50,100.0
20260921,519457,4017,98.02
20260921,519463,5343,74.26
20260921,519471,46,100.0
20260921,519475,25,100.0
20260921,519477,14731,50.13
20260921,519479,560,100.0
20260921,519483,131,80.37
20260921,519494,63,96.92
20260921,519500,845,84.42
20260921,519506,1500,100.0
20260921,519532,2144,99.91
20260921,519552,80311,82.13
20260921,519566,1555,86.1
20260921,519574,306,96.53
20260921,519600,1630,47.58
20260921,519602,73517,58.27
20260921,519604,306,100.0
20260921,519606,1858,100.0
20260921,519612,1860,99.79
20260921,520008,23110,64.63
20260921,520021,7050,68.51
20260921,520043,421,92.94
20260921,520051,35524,54.01
20260921,520056,365,67.72
20260921,520057,6121,66.01
20260921,520059,6219,58.0
20260921,520066,23730,72.22
20260921,520073,1424,58.62
20260921,520075,1270,76.32
20260921,520081,300,100.0
20260921,520086,9769,100.0
20260921,520111,3210,61.66
20260921,520113,4953,84.87
20260921,520119,650,82.28
20260921,520121,37152,80.01
20260921,520123,8253,85.89
20260921,520127,5701,91.86
20260921,520141,3448,86.01
20260921,520151,547,100.0
20260921,520155,1404,100.0
20260921,521005,1173051,55.38
20260921,521014,231,100.0
20260921,521016,7237,49.62
20260921,521018,1057,79.18
20260921,521034,1451,79.81
20260921,521036,104,100.0
20260921,521048,3224,96.32
20260921,521062,686,100.0
20260921,521064,373861,70.7
20260921,521070,664193,57.84
20260921,521080,1617,91.0
20260921,521082,235,100.0
20260921,521097,426,95.52
20260921,521105,1714,88.62
20260921,521109,11,100.0
20260921,521113,10907,85.78
20260921,521131,1426,72.68
20260921,521133,1000,100.0
20260921,521137,15323,100.0
20260921,521141,2037,69.43
20260921,521149,4053,98.52
20260921,521161,4,100.0
20260921,521163,200,99.5
20260921,521167,24864,100.0
20260921,521178,15935,73.17
20260921,521180,7646,100.0
20260921,521188,932,100.0
20260921,521194,2,100.0
20260921,521200,243,100.0
20260921,521206,126828,65.07
20260921,521210,767,100.0
20260921,521216,31535,97.38
20260921,521220,74692,100.0
20260921,521222,25,100.0
20260921,521226,1591,94.03
20260921,521228,27619,53.45
20260921,521234,16,61.54
20260921,521238,24946,23.65
20260921,521240,60,85.71
20260921,521242,3967,100.0
20260921,521244,824,98.68
20260921,521246,14948,88.12
20260921,521248,32003,73.33
20260921,522001,12687,100.0
20260921,522004,6214,79.37
20260921,522005,658,81.74
20260921,522014,1383,87.7
20260921,522017,3883,78.87
20260921,522027,1462,99.93
20260921,522029,1151,87.4
20260921,522034,3643,76.55
20260921,522036,103,100.0
20260921,522064,316,81.03
20260921,522073,21,100.0
20260921,522074,39259,87.57
20260921,522091,8699,71.93
20260921,522101,32679,72.18
20260921,522105,35132,100.0
20260921,522108,338,74.12
20260921,522113,444,50.45
20260921,522122,500,89.13
20260921,522134,15721,83.21
20260921,522152,1863,93.76
20260921,522163,54625,100.0
20260921,522165,7639,96.83
20260921,522171,100,100.0
20260921,522183,65,100.0
20260921,522195,3292,66.25
20260921,522205,12761,58.12
20260921,522207,210,100.0
20260921,522209,3098,99.9
20260921,522215,4350,71.49
20260921,522217,289,96.33
20260921,522229,49760,82.54
20260921,522231,3605,73.06
20260921,522235,137,100.0
20260921,522241,1888,84.47
20260921,522245,3616,100.0
20260921,522249,3378,68.63
20260921,522251,8022,75.77
20260921,522257,22659,100.0
20260921,522261,1281,50.61
20260921,522267,1000,100.0
20260921,522273,623,70.63
20260921,522275,45521,85.44
20260921,522281,4135,45.51
20260921,522285,200423,54.1
20260921,522287,6617,55.22
20260921,522289,34768,73.88
20260921,522292,307,100.0
20260921,522294,1271,100.0
20260921,522295,358,44.97
20260921,522650,2057,85.39
20260921,523007,250,60.39
20260921,523019,4576,87.51
20260921,523021,1105,100.0
20260921,523023,11731,87.01
20260921,523025,1690,75.51
20260921,523100,3027,73.15
20260921,523105,2786168,100.0
20260921,523116,49,83.05
20260921,523120,4317,100.0
20260921,523127,974,74.75
20260921,523144,563,100.0
20260921,523151,6189,100.0
20260921,523160,1868,71.0
20260921,523186,28,90.32
20260921,523204,5724,100.0
20260921,523207,796,97.31
20260921,523222,14729,100.0
20260921,523229,8116,86.7
20260921,523232,29,100.0
20260921,523242,5200,100.0
20260921,523248,3461,85.65
20260921,523260,1,100.0
20260921,523261,1514,59.49
20260921,523269,579,91.32
20260921,523277,1484538,83.65
20260921,523283,357,76.61
20260921,523289,902,75.8
20260921,523301,496,67.95
20260921,523309,3909,69.32
20260921,523319,3461,61.06
20260921,523323,367,58.81
20260921,523329,7,77.78
20260921,523351,100,100.0
20260921,523367,1446,61.43
20260921,523369,8516,60.96
20260921,523371,5549,54.85
20260921,523373,771469,44.34
20260921,523384,104,92.04
20260921,523385,669,63.41
20260921,523387,135508,88.25
20260921,523391,1131,79.59
20260921,523395,349,67.5
20260921,523398,541,50.75
20260921,523405,66783,62.4
20260921,523411,2158,100.0
20260921,523419,12884,94.65
20260921,523425,10517,98.13
20260921,523445,686,65.96
20260921,523449,14248,100.0
20260921,523457,317,51.13
20260921,523465,26,83.87
20260921,523467,206836,100.0
20260921,523475,395,77.76
20260921,523489,1553,93.33
20260921,523519,1107,100.0
20260921,523537,1304,73.09
20260921,523539,9776,41.97
20260921,523550,761,100.0
20260921,523558,11840,100.0
20260921,523566,516,99.81
20260921,523574,1286,100.0
20260921,523586,16263,94.13
20260921,523594,1353,92.93
20260921,523598,134480,59.14
20260921,523606,3478,63.22
20260921,523610,8504,72.94
20260921,523618,2215,53.07
20260921,523620,238,100.0
20260921,523630,26971,63.28
20260921,523638,1202,67.38
20260921,523642,1514,43.71
20260921,523648,842,95.57
20260921,523650,52430,94.52
20260921,523652,50,100.0
20260921,523660,6749,69.33
20260921,523672,27572,95.62
20260921,523676,1056,68.0
20260921,523694,5240,62.54
20260921,523696,5232,70.07
20260921,523704,1040,63.53
20260921,523708,423,59.75
20260921,523710,6,75.0
20260921,523712,22979,100.0
20260921,523716,44233,59.19
20260921,523722,1025,67.21
20260921,523732,25908,77.67
20260921,523736,332,90.71
20260921,523752,61500,100.0
20260921,523754,2629,88.7
20260921,523782,21756,97.0
20260921,523792,35130,100.0
20260921,523796,46110,100.0
20260921,523826,565,87.6
20260921,523828,17803,100.0
20260921,523832,96,61.54
20260921,523836,1021,89.09
20260921,523838,2947,71.79
20260921,523840,4462,99.98
20260921,523842,198652,100.0
20260921,523844,100,50.0
20260921,523850,427,85.92
20260921,523862,2705,81.18
20260921,523874,10829,100.0
20260921,523888,954,78.91
20260921,524000,63093,59.01
20260921,524019,473,68.55
20260921,524037,817,99.63
20260921,524038,2180,100.0
20260921,524051,2033,67.45
20260921,524075,211,90.56
20260921,524080,26,100.0
20260921,524091,4402,67.82
20260921,524109,10650,72.98
20260921,524129,1589,78.86
20260921,524136,463,100.0
20260921,524156,25906,66.88
20260921,524164,54553,35.14
20260921,524174,38669,88.23
20260921,524200,5080,58.48
20260921,524202,2465,54.1
20260921,524204,592,99.83
20260921,524208,11974,51.97
20260921,524210,1023,57.63
20260921,524212,4469,39.09
20260921,524218,6786,100.0
20260921,524226,14621,54.64
20260921,524230,44683,57.5
20260921,524238,305290,100.0
20260921,524280,52239,53.38
20260921,524288,2544,99.22
20260921,524314,3016,89.39
20260921,524322,40505,67.85
20260921,524324,4367,100.0
20260921,524330,1583,99.43
20260921,524332,23352,66.91
20260921,524336,48881,100.0
20260921,524342,1568,61.73
20260921,524348,2098,62.5
20260921,524370,169596,53.21
20260921,524372,12345,53.77
20260921,524394,8944,52.06
20260921,524396,305,95.91
20260921,524400,1926,100.0
20260921,524404,52395,44.5
20260921,524408,367,100.0
20260921,524412,3976,65.49
20260921,524414,4510,98.77
20260921,524434,6169,91.96
20260921,524440,1087,89.61
20260921,524444,12170437,76.37
20260921,524458,3313,99.49
20260921,524470,215930,61.8
20260921,524480,181,62.85
20260921,524488,47523,82.37
20260921,524494,4627,43.75
20260921,524500,14749,100.0
20260921,524502,577,100.0
20260921,524506,719,100.0
20260921,524514,100,100.0
20260921,524516,25272,100.0
20260921,524518,2588,99.88
20260921,524520,108444,46.58
20260921,524522,948,97.43
20260921,524534,823,72.64
20260921,524542,2935,75.01
20260921,524548,309,96.87
20260921,524558,814,49.63
20260921,524564,6909,100.0
20260921,524570,20,100.0
20260921,524572,2656,84.29
20260921,524576,12554,79.51
20260921,524580,101,100.0
20260921,524582,7153,44.38
20260921,524590,3233,100.0
20260921,524592,69548,100.0
20260921,524594,648,81.51
20260921,524598,7551,100.0
20260921,524602,3280,84.75
20260921,524606,1185,78.58
20260921,524614,21251,95.95
20260921,524622,23650,71.76
20260921,524624,914,83.09
20260921,524628,211,100.0
20260921,524632,116007,60.24
20260921,524634,1367,69.82
20260921,524636,81241,100.0
20260921,524640,66793,100.0
20260921,524648,11866,100.0
20260921,524654,2730,100.0
20260921,524661,3054740,28.29
20260921,524663,29555,82.24
20260921,524667,8888,58.88
20260921,524669,309,95.37
20260921,524675,11895,96.57
20260921,524687,7455,60.56
20260921,524703,605,93.8
20260921,524709,26002,78.77
20260921,524711,1650,70.78
20260921,524715,25420,39.12
20260921,524717,8944,66.38
20260921,524723,500,100.0
20260921,524727,551,60.88
20260921,524731,132,100.0
20260921,524735,20375,56.68
20260921,524742,1387,42.47
20260921,524743,128287,61.67
20260921,524748,248,100.0
20260921,524752,15927,95.11
20260921,524768,954,99.38
20260921,524774,131,68.95
20260921,524790,899,89.72
20260921,524804,26438,44.23
20260921,524808,1196,96.06
20260921,524816,17570,57.2
20260921,524818,45,100.0
20260921,524820,6375,57.98
20260921,524824,2428,69.57
20260921,524828,1188,93.99
20260921,526001,1828,99.78
20260921,526025,16614,94.29
20260921,526027,7583,61.68
20260921,526043,3584,88.41
20260921,526071,1936,100.0
20260921,526073,514,100.0
20260921,526075,844,100.0
20260921,526081,2359,100.0
20260921,526095,50,79.36
20260921,526113,178,100.0
20260921,526117,100,100.0
20260921,526125,74,100.0
20260921,526133,1100,100.0
20260921,526137,700,87.5
20260921,526139,9787,73.24
20260921,526143,3644,97.59
20260921,526159,11316,60.28
20260921,526161,717,100.0
20260921,526169,7222,79.59
20260921,526173,11114,66.66
20260921,526179,1144,86.08
20260921,526187,16,100.0
20260921,526193,2681,99.89
20260921,526211,3245,76.57
20260921,526217,153,100.0
20260921,526227,513366,56.33
20260921,526231,31337,100.0
20260921,526237,917,89.9
20260921,526241,7917,100.0
20260921,526247,5857,84.95
20260921,526251,6615,100.0
20260921,526263,4633,100.0
20260921,526269,2967,67.2
20260921,526299,4324,52.82
20260921,526315,5839,100.0
20260921,526325,700,100.0
20260921,526331,50,100.0
20260921,526335,361,100.0
20260921,526345,349,97.76
20260921,526355,337,99.7
20260921,526365,1198,67.38
20260921,526367,814,60.97
20260921,526371,344163,55.29
20260921,526373,7,100.0
20260921,526381,31223,70.31
20260921,526397,474,100.0
20260921,526407,3023,90.13
20260921,526409,26462,94.55
20260921,526415,125719,72.72
20260921,526423,3175,99.97
20260921,526433,13818,57.7
20260921,526435,1106,100.0
20260921,526439,3999,100.0
20260921,526441,7908,59.03
20260921,526443,91061,62.14
20260921,526445,115147,100.0
20260921,526468,3837,100.0
20260921,526471,673,74.53
20260921,526473,14070,85.71
20260921,526479,2541,82.66
20260921,526481,3040,82.61
20260921,526488,1444,100.0
20260921,526490,21596,66.89
20260921,526492,2653,93.15
20260921,526494,702,100.0
20260921,526500,105,100.0
20260921,526504,45156,100.0
20260921,526506,6178,100.0
20260921,526508,1499,61.16
20260921,526519,31,100.0
20260921,526525,6,100.0
20260921,526530,4149,100.0
20260921,526532,2345,71.93
20260921,526544,13620,99.2
20260921,526546,14784,100.0
20260921,526550,5672,82.29
20260921,526570,5320,65.09
20260921,526582,1058,66.0
20260921,526588,105,100.0
20260921,526596,1056,91.43
20260921,526604,3971,100.0
20260921,526608,583,73.61
20260921,526612,389,74.52
20260921,526614,1074,100.0
20260921,526616,1220,84.08
20260921,526622,1680226,58.96
20260921,526638,15979,72.29
20260921,526640,2729,99.53
20260921,526642,6143,68.61
20260921,526650,95771,50.32
20260921,526654,500,93.98
20260921,526666,171,90.96
20260921,526668,5407,76.6
20260921,526675,16331,82.78
20260921,526677,262,100.0
20260921,526683,50,100.0
20260921,526703,552,99.64
20260921,526705,103,78.03
20260921,526709,23872,60.28
20260921,526711,3636,81.36
20260921,526717,10732,100.0
20260921,526721,533,98.7
20260921,526723,71,86.59
20260921,526725,7,100.0
20260921,526727,4174,82.72
20260921,526729,14688,62.9
20260921,526731,2701,89.64
20260921,526739,1535,79.57
20260921,526747,3102,78.67
20260921,526755,1275,100.0
20260921,526775,22082,71.01
20260921,526783,206,51.76
20260921,526795,100,100.0
20260921,526797,2845,71.21
20260921,526807,613,53.35
20260921,526813,30,100.0
20260921,526817,62,100.0
20260921,526821,14,100.0
20260921,526823,1,100.0
20260921,526827,12892,100.0
20260921,526829,84276,50.35
20260921,526839,551,100.0
20260921,526841,301086,81.89
20260921,526847,1908,76.94
20260921,526849,111,100.0
20260921,526851,100,100.0
20260921,526853,31056,100.0
20260921,526859,28889,96.74
20260921,526861,22844,72.9
20260921,526865,63,100.0
20260921,526869,100,100.0
20260921,526871,4192,99.27
20260921,526873,492,100.0
20260921,526881,6700,45.58
20260921,526883,1020,100.0
20260921,526885,360,82.95
20260921,526887,2821,100.0
20260921,526899,10045,86.42
20260921,526901,788,75.92
20260921,526905,917,61.88
20260921,526921,752,98.69
20260921,526931,265,63.25
20260921,526935,16583751,56.78
20260921,526945,521,100.0
20260921,526947,5724,71.38
20260921,526951,528,63.77
20260921,526953,3159,62.58
20260921,526961,22865,94.77
20260921,526965,1090,91.29
20260921,526971,1686,100.0
20260921,526981,520,91.23
20260921,526983,100,100.0
20260921,526987,54931,75.81
20260921,527001,9434,42.43
20260921,527005,21147,78.51
20260921,530001,1527,45.11
20260921,530005,3538,62.39
20260921,530007,21328,57.8
20260921,530017,2904,74.96
20260921,530019,17825,47.57
20260921,530023,1261,72.02
20260921,530025,5673,100.0
20260921,530027,3944,100.0
20260921,530037,929,59.78
20260921,530043,4716,94.53
20260921,530045,5482,17.2
20260921,530053,29749,64.73
20260921,530055,100,100.0
20260921,530057,20364,91.06
20260921,530063,9875,100.0
20260921,530065,25,92.59
20260921,530067,1045,77.24
20260921,530073,5058,67.16
20260921,530075,19096,37.46
20260921,530077,1890,53.62
20260921,530079,1727,77.48
20260921,530093,15,100.0
20260921,530109,96935,74.65
20260921,530111,2475,83.19
20260921,530117,3267,53.16
20260921,530119,2174,79.81
20260921,530125,621,61.42
20260921,530127,1272,100.0
20260921,530129,590,87.41
20260921,530133,34,100.0
20260921,530135,3004,36.18
20260921,530139,3040,100.0
20260921,530145,8125,100.0
20260921,530151,4192,100.0
20260921,530163,5875,71.43
20260921,530167,2450,100.0
20260921,530169,211,57.18
20260921,530171,1975,100.0
20260921,530173,310,100.0
20260921,530175,14332,87.82
20260921,530177,2941,100.0
20260921,530179,1611,100.0
20260921,530185,33666,90.66
20260921,530187,21549,100.0
20260921,530199,2819,83.11
20260921,530201,46160,100.0
20260921,530207,1097,100.0
20260921,530213,1103,97.78
20260921,530215,9820,82.13
20260921,530217,104140,80.92
20260921,530231,36,100.0
20260921,530233,2207,87.72
20260921,530239,10455,46.37
20260921,530245,185,71.43
20260921,530249,1742910,92.53
20260921,530251,84439,100.0
20260921,530253,25578,100.0
20260921,530255,943,62.49
20260921,530259,1828,100.0
20260921,530263,195360,95.62
20260921,530265,1844,78.14
20260921,530267,3618,80.7
20260921,530271,103,88.03
20260921,530281,1969,100.0
20260921,530289,311,88.86
20260921,530299,390,100.0
20260921,530305,3742,51.13
20260921,530307,1689,39.52
20260921,530309,2804,96.23
20260921,530313,11313,99.72
20260921,530315,3176,55.51
20260921,530317,2069,89.96
20260921,530331,91,96.81
20260921,530341,101,100.0
20260921,530343,22695,39.68
20260921,530355,15432,49.63
20260921,530357,41892,57.63
20260921,530361,28985,100.0
20260921,530363,24177,69.66
20260921,530365,695,86.88
20260921,530367,29591,39.43
20260921,530369,17,100.0
20260921,530377,12825,83.68
20260921,530393,4782,100.0
20260921,530401,998,97.46
20260921,530405,1368,96.13
20260921,530407,2187,66.11
20260921,530419,218,97.32
20260921,530421,2518,99.96
20260921,530427,1196,99.92
20260921,530429,101,100.0
20260921,530433,345,99.71
20260921,530439,7538,100.0
20260921,530443,970,100.0
20260921,530445,951,99.69
20260921,530449,836,100.0
20260921,530457,23848,66.0
20260921,530459,15296,100.0
20260921,530461,37696,78.28
20260921,530469,196,100.0
20260921,530475,2031,65.1
20260921,530477,15212,69.56
20260921,530495,544,98.19
20260921,530499,527,96.17
20260921,530517,21320,46.13
20260921,530521,3681,96.18
20260921,530525,48737,100.0
20260921,530533,602,97.89
20260921,530545,3363,91.04
20260921,530549,26951,34.46
20260921,530555,44844,66.82
20260921,530557,1090584,100.0
20260921,530565,10491,100.0
20260921,530577,681,100.0
20260921,530579,3915,100.0
20260921,530581,12,100.0
20260921,530585,9727,100.0
20260921,530589,2681,69.24
20260921,530595,8714,100.0
20260921,530609,15,100.0
20260921,530611,185827,100.0
20260921,530615,5663,100.0
20260921,530617,159895,78.67
20260921,530621,462,100.0
20260921,530627,1345,74.85
20260921,530643,3109,76.24
20260921,530655,16363,46.35
20260921,530663,25150,100.0
20260921,530665,23712,66.65
20260921,530669,2,100.0
20260921,530675,1024,100.0
20260921,530677,2162,89.49
20260921,530689,6469,87.3
20260921,530695,11062,98.72
20260921,530697,796,95.67
20260921,530699,3133,100.0
20260921,530705,1187,100.0
20260921,530709,6052,100.0
20260921,530711,474,36.72
20260921,530723,113,100.0
20260921,530733,301,100.0
20260921,530735,150,99.34
20260921,530741,14704,100.0
20260921,530745,90005,100.0
20260921,530747,687,100.0
20260921,530755,2,100.0
20260921,530759,1650,100.0
20260921,530771,1,100.0
20260921,530779,5,83.33
20260921,530789,54,91.53
20260921,530795,28,100.0
20260921,530799,3,100.0
20260921,530803,84512,54.48
20260921,530805,88844,78.72
20260921,530809,3,100.0
20260921,530813,3430,56.43
20260921,530821,6925,92.0
20260921,530825,905,100.0
20260921,530829,5201,56.4
20260921,530839,3642,100.0
20260921,530843,3329936,42.91
20260921,530845,330,93.22
20260921,530853,213,100.0
20260921,530871,40,100.0
20260921,530879,39796,94.84
20260921,530881,77869,77.53
20260921,530883,19042,100.0
20260921,530889,169,100.0
20260921,530897,1053,98.14
20260921,530899,8,100.0
20260921,530907,97098,100.0
20260921,530919,7975,81.88
20260921,530925,1371,86.99
20260921,530927,100,100.0
20260921,530929,2,100.0
20260921,530931,48,100.0
20260921,530943,71726,78.84
20260921,530951,1161,53.45
20260921,530953,34,94.44
20260921,530959,1006,100.0
20260921,530961,217383,65.25
20260921,530965,170551,66.6
20260921,530973,64,100.0
20260921,530977,143,78.14
20260921,530979,4976,20.81
20260921,530985,60,100.0
20260921,530991,3028,96.62
20260921,530993,220,86.61
20260921,530997,870,79.67
20260921,530999,1870,39.11
20260921,531003,6,100.0
20260921,531015,7059,74.54
20260921,531017,940,64.96
20260921,531025,423612,63.51
20260921,531027,12,100.0
20260921,531029,100,100.0
20260921,531033,200,100.0
20260921,531035,4597,100.0
20260921,531039,3009,100.0
20260921,531041,654,92.9
20260921,531049,2288,100.0
20260921,531051,40,100.0
20260921,531065,21,100.0
20260921,531067,2640,79.93
20260921,531069,22,100.0
20260921,531082,17609,89.62
20260921,531083,7250,94.56
20260921,531091,36,69.23
20260921,531092,3049,75.19
20260921,531099,81842,100.0
20260921,531109,1109,78.43
20260921,531111,400,100.0
20260921,531112,13418,42.04
20260921,531119,291,100.0
20260921,531120,52268,51.11
20260921,531126,151748,90.13
20260921,531127,41873,100.0
20260921,531129,787,92.15
20260921,531137,32980,77.62
20260921,531144,2732,98.88
20260921,531146,4203,100.0
20260921,531147,3591,67.07
20260921,531153,28305,88.33
20260921,531155,57,100.0
20260921,531156,19680,100.0
20260921,531157,203,100.0
20260921,531158,1774,91.54
20260921,531161,88,100.0
20260921,531162,59718,55.61
20260921,531163,1470,66.73
20260921,531169,278,52.35
20260921,531173,85496,95.15
20260921,531176,3309,96.87
20260921,531178,5039,76.33
20260921,531179,1073,83.05
20260921,531191,1011,71.65
20260921,531199,4,100.0
20260921,531201,1300,69.93
20260921,531203,200,100.0
20260921,531205,2159630,29.22
20260921,531207,1,100.0
20260921,531209,525,84.95
20260921,531210,1676,100.0
20260921,531212,2320,61.1
20260921,531213,26703,50.88
20260921,531215,739,62.68
20260921,531216,68995,95.15
20260921,531221,1172,90.92
20260921,531223,3137,97.33
20260921,531225,1272,81.17
20260921,531228,3,100.0
20260921,531233,14008,74.22
20260921,531234,60,100.0
20260921,531235,46,100.0
20260921,531237,31100,100.0
20260921,531240,500,100.0
20260921,531241,1303,89.12
20260921,531246,1003,96.44
20260921,531253,1359,97.56
20260921,531254,9757,97.7
20260921,531255,967,99.59
20260921,531257,10175,95.32
20260921,531259,1273,100.0
20260921,531260,22612,100.0
20260921,531265,4000,100.0
20260921,531266,695,65.2
20260921,531268,63438,65.34
20260921,531272,2711,98.83
20260921,531273,133852,73.99
20260921,531278,298,78.84
20260921,531279,13351,100.0
20260921,531280,10281,100.0
20260921,531281,53685,100.0
20260921,531286,2,100.0
20260921,531287,812,89.04
20260921,531288,1650,62.26
20260921,531289,77875,100.0
20260921,531297,1251,87.12
20260921,531300,113396,100.0
20260921,531301,55,100.0
20260921,531306,1242,85.83
20260921,531307,3508,88.63
20260921,531310,6005,91.48
20260921,531319,3196,61.82
20260921,531322,430,100.0
20260921,531324,10,100.0
20260921,531328,2569227,65.53
20260921,531334,140,100.0
20260921,531335,5401,46.45
20260921,531340,127,100.0
20260921,531341,60,85.71
20260921,531344,14324,41.02
20260921,531346,2723,85.68
20260921,531349,1801,49.61
20260921,531352,2,100.0
20260921,531357,58227,69.68
20260921,531358,25893,67.7
20260921,531359,800,75.83
20260921,531364,2607,87.42
20260921,531370,9349,71.63
20260921,531373,2687,98.28
20260921,531380,213,100.0
20260921,531381,238,73.01
20260921,531387,4001,100.0
20260921,531390,40944,88.13
20260921,531395,325468,100.0
20260921,531396,397,100.0
20260921,531397,110,100.0
20260921,531398,493,84.13
20260921,531399,64627,93.43
20260921,531400,3590,82.09
20260921,531402,4980,92.43
20260921,531406,461,100.0
20260921,531409,400,100.0
20260921,531411,1229024,22.41
20260921,531412,67,100.0
20260921,531413,450,100.0
20260921,531416,1,100.0
20260921,531417,60361,84.58
20260921,531420,868,100.0
20260921,531426,3291,69.2
20260921,531431,22093,52.43
20260921,531433,17405,97.72
20260921,531436,404,92.66
20260921,531437,5049,80.85
20260921,531439,2388,100.0
20260921,531449,172086,34.84
20260921,531453,1,100.0
20260921,531454,3412,88.83
20260921,531456,14662,100.0
20260921,531458,44268,100.0
20260921,531460,127,100.0
20260921,531463,115,100.0
20260921,531465,144961,100.0
20260921,531471,4387,100.0
20260921,531472,6075,85.18
20260921,531486,61481,100.0
20260921,531489,2480,71.35
20260921,531494,311409,88.22
20260921,531495,166,100.0
20260921,531496,21593,100.0
20260921,531497,3215,78.09
20260921,531499,18020,100.0
20260921,531500,29268,100.0
20260921,531502,177773,65.12
20260921,531503,1726,86.21
20260921,531505,1540,100.0
20260921,531508,7868,52.16
20260921,531509,101,100.0
20260921,531512,392945,82.47
20260921,531515,3411,100.0
20260921,531518,124808,100.0
20260921,531525,49575,100.0
20260921,531529,74300,100.0
20260921,531530,5050,88.19
20260921,531531,2380,53.11
20260921,531533,5356,78.49
20260921,531537,5963,100.0
20260921,531539,4290,80.94
20260921,531540,3607,64.84
20260921,531541,957,100.0
20260921,531543,68145,30.74
20260921,531548,6938,51.09
20260921,531550,3498,87.06
20260921,531552,2947,98.1
20260921,531553,813,100.0
20260921,531556,522,96.49
20260921,531557,24,100.0
20260921,531569,3383,79.06
20260921,531574,27,100.0
20260921,531583,1499,99.73
20260921,531591,11074,99.99
20260921,531592,79629,89.95
20260921,531594,14,100.0
20260921,531595,17261,54.92
20260921,531599,9630,62.09
20260921,531600,60,100.0
20260921,531608,626,75.79
20260921,531613,2092,100.0
20260921,531616,102,100.0
20260921,531624,5260,100.0
20260921,531626,77891,83.82
20260921,531628,5183,100.0
20260921,531633,2147,78.44
20260921,531635,375,100.0
20260921,531637,3605,81.58
20260921,531642,14328,53.44
20260921,531644,1099,90.6
20260921,531647,1,100.0
20260921,531651,243,100.0
20260921,531652,481,99.38
20260921,531658,6564,72.77
20260921,531661,2459,100.0
20260921,531663,36321,78.19
20260921,531667,28157,100.0
20260921,531668,880,100.0
20260921,531671,20630,85.03
20260921,531672,804,100.0
20260921,531673,6676,62.17
20260921,531676,305,100.0
20260921,531680,17444,100.0
20260921,531681,37017,100.0
20260921,531686,400,100.0
20260921,531688,194,100.0
20260921,531692,6858,100.0
20260921,531694,4290,89.86
20260921,531716,37989,100.0
20260921,531717,1601,64.69
20260921,531719,846,59.45
20260921,531723,9770893,100.0
20260921,531726,3923,82.11
20260921,531727,8905,100.0
20260921,531737,237192,56.22
20260921,531739,249323,79.08
20260921,531744,4,100.0
20260921,531746,506,98.25
20260921,531752,1062011,37.0
20260921,531758,249,99.2
20260921,531761,8442,45.05
20260921,531762,2558,100.0
20260921,531768,4189,67.64
20260921,531769,2666,100.0
20260921,531771,1715,87.54
20260921,531778,3855,78.43
20260921,531779,581,100.0
20260921,531780,18270,68.17
20260921,531784,155371,47.93
20260921,531794,16650,100.0
20260921,531795,2562,63.17
20260921,531802,6635,99.98
20260921,531810,393,100.0
20260921,531812,80791,100.0
20260921,531814,2832,68.79
20260921,531821,1,100.0
20260921,531822,1,100.0
20260921,531832,5131,100.0
20260921,531834,201,100.0
20260921,531840,22973,68.79
20260921,531841,7988,100.0
20260921,531842,767,98.71
20260921,531845,30389,72.77
20260921,531847,1516,70.28
20260921,531859,11852,67.61
20260921,531861,2544,84.18
20260921,531862,10950,89.03
20260921,531867,29,100.0
20260921,531869,22268,68.57
20260921,531870,1,100.0
20260921,531878,164,100.0
20260921,531887,1000,100.0
20260921,531888,4363,78.3
20260921,531889,319242,82.33
20260921,531892,1576,59.49
20260921,531893,496678,47.88
20260921,531900,941,75.89
20260921,531902,353,100.0
20260921,531909,13789,100.0
20260921,531910,69809,100.0
20260921,531911,464,100.0
20260921,531913,1607,62.09
20260921,531918,61,100.0
20260921,531921,1123,62.56
20260921,531923,20746,73.31
20260921,531925,4510,75.17
20260921,531928,11,100.0
20260921,531929,1437,100.0
20260921,531930,144,100.0
20260921,531931,104,56.52
20260921,531936,20,100.0
20260921,531944,5,100.0
20260921,531950,13236,93.85
20260921,531952,359,100.0
20260921,531959,108063,72.07
20260921,531960,105665,100.0
20260921,531962,765,71.97
20260921,531971,1,100.0
20260921,531977,35863,100.0
20260921,531978,381,83.37
20260921,531979,325,77.75
20260921,531980,100,100.0
20260921,531982,62614,100.0
20260921,531989,10,100.0
20260921,531991,18199,100.0
20260921,531994,49,100.0
20260921,531996,1543,99.36
20260921,531997,114246,100.0
20260921,532001,130,54.62
20260921,532005,1050,91.3
20260921,532011,20188,92.4
20260921,532015,24606,80.99
20260921,532016,27,96.43
20260921,532019,46354,97.37
20260921,532022,276800,100.0
20260921,532029,31550,55.82
20260921,532039,2981,92.55
20260921,532041,1662,100.0
20260921,532042,1039,99.81
20260921,532051,452,95.36
20260921,532053,85,88.54
20260921,532054,10509,96.97
20260921,532056,415,58.04
20260921,532057,22,47.83
20260921,532067,1727,75.55
20260921,532070,73659,91.05
20260921,532072,139949,100.0
20260921,532078,10,100.0
20260921,532090,7738,86.03
20260921,532092,80747,79.01
20260921,532100,356,99.72
20260921,532102,5580,99.98
20260921,532113,2915,92.1
20260921,532123,75109,63.31
20260921,532124,2585,100.0
20260921,532131,3195,99.91
20260921,532134,723318,85.85
20260921,532139,67,100.0
20260921,532140,16765,65.03
20260921,532141,2313,91.82
20260921,532143,7102,67.29
20260921,532144,51014,32.33
20260921,532145,1450,99.86
20260921,532149,91372,67.26
20260921,532150,6776,74.38
20260921,532154,494474,85.03
20260921,532155,1271238,97.19
20260921,532156,6462,56.62
20260921,532159,3393,81.8
20260921,532160,5099,52.03
20260921,532162,7389,60.28
20260921,532163,9385,60.25
20260921,532164,475,100.0
20260921,532167,2570,100.0
20260921,532172,12062,97.5
20260921,532173,4004,100.0
20260921,532174,35840,67.06
20260921,532175,3068,42.88
20260921,532178,301920,45.68
20260921,532180,24763,62.06
20260921,532181,22452,47.62
20260921,532183,135070,76.06
20260921,532187,93973,90.32
20260921,532189,860,56.25
20260921,532209,79748,49.45
20260921,532210,19214,42.79
20260921,532212,61102,74.48
20260921,532215,10623,53.55
20260921,532216,342,99.42
20260921,532217,31532,100.0
20260921,532218,279791,44.1
20260921,532219,1241,85.94
20260921,532221,16530,62.08
20260921,532230,3936,100.0
20260921,532234,84798,50.03
20260921,532240,2259,54.38
20260921,532256,34,80.95
20260921,532259,4175,45.67
20260921,532262,402,100.0
20260921,532268,517,89.76
20260921,532271,43169,92.49
20260921,532275,24811,59.42
20260921,532281,107417,71.68
20260921,532284,1234,98.01
20260921,532285,8202,57.8
20260921,532286,217844,90.31
20260921,532290,23821,92.77
20260921,532296,6211,43.53
20260921,532300,54226,42.25
20260921,532303,200,100.0
20260921,532304,679,68.17
20260921,532305,19375,48.69
20260921,532309,27756,64.56
20260921,532310,10887,99.08
20260921,532313,2593,74.47
20260921,532315,1050,99.34
20260921,532320,1540,93.79
20260921,532321,7840,38.99
20260921,532323,15684,64.86
20260921,532324,2341,89.97
20260921,532326,7330,95.47
20260921,532329,2463,100.0
20260921,532331,1538,61.03
20260921,532332,17,100.0
20260921,532333,57,75.0
20260921,532335,2318,99.06
20260921,532336,201,100.0
20260921,532339,5778,76.56
20260921,532340,150,50.0
20260921,532341,2970,49.67
20260921,532343,4488,57.56
20260921,532344,13,100.0
20260921,532348,245385,52.16
20260921,532349,832,61.45
20260921,532350,1478,100.0
20260921,532351,78321,100.0
20260921,532354,44921,100.0
20260921,532355,1556,98.42
20260921,532356,12601,32.2
20260921,532357,46,100.0
20260921,532359,91198,78.05
20260921,532362,5299,95.32
20260921,532365,1142,74.98
20260921,532366,8011,55.87
20260921,532368,593860,53.94
20260921,532369,1799,75.97
20260921,532370,1147,57.93
20260921,532371,137776,60.9
20260921,532372,1272,86.24
20260921,532373,6989,92.62
20260921,532374,102504,100.0
20260921,532375,4735,63.06
20260921,532376,801,73.42
20260921,532378,129,71.67
20260921,532379,4084,100.0
20260921,532380,1072,76.68
20260921,532382,7322,85.96
20260921,532384,12117,73.83
20260921,532386,27674,100.0
20260921,532387,745,84.76
20260921,532388,46098,72.39
20260921,532390,2561,70.63
20260921,532392,880,100.0
20260921,532395,5649,52.43
20260921,532397,22,100.0
20260921,532398,8349,96.71
20260921,532400,33161,55.47
20260921,532402,769,100.0
20260921,532403,45,100.0
20260921,532404,3651,82.03
20260921,532406,42789,59.85
20260921,532407,70326,63.4
20260921,532408,23760,100.0
20260921,532410,1889,90.25
20260921,532413,4120,100.0
20260921,532416,759,98.57
20260921,532419,287,100.0
20260921,532424,17961,35.97
20260921,532425,24377,100.0
20260921,532430,2415,76.86
20260921,532432,7991,53.95
20260921,532435,2122,100.0
20260921,532439,8775,51.13
20260921,532440,471,63.48
20260921,532443,231,75.0
20260921,532444,6072,100.0
20260921,532454,199774,76.21
20260921,532455,7551,63.15
20260921,532456,1817,100.0
20260921,532457,4700,72.24
20260921,532460,500,98.81
20260921,532461,234223,57.95
20260921,532466,5906,46.34
20260921,532467,123641,76.73
20260921,532468,2172,91.34
20260921,532470,1,100.0
20260921,532475,24783,60.05
20260921,532477,86075,54.22
20260921,532478,1388,58.94
20260921,532481,12912,88.88
20260921,532482,12015,51.19
20260921,532483,146493,51.68
20260921,532485,15873,60.73
20260921,532486,1216,52.03
20260921,532488,4797,46.03
20260921,532493,6722,57.04
20260921,532497,8310,65.89
20260921,532500,98073,90.85
20260921,532503,215,88.48
20260921,532504,858,38.35
20260921,532505,193305,68.6
20260921,532507,6964,51.01
20260921,532508,6628,45.93
20260921,532509,2416,50.06
20260921,532513,1710,67.38
20260921,532514,41332,65.66
20260921,532515,1075,71.29
20260921,532521,512,94.46
20260921,532522,8152,44.07
20260921,532523,42202,40.01
20260921,532524,36775,38.53
20260921,532525,141598,37.42
20260921,532527,7711,54.72
20260921,532528,1802,32.73
20260921,532529,3658,73.01
20260921,532531,16464,62.52
20260921,532538,3186,55.88
20260921,532539,155671,86.76
20260921,532540,109607,48.33
20260921,532541,73487,77.1
20260921,532543,5979,100.0
20260921,532548,1877,51.41
20260921,532553,708005,94.05
20260921,532555,312447,75.85
20260921,532604,24959,46.6
20260921,532605,7230,60.99
20260921,532610,55640,48.65
20260921,532612,9443,72.59
20260921,532613,2920,97.53
20260921,532614,16,100.0
20260921,532616,6869,90.04
20260921,532624,219,66.57
20260921,532626,20719,54.35
20260921,532627,4948887,27.88
20260921,532628,42274,100.0
20260921,532629,320,100.0
20260921,532630,11374,52.28
20260921,532633,216,87.8
20260921,532636,7245,38.99
20260921,532637,5526,69.82
20260921,532638,1645,77.38
20260921,532640,5309,100.0
20260921,532641,80326,92.93
20260921,532642,107,59.44
20260921,532644,493,57.33
20260921,532645,299,100.0
20260921,532648,2592620,63.05
20260921,532649,4683,79.44
20260921,532650,19811,81.27
20260921,532651,100,100.0
20260921,532652,16434,45.48
20260921,532654,28264,100.0
20260921,532656,236913,98.61
20260921,532660,36561,100.0
20260921,532661,1753,65.17
20260921,532662,1239,100.0
20260921,532663,152,71.36
20260921,532665,1,100.0
20260921,532666,155259,64.95
20260921,532667,1641246,59.56
20260921,532668,1500,51.42
20260921,532670,240862,48.08
20260921,532673,4523,76.84
20260921,532674,7025,100.0
20260921,532676,4099,100.0
20260921,532683,10225,86.32
20260921,532684,4882,69.42
20260921,532686,4636,41.42
20260921,532687,443,97.79
20260921,532689,32219,63.37
20260921,532694,34328,90.48
20260921,532695,5467,99.71
20260921,532696,6951,100.0
20260921,532698,9560,77.77
20260921,532699,1249,97.12
20260921,532700,380,98.7
20260921,532701,17003,100.0
20260921,532705,2948,78.93
20260921,532707,949,91.34
20260921,532708,162199,100.0
20260921,532710,17485,98.79
20260921,532712,1064573,100.0
20260921,532713,137518,81.66
20260921,532714,13463,48.77
20260921,532716,125,99.21
20260921,532717,734,61.42
20260921,532719,7148,64.48
20260921,532720,22184,37.53
20260921,532721,5857,88.58
20260921,532722,13006,37.48
20260921,532723,172,100.0
20260921,532725,11579,36.54
20260921,532726,1699,48.4
20260921,532728,120,92.31
20260921,532729,2483,43.1
20260921,532730,1432,99.86
20260921,532732,225,81.23
20260921,532733,25064,65.09
20260921,532734,54917,51.59
20260921,532735,4474,50.79
20260921,532737,532,98.34
20260921,532738,393345,100.0
20260921,532740,3497,83.64
20260921,532741,188317,46.43
20260921,532742,1100,62.39
20260921,532744,2015,78.22
20260921,532748,99262,51.64
20260921,532749,198139,51.02
20260921,532754,864394,45.5
20260921,532755,169777,94.06
20260921,532756,13596,57.03
20260921,532757,365,29.55
20260921,532759,2756,96.06
20260921,532761,2563,99.92
20260921,532762,61169,62.91
20260921,532764,4,100.0
20260921,532767,259499,65.18
20260921,532768,2220,68.67
20260921,532771,5404,74.93
20260921,532772,15622,41.33
20260921,532773,1320,87.42
20260921,532774,372,98.94
20260921,532775,2451268,55.36
20260921,532776,165052,75.44
20260921,532777,48795,61.36
20260921,532779,102783,96.66
20260921,532780,96556,100.0
20260921,532782,294,100.0
20260921,532783,10683,48.8
20260921,532784,110070,96.83
20260921,532785,3056,95.0
20260921,532790,13951,28.94
20260921,532794,51946,81.67
20260921,532795,671,100.0
20260921,532796,3585,41.92
20260921,532797,17589,63.54
20260921,532798,62624,61.46
20260921,532799,3921,56.89
20260921,532801,780,100.0
20260921,532804,423,79.66
20260921,532805,33724,35.92
20260921,532806,6607,100.0
20260921,532807,1445,80.1
20260921,532808,3570,53.06
20260921,532809,23276,63.17
20260921,532810,698448,73.7
20260921,532811,3866,75.55
20260921,532812,4421,99.98
20260921,532814,10598,52.83
20260921,532815,42830,53.72
20260921,532817,3031,97.71
20260921,532820,9216,61.67
20260921,532822,10356983,60.16
20260921,532825,10112,100.0
20260921,532826,1141,99.82
20260921,532827,164,55.78
20260921,532828,2342,100.0
20260921,532829,5524,24.28
20260921,532830,3808,40.56
20260921,532832,292135,70.33
20260921,532834,34357,53.77
20260921,532835,2426,89.75
20260921,532839,183521,75.74
20260921,532841,549,97.34
20260921,532842,11136,66.12
20260921,532843,215538,83.81
20260921,532845,398,99.25
20260921,532847,9745,63.39
20260921,532848,188544,50.28
20260921,532850,24956,100.0
20260921,532851,596,80.65
20260921,532853,346,100.0
20260921,532855,23,100.0
20260921,532856,16210,42.52
20260921,532859,756,77.38
20260921,532864,2124,69.8
20260921,532866,10146,100.0
20260921,532867,42772,51.79
20260921,532868,964339,92.67
20260921,532869,1351,68.2
20260921,532870,39801,100.0
20260921,532872,28341,49.72
20260921,532873,19313,100.0
20260921,532875,8665,58.19
20260921,532878,284,96.6
20260921,532880,44657,80.31
20260921,532884,125804,31.97
20260921,532885,404480,75.67
20260921,532886,3051,100.0
20260921,532887,25202,100.0
20260921,532888,25876,35.58
20260921,532889,511035,96.78
20260921,532890,118865,80.69
20260921,532891,6061,50.74
20260921,532892,5556,55.87
20260921,532893,4261,89.71
20260921,532894,5020,93.64
20260921,532895,5952,71.96
20260921,532896,409,67.05
20260921,532898,330263,87.02
20260921,532899,4291,83.68
20260921,532900,677810,50.76
20260921,532902,12263,68.13
20260921,532904,2099,88.42
20260921,532906,2738,68.13
20260921,532907,3893,100.0
20260921,532911,157271,100.0
20260921,532915,12392,50.49
20260921,532916,536,96.93
20260921,532918,807,64.56
20260921,532921,33710,50.53
20260921,532922,332067,38.05
20260921,532923,22246,54.45
20260921,532924,951,43.74
20260921,532926,19918,46.12
20260921,532927,4192,42.91
20260921,532928,24287,54.26
20260921,532929,3775,43.44
20260921,532930,10022,100.0
20260921,532931,5629,100.0
20260921,532932,958,85.08
20260921,532933,5093,95.05
20260921,532934,1226,100.0
20260921,532935,525,100.0
20260921,532937,28392,66.39
20260921,532939,1030486,42.32
20260921,532940,241,50.31
20260921,532941,5194,64.13
20260921,532942,58114,64.49
20260921,532944,9468,100.0
20260921,532945,404743,61.91
20260921,532946,2036,100.0
20260921,532947,1994667,70.85
20260921,532951,12335,77.61
20260921,532952,75,97.4
20260921,532953,36000,75.85
20260921,532955,38225,51.09
20260921,532957,5039,83.39
20260921,532966,22112,49.61
20260921,532967,11353,56.36
20260921,532974,1954,93.9
20260921,532975,46823,100.0
20260921,532976,47109,59.85
20260921,532977,1785,57.52
20260921,532978,204987,97.67
20260921,532980,18512,95.09
20260921,532983,292,81.34
20260921,532985,1239,68.72
20260921,532986,5066,93.16
20260921,532989,4584,100.0
20260921,532992,1069,98.71
20260921,532993,1865,74.72
20260921,532994,957,85.91
20260921,532998,2080,99.9
20260921,533001,2225,99.91
20260921,533006,37314,100.0
20260921,533007,237224,100.0
20260921,533012,11274,81.87
20260921,533014,5589,97.44
20260921,533018,1,100.0
20260921,533019,2,100.0
20260921,533022,14099,50.5
20260921,533023,2294,61.58
20260921,533029,26807,54.27
20260921,533033,7581,43.66
20260921,533047,1826,56.78
20260921,533048,350023,100.0
20260921,533056,18823,72.79
20260921,533080,1902,77.29
20260921,533088,4851,45.29
20260921,533090,337185,70.95
20260921,533093,2380,99.92
20260921,533095,23,100.0
20260921,533096,837213,55.64
20260921,533098,73491,54.49
20260921,533100,11642,99.02
20260921,533101,149,100.0
20260921,533104,1343,65.67
20260921,533106,103521,74.9
20260921,533107,852,100.0
20260921,533108,1410,100.0
20260921,533110,49,98.0
20260921,533121,790,62.16
20260921,533122,833872,42.37
20260921,533137,19186,80.42
20260921,533138,1055,55.85
20260921,533146,1839,77.43
20260921,533148,516921,97.39
20260921,533149,444,100.0
20260921,533150,233571,94.89
20260921,533151,4321,91.49
20260921,533152,2456,98.56
20260921,533155,253296,80.76
20260921,533156,32581,52.46
20260921,533158,1581,48.26
20260921,533160,13398,49.1
20260921,533161,82,100.0
20260921,533162,81625,55.02
20260921,533164,6702,59.83
20260921,533166,95008,90.65
20260921,533167,1163,85.83
20260921,533168,1931,86.86
20260921,533169,5696,49.74
20260921,533170,319,100.0
20260921,533172,842,96.45
20260921,533177,34513,100.0
20260921,533179,22835,62.82
20260921,533181,2424,57.04
20260921,533192,3350,100.0
20260921,533193,3323,57.54
20260921,533202,213610,93.65
20260921,533203,5275,86.45
20260921,533206,137824,48.37
20260921,533208,6899,100.0
20260921,533210,82,100.0
20260921,533212,1793,99.94
20260921,533217,447,100.0
20260921,533229,8226,58.64
20260921,533230,199478,87.8
20260921,533239,49015,74.21
20260921,533244,134779,70.14
20260921,533248,97235,74.18
20260921,533257,27115,71.63
20260921,533259,1,33.33
20260921,533260,10744,75.02
20260921,533262,1280,75.07
20260921,533263,315716,58.0
20260921,533267,399,52.09
20260921,533269,7307,39.26
20260921,533270,24,100.0
20260921,533271,22573,49.38
20260921,533272,25895,54.25
20260921,533273,8087,50.08
20260921,533274,3423,50.46
20260921,533275,65607,66.31
20260921,533278,109555,56.91
20260921,533282,14520,61.07
20260921,533284,4509,88.81
20260921,533285,39663,76.98
20260921,533286,15396,72.55
20260921,533287,41660,91.32
20260921,533289,1562,90.6
20260921,533292,12287,88.97
20260921,533293,3532,28.4
20260921,533294,929,90.28
20260921,533295,36477,66.82
20260921,533296,1818,90.04
20260921,533298,8334,84.01
20260921,533301,59092,100.0
20260921,533302,132,89.8
20260921,533303,315,91.57
20260921,533306,215,93.48
20260921,533315,67359,100.0
20260921,533316,315,78.16
20260921,533326,42409,48.64
20260921,533329,2096,99.71
20260921,533333,453569,51.87
20260921,533336,16,94.12
20260921,533339,7845,53.45
20260921,533343,1885,99.74
20260921,533344,19379,76.19
20260921,533385,46819,56.47
20260921,533398,5454,59.76
20260921,533407,15250,100.0
20260921,533408,3478,51.74
20260921,533427,17944,91.62
20260921,533451,1618,96.89
20260921,533452,73281,100.0
20260921,533470,11597,72.48
20260921,533477,746,97.01
20260921,533482,9245,99.95
20260921,533499,2629,100.0
20260921,533506,95889,79.86
20260921,533519,43963,48.01
20260921,533520,1615615,77.88
20260921,533540,4375,99.27
20260921,533543,3949,83.14
20260921,533552,5549,78.03
20260921,533553,262263,74.36
20260921,533570,15569,79.76
20260921,533573,6637,45.04
20260921,533576,5009,90.73
20260921,533581,30931,46.92
20260921,533602,46889,95.61
20260921,533608,4829,61.53
20260921,533629,4057,100.0
20260921,533632,58858,100.0
20260921,533638,15820,100.0
20260921,533644,3367,58.82
20260921,533655,16884,61.09
20260921,533676,470327,66.55
20260921,533704,9254,98.48
20260921,533719,3209,89.76
20260921,533758,6432,43.93
20260921,533761,3767,48.97
20260921,533896,49,100.0
20260921,533941,502,65.71
20260921,533982,564,91.11
20260921,534060,221834,68.32
20260921,534063,29,100.0
20260921,534064,110729,100.0
20260921,534076,1510,69.36
20260921,534091,29704,34.33
20260921,534139,8660,57.23
20260921,534190,1019,67.0
20260921,534309,182775,44.34
20260921,534312,3769,100.0
20260921,534328,44,97.78
20260921,534338,1038,100.0
20260921,534369,23128,66.29
20260921,534392,5246,53.48
20260921,534422,11947,85.66
20260921,534425,252,100.0
20260921,534532,5117,93.22
20260921,534535,1491127,100.0
20260921,534597,68470,41.22
20260921,534598,972,94.74
20260921,534600,60685,49.47
20260921,534612,2347,68.73
20260921,534615,4660,100.0
20260921,534618,8125,54.98
20260921,534623,13296,83.53
20260921,534674,2242563,64.7
20260921,534675,4113,84.53
20260921,534680,89296,99.65
20260921,534691,2458,62.09
20260921,534708,6000,100.0
20260921,534732,1369,64.7
20260921,534733,387177,100.0
20260921,534741,52398,100.0
20260921,534742,1074,60.64
20260921,534748,209747,60.94
20260921,534755,58592,100.0
20260921,534796,155,75.24
20260921,534804,7465,91.16
20260921,534809,5868489,41.58
20260921,534816,24459,43.38
20260921,534920,1,100.0
20260921,534976,2252,60.2
20260921,535136,6100,44.82
20260921,535204,31897,100.0
20260921,535205,22892,63.95
20260921,535267,97050,83.85
20260921,535276,6111,82.06
20260921,535322,5955,59.8
20260921,535387,621004,100.0
20260921,535431,51487,88.25
20260921,535458,531,99.62
20260921,535566,1813,67.67
20260921,535601,1358,100.0
20260921,535602,3800,65.46
20260921,535620,120,100.0
20260921,535621,7963,55.14
20260921,535648,4059,64.12
20260921,535657,9307,89.1
20260921,535667,480,84.36
20260921,535693,790,97.17
20260921,535719,8160,62.25
20260921,535730,2302482,69.56
20260921,535754,15120,91.83
20260921,535755,63323,58.47
20260921,535789,77766,40.01
20260921,535910,77907,100.0
20260921,535916,4382,64.28
20260921,535917,12000,100.0
20260921,535958,146802,81.16
20260921,536073,42690,85.89
20260921,536264,5760,83.48
20260921,536493,121,84.62
20260921,536507,4086,100.0
20260921,536565,3512,83.03
20260921,536659,192863,53.63
20260921,536672,5829,97.1
20260921,536709,19108,100.0
20260921,536710,3000,100.0
20260921,536738,6000,50.0
20260921,536773,410,98.56
20260921,536846,11,100.0
20260921,536960,19467,76.47
20260921,536965,1,100.0
20260921,536974,2754,95.23
20260921,537007,21646,53.12
20260921,537008,5540,55.77
20260921,537069,5942,100.0
20260921,537254,57,100.0
20260921,537259,271,87.14
20260921,537291,1561,100.0
20260921,537292,1,100.0
20260921,537326,16705,91.24
20260921,537392,6464,100.0
20260921,537483,521,51.03
20260921,537536,5706,78.27
20260921,537707,196659,76.52
20260921,537708,3206,68.92
20260921,537709,12103,100.0
20260921,537750,3109,98.39
20260921,537766,128883,72.0
20260921,537785,556,54.09
20260921,537800,1681439,64.79
20260921,537820,379434,100.0
20260921,537839,1674,61.48
20260921,537840,7001,100.0
20260921,537985,745,75.94
20260921,538057,15077,69.7
20260921,538081,3930,96.66
20260921,538092,160,100.0
20260921,538119,32435,100.0
20260921,538212,1162,100.0
20260921,538268,1550,55.22
20260921,538273,17,100.0
20260921,538351,13892,100.0
20260921,538365,436,100.0
20260921,538395,275,100.0
20260921,538401,3313,49.73
20260921,538422,276601,57.18
20260921,538446,9823,100.0
20260921,538451,2536207,85.81
20260921,538464,10535,68.18
20260921,538465,18905,100.0
20260921,538476,61566,100.0
20260921,538520,14509,100.0
20260921,538521,231,75.0
20260921,538537,65,100.0
20260921,538539,24379,53.58
20260921,538540,75765,100.0
20260921,538542,1531,100.0
20260921,538546,11054,70.21
20260921,538556,881,51.43
20260921,538562,12521,36.11
20260921,538563,732,74.39
20260921,538564,255,90.75
20260921,538565,30804,52.53
20260921,538567,26234,97.95
20260921,538568,1357,100.0
20260921,538569,59033,100.0
20260921,538596,467,90.33
20260921,538597,5023,100.0
20260921,538598,4688,83.82
20260921,538607,705379,76.57
20260921,538609,293,85.92
20260921,538610,443239,100.0
20260921,538634,1892,94.79
20260921,538635,1437,95.36
20260921,538646,3671,84.98
20260921,538666,3192,55.54
20260921,538668,5845,18.03
20260921,538674,2088,100.0
20260921,538683,2154,41.5
20260921,538685,4,100.0
20260921,538706,326800,76.68
20260921,538707,201,80.08
20260921,538708,9553,92.39
20260921,538713,1806,64.13
20260921,538714,59,100.0
20260921,538715,3974,100.0
20260921,538716,68,40.24
20260921,538730,1195,61.41
20260921,538732,2400,100.0
20260921,538734,11859,56.84
20260921,538742,3564,100.0
20260921,538743,432,100.0
20260921,538772,27515,70.52
20260921,538777,70,100.0
20260921,538778,3603,96.49
20260921,538786,1860,99.89
20260921,538787,109834,89.55
20260921,538788,3411,92.39
20260921,538795,577,100.0
20260921,538812,5197,100.0
20260921,538817,73020,63.18
20260921,538833,1031,100.0
20260921,538834,14868,85.73
20260921,538835,3757,55.5
20260921,538836,6492,64.81
20260921,538837,3707,62.86
20260921,538838,261,100.0
20260921,538857,13558,91.24
20260921,538860,269133,100.0
20260921,538862,314,85.33
20260921,538868,496004,100.0
20260921,538874,4438,100.0
20260921,538881,19,100.0
20260921,538882,43003,77.1
20260921,538890,7436,66.82
20260921,538891,23967,69.5
20260921,538894,56,100.0
20260921,538895,226,100.0
20260921,538896,366,90.37
20260921,538897,749,100.0
20260921,538902,2132,100.0
20260921,538918,46630,100.0
20260921,538919,7,100.0
20260921,538920,53553,69.68
20260921,538922,94,52.81
20260921,538923,274981,100.0
20260921,538926,13487,61.97
20260921,538928,21820,88.83
20260921,538935,983,79.72
20260921,538942,217,99.54
20260921,538952,3428,100.0
20260921,538961,1708,100.0
20260921,538962,2639,55.26
20260921,538964,118,89.39
20260921,538965,1755,56.91
20260921,538970,62410,72.68
20260921,538975,70478,100.0
20260921,538979,4105,96.43
20260921,538987,2495,71.39
20260921,538992,1581,100.0
20260921,538993,5,100.0
20260921,539005,72,100.0
20260921,539006,484,57.35
20260921,539011,848,77.87
20260921,539012,28,96.55
20260921,539013,464,81.83
20260921,539014,11165,96.03
20260921,539016,555,80.55
20260921,539017,21807,71.74
20260921,539018,358,63.7
20260921,539026,4000,100.0
20260921,539031,151,94.97
20260921,539032,1916,99.58
20260921,539040,145250,88.11
20260921,539041,36250,100.0
20260921,539042,15676,41.78
20260921,539044,2589,100.0
20260921,539045,13881,99.81
20260921,539046,58302,70.78
20260921,539056,11142,58.63
20260921,539083,351055,54.28
20260921,539091,374998,100.0
20260921,539096,3041,100.0
20260921,539097,6496,100.0
20260921,539110,1083,100.0
20260921,539113,100,100.0
20260921,539115,2524,100.0
20260921,539117,5765,18.81
20260921,539118,7058,78.63
20260921,539120,31,100.0
20260921,539121,3876,96.51
20260921,539122,2719,99.89
20260921,539123,2613,99.81
20260921,539124,20,100.0
20260921,539126,202506,100.0
20260921,539132,90813,43.76
20260921,539141,2505,89.18
20260921,539143,141678,95.99
20260921,539148,4907,52.59
20260921,539149,396,67.69
20260921,539150,71104,70.19
20260921,539151,33626,62.87
20260921,539167,14,100.0
20260921,539174,112,98.25
20260921,539175,419,100.0
20260921,539176,361,100.0
20260921,539177,18414,62.21
20260921,539189,433,41.92
20260921,539190,12,100.0
20260921,539195,4908,78.24
20260921,539196,4649,70.0
20260921,539198,125,100.0
20260921,539199,4522,47.64
20260921,539200,11353,100.0
20260921,539201,3515,75.61
20260921,539206,944,100.0
20260921,539216,1056995,51.59
20260921,539217,1691766,58.03
20260921,539219,57988,86.14
20260921,539221,8892,50.46
20260921,539222,3220903,83.98
20260921,539224,2,100.0
20260921,539226,1289,88.71
20260921,539227,1565,67.49
20260921,539228,84856,100.0
20260921,539251,969,100.0
20260921,539252,15987,100.0
20260921,539254,17524,50.28
20260921,539255,3455,91.52
20260921,539265,1200,100.0
20260921,539267,30,81.08
20260921,539268,767259,82.89
20260921,539275,366,100.0
20260921,539276,124,100.0
20260921,539278,14560,100.0
20260921,539287,4608,100.0
20260921,539289,5316,80.33
20260921,539290,3531,72.92
20260921,539300,1486,82.14
20260921,539301,2744,55.91
20260921,539302,3304,74.97
20260921,539309,376403,100.0
20260921,539310,118495,100.0
20260921,539312,152,98.7
20260921,539313,4371,88.46
20260921,539314,12106,83.52
20260921,539331,17823,67.73
20260921,539332,40218,96.07
20260921,539334,2341,61.28
20260921,539335,7855,100.0
20260921,539336,57954,64.07
20260921,539337,4200,75.0
20260921,539346,23888,62.02
20260921,539353,1071,66.15
20260921,539354,753,100.0
20260921,539359,20827,100.0
20260921,539383,30,100.0
20260921,539384,523,100.0
20260921,539391,417,100.0
20260921,539398,693,81.82
20260921,539399,836,98.58
20260921,539400,108,95.58
20260921,539402,8113,100.0
20260921,539404,6310,81.35
20260921,539405,12653,99.97
20260921,539406,7,100.0
20260921,539407,1002,94.62
20260921,539408,55343,100.0
20260921,539409,2,100.0
20260921,539428,7327,84.93
20260921,539435,4660,74.43
20260921,539436,29244,49.15
20260921,539437,524128,61.56
20260921,539448,6313,32.11
20260921,539449,17822,66.73
20260921,539450,13789,81.05
20260921,539455,3789,59.39
20260921,539468,66,100.0
20260921,539469,42372,83.28
20260921,539470,234455,79.2
20260921,539479,22432,56.42
20260921,539480,3,60.0
20260921,539486,1530,100.0
20260921,539487,1,100.0
20260921,539492,714,89.36
20260921,539494,6324,66.55
20260921,539506,979775,69.33
20260921,539515,46220,61.54
20260921,539516,2003,65.39
20260921,539517,14417,89.62
20260921,539518,536,53.6
20260921,539519,1763134,100.0
20260921,539522,570,100.0
20260921,539523,1575,43.29
20260921,539524,3003,57.05
20260921,539526,219963,55.06
20260921,539527,376,82.28
20260921,539528,49105,60.13
20260921,539533,897232,60.48
20260921,539542,7243,45.4
20260921,539544,1051,100.0
20260921,539545,860,99.77
20260921,539546,225,7.02
20260921,539551,9860,66.21
20260921,539552,49657,89.81
20260921,539559,289171,100.0
20260921,539561,706382,100.0
20260921,539562,3720,100.0
20260921,539593,895,100.0
20260921,539594,643461,73.67
20260921,539596,5,71.43
20260921,539598,33968,62.88
20260921,539599,3,100.0
20260921,539607,332075,64.22
20260921,539620,2564,76.35
20260921,539621,18,100.0
20260921,539636,2935,62.93
20260921,539658,291,69.78
20260921,539659,2835,69.05
20260921,539660,104030,67.29
20260921,539661,68574,76.61
20260921,539662,4949,96.12
20260921,539669,152970,75.63
20260921,539673,81,100.0
20260921,539678,8789,68.98
20260921,539679,390794,100.0
20260921,539682,3999,13.85
20260921,539686,33173,47.91
20260921,539692,30378,74.1
20260921,539697,87097,100.0
20260921,539724,26313,100.0
20260921,539725,4233,39.67
20260921,539730,7503,58.92
20260921,539742,2,100.0
20260921,539760,10920,82.55
20260921,539761,410713,92.66
20260921,539762,61225,83.32
20260921,539767,28662,62.67
20260921,539770,2971,79.42
20260921,539773,194331,83.64
20260921,539784,10,100.0
20260921,539785,6996,63.18
20260921,539787,5858,53.3
20260921,539798,6147,98.21
20260921,539799,4076,66.64
20260921,539800,2763,91.7
20260921,539807,224086,52.9
20260921,539814,21,100.0
20260921,539834,50214,99.7
20260921,539835,18637,92.88
20260921,539837,2123,41.18
20260921,539839,8000,100.0
20260921,539841,37118,64.79
20260921,539843,390,99.74
20260921,539854,2414,98.61
20260921,539861,22454,100.0
20260921,539871,112760,91.81
20260921,539872,2400,51.79
20260921,539875,248,100.0
20260921,539876,37308,66.95
20260921,539883,84,82.35
20260921,539884,49945,77.73
20260921,539889,84239,59.87
20260921,539894,39432,88.07
20260921,539895,572766,30.62
20260921,539900,491,90.42
20260921,539911,5,100.0
20260921,539917,23286,100.0
20260921,539921,75518,85.82
20260921,539922,223,100.0
20260921,539938,487,79.71
20260921,539939,1508,93.55
20260921,539945,21121,92.99
20260921,539946,205,100.0
20260921,539947,26,100.0
20260921,539956,1365,41.92
20260921,539957,2832,56.71
20260921,539963,13059,67.52
20260921,539978,15367,47.65
20260921,539979,1655,100.0
20260921,539980,6200,28.37
20260921,539982,1901,100.0
20260921,539984,921,100.0
20260921,539986,11857,44.21
20260921,539991,13215,100.0
20260921,539992,207131,50.55
20260921,539997,16028,61.89
20260921,540005,18441,72.47
20260921,540006,56028,82.44
20260921,540008,1035,99.71
20260921,540023,1016,97.5
20260921,540025,4252,60.0
20260921,540026,283,97.59
20260921,540047,39093,57.62
20260921,540048,733,48.38
20260921,540061,1862,94.23
20260921,540063,5630,100.0
20260921,540065,39026,54.33
20260921,540066,28,100.0
20260921,540072,10000,100.0
20260921,540073,85899,50.39
20260921,540078,21509,82.33
20260921,540079,32177,70.11
20260921,540080,18030,83.18
20260921,540083,3305,100.0
20260921,540097,51498,83.04
20260921,540115,1738,68.02
20260921,540124,14183,52.86
20260921,540125,28984,100.0
20260921,540132,53534,100.0
20260921,540133,28749,69.06
20260921,540134,4303,100.0
20260921,540135,756467,55.5
20260921,540136,5678,65.41
20260921,540143,322,75.76
20260921,540144,27500,78.57
20260921,540145,6715,52.72
20260921,540147,4992,79.91
20260921,540153,2658,55.89
20260921,540154,11,100.0
20260921,540159,28501,100.0
20260921,540168,94834,80.32
20260921,540173,243592,89.72
20260921,540174,1736,75.97
20260921,540175,150964,100.0
20260921,540180,89588,39.35
20260921,540181,3835,98.97
20260921,540189,101,100.0
20260921,540190,749292,50.85
20260921,540192,1567,74.2
20260921,540198,6583,71.31
20260921,540199,36,100.0
20260921,540203,5630,51.67
20260921,540204,2789,96.14
20260921,540205,3457,65.46
20260921,540210,457,100.0
20260921,540212,843,63.67
20260921,540222,70251,62.1
20260921,540243,152761,100.0
20260921,540252,141612,82.96
20260921,540254,930577,100.0
20260921,540259,619989,88.17
20260921,540266,11362,60.84
20260921,540267,51,100.0
20260921,540268,9733,83.91
20260921,540269,20000,100.0
20260921,540293,5637,52.56
20260921,540310,4357,100.0
20260921,540311,882,91.4
20260921,540332,3000,100.0
20260921,540358,7014,88.54
20260921,540359,3917,100.0
20260921,540360,132695,100.0
20260921,540361,36750,100.0
20260921,540366,5191,87.42
20260921,540376,8714,59.81
20260921,540377,1772097,64.98
20260921,540386,13166,100.0
20260921,540393,654,97.32
20260921,540395,919,86.29
20260921,540396,5482,33.88
20260921,540401,20846,77.96
20260921,540403,309,94.21
20260921,540404,7129,96.03
20260921,540405,10932,84.17
20260921,540425,2658,92.39
20260921,540455,3325,70.43
20260921,540467,826,100.0
20260921,540481,41,100.0
20260921,540492,77485,58.38
20260921,540497,1299,88.73
20260921,540515,107,100.0
20260921,540519,12517,85.63
20260921,540526,22200,86.56
20260921,540530,69361,54.65
20260921,540544,3047,79.56
20260921,540545,59428,100.0
20260921,540565,52274,82.5
20260921,540570,202571,88.52
20260921,540575,130919,98.79
20260921,540590,4310,95.88
20260921,540595,20724,28.89
20260921,540596,918,60.59
20260921,540597,2877,77.93
20260921,540602,8992,65.58
20260921,540611,6665,58.65
20260921,540612,4762,67.44
20260921,540615,30676,100.0
20260921,540642,382411,82.87
20260921,540647,28,96.55
20260921,540648,125,100.0
20260921,540649,1551,44.44
20260921,540650,1172,44.66
20260921,540652,750,100.0
20260921,540654,22829,79.09
20260921,540669,3777,85.88
20260921,540673,8144,45.28
20260921,540678,45868,58.18
20260921,540679,33,46.48
20260921,540680,1603,57.91
20260921,540681,2500,100.0
20260921,540686,1535,57.11
20260921,540691,22159,44.56
20260921,540692,2908,44.52
20260921,540693,332729,84.15
20260921,540694,929,100.0
20260921,540696,8045,100.0
20260921,540699,8360,40.47
20260921,540700,1352,72.34
20260921,540701,3445,56.54
20260921,540702,4300,100.0
20260921,540703,98465,100.0
20260921,540704,1236,93.64
20260921,540709,121313,100.0
20260921,540710,5556,64.02
20260921,540716,203658,70.64
20260921,540717,98671,68.18
20260921,540718,49875,79.17
20260921,540719,10752,65.57
20260921,540724,227,79.65
20260921,540725,92622,47.97
20260921,540726,35011,67.54
20260921,540727,5735,90.89
20260921,540728,180,100.0
20260921,540730,520772,73.59
20260921,540735,1467,88.8
20260921,540737,8542,66.42
20260921,540738,18066,70.7
20260921,540743,2754,34.43
20260921,540749,5993,67.99
20260921,540750,82518,62.56
20260921,540755,6214,53.26
20260921,540756,90000,62.5
20260921,540757,2924,100.0
20260921,540762,2970,67.29
20260921,540767,11451,66.03
20260921,540768,1535,40.07
20260921,540769,46149,36.77
20260921,540774,1036,87.87
20260921,540775,2227,100.0
20260921,540776,3866,90.6
20260921,540777,84728,49.63
20260921,540786,80642,100.0
20260921,540787,10625,68.64
20260921,540788,7088,97.91
20260921,540789,9549,98.81
20260921,540795,12671,61.28
20260921,540796,2,100.0
20260921,540797,4386,60.72
20260921,540809,187004,93.87
20260921,540811,5000,100.0
20260921,540821,60794,69.38
20260921,540824,4684,100.0
20260921,540829,30822,100.0
20260921,540874,7753,61.24
20260921,540879,388411,46.65
20260921,540900,24432,50.08
20260921,540901,28720,99.59
20260921,540902,16693,87.29
20260921,540904,6562,100.0
20260921,540914,49771,98.0
20260921,540923,3999,93.3
20260921,540935,1286,55.15
20260921,540936,9806,77.99
20260921,540937,11601,98.11
20260921,540952,743,100.0
20260921,540953,27370,89.36
20260921,540954,15,100.0
20260921,540955,1157,100.0
20260921,540956,173995,76.54
20260921,540975,15148,57.92
20260921,540980,2,100.0
20260921,541005,32,62.74
20260921,541019,4345,74.36
20260921,541083,2500,83.33
20260921,541096,40,95.24
20260921,541097,447,99.78
20260921,541143,17049,44.99
20260921,541144,10000,85.22
20260921,541152,31810,75.3
20260921,541153,514306,58.01
20260921,541154,135027,77.46
20260921,541161,57798,100.0
20260921,541163,2655,58.07
20260921,541167,981,66.46
20260921,541195,23398,31.48
20260921,541206,84,100.0
20260921,541228,10992,100.0
20260921,541233,167994,49.38
20260921,541269,70,69.31
20260921,541276,47255,82.01
20260921,541300,100000,100.0
20260921,541301,6098,57.22
20260921,541302,569,99.48
20260921,541303,166419,88.83
20260921,541304,126,83.44
20260921,541313,1242,66.67
20260921,541336,1876,81.11
20260921,541337,18000,100.0
20260921,541338,2935,99.39
20260921,541347,1239,100.0
20260921,541352,370,99.73
20260921,541353,13600,50.0
20260921,541358,2341,100.0
20260921,541400,3493,65.35
20260921,541402,847,76.24
20260921,541403,12496,68.31
20260921,541418,25025,77.5
20260921,541444,9905,83.74
20260921,541445,12000,75.0
20260921,541450,27461,49.13
20260921,541540,10188,35.32
20260921,541546,30048,83.11
20260921,541556,27821,67.64
20260921,541557,629,73.48
20260921,541578,5422,56.02
20260921,541601,1685280,54.32
20260921,541627,118,100.0
20260921,541634,2931,58.37
20260921,541702,1541478,100.0
20260921,541729,7122,49.42
20260921,541735,69273,81.28
20260921,541741,7446,100.0
20260921,541770,1716,55.79
20260921,541771,414541,100.0
20260921,541778,1512,100.0
20260921,541799,10000,100.0
20260921,541809,40798,81.84
20260921,541865,9996,94.78
20260921,541890,126443,100.0
20260921,541929,17,70.83
20260921,541946,48838,100.0
20260921,541956,67739,56.57
20260921,541967,25248,44.73
20260921,541972,109,80.15
20260921,541974,2524,44.6
20260921,541983,3000,100.0
20260921,541988,3653,63.8
20260921,542011,16214,54.77
20260921,542012,1112352,100.0
20260921,542013,1236,86.55
20260921,542019,16836,82.47
20260921,542020,42903,100.0
20260921,542025,48000,100.0
20260921,542034,58736,58.81
20260921,542046,4585,73.22
20260921,542057,14300,99.36
20260921,542066,108238,35.32
20260921,542123,1,100.0
20260921,542131,2740,73.34
20260921,542141,19505,58.23
20260921,542146,7500,85.71
20260921,542176,1035,100.0
20260921,542206,57063,100.0
20260921,542216,2491,67.91
20260921,542230,1199,96.46
20260921,542231,69227,64.08
20260921,542232,342,98.56
20260921,542233,460,82.29
20260921,542248,26107,91.0
20260921,542285,49120,95.53
20260921,542323,244708,31.88
20260921,542332,1510,100.0
20260921,542333,196,65.99
20260921,542337,5245,91.74
20260921,542351,1210,86.37
20260921,542367,880,96.28
20260921,542383,2210,67.09
20260921,542399,672,44.01
20260921,542437,4510,100.0
20260921,542446,143221,58.97
20260921,542459,1843,87.1
20260921,542460,623,66.49
20260921,542484,4193,46.98
20260921,542513,3,42.86
20260921,542524,2411,99.96
20260921,542543,225000,81.82
20260921,542579,940187,50.98
20260921,542580,383,100.0
20260921,542597,6263,41.98
20260921,542602,9393,80.52
20260921,542627,1136,100.0
20260921,542628,4806,62.42
20260921,542649,231214,40.89
20260921,542650,4388,53.89
20260921,542651,89320,36.56
20260921,542652,8338,57.12
20260921,542654,4400,54.09
20260921,542655,306709,63.59
20260921,542665,12058,50.65
20260921,542666,26430,89.77
20260921,542668,8000,100.0
20260921,542669,58626,70.51
20260921,542670,11256,81.62
20260921,542678,137,100.0
20260921,542679,1,50.0
20260921,542682,201,99.5
20260921,542684,2665,100.0
20260921,542685,54,100.0
20260921,542694,1,100.0
20260921,542721,16798,100.0
20260921,542725,712116,86.03
20260921,542726,3173,59.88
20260921,542727,1050,100.0
20260921,542729,513,86.95
20260921,542730,3463,77.91
20260921,542747,2919,79.8
20260921,542752,3209,36.86
20260921,542758,18117,63.73
20260921,542759,2799,55.22
20260921,542760,62096,53.99
20260921,542770,1622,73.86
20260921,542772,5241,33.66
20260921,542773,15825,67.88
20260921,542774,8235,59.33
20260921,542802,73970,85.17
20260921,542803,5998,90.24
20260921,542812,2776,62.35
20260921,542830,31643,42.79
20260921,542850,70000,100.0
20260921,542851,17388,100.0
20260921,542852,10069,94.33
20260921,542857,14414,57.54
20260921,542862,2433,94.16
20260921,542863,3829,99.92
20260921,542865,3107,98.57
20260921,542866,756,100.0
20260921,542867,3618,47.27
20260921,542904,61773,32.95
20260921,542905,9745,74.93
20260921,542906,30,100.0
20260921,542907,8422,62.58
20260921,542909,1230,93.89
20260921,542918,1051,100.0
20260921,542919,11664,54.95
20260921,542920,13592,60.16
20260921,542921,68761,83.23
20260921,542922,889,70.95
20260921,542933,194,100.0
20260921,542934,6000,100.0
20260921,542938,382,100.0
20260921,543064,196557,40.57
20260921,543066,13245,59.1
20260921,543071,3311,100.0
20260921,543079,596,91.98
20260921,543083,1,100.0
20260921,543092,16,76.19
20260921,543110,2,50.0
20260921,543144,1101,52.08
20260921,543150,2270,92.8
20260921,543153,32,100.0
20260921,543161,20,100.0
20260921,543165,5,100.0
20260921,543167,9448,98.37
20260921,543171,12539,100.0
20260921,543172,4125,100.0
20260921,543173,97,84.35
20260921,543174,3146,62.41
20260921,543175,511,100.0
20260921,543176,22,81.48
20260921,543177,9815,72.17
20260921,543178,1,100.0
20260921,543181,26,86.67
20260921,543182,38,100.0
20260921,543184,33,100.0
20260921,543186,2708,98.01
20260921,543187,1580,39.6
20260921,543193,1599,95.75
20260921,543207,118853,81.89
20260921,543208,25262,90.31
20260921,543209,9000,100.0
20260921,543210,1969,100.0
20260921,543211,1389,3.48
20260921,543212,16282,67.44
20260921,543213,1675,60.43
20260921,543214,1729,86.41
20260921,543216,5077,99.61
20260921,543217,9933370,99.88
20260921,543218,29123,44.04
20260921,543219,3348,98.18
20260921,543220,37179,67.23
20260921,543221,22969,82.58
20260921,543223,13266,90.89
20260921,543224,1451,85.3
20260921,543226,1685,91.03
20260921,543227,38647,49.12
20260921,543228,4828,47.18
20260921,543230,1867,38.18
20260921,543231,1,100.0
20260921,543232,53244,75.14
20260921,543233,6129,100.0
20260921,543234,70,98.59
20260921,543235,124083,52.16
20260921,543236,1814,100.0
20260921,543237,28269,47.42
20260921,543238,3517,62.27
20260921,543240,2940,82.45
20260921,543241,3351,95.85
20260921,543242,11961,48.45
20260921,543243,83961,76.52
20260921,543244,4000,100.0
20260921,543245,8683,51.98
20260921,543246,216,30.17
20260921,543248,45579,56.63
20260921,543249,24764,74.42
20260921,543250,185,2.5
20260921,543251,273,96.13
20260921,543252,1211,100.0
20260921,543253,102541,52.08
20260921,543254,4590,43.48
20260921,543255,1103,87.4
20260921,543256,2810,36.0
20260921,543257,391363,64.49
20260921,543258,1390,59.53
20260921,543259,13003,59.56
20260921,543260,2103,60.9
20260921,543261,4507,80.22
20260921,543263,12256,70.35
20260921,543264,286,100.0
20260921,543265,16195,55.55
20260921,543266,1486,81.07
20260921,543267,908000,69.53
20260921,543268,8559,89.48
20260921,543270,2943,100.0
20260921,543271,8925,49.81
20260921,543272,538153,76.62
20260921,543273,8809,50.93
20260921,543275,161023,52.48
20260921,543276,692,46.35
20260921,543277,29210,62.13
20260921,543278,100797,50.84
20260921,543279,1397,44.22
20260921,543280,7682,50.86
20260921,543281,42468,93.26
20260921,543283,1745,100.0
20260921,543284,2421,91.77
20260921,543285,8400,87.5
20260921,543287,7782,42.75
20260921,543288,13479,61.72
20260921,543290,173646,84.08
20260921,543291,65643,55.36
20260921,543292,4152,83.78
20260921,543298,16903,99.91
20260921,543299,1484972,87.97
20260921,543300,96105,51.62
20260921,543306,606,72.57
20260921,543308,14209,7.59
20260921,543311,11730,65.59
20260921,543312,2133,100.0
20260921,543317,5424,51.55
20260921,543318,12525,55.26
20260921,543320,1376550,78.9
20260921,543321,893,59.45
20260921,543322,25619,85.72
20260921,543323,2584,56.57
20260921,543324,228443,82.58
20260921,543325,23268,66.47
20260921,543326,31880,73.25
20260921,543327,16722,95.8
20260921,543328,7499,84.91
20260921,543329,5396,63.21
20260921,543330,138947,62.87
20260921,543331,48012,61.73
20260921,543332,1091,70.39
20260921,543333,6831,55.56
20260921,543334,6598,49.11
20260921,543335,497603,91.87
20260921,543336,49213,52.54
20260921,543341,5286,89.81
20260921,543346,6000,100.0
20260921,543347,1,100.0
20260921,543349,5546,40.81
20260921,543350,2259,27.58
20260921,543351,4800,100.0
20260921,543357,5,100.0
20260921,543358,3667,46.96
20260921,543363,6000,57.69
20260921,543364,18330,54.23
20260921,543365,420014,45.17
20260921,543366,2400,100.0
20260921,543367,27156,55.38
20260921,543373,11976,100.0
20260921,543374,4679,48.23
20260921,543375,2500,100.0
20260921,543376,43,100.0
20260921,543378,7000,87.5
20260921,543383,538,99.63
20260921,543384,282110,82.89
20260921,543386,10628,72.77
20260921,543387,8602,60.04
20260921,543388,2708,99.12
20260921,543389,222712,44.62
20260921,543390,108626,80.5
20260921,543391,7500,90.91
20260921,543396,62159,36.71
20260921,543397,96385,62.49
20260921,543398,4101,55.39
20260921,543399,61501,39.6
20260921,543400,4000,100.0
20260921,543401,1978,41.55
20260921,543410,39000,86.96
20260921,543411,27325,55.23
20260921,543412,2349,58.72
20260921,543413,54194,31.12
20260921,543414,19811,72.57
20260921,543415,7973,64.68
20260921,543416,1076,75.14
20260921,543417,3866,44.38
20260921,543419,7869,61.77
20260921,543420,25192,70.02
20260921,543425,3352,45.94
20260921,543426,39203,94.21
20260921,543427,876,53.87
20260921,543428,10127,31.62
20260921,543433,3929,77.57
20260921,543434,12061,49.02
20260921,543437,503911,65.14
20260921,543438,117,61.9
20260921,543440,1034,99.81
20260921,543441,20119,57.13
20260921,543442,145,80.11
20260921,543449,74006,82.3
20260921,543450,16474,72.84
20260921,543451,82570,100.0
20260921,543452,105161,70.59
20260921,543454,690,82.73
20260921,543458,60467,44.11
20260921,543462,3997,80.86
20260921,543463,15468,62.4
20260921,543464,40000,83.33
20260921,543465,15971,94.18
20260921,543470,62,96.88
20260921,543471,12297,43.59
20260921,543472,3267,68.33
20260921,543473,17704,78.22
20260921,543474,20212,89.96
20260921,543481,164536,73.62
20260921,543482,11346,81.61
20260921,543489,10572,63.5
20260921,543490,14168,48.95
20260921,543497,4800,42.86
20260921,543498,8714040,97.14
20260921,543499,40241,100.0
20260921,543500,52000,100.0
20260921,543512,8519,99.32
20260921,543513,14567,100.0
20260921,543514,12509,52.18
20260921,543515,1875,100.0
20260921,543516,795200,100.0
20260921,543517,1802,74.74
20260921,543518,3000,100.0
20260921,543520,75000,100.0
20260921,543522,750,100.0
20260921,543523,6546,48.86
20260921,543524,1341,65.8
20260921,543525,75733,47.68
20260921,543526,168690,49.97
20260921,543527,314,55.97
20260921,543528,10398,41.26
20260921,543529,56703,57.22
20260921,543530,141007,52.87
20260921,543531,3813,91.44
20260921,543532,583,53.05
20260921,543533,48630,45.86
20260921,543534,1940,39.52
20260921,543535,15,100.0
20260921,543539,310,69.35
20260921,543542,2400,15.0
20260921,543544,750,100.0
20260921,543545,66800,100.0
20260921,543546,4000,66.67
20260921,543547,2928,52.67
20260921,543563,16790,80.82
20260921,543568,12415,68.68
20260921,543569,1909,92.54
20260921,543570,3947,65.81
20260921,543571,2301,63.09
20260921,543572,28237,52.72
20260921,543573,39534,33.18
20260921,543574,4078,96.52
20260921,543575,1192,63.78
20260921,543576,3415,65.01
20260921,543577,116,5.31
20260921,543578,1850,100.0
20260921,543590,46024,99.96
20260921,543591,12040,91.85
20260921,543592,48581,55.18
20260921,543593,6412,65.07
20260921,543594,15000,100.0
20260921,543596,1226,50.96
20260921,543597,5172,63.99
20260921,543599,3431,74.52
20260921,543600,22027,58.5
20260921,543605,390,95.12
20260921,543606,36000,69.23
20260921,543607,203,97.6
20260921,543608,20,66.67
20260921,543614,159,96.36
20260921,543615,7200,90.0
20260921,543616,96600,81.31
20260921,543617,1200,100.0
20260921,543619,3450,79.31
20260921,543620,19895,71.55
20260921,543626,87063,42.26
20260921,543627,250,92.59
20260921,543628,8738,58.98
20260921,543635,110815,43.38
20260921,543636,1898,63.76
20260921,543637,20400,89.47
20260921,543638,13436,77.9
20260921,543643,19615,88.58
20260921,543644,6160,74.05
20260921,543645,115,99.14
20260921,543650,24661,63.03
20260921,543651,4000,100.0
20260921,543652,11664,66.72
20260921,543653,2907,42.14
20260921,543654,12975,61.54
20260921,543655,175000,100.0
20260921,543657,206753,94.85
20260921,543663,12208,45.78
20260921,543664,24407,40.46
20260921,543665,780,66.95
20260921,543666,1558,65.85
20260921,543667,12327,39.18
20260921,543668,216,99.08
20260921,543669,2571,83.75
20260921,543670,47300,86.0
20260921,543671,3933,91.66
20260921,543677,15739,94.23
20260921,543678,1000,100.0
20260921,543686,2063,81.64
20260921,543687,1701,88.09
20260921,543688,183302,74.84
20260921,543689,3915,52.44
20260921,543699,1397,96.75
20260921,543709,6375,78.46
20260921,543710,1126,91.92
20260921,543711,14385,66.57
20260921,543712,233,100.0
20260921,543713,42000,65.62
20260921,543714,3045,55.82
20260921,543720,10374,40.36
20260921,543725,3766,79.27
20260921,543732,8818,84.37
20260921,543737,10,100.0
20260921,543743,1288,96.62
20260921,543744,1000,100.0
20260921,543746,21600,49.32
20260921,543747,54871,94.04
20260921,543748,17893,24.63
20260921,543753,12000,100.0
20260921,543754,9600,75.0
20260921,543765,3000,100.0
20260921,543766,366,100.0
20260921,543767,35223,97.4
20260921,543768,121651,39.23
20260921,543774,10653,98.53
20260921,543775,52186,76.3
20260921,543776,23983,61.05
20260921,543781,27902,68.85
20260921,543782,3420,82.61
20260921,543787,3465,87.5
20260921,543798,8000,100.0
20260921,543799,2250,69.23
20260921,543804,6000,100.0
20260921,543805,4500,75.0
20260921,543806,8000,63.49
20260921,543811,12802,84.9
20260921,543812,1188,51.14
20260921,543813,744,100.0
20260921,543814,1000,100.0
20260921,543819,2297,88.48
20260921,543828,100000,92.59
20260921,543829,1443,92.15
20260921,543831,3375,75.0
20260921,543848,16000,80.0
20260921,543853,105,89.74
20260921,543858,3,50.0
20260921,543860,351,100.0
20260921,543861,7563,94.35
20260921,543874,6000,60.0
20260921,543895,6250,59.52
20260921,543896,18033,36.94
20260921,543897,1000,100.0
20260921,543898,2268,83.97
20260921,543899,3844,97.24
20260921,543900,14502,69.96
20260921,543901,2,100.0
20260921,543902,26000,86.67
20260921,543903,21863,56.86
20260921,543904,42561,46.03
20260921,543910,10,100.0
20260921,543911,483291,76.41
20260921,543912,2342,52.82
20260921,543913,10898,88.95
20260921,543914,17108,100.0
20260921,543915,16521,90.88
20260921,543916,123200,74.4
20260921,543917,3748,74.62
20260921,543918,18618,65.79
20260921,543919,24419,97.25
20260921,543920,20736,57.04
20260921,543922,1209,71.67
20260921,543923,12698,68.18
20260921,543924,6000,75.0
20260921,543926,13200,68.75
20260921,543927,326,97.31
20260921,543928,5200,94.55
20260921,543929,181996,54.21
20260921,543930,21,100.0
20260921,543931,60600,60.12
20260921,543932,11187,54.67
20260921,543933,16838,52.36
20260921,543934,17,100.0
20260921,543935,1507,99.8
20260921,543936,9453,52.68
20260921,543939,20000,74.07
20260921,543940,499130,64.88
20260921,543941,1200,100.0
20260921,543942,106865,36.81
20260921,543943,50000,83.33
20260921,543944,502,98.24
20260921,543945,41623,42.93
20260921,543946,5880,100.0
20260921,543947,1,100.0
20260921,543948,2037,60.81
20260921,543949,4581,82.38
20260921,543950,20700,44.22
20260921,543952,3233,61.62
20260921,543953,3250,17.11
20260921,543954,20351,96.68
20260921,543955,24747,43.21
20260921,543956,1078,97.56
20260921,543957,45549,77.53
20260921,543958,1552,95.74
20260921,543959,47982,71.47
20260921,543960,10682,36.68
20260921,543962,423,100.0
20260921,543963,15000,100.0
20260921,543965,23019,50.78
20260921,543969,1057,99.44
20260921,543970,3000,100.0
20260921,543971,60200,62.84
20260921,543972,29546,38.42
20260921,543974,15069,68.79
20260921,543975,1,100.0
20260921,543976,12090,61.29
20260921,543977,6466,44.46
20260921,543978,340241,38.54
20260921,543980,13073,85.38
20260921,543981,3992,53.23
20260921,543982,5600,84.85
20260921,543983,4960,67.14
20260921,543984,241978,52.69
20260921,543985,26395,53.33
20260921,543986,9048,54.74
20260921,543988,2447,41.49
20260921,543989,18907,66.59
20260921,543990,2257,15.66
20260921,543991,2000,62.5
20260921,543992,19127,75.04
20260921,543993,208,98.58
20260921,543994,179519,65.32
20260921,543995,17524,59.76
20260921,543996,10066,64.66
20260921,543997,7200,20.51
20260921,543998,39916,100.0
20260921,543999,404,90.58
20260921,544000,12000,100.0
20260921,544001,16125,100.0
20260921,544002,4000,100.0
20260921,544003,7377,80.59
20260921,544004,3511,79.24
20260921,544006,2870,65.24
20260921,544007,8539,57.97
20260921,544008,6705,59.78
20260921,544009,14053,49.64
20260921,544011,1200,100.0
20260921,544012,21777,62.09
20260921,544013,6000,100.0
20260921,544014,8376,46.49
20260921,544015,3500,87.5
20260921,544020,30810,100.0
20260921,544021,179105,31.71
20260921,544022,22500,53.45
20260921,544023,22500,62.94
20260921,544026,168784,59.87
20260921,544027,13946,62.14
20260921,544028,52528,45.33
20260921,544029,43463,65.17
20260921,544030,1001,15.25
20260921,544035,60800,100.0
20260921,544036,3200,100.0
20260921,544037,36700,47.42
20260921,544042,8055,82.82
20260921,544043,627,91.4
20260921,544044,458,49.19
20260921,544045,471,59.25
20260921,544046,3887,46.93
20260921,544047,13500,69.23
20260921,544052,2000,100.0
20260921,544053,649982,35.55
20260921,544054,50274,55.1
20260921,544055,16512,77.5
20260921,544057,1478,65.46
20260921,544058,2953,81.04
20260921,544059,18000,100.0
20260921,544060,4010,100.0
20260921,544061,7739,57.32
20260921,544066,52,88.14
20260921,544067,2641,50.21
20260921,544073,26000,74.29
20260921,544074,4800,100.0
20260921,544079,1657,95.89
20260921,544080,1,100.0
20260921,544081,142822,40.98
20260921,544083,500,100.0
20260921,544088,9028,63.31
20260921,544089,741892,90.53
20260921,544090,1,100.0
20260921,544091,13200,100.0
20260921,544092,64,96.97
20260921,544093,59,89.39
20260921,544094,1200,50.0
20260921,544095,12402,59.17
20260921,544100,4512,85.91
20260921,544101,800,100.0
20260921,544102,147,84.0
20260921,544105,4500,100.0
20260921,544106,7200,100.0
20260921,544107,5886,57.26
20260921,544108,2400,100.0
20260921,544109,2878,99.97
20260921,544110,354,60.31
20260921,544111,13644,57.04
20260921,544112,1010,94.22
20260921,544117,352,64.12
20260921,544118,3747,19.91
20260921,544119,5668,53.98
20260921,544120,718,91.46
20260921,544121,1000,100.0
20260921,544122,7359,57.9
20260921,544123,27,71.05
20260921,544124,288,99.31
20260921,544129,9214,60.32
20260921,544130,28111,85.35
20260921,544131,5229,59.37
20260921,544132,199099,68.53
20260921,544133,60295,47.29
20260921,544134,290,54.92
20260921,544135,79578,100.0
20260921,544136,1461,96.5
20260921,544137,4730,78.39
20260921,544138,9229,52.38
20260921,544139,6000,100.0
20260921,544140,2767,23.68
20260921,544141,3200,26.67
20260921,544142,22454,78.27
20260921,544143,500,100.0
20260921,544144,1197,99.83
20260921,544149,1417,75.53
20260921,544150,83000,50.92
20260921,544151,2000,100.0
20260921,544156,19500,100.0
20260921,544158,4889,86.59
20260921,544159,4624,94.16
20260921,544160,40000,100.0
20260921,544161,691,84.37
20260921,544162,1737,59.3
20260921,544163,1000,100.0
20260921,544164,8000,100.0
20260921,544165,9000,75.0
20260921,544166,13200,100.0
20260921,544167,4278,72.28
20260921,544169,20000,90.91
20260921,544170,4000,50.0
20260921,544171,2400,100.0
20260921,544172,3570,48.07
20260921,544173,9000,100.0
20260921,544174,44239,93.18
20260921,544175,13200,61.11
20260921,544176,6159,64.51
20260921,544177,3000,50.0
20260921,544179,1346208,97.2
20260921,544180,1919,59.76
20260921,544181,18843,63.7
20260921,544182,2500,99.68
20260921,544183,2000,66.67
20260921,544184,1177,83.77
20260921,544185,2166,70.23
20260921,544186,22922,94.09
20260921,544187,12938,100.0
20260921,544188,4000,100.0
20260921,544189,2000,100.0
20260921,544190,4000,100.0
20260921,544191,50790,77.86
20260921,544192,28933,58.59
20260921,544193,52281,95.78
20260921,544194,16569,78.96
20260921,544197,828,89.22
20260921,544198,15290,69.26
20260921,544199,10400,68.42
20260921,544200,4548,92.5
20260921,544201,196000,80.33
20260921,544202,5026,76.8
20260921,544203,41163,65.9
20260921,544204,6018,74.59
20260921,544205,2414,100.0
20260921,544206,19814,46.84
20260921,544207,39,92.86
20260921,544209,2265,70.06
20260921,544210,36721,87.63
20260921,544212,7518,56.86
20260921,544213,7800,81.25
20260921,544214,4000,100.0
20260921,544215,14650,95.95
20260921,544216,27942,84.34
20260921,544217,9438,79.83
20260921,544218,1905,94.63
20260921,544219,12000,80.0
20260921,544221,3000,100.0
20260921,544222,20838,49.06
20260921,544223,5837,58.68
20260921,544224,52920,75.77
20260921,544225,1394030,46.3
20260921,544226,49509,50.68
20260921,544227,18192,26.9
20260921,544229,56111,81.5
20260921,544230,1363,73.88
20260921,544232,1229,52.77
20260921,544233,518,95.22
20260921,544234,677,94.42
20260921,544235,5587,62.68
20260921,544236,1200,100.0
20260921,544237,800,100.0
20260921,544238,26419,45.44
20260921,544239,3445,83.84
20260921,544240,3544,51.49
20260921,544241,6533,73.64
20260921,544242,27000,69.23
20260921,544243,17607,48.03
20260921,544244,3279,82.08
20260921,544247,2332,75.52
20260921,544248,2400,80.0
20260921,544249,815,65.36
20260921,544250,203,74.91
20260921,544251,11200,100.0
20260921,544252,90044,56.16
20260921,544253,120832,50.05
20260921,544254,2298,73.07
20260921,544256,5949,40.86
20260921,544257,3000,75.0
20260921,544258,5495,47.97
20260921,544259,3000,100.0
20260921,544260,93016,56.88
20260921,544261,4211,73.99
20260921,544262,16293,66.05
20260921,544263,8546,60.14
20260921,544264,2561,58.19
20260921,544265,1200,100.0
20260921,544266,1621,95.63
20260921,544267,7200,81.82
20260921,544268,57199,63.29
20260921,544269,6000,100.0
20260921,544271,15103,66.35
20260921,544272,400,100.0
20260921,544273,13040,58.04
20260921,544274,8499,59.12
20260921,544275,20376,89.54
20260921,544276,23347,77.83
20260921,544277,12249,55.54
20260921,544278,6413,100.0
20260921,544279,2887,54.62
20260921,544280,26380,37.18
20260921,544281,45001,100.0
20260921,544282,331748,38.91
20260921,544283,136084,38.23
20260921,544284,1919,99.95
20260921,544285,174526,43.27
20260921,544286,18048,51.2
20260921,544288,100467,84.0
20260921,544289,126105,47.96
20260921,544290,33595,66.86
20260921,544291,21300,70.76
20260921,544292,7554,55.5
20260921,544293,22555,65.24
20260921,544294,6056,43.63
20260921,544296,7600,70.37
20260921,544301,2769,94.89
20260921,544302,24,0.21
20260921,544303,1200,66.67
20260921,544304,9600,66.67
20260921,544305,56890,48.27
20260921,544306,18200,57.39
20260921,544307,108303,35.1
20260921,544308,15837,89.76
20260921,544309,2650,56.26
20260921,544310,69750,50.45
20260921,544311,21402,57.74
20260921,544313,4000,100.0
20260921,544314,2219,71.79
20260921,544315,7379,61.67
20260921,544316,10145,61.41
20260921,544317,10773,49.51
20260921,544318,681,60.11
20260921,544319,4018,43.27
20260921,544320,1961,51.46
20260921,544321,630,77.4
20260921,544322,16807,54.36
20260921,544323,16227,82.23
20260921,544325,107660,49.41
20260921,544326,694,100.0
20260921,544327,2000,100.0
20260921,544328,10997,49.3
20260921,544329,18000,100.0
20260921,544330,19000,100.0
20260921,544331,62000,79.49
20260921,544332,22400,80.0
20260921,544333,44214,61.69
20260921,544334,9000,100.0
20260921,544336,19188,40.39
20260921,544337,12000,100.0
20260921,544338,11557,76.95
20260921,544339,7782,83.26
20260921,544340,22400,87.5
20260921,544341,17600,61.11
20260921,544342,54882,100.0
20260921,544343,15200,67.86
20260921,544344,1476,65.02
20260921,544345,5333,79.08
20260921,544346,1474,98.79
20260921,544347,2400,100.0
20260921,544348,10800,69.23
20260921,544350,5471,54.81
20260921,544351,1600,100.0
20260921,544353,1200,100.0
20260921,544354,16500,67.9
20260921,544355,758,78.22
20260921,544356,1284,65.11
20260921,544361,2608,90.93
20260921,544362,4200,63.37
20260921,544363,2,50.0
20260921,544364,182,67.66
20260921,544365,4000,66.67
20260921,544367,11529,31.95
20260921,544368,1200,100.0
20260921,544369,4800,100.0
20260921,544371,28023,67.9
20260921,544373,57600,97.3
20260921,544375,232,77.59
20260921,544376,2814,94.84
20260921,544377,500,61.5
20260921,544379,9922,70.61
20260921,544380,500,100.0
20260921,544381,2400,66.67
20260921,544382,854,87.32
20260921,544383,4800,100.0
20260921,544384,174458,52.87
20260921,544385,4065,95.85
20260921,544386,453,100.0
20260921,544387,11500,60.53
20260921,544389,459,83.0
20260921,544390,6645,50.15
20260921,544394,2169,86.48
20260921,544395,43012,100.0
20260921,544396,4814,70.99
20260921,544397,45891,37.11
20260921,544398,90000,100.0
20260921,544399,74400,75.61
20260921,544400,16000,72.73
20260921,544401,39,100.0
20260921,544402,204362,42.19
20260921,544403,11885,66.13
20260921,544404,496,85.37
20260921,544405,234137,55.71
20260921,544406,64800,76.42
20260921,544407,132838,53.84
20260921,544408,4604,55.22
20260921,544409,5000,62.5
20260921,544410,5248,91.21
20260921,544411,8334,54.13
20260921,544412,6000,100.0
20260921,544413,19349,94.23
20260921,544414,22956,83.87
20260921,544415,2416,68.56
20260921,544416,520,100.0
20260921,544417,6000,100.0
20260921,544418,7997,60.13
20260921,544419,49864,45.65
20260921,544420,17642,44.91
20260921,544421,13127,42.73
20260921,544422,4800,100.0
20260921,544423,1885,67.76
20260921,544424,1572,91.5
20260921,544425,13200,100.0
20260921,544427,3504,77.76
20260921,544428,1200,100.0
20260921,544429,6863,51.28
20260921,544430,1121923,39.36
20260921,544431,4000,100.0
20260921,544432,791,81.46
20260921,544433,2400,100.0
20260921,544434,233600,100.0
20260921,544435,7200,75.0
20260921,544437,2400,66.67
20260921,544438,5991,63.8
20260921,544439,3365,58.08
20260921,544440,28500,100.0
20260921,544441,16000,95.24
20260921,544442,30600,73.91
20260921,544443,2202,72.51
20260921,544444,21600,100.0
20260921,544445,14000,100.0
20260921,544446,2225,55.02
20260921,544447,4835,73.75
20260921,544448,2256,48.35
20260921,544449,73451,78.54
20260921,544450,183,100.0
20260921,544451,3200,38.1
20260921,544452,2000,100.0
20260921,544453,1800,75.0
20260921,544454,6493,89.87
20260921,544455,16044,37.46
20260921,544456,26268,100.0
20260921,544457,5816,74.28
20260921,544458,68000,68.34
20260921,544459,60176,46.59
20260921,544460,6400,100.0
20260921,544461,40,100.0
20260921,544463,31200,100.0
20260921,544464,4000,100.0
20260921,544465,2747,66.55
20260921,544466,29721,70.31
20260921,544467,260116,69.26
20260921,544468,1200,100.0
20260921,544469,41372,100.0
20260921,544470,5421,74.73
20260921,544471,8000,100.0
20260921,544473,17892,83.56
20260921,544475,6000,50.0
20260921,544476,6687,51.67
20260921,544477,10548,81.31
20260921,544478,201,65.26
20260921,544479,522,58.92
20260921,544480,145601,55.35
20260921,544481,11351,78.3
20260921,544482,6000,100.0
20260921,544484,19544,53.04
20260921,544485,7810,80.57
20260921,544486,57512,96.15
20260921,544487,3173,91.28
20260921,544488,39645,51.27
20260921,544489,6000,83.33
20260921,544490,15303,47.18
20260921,544491,4612,64.03
20260921,544492,2763,69.2
20260921,544493,115,100.0
20260921,544494,17600,100.0
20260921,544495,36000,96.77
20260921,544496,78063,66.88
20260921,544497,3368853,47.57
20260921,544498,1600,100.0
20260921,544499,4483,91.88
20260921,544500,6000,50.0
20260921,544501,56000,100.0
20260921,544502,933,100.0
20260921,544503,3000,100.0
20260921,544504,4000,90.91
20260921,544505,14000,100.0
20260921,544506,2400,100.0
20260921,544507,63995,70.79
20260921,544509,1600,100.0
20260921,544510,4800,75.0
20260921,544511,16800,95.45
20260921,544512,6453,59.91
20260921,544513,6933,90.91
20260921,544515,228107,39.62
20260921,544516,91000,61.49
20260921,544517,6325,77.82
20260921,544518,20800,100.0
20260921,544519,7621,68.71
20260921,544520,15600,100.0
20260921,544521,2606,68.08
20260921,544522,271,81.87
20260921,544523,10344,38.59
20260921,544524,12000,68.18
20260921,544525,67338,53.34
20260921,544526,5720,44.11
20260921,544527,4172,68.45
20260921,544528,5590,45.92
20260921,544529,6000,100.0
20260921,544530,3315,66.82
20260921,544531,4200,77.78
20260921,544532,20818,49.24
20260921,544533,3506,60.36
20260921,544534,3638,34.67
20260921,544535,6400,100.0
20260921,544536,60,98.36
20260921,544537,107867,72.87
20260921,544538,32000,100.0
20260921,544540,48947,45.08
20260921,544541,21600,78.26
20260921,544542,5000,100.0
20260921,544543,13448,73.76
20260921,544544,12000,100.0
20260921,544545,4655,58.33
20260921,544546,30000,83.33
20260921,544547,2179,96.89
20260921,544548,1600,100.0
20260921,544549,1000,50.0
20260921,544550,13316,68.75
20260921,544551,8000,61.54
20260921,544552,4800,100.0
20260921,544553,3200,50.0
20260921,544554,6000,100.0
20260921,544555,14400,100.0
20260921,544556,1600,100.0
20260921,544557,995,83.19
20260921,544558,1717,94.55
20260921,544559,17600,100.0
20260921,544560,6000,75.0
20260921,544561,126000,84.0
20260921,544562,5365,64.82
20260921,544563,11500,100.0
20260921,544564,300,100.0
20260921,544565,2000,100.0
20260921,544567,1600,100.0
20260921,544568,31200,60.47
20260921,544569,105617,45.44
20260921,544570,3758,51.13
20260921,544571,10000,100.0
20260921,544572,698,31.76
20260921,544574,35441,49.88
20260921,544575,6000,100.0
20260921,544576,94146,92.87
20260921,544577,255,100.0
20260921,544578,7828,59.32
20260921,544579,299,100.0
20260921,544580,14991,73.67
20260921,544581,42071,97.12
20260921,544582,16800,77.78
20260921,544583,399970,92.36
20260921,544584,4000,100.0
20260921,544585,6000,100.0
20260921,544586,46679,86.49
20260921,544587,378,48.34
20260921,544594,10800,100.0
20260921,544595,1056,53.23
20260921,544596,12000,66.67
20260921,544597,2950,44.12
20260921,544598,2061,100.0
20260921,544599,9427,29.06
20260921,544600,154967,42.23
20260921,544601,43,76.79
20260921,544602,229286,70.96
20260921,544603,611486,54.42
20260921,544604,7231,71.94
20260921,544605,30878,55.1
20260921,544606,498818,42.91
20260921,544607,75600,79.75
20260921,544608,189405,37.63
20260921,544609,144581,33.45
20260921,544610,18600,62.0
20260921,544611,195600,87.63
20260921,544612,110867,87.51
20260921,544613,6270,50.32
20260921,544614,16874,33.68
20260921,544615,5116,100.0
20260921,544616,4000,80.0
20260921,544617,77336,72.64
20260921,544618,4,100.0
20260921,544619,4319,58.24
20260921,544621,8000,100.0
20260921,544622,396216,49.49
20260921,544624,18000,75.0
20260921,544625,4800,66.67
20260921,544626,10000,100.0
20260921,544628,6000,20.0
20260921,544629,9000,100.0
20260921,544630,14400,85.71
20260921,544631,813,72.85
20260921,544632,340089,37.81
20260921,544633,37625,67.42
20260921,544634,84063,61.36
20260921,544635,3200,100.0
20260921,544636,2000,100.0
20260921,544637,28800,97.96
20260921,544638,79,64.75
20260921,544639,1513,88.12
20260921,544640,6000,71.43
20260921,544641,600,50.0
20260921,544642,10965,72.08
20260921,544643,3000,100.0
20260921,544644,336,47.26
20260921,544645,24640,61.4
20260921,544646,50000,62.5
20260921,544647,58588,90.72
20260921,544654,7756,99.96
20260921,544655,1175,100.0
20260921,544656,2000,100.0
20260921,544657,2400,80.0
20260921,544658,46624,72.86
20260921,544659,8000,40.0
20260921,544660,93902,97.15
20260921,544661,420,92.11
20260921,544662,199,99.5
20260921,544663,2000,66.67
20260921,544664,16807,54.75
20260921,544665,4800,75.0
20260921,544666,12619,66.42
20260921,544667,10800,90.0
20260921,544668,47400,91.86
20260921,544669,1800,100.0
20260921,544670,34800,100.0
20260921,544671,12000,75.0
20260921,544673,19200,63.16
20260921,544675,25600,100.0
20260921,544676,14400,100.0
20260921,544678,219767,57.66
20260921,544679,10457,44.92
20260921,544681,26000,65.0
20260921,544682,15600,100.0
20260921,544683,36000,85.71
20260921,544684,16800,100.0
20260921,544685,357846,49.38
20260921,544687,28000,87.5
20260921,544695,59000,100.0
20260921,544698,4800,100.0
20260921,544699,102292,73.1
20260921,544700,32311,63.38
20260921,544701,2051,75.77
20260921,544702,3525,76.85
20260921,544703,49560,87.38
20260921,544704,1152,77.32
20260921,544705,10313,97.79
20260921,544707,4200,100.0
20260921,544708,19200,88.89
20260921,544709,18939,69.06
20260921,544710,45000,75.0
20260921,544711,18000,85.71
20260921,544716,10920,91.69
20260921,544717,9902,63.47
20260921,544718,3063,52.32
20260921,544720,58455,48.14
20260921,544721,3899,89.96
20260921,544722,6058,85.73
20260921,544723,7305,65.46
20260921,544724,12000,100.0
20260921,544725,2083,93.07
20260921,544726,6032,100.0
20260921,544731,37929,60.17
20260921,544732,3293,83.07
20260921,544733,2148,57.63
20260921,544734,2700,72.91
20260921,544735,24000,88.89
20260921,544736,35,94.59
20260921,544737,5726,94.85
20260921,544738,1000,100.0
20260921,544739,18280,41.85
20260921,544740,91200,100.0
20260921,544741,8400,100.0
20260921,544742,3408,74.65
20260921,544743,8573,57.45
20260921,544744,7118,59.74
20260921,544745,7337,99.3
20260921,544747,1200,100.0
20260921,544748,157184,66.85
20260921,544750,2391,69.91
20260921,544751,19200,100.0
20260921,544753,3396,95.74
20260921,544754,31903,33.95
20260921,544755,34400,100.0
20260921,544756,31489,79.67
20260921,544757,463,97.06
20260921,544758,15124,66.87
20260921,544759,42000,100.0
20260921,544760,92,100.0
20260921,544761,100,100.0
20260921,544762,1543,98.85
20260921,544763,3858,79.99
20260921,544764,88102,63.86
20260921,544765,17600,100.0
20260921,544766,296,100.0
20260921,544767,27000,100.0
20260921,544768,12000,100.0
20260921,544769,16800,82.35
20260921,544770,174400,92.37
20260921,544771,16000,80.0
20260921,544772,34000,73.91
20260921,544773,52000,69.33
20260921,544774,9000,75.0
20260921,544777,118276,77.55
20260921,544778,4000,100.0
20260921,544779,6400,61.54
20260921,544780,85697,55.17
20260921,544781,563526,64.76
20260921,544782,536187,58.54
20260921,544783,99373,100.0
20260921,544784,917534,57.18
20260921,544785,23144,100.0
20260921,544786,5918,68.73
20260921,544793,40000,100.0
20260921,544794,393600,81.19
20260921,544795,407,100.0
20260921,544796,8000,86.96
20260921,544797,30000,100.0
20260921,544799,34756,68.42
20260921,544800,4800,100.0
20260921,544802,51455,49.18
20260921,544803,94359,59.88
20260921,544804,8400,87.5
20260921,544805,4800,100.0
20260921,544806,49402,47.9
20260921,544808,23468,55.09
20260921,544809,134000,95.71
20260921,544810,44800,87.5
20260921,544811,10000,100.0
20260921,544812,36000,60.0
20260921,544813,5000,62.5
20260921,544814,18450,53.64
20260921,544821,16833,62.74
20260921,544822,15159,44.53
20260921,544823,16800,100.0
20260921,544825,17980,55.35
20260921,544826,42400,55.79
20260921,544827,100,46.73
20260921,544829,47037,62.73
20260921,544830,33960,76.34
20260921,544831,4703,62.15
20260921,544832,36600,59.22
20260921,544833,12792,83.14
20260921,544834,10800,64.29
20260921,544835,16000,66.67
20260921,544837,312263,52.55
20260921,544838,143921,54.7
20260921,544839,16720,43.56
20260921,544840,87000,100.0
20260921,544841,390,100.0
20260921,544842,1027,91.05
20260921,544843,14400,100.0
20260921,544844,58400,70.87
20260921,544845,2189,99.32
20260921,544847,9729,44.91
20260921,544848,3200,100.0
20260921,544850,1994,98.76
20260921,544851,221697,45.31
20260921,544852,9600,100.0
20260921,544853,785599,94.02
20260921,544854,13200,91.67
20260921,544855,12328,89.28
20260921,544856,6400,72.73
20260921,544858,10800,64.29
20260921,544859,10000,83.33
20260921,544860,188659,68.68
20260921,544861,62999,100.0
20260921,544862,1652,61.32
20260921,544863,26400,84.62
20260921,544864,26902,47.78
20260921,544865,72121,35.15
20260921,544866,64491,47.48
20260921,544867,34972,41.09
20260921,544868,749601,56.47
20260921,544869,25000,96.15
20260921,544870,8073,50.83
20260921,544871,292527,66.86
20260921,544872,9600,100.0
20260921,544873,11062,78.54
20260921,544874,258,100.0
20260921,544876,8400,77.78
20260921,544877,91000,100.0
20260921,544878,12,50.0
20260921,544879,159945,50.42
20260921,544880,23739,35.78
20260921,544881,77438,66.27
20260921,544882,60044,32.41
20260921,544883,12000,100.0
20260921,544884,13200,100.0
20260921,544885,419320,41.8
20260921,544886,75052,51.84
20260921,544887,661,100.0
20260921,544888,41780,53.33
20260921,544889,35206,48.31
20260921,544890,712873,42.58
20260921,544891,162526,34.95
20260921,544892,1048,80.12
20260921,544893,179475,60.59
20260921,544894,665951,52.15
20260921,544895,105600,70.21
20260921,544897,36000,100.0
20260921,544898,36071,61.67
20260921,544899,14849,60.23
20260921,544900,263000,75.79
20260921,544901,2747,41.28
20260921,544902,14000,100.0
20260921,544903,76469,53.14
20260921,544904,6000,100.0
20260921,544906,1338,100.0
20260921,544908,2,100.0
20260921,544909,319503,56.58
20260921,544910,2000,100.0
20260921,544911,412964,38.16
20260921,544912,19542,53.52
20260921,544913,1671992,38.95
20260921,544914,310926,49.95
20260921,544915,439771,43.22
20260921,544916,42003,48.02
20260921,544917,363099,47.5
20260921,544918,127080,44.6
20260921,544919,265200,100.0
20260921,544920,763200,100.0
20260921,544921,91164,38.23
20260921,544922,371200,100.0
20260921,544923,329359,100.0
20260921,544924,391200,100.0
20260921,544925,459600,100.0
20260921,544927,353,99.72
20260921,544928,1083200,100.0
20260921,544929,724560,100.0
20260921,544930,1461600,100.0
20260921,555555,376,89.31
20260921,570002,261,100.0
20260921,570004,424,83.46
20260921,570005,56037,100.0
20260921,590003,51788,53.11
20260921,590005,451,89.48
20260921,590006,401,73.71
20260921,590013,1366,55.13
20260921,590018,1391,99.64
20260921,590021,2087,79.57
20260921,590022,38,100.0
20260921,590024,14793,24.93
20260921,590025,3559,100.0
20260921,590030,18203,75.67
20260921,590031,39,88.64
20260921,590041,63676,100.0
20260921,590051,15933,40.55
20260921,590056,10,100.0
20260921,590057,1043,100.0
20260921,590062,13336,75.21
20260921,590065,8,66.67
20260921,590066,1675,50.18
20260921,590068,1,100.0
20260921,590070,13313,100.0
20260921,590071,355,72.75
20260921,590072,2,100.0
20260921,590073,2932,39.38
20260921,590075,135,72.97
20260921,590078,1297,68.73
20260921,590086,87,44.39
20260921,590095,384053,63.54
20260921,590096,63657,79.42
20260921,590097,26086,64.99
20260921,590098,43950,45.93
20260921,590099,1904,45.06
20260921,590101,12570,59.27
20260921,590103,156996,73.95
20260921,590104,27430,80.95
20260921,590106,5620,82.1
20260921,590107,15917,95.76
20260921,590108,62150,74.74
20260921,590109,169,80.86
20260921,590110,138,49.82
20260921,590113,2619,65.48
20260921,590115,745,57.8
20260921,590134,1420,85.85
20260921,590136,6442,89.91
20260921,590137,630,95.45
20260921,590138,29200,73.78
20260921,590139,800,90.91
20260921,590140,1256320,42.54
20260921,590141,272867,73.79
20260921,590142,103100,75.05
20260921,590143,41810,89.4
20260921,590144,22320,86.15
20260921,590145,198657,54.71
20260921,590146,2129,53.16
20260921,590147,184,100.0
20260921,590148,50560,90.22
20260921,590149,25705,95.4
20260921,590150,10992,89.88
20260921,590151,6392,82.38
20260921,590152,105726,71.18
20260921,590153,20112,90.98
20260921,590154,34352,83.0
20260921,590155,24063,78.22
20260921,590156,101214,74.85
20260921,590157,6278,87.36
20260921,590158,24550,80.84
20260921,590159,20227,84.87
20260921,590160,85,89.47
20260921,590161,1239118,73.26
20260921,710058,1,100.0
20260921,751131,35000,100.0
20260921,751132,46000,100.0
20260921,751141,69646,100.0
20260921,751142,71505,100.0
20260921,800177,8900,100.0
20260921,800288,3,100.0
20260921,800289,3,100.0
20260921,800290,12,70.59
20260921,800296,9,100.0
20260921,800297,35,77.78
20260921,800312,58,100.0
20260921,800317,5000,100.0
20260921,800318,12,100.0
20260921,800320,1,100.0
20260921,800322,14,100.0
20260921,800324,127,83.01
20260921,800325,50,84.75
20260921,800326,10,100.0
20260921,800327,81,88.04
20260921,800329,1,100.0
20260921,800331,13,86.67
20260921,800333,31,100.0
20260921,800334,44264,86.48
20260921,800339,3,75.0
20260921,800340,79,96.34
20260921,800341,18,100.0
20260921,800367,100,98.04
20260921,800385,29,100.0
20260921,800386,15,75.0
20260921,800428,3,100.0
20260921,800437,34,94.44
20260921,800438,16,94.12
20260921,800439,26,100.0
20260921,800441,6426,99.84
20260921,800442,1000,100.0
20260921,800452,11600,100.0
20260921,800488,79,85.87
20260921,800489,7605,98.7
20260921,800573,14,93.33
20260921,800575,13,86.67
20260921,800580,19,95.0
20260921,800588,15347,100.0
20260921,800596,50,89.29
20260921,800598,515,100.0
20260921,800603,130,84.42
20260921,800605,22,57.89
20260921,800607,390,100.0
20260921,800686,2082800,100.0
20260921,800716,1100000,100.0
20260921,800741,700000,100.0
20260921,800744,2088800,100.0
20260921,800807,100,100.0
20260921,800808,11102,99.1
20260921,800809,6542,99.85
20260921,800815,1584,89.24
20260921,800816,10403,100.0
20260921,805129,1,50.0
20260921,805132,400,100.0
20260921,805207,400,100.0
20260921,805231,100,100.0
20260921,805259,1,100.0
20260921,805265,100,100.0
20260921,810632,35000,100.0
20260921,810749,100,50.0
20260921,810840,14600,100.0
20260921,810889,20000,100.0
20260921,890217,7883,99.75
20260921,890226,33637,99.9
20260921,890228,154,98.72
20260921,890234,6080,100.0
20260921,890238,21807,100.0
20260921,935544,65,100.0
20260921,935584,215,100.0
20260921,935642,120,100.0
20260921,935674,1,100.0
20260921,936044,50,100.0
20260921,936130,100,100.0
20260921,936224,1000,100.0
20260921,936320,650,100.0
20260921,936398,97,100.0
20260921,936412,311,100.0
20260921,936416,95,100.0
20260921,936578,5,100.0
20260921,936656,134,100.0
20260921,936722,320,100.0
20260921,936744,180,100.0
20260921,936977,2,100.0
20260921,937017,897,69.75
20260921,937093,500,100.0
20260921,937169,333,83.67
20260921,937345,974,83.68
20260921,937373,20,66.67
20260921,937381,10,100.0
20260921,937385,10,100.0
20260921,937409,1200,100.0
20260921,937453,100,100.0
20260921,937455,225,100.0
20260921,937457,1040,77.61
20260921,937501,1180,96.48
20260921,937619,50,100.0
20260921,937621,517,100.0
20260921,937637,32,100.0
20260921,937707,320,100.0
20260921,937709,240,99.17
20260921,937721,646,100.0
20260921,937725,16,100.0
20260921,937743,3,100.0
20260921,937777,50,100.0
20260921,937799,2560,100.0
20260921,937805,23,100.0
20260921,937825,683,100.0
20260921,937829,82,100.0
20260921,937831,50,100.0
20260921,937999,235,100.0
20260921,938003,100,100.0
20260921,938073,120,100.0
20260921,938091,1,100.0
20260921,938113,170,100.0
20260921,938212,52,100.0
20260921,938214,20,100.0
20260921,938220,100,100.0
20260921,938278,10,100.0
20260921,938364,71,100.0
20260921,938372,524,99.62
20260921,938384,540,100.0
20260921,938512,20,100.0
20260921,938524,25,100.0
20260921,938530,200,100.0
20260921,938570,210,100.0
20260921,938576,685,100.0
20260921,938634,250,100.0
20260921,938658,114,100.0
20260921,938662,244,100.0
20260921,938664,110,100.0
20260921,938666,100,57.14
20260921,938706,400,80.0
20260921,938738,1000,100.0
20260921,938742,1,100.0
20260921,938790,25,100.0
20260921,938850,6,100.0
20260921,938870,626,100.0
20260921,938898,45,100.0
20260921,938900,1011,100.0
20260921,938910,10,100.0
20260921,938994,75,100.0
20260921,939030,1,100.0
20260921,939056,180,100.0
20260921,939090,50,57.47
20260921,939092,25,100.0
20260921,939190,47,51.65
20260921,939194,132,100.0
20260921,939206,98,100.0
20260921,939264,24,100.0
20260921,939355,65,100.0
20260921,939423,10,100.0
20260921,939461,750,100.0
20260921,939473,115,100.0
20260921,939477,75,100.0
20260921,939607,10,100.0
20260921,939619,775,100.0
20260921,939623,2,100.0
20260921,939725,50,100.0
20260921,939727,50,94.34
20260921,939735,74,100.0
20260921,939743,5,100.0
20260921,939747,39,100.0
20260921,939751,5,50.0
20260921,939845,1,100.0
20260921,939857,8,100.0
20260921,939881,1,100.0
20260921,939923,3,100.0
20260921,939977,10,100.0
20260921,940101,115,100.0
20260921,940103,10047,100.0
20260921,940107,34,36.96
20260921,940183,80,33.33
20260921,940201,1,100.0
20260921,940227,41,100.0
20260921,940249,2,100.0
20260921,940321,9,100.0
20260921,940323,2,100.0
20260921,940325,262,83.97
20260921,940329,220,100.0
20260921,940357,173,100.0
20260921,940385,43,100.0
20260921,940399,600,100.0
20260921,940429,40,100.0
20260921,940453,201,100.0
20260921,940459,100,100.0
20260921,940471,50,80.65
20260921,940475,50,100.0
20260921,940479,131,100.0
20260921,940485,17,100.0
20260921,940491,50,100.0
20260921,940503,10,50.0
20260921,940505,51,50.0
20260921,940517,40,100.0
20260921,940519,110,100.0
20260921,940537,20,100.0
20260921,940541,5,100.0
20260921,940551,25,100.0
20260921,940641,251,100.0
20260921,940643,160,100.0
20260921,940649,5,100.0
20260921,940655,100,100.0
20260921,940663,210,100.0
20260921,940669,274,100.0
20260921,940673,187,100.0
20260921,940675,170,100.0
20260921,940677,604,100.0
20260921,940683,181,100.0
20260921,940685,10,100.0
20260921,940687,1,100.0
20260921,940697,10,100.0
20260921,940703,49,100.0
20260921,940709,10,100.0
20260921,940713,217,100.0
20260921,940715,163,100.0
20260921,940717,56,100.0
20260921,940731,52,100.0
20260921,940733,500,100.0
20260921,940751,252,100.0
20260921,940757,22,100.0
20260921,940767,14,100.0
20260921,940777,317,87.57
20260921,940783,100,100.0
20260921,940785,52,100.0
20260921,940787,80,81.63
20260921,940789,440,100.0
20260921,940795,1,100.0
20260921,940821,59,100.0
20260921,940837,127,100.0
20260921,940841,110,91.67
20260921,940849,133,100.0
20260921,940855,100,100.0
20260921,940866,116,100.0
20260921,940870,1010,84.17
20260921,940874,130,100.0
20260921,940886,1,100.0
20260921,940894,1,100.0
20260921,940898,5,100.0
20260921,940904,4,100.0
20260921,940910,20,100.0
20260921,940915,31,100.0
20260921,940919,3,100.0
20260921,940939,70,100.0
20260921,940951,10,100.0
20260921,940955,18,100.0
20260921,940957,50,100.0
20260921,940965,100,100.0
20260921,940971,192,100.0
20260921,940975,4,100.0
20260921,940977,169,100.0
20260921,940981,150,100.0
20260921,940989,100,100.0
20260921,940991,197,100.0
20260921,940993,10,100.0
20260921,941005,70,100.0
20260921,941013,244,100.0
20260921,941015,202,100.0
20260921,941021,57,100.0
20260921,941023,10,100.0
20260921,941037,49,98.0
20260921,941039,37,100.0
20260921,941049,1,100.0
20260921,941055,22,100.0
20260921,941057,3,100.0
20260921,941061,10,100.0
20260921,941065,20,100.0
20260921,941069,4,100.0
20260921,941075,2,100.0
20260921,941095,70,100.0
20260921,941097,100,100.0
20260921,941105,198,75.29
20260921,941111,1204,62.9
20260921,941125,120,92.31
20260921,941127,150,71.43
20260921,941129,96,100.0
20260921,941133,5,100.0
20260921,941135,50,100.0
20260921,941137,20,100.0
20260921,941141,50,100.0
20260921,941143,10,100.0
20260921,941145,1000,100.0
20260921,941149,100,100.0
20260921,941157,7,100.0
20260921,941159,238,100.0
20260921,941165,10,100.0
20260921,941173,1299,91.48
20260921,941185,342,76.68
20260921,941189,410,100.0
20260921,941191,49,100.0
20260921,941193,1788,93.42
20260921,941195,852,100.0
20260921,941199,70,100.0
20260921,941201,149,100.0
20260921,941203,100,100.0
20260921,941205,16,100.0
20260921,941231,830,100.0
20260921,941237,1,100.0
20260921,961718,1,100.0
20260921,961728,1307,83.94
20260921,961730,668,100.0
20260921,961734,6,100.0
20260921,961744,550,100.0
20260921,961751,100,100.0
20260921,961776,100,100.0
20260921,961785,2,100.0
20260921,961809,41,100.0
20260921,961810,200,66.67
20260921,961821,100,100.0
20260921,961825,20,95.24
20260921,961826,62,96.88
20260921,961839,1,100.0
20260921,961841,23,100.0
20260921,961863,245,100.0
20260921,961885,10,100.0
20260921,961895,500,55.49
20260921,961910,361,100.0
20260921,961921,2147,99.95
20260921,972706,1,100.0
20260921,972715,11,100.0
20260921,972721,2,100.0
20260921,973232,1,100.0
20260921,973491,877,84.73
20260921,973881,1,50.0
20260921,974639,4,100.0
20260921,974713,3,100.0
20260921,975017,1,100.0
20260921,975057,2,100.0
20260921,975229,1,100.0
20260921,975251,1,100.0
20260921,975282,1,100.0
20260921,975375,27,100.0
20260921,975453,12,100.0
20260921,975572,2,50.0
20260921,975690,36,92.31
20260921,975746,9,69.23
20260921,975790,8,100.0
20260921,975803,4,100.0
20260921,975808,3,100.0
20260921,976020,2,100.0
20260921,976085,10,100.0
20260921,976248,40,100.0
20260921,976261,1,100.0
20260921,976275,2,100.0
20260921,976292,6,100.0
20260921,976303,10,100.0
20260921,976325,287,100.0
20260921,976346,1,33.33
20260921,976389,2,100.0
20260921,976437,95,96.94
20260921,976448,1,100.0
20260921,976519,2,100.0
20260921,976526,5,100.0
20260921,976660,10,100.0
20260921,976685,15,100.0
20260921,976712,70,100.0
20260921,976727,1,100.0
20260921,976778,11,100.0
20260921,976808,160,99.38
20260921,976875,7,100.0
20260921,976898,1,100.0
20260921,976905,1,100.0
20260921,976940,1,100.0
20260921,976976,2,100.0
20260921,976985,93,54.07
20260921,977016,1,100.0
20260921,977017,34,100.0
20260921,977022,4,100.0
20260921,977023,1,100.0
20260921,977029,2,100.0
20260921,977044,41,100.0
20260921,977075,150,100.0
20260921,977093,35,100.0
20260921,977107,10,100.0
20260921,977117,15,100.0
20260921,977123,1,100.0
20260921,977128,74,100.0
20260921,977134,5,100.0
20260921,977172,1,100.0
20260921,977176,23,100.0
20260921,977200,1,100.0
20260921,977227,9,100.0
20260921,977228,2,100.0
20260921,977241,26,100.0
20260921,977249,39,100.0
20260921,977260,11,100.0
20260921,977261,1,100.0
20260921,977289,2,100.0
20260921,977298,2,100.0
20260921,977309,1,100.0
20260921,977330,7,100.0
20260921,977331,2,100.0
20260921,977356,30,100.0
20260921,977367,20,100.0
20260921,977382,50,64.94
20260921,977383,22,100.0
20260921,977387,3,100.0
20260921,977397,1,100.0
20260921,977424,63,100.0
20260921,977440,3,100.0
20260921,977471,2,100.0
20260921,977477,20,95.24
20260921,977502,1,100.0
20260921,977508,1,100.0
20260921,977532,25,100.0
20260921,977534,47,82.46
20260921,977541,151,75.5
20260921,977544,2,66.67
20260921,977546,8,100.0
20260921,977558,19,100.0
20260921,977564,215,100.0
20260921,977576,7,77.78
20260921,977585,11,100.0
20260921,977596,8,100.0
20260921,977598,1,100.0
20260921,977623,1,100.0
20260921,977633,4,100.0
20260921,977640,15,100.0
20260921,977642,3,100.0
20260921,977643,2,100.0
20260921,977645,19,100.0
20260921,977649,20,100.0
20260921,977651,1,100.0
20260921,977662,21,100.0
20260921,977671,3,100.0
20260921,977676,5,100.0
20260921,977678,22,62.86
20260921,977680,1,100.0
20260921,977700,8,88.89
20260921,977705,1,100.0
20260921,977710,23,100.0
20260921,977725,5,100.0
20260921,977732,80,100.0
20260921,977735,39,100.0
20260921,977738,1,100.0
20260921,977740,132,99.25
20260921,977753,40,80.0
20260921,977773,42,82.35
20260921,977788,8,100.0
20260921,977801,131,87.33
20260921,977803,4,100.0
20260921,977806,5,100.0
20260921,977839,1,100.0
20260921,977846,5,100.0
20260921,977852,5,100.0
20260921,977868,80,72.07
20260921,977869,89,93.68
20260921,977875,3,100.0
20260921,977877,12,100.0
20260921,977894,10,100.0
20260921,977903,1,100.0
20260921,977913,40,100.0
20260921,977915,1,100.0
20260921,977935,313,100.0
20260921,977948,1500,100.0
20260921,977984,68,88.31
20260921,977986,3,100.0
20260921,977994,1,100.0
20260921,978016,1,100.0
20260921,978025,33,100.0
20260921,978039,5,100.0
20260921,978046,2,100.0
20260921,978051,70,94.59
20260921,978055,13,100.0
20260921,978068,2,100.0
20260921,978075,21,100.0
20260921,978086,43,100.0
20260921,978094,59,100.0
20260921,978115,8,100.0
