DATE,SYMBOL,DELIV_QTY,DELIV_PER
20261009,500002,11398,51.62
20261009,500003,14769,39.05
20261009,500008,26686,50.92
20261009,500009,7475,100.0
20261009,500012,22076,78.74
20261009,500013,2451,100.0
20261009,500014,4728,84.25
20261009,500016,1082,98.99
20261009,500020,40329,47.0
20261009,500023,69,80.23
20261009,500027,73169,98.71
20261009,500028,3502,72.63
20261009,500031,6466,70.4
20261009,500032,357295,44.08
20261009,500033,3048,64.03
20261009,500034,223210,78.84
20261009,500038,15573,28.5
20261009,500039,2078,64.63
20261009,500040,2619,25.7
20261009,500041,23,92.0
20261009,500042,700,66.79
20261009,500043,4217,51.48
20261009,500048,5077,36.77
20261009,500049,488752,53.44
20261009,500051,47750,100.0
20261009,500052,43268,43.45
20261009,500058,9842,88.38
20261009,500059,1255,100.0
20261009,500060,28791,64.47
20261009,500067,21734,49.42
20261009,500069,26,92.86
20261009,500074,1644,89.69
20261009,500078,1515,66.98
20261009,500083,22731,87.17
20261009,500084,4157352,96.58
20261009,500085,37549,33.61
20261009,500086,43393,58.82
20261009,500087,10703,44.7
20261009,500089,14,100.0
20261009,500092,80264,99.79
20261009,500093,62484,46.05
20261009,500096,64963,62.99
20261009,500097,3845,44.83
20261009,500101,12426,35.63
20261009,500103,201265,39.95
20261009,500104,1099360,85.35
20261009,500106,1409702,30.51
20261009,500108,19601,41.63
20261009,500109,113482,35.37
20261009,500110,28654,38.9
20261009,500112,388514,70.85
20261009,500113,500938,46.96
20261009,500114,20494,58.15
20261009,500116,210196,32.42
20261009,500117,26463,55.9
20261009,500119,10259,51.59
20261009,500120,256,96.97
20261009,500123,124,62.63
20261009,500124,51922,63.03
20261009,500125,3782,44.56
20261009,500126,192,70.33
20261009,500128,40418,31.62
20261009,500133,65,59.09
20261009,500135,33052,52.67
20261009,500136,2871,74.88
20261009,500142,142,100.0
20261009,500143,27174,100.0
20261009,500144,8128,39.04
20261009,500147,393,89.52
20261009,500148,2958,54.77
20261009,500150,272,54.08
20261009,500151,424,100.0
20261009,500153,45622,100.0
20261009,500159,176,100.0
20261009,500160,34657,81.52
20261009,500163,8404,43.82
20261009,500164,3061,58.65
20261009,500165,15309,72.55
20261009,500166,3598,82.2
20261009,500168,411,89.54
20261009,500170,3044,96.42
20261009,500171,2137,69.97
20261009,500173,2431,85.09
20261009,500174,1713,100.0
20261009,500178,44,100.0
20261009,500179,26280,84.11
20261009,500180,857983,66.35
20261009,500182,7569,53.96
20261009,500183,551242,100.0
20261009,500184,19649,42.28
20261009,500185,341655,42.4
20261009,500186,8245,50.58
20261009,500187,1394,54.5
20261009,500188,76747,40.23
20261009,500189,5,83.33
20261009,500191,2324,100.0
20261009,500192,10079,74.41
20261009,500193,9220,91.01
20261009,500199,859,48.75
20261009,500201,44881,53.59
20261009,500202,779,100.0
20261009,500206,258,99.23
20261009,500207,39306,50.67
20261009,500209,288892,52.65
20261009,500210,196,40.75
20261009,500213,1642,90.07
20261009,500214,4458,56.41
20261009,500215,1231,65.2
20261009,500219,26873,40.43
20261009,500220,1360,90.13
20261009,500227,96,53.04
20261009,500228,14632,28.1
20261009,500233,1631,46.98
20261009,500234,104,98.11
20261009,500235,1104,54.55
20261009,500236,1070,100.0
20261009,500238,17915,52.45
20261009,500239,1259,96.03
20261009,500240,3916,70.48
20261009,500241,788,36.03
20261009,500243,87,44.85
20261009,500245,858,49.08
20261009,500246,45,100.0
20261009,500247,3027512,85.31
20261009,500249,1630,33.62
20261009,500250,473,64.71
20261009,500251,25978,48.96
20261009,500252,234,73.82
20261009,500253,76859,54.54
20261009,500257,13223,49.55
20261009,500259,257,100.0
20261009,500260,2511,48.0
20261009,500262,127,100.0
20261009,500264,3623,61.76
20261009,500265,4904,25.73
20261009,500266,48,29.63
20261009,500267,201,100.0
20261009,500268,25617,27.1
20261009,500270,225,100.0
20261009,500271,6549,45.45
20261009,500277,29,100.0
20261009,500279,19892,75.41
20261009,500280,1011,65.95
20261009,500282,4,100.0
20261009,500284,58,70.73
20261009,500285,3284706,58.38
20261009,500288,515450,53.93
20261009,500290,66,66.67
20261009,500292,7153,67.01
20261009,500294,373642,40.57
20261009,500295,441131,54.8
20261009,500296,143,95.97
20261009,500298,790,92.61
20261009,500300,1568,52.32
20261009,500304,3655,47.74
20261009,500306,34221,44.17
20261009,500307,272,96.11
20261009,500312,928366,83.74
20261009,500313,15318,100.0
20261009,500314,2268,63.58
20261009,500317,331,99.1
20261009,500319,834,98.0
20261009,500322,94,100.0
20261009,500325,1234469,59.07
20261009,500327,3456,73.96
20261009,500330,35197,43.83
20261009,500331,5533,47.96
20261009,500333,400,58.14
20261009,500335,1364,53.62
20261009,500336,8056,58.82
20261009,500337,3,100.0
20261009,500338,5961,51.28
20261009,500339,62054,49.3
20261009,500342,905,64.18
20261009,500343,1451,92.89
20261009,500346,10,76.92
20261009,500350,914,65.9
20261009,500354,2409,92.4
20261009,500355,13480,59.5
20261009,500356,700,100.0
20261009,500357,306,100.0
20261009,500360,28064,100.0
20261009,500365,35814,50.62
20261009,500367,1983,10.16
20261009,500368,41720,43.49
20261009,500370,71,84.52
20261009,500371,1200,100.0
20261009,500378,37124,49.79
20261009,500380,6819,69.31
20261009,500387,146,33.56
20261009,500390,80960,100.0
20261009,500399,1563,100.0
20261009,500400,70258,32.46
20261009,500402,6201,62.74
20261009,500403,1872,57.46
20261009,500404,9051,45.88
20261009,500405,947,26.97
20261009,500407,744,82.03
20261009,500408,24594,40.37
20261009,500410,5070,59.5
20261009,500411,8433,35.79
20261009,500412,4430,64.87
20261009,500413,12982,42.68
20261009,500414,19542,44.38
20261009,500420,8772,75.2
20261009,500421,330329,100.0
20261009,500422,526,100.0
20261009,500425,44168,39.67
20261009,500426,6760,94.22
20261009,500439,13,92.86
20261009,500440,129036,59.71
20261009,500444,2467,39.4
20261009,500449,267688,100.0
20261009,500450,4,100.0
20261009,500456,24465,72.59
20261009,500458,4556,68.33
20261009,500459,528,57.39
20261009,500460,16313,74.86
20261009,500463,85892,31.35
20261009,500464,748,100.0
20261009,500467,73,100.0
20261009,500469,148944,67.76
20261009,500470,257940,41.85
20261009,500472,596,71.21
20261009,500477,459603,58.92
20261009,500480,48708,81.72
20261009,500483,6258,41.28
20261009,500488,230,46.84
20261009,500490,383,41.41
20261009,500493,41103,77.45
20261009,500495,1399,51.19
20261009,500500,85571,73.45
20261009,500510,24643,53.65
20261009,500520,36357,48.58
20261009,500530,528,31.47
20261009,500540,6,100.0
20261009,500547,74539,51.45
20261009,500550,6157,34.93
20261009,500570,302142,58.31
20261009,500575,3832,34.62
20261009,500620,11391,41.61
20261009,500645,4973,54.92
20261009,500650,338,96.57
20261009,500655,2680,65.91
20261009,500660,1476,42.23
20261009,500670,7217,40.11
20261009,500672,1947,47.86
20261009,500674,576,70.33
20261009,500680,521,48.51
20261009,500690,19382,60.7
20261009,500696,8776,41.2
20261009,500710,361,48.01
20261009,500730,18700,59.13
20261009,500770,18099,42.5
20261009,500777,22337,66.05
20261009,500780,1556,65.08
20261009,500790,200169,87.3
20261009,500800,8104,53.42
20261009,500820,16496,66.65
20261009,500825,1859,45.73
20261009,500830,244601,67.22
20261009,500840,14268,72.61
20261009,500850,120137,78.02
20261009,500870,32472,51.61
20261009,500875,911545,48.23
20261009,500877,10267,54.53
20261009,500878,1798,54.06
20261009,500940,5970,48.59
20261009,501148,6,100.0
20261009,501150,1652,71.7
20261009,501151,1,100.0
20261009,501242,875,99.89
20261009,501261,267916,100.0
20261009,501270,1,100.0
20261009,501295,9181,89.58
20261009,501298,13,100.0
20261009,501301,11825,52.9
20261009,501314,115942,63.77
20261009,501343,1226,100.0
20261009,501370,5,100.0
20261009,501391,101,100.0
20261009,501421,73,64.6
20261009,501423,1799,49.06
20261009,501425,1112,40.99
20261009,501430,1,100.0
20261009,501455,8610,32.66
20261009,501477,60,61.22
20261009,501700,1537,99.29
20261009,501831,1559,85.1
20261009,501833,1201,89.43
20261009,501848,18093,86.79
20261009,501945,30421,100.0
20261009,502015,2525,76.35
20261009,502090,362,75.26
20261009,502137,211,97.24
20261009,502157,235,47.76
20261009,502168,3385,77.27
20261009,502175,3078,74.15
20261009,502180,2896,83.65
20261009,502219,6298,42.27
20261009,502281,2992,100.0
20261009,502330,8778,66.39
20261009,502355,1235,50.72
20261009,502420,2211,61.48
20261009,502445,5050,88.72
20261009,502448,89849,100.0
20261009,502450,7905,78.24
20261009,502587,13,92.86
20261009,502820,51,100.0
20261009,502865,4425,80.22
20261009,502873,368,56.44
20261009,502893,2,100.0
20261009,502901,502,100.0
20261009,502933,51,100.0
20261009,502937,119769,77.21
20261009,502986,1755,49.93
20261009,503031,26991,87.83
20261009,503092,35,100.0
20261009,503100,10320,57.75
20261009,503101,1091,67.72
20261009,503127,5,100.0
20261009,503169,1080,77.64
20261009,503310,19078,48.63
20261009,503349,85,100.0
20261009,503624,33,100.0
20261009,503635,67,100.0
20261009,503639,809,100.0
20261009,503641,46192,89.68
20261009,503657,32308,77.42
20261009,503659,122,100.0
20261009,503663,1138902,77.92
20261009,503675,7083,98.65
20261009,503681,1,33.33
20261009,503685,774,100.0
20261009,503722,185,100.0
20261009,503776,820,99.76
20261009,503804,687,62.0
20261009,503806,4348,57.87
20261009,503811,1083,78.25
20261009,503816,2636,67.47
20261009,503837,6265,99.11
20261009,503863,2007,100.0
20261009,503960,1694,39.7
20261009,504000,678,97.84
20261009,504028,38765,100.0
20261009,504036,1561,45.5
20261009,504058,121,100.0
20261009,504067,64711,36.38
20261009,504076,11525,77.92
20261009,504080,3,75.0
20261009,504084,340,53.38
20261009,504092,7749,60.17
20261009,504093,5321,88.17
20261009,504112,6278,28.69
20261009,504132,279,62.56
20261009,504176,3054,71.31
20261009,504180,1877,78.37
20261009,504212,1871,42.05
20261009,504220,4634,94.19
20261009,504240,2134,100.0
20261009,504258,955,68.36
20261009,504273,3374,100.0
20261009,504340,21554,91.44
20261009,504341,5348,65.68
20261009,504351,9110825,77.9
20261009,504356,2,100.0
20261009,504369,1369,100.0
20261009,504378,22123,82.81
20261009,504380,365,88.59
20261009,504392,37500,100.0
20261009,504397,626,100.0
20261009,504605,94,64.38
20261009,504614,8549,56.94
20261009,504646,1072,100.0
20261009,504648,340,100.0
20261009,504731,2694,80.83
20261009,504741,334,55.39
20261009,504746,349,100.0
20261009,504786,854,100.0
20261009,504840,22,95.65
20261009,504879,2094,65.38
20261009,504882,1069,64.28
20261009,504903,28366,100.0
20261009,504908,290,87.88
20261009,504918,16908,51.11
20261009,504959,769,99.87
20261009,504973,1993,50.83
20261009,504988,42,93.33
20261009,505010,667,89.29
20261009,505029,60,98.36
20261009,505036,15,57.69
20261009,505075,1843,100.0
20261009,505160,2049,54.98
20261009,505163,1,50.0
20261009,505192,939,39.87
20261009,505196,4871,100.0
20261009,505200,16047,49.25
20261009,505212,1068,100.0
20261009,505216,9,90.0
20261009,505232,123,100.0
20261009,505242,442,50.06
20261009,505250,713,94.56
20261009,505255,7172,56.18
20261009,505283,4745,57.17
20261009,505299,246,75.93
20261009,505302,2,100.0
20261009,505324,2901,100.0
20261009,505336,1556734,100.0
20261009,505343,714024,90.92
20261009,505355,1326,59.73
20261009,505358,10008,64.38
20261009,505368,13,100.0
20261009,505400,123295,90.12
20261009,505412,405,79.1
20261009,505502,37909,100.0
20261009,505504,5317,100.0
20261009,505509,3125,91.91
20261009,505515,17893,91.84
20261009,505523,343951,74.89
20261009,505526,4780,63.8
20261009,505533,641,41.3
20261009,505537,249731,36.6
20261009,505590,34521,86.09
20261009,505650,2826,94.07
20261009,505681,22,100.0
20261009,505688,1443,100.0
20261009,505690,89,97.8
20261009,505693,48451,67.87
20261009,505700,10127,42.05
20261009,505710,32277,53.64
20261009,505712,7594,100.0
20261009,505714,5017,34.01
20261009,505720,63465,90.44
20261009,505725,108533,23.34
20261009,505726,554,72.23
20261009,505729,3735,64.37
20261009,505737,319,92.73
20261009,505744,8088,67.06
20261009,505750,26766,76.6
20261009,505790,764,60.44
20261009,505797,2315,100.0
20261009,505800,110,63.58
20261009,505827,411,71.98
20261009,505840,3465,100.0
20261009,505850,262,76.61
20261009,505854,3301,68.54
20261009,505872,1572,52.14
20261009,505890,25407,97.82
20261009,505893,658,51.73
20261009,505978,213,69.61
20261009,506003,1891,100.0
20261009,506022,12783,55.33
20261009,506074,432458,100.0
20261009,506076,352,46.68
20261009,506079,200,100.0
20261009,506105,5,100.0
20261009,506109,6495,40.45
20261009,506122,36233,100.0
20261009,506128,574,100.0
20261009,506134,7803,59.41
20261009,506146,62672,72.8
20261009,506166,28949,20.06
20261009,506180,11,100.0
20261009,506184,23679,92.07
20261009,506186,29086,98.28
20261009,506194,4457,74.23
20261009,506197,11236,100.0
20261009,506222,614,63.63
20261009,506235,19432,53.93
20261009,506248,1661,83.38
20261009,506260,4091,65.36
20261009,506261,13341,100.0
20261009,506285,1881,54.07
20261009,506365,3,100.0
20261009,506390,260,43.99
20261009,506395,8096,52.45
20261009,506401,7953,43.78
20261009,506405,6173,50.29
20261009,506414,2894,51.71
20261009,506480,1121,50.89
20261009,506520,2987,80.14
20261009,506525,4103,100.0
20261009,506528,861,100.0
20261009,506530,4,100.0
20261009,506532,23,79.31
20261009,506579,1698,68.55
20261009,506590,17489,45.53
20261009,506597,2654,63.81
20261009,506605,42,62.69
20261009,506618,104,80.0
20261009,506640,64,100.0
20261009,506642,372846,100.0
20261009,506655,4738,50.07
20261009,506680,26,100.0
20261009,506685,2044,62.34
20261009,506687,124,100.0
20261009,506690,844,39.61
20261009,506734,787,100.0
20261009,506767,910,36.24
20261009,506808,143,100.0
20261009,506820,452,62.17
20261009,506852,8218,70.43
20261009,506854,6476,62.1
20261009,506858,23,69.7
20261009,506863,3706,46.31
20261009,506879,19927,71.47
20261009,506906,1218,100.0
20261009,506919,179,100.0
20261009,506947,850,100.0
20261009,506979,164,89.13
20261009,507155,5043,59.95
20261009,507180,54196,100.0
20261009,507205,15467,35.37
20261009,507265,502,100.0
20261009,507300,39,100.0
20261009,507315,383,77.37
20261009,507410,49722,72.89
20261009,507438,63,91.3
20261009,507474,15283,90.06
20261009,507488,10221,50.36
20261009,507490,5847,82.6
20261009,507498,1754,74.86
20261009,507514,22459,53.02
20261009,507515,1706,53.03
20261009,507526,11989,94.1
20261009,507552,7426,82.28
20261009,507580,883,100.0
20261009,507598,571,72.46
20261009,507609,4,100.0
20261009,507621,1399,99.22
20261009,507645,7,100.0
20261009,507685,775284,57.55
20261009,507690,8,100.0
20261009,507717,1050,72.66
20261009,507747,161,71.24
20261009,507753,16913,45.58
20261009,507759,687,100.0
20261009,507779,219,99.55
20261009,507785,1585,97.36
20261009,507789,2727,61.43
20261009,507794,1395,72.47
20261009,507813,2088,99.19
20261009,507815,227,9.21
20261009,507817,50,100.0
20261009,507828,75275,78.93
20261009,507833,6406,89.41
20261009,507836,40,100.0
20261009,507852,4848,95.25
20261009,507864,101,100.0
20261009,507872,1442,98.63
20261009,507878,2315969,84.76
20261009,507880,29567,84.81
20261009,507910,1452,92.72
20261009,507912,1484,21.44
20261009,507944,1264,70.89
20261009,507946,105,100.0
20261009,507948,84,93.33
20261009,507960,558,91.33
20261009,507962,4369,100.0
20261009,507966,749,71.4
20261009,507968,3424,97.13
20261009,507970,1642,100.0
20261009,507981,247,89.17
20261009,507998,7613,71.98
20261009,508136,446,100.0
20261009,508486,18,81.82
20261009,508494,1105,70.34
20261009,508571,24,92.31
20261009,508664,2650,100.0
20261009,508670,21,100.0
20261009,508807,254,69.4
20261009,508814,700,37.57
20261009,508867,120,100.0
20261009,508869,21432,40.04
20261009,508905,211,74.3
20261009,508906,2335,40.79
20261009,508918,6865,57.66
20261009,508933,2340,65.47
20261009,508941,689,86.12
20261009,508954,517,97.36
20261009,508956,2718,94.77
20261009,508961,192,100.0
20261009,508969,19480,61.92
20261009,508980,27005,100.0
20261009,508989,8889,97.52
20261009,509009,219,99.55
20261009,509015,708,100.0
20261009,509020,1477,86.83
20261009,509024,1796,82.16
20261009,509026,280,99.64
20261009,509038,24,100.0
20261009,509040,264,94.62
20261009,509046,2,100.0
20261009,509048,1748,100.0
20261009,509051,1580160,66.09
20261009,509053,7642,86.03
20261009,509055,7697,100.0
20261009,509069,91,81.98
20261009,509073,1952,72.14
20261009,509079,1251,76.51
20261009,509084,50,100.0
20261009,509152,2,50.0
20261009,509162,2422,100.0
20261009,509196,368,91.54
20261009,509220,1189,85.48
20261009,509243,288,80.45
20261009,509438,5,83.33
20261009,509449,556,61.3
20261009,509470,4,50.0
20261009,509472,229,99.57
20261009,509480,4165,58.19
20261009,509486,3126,100.0
20261009,509488,22637,37.04
20261009,509496,10582,51.09
20261009,509525,140,53.85
20261009,509546,1085,100.0
20261009,509557,1278,93.15
20261009,509563,861,74.8
20261009,509567,344,80.37
20261009,509597,2,66.67
20261009,509631,41966,55.43
20261009,509635,992,61.05
20261009,509675,742,48.69
20261009,509692,1405,69.45
20261009,509709,21516,88.76
20261009,509715,1122,93.66
20261009,509732,28740,76.87
20261009,509760,1507,100.0
20261009,509762,14633,100.0
20261009,509820,4261,55.66
20261009,509835,3868,99.97
20261009,509874,5777,100.0
20261009,509887,1,100.0
20261009,509930,1470,43.93
20261009,509945,8,100.0
20261009,509953,7,100.0
20261009,509960,20,100.0
20261009,509966,10646,75.05
20261009,510245,54783,74.33
20261009,511000,1740,77.54
20261009,511012,283945,100.0
20261009,511018,6586,44.41
20261009,511034,3161,53.69
20261009,511066,1547,86.52
20261009,511076,14216,61.3
20261009,511092,14240,100.0
20261009,511110,1130,81.88
20261009,511116,147077,100.0
20261009,511122,54,81.82
20261009,511131,2022,100.0
20261009,511144,615,100.0
20261009,511147,948,77.83
20261009,511153,3461,100.0
20261009,511187,5,100.0
20261009,511194,418,100.0
20261009,511196,5820,43.41
20261009,511208,25108,92.1
20261009,511218,166313,67.66
20261009,511243,141754,80.58
20261009,511246,64,100.0
20261009,511260,5548,98.07
20261009,511333,1120,82.72
20261009,511355,240054,100.0
20261009,511359,61,84.72
20261009,511391,287,36.1
20261009,511411,1075,98.35
20261009,511413,108,76.6
20261009,511431,87660,74.3
20261009,511441,101,100.0
20261009,511447,2552524,72.78
20261009,511451,343,100.0
20261009,511463,60,100.0
20261009,511473,4094,99.13
20261009,511493,8020,100.0
20261009,511501,608,57.36
20261009,511505,12784,100.0
20261009,511507,392,100.0
20261009,511509,14318,63.13
20261009,511523,64760,100.0
20261009,511525,20428,88.27
20261009,511533,6152,68.88
20261009,511535,5406,100.0
20261009,511539,2,100.0
20261009,511543,197,100.0
20261009,511549,668,86.87
20261009,511551,472,60.36
20261009,511557,3017689,100.0
20261009,511559,40,100.0
20261009,511571,8754,98.12
20261009,511577,5,100.0
20261009,511589,2366,86.16
20261009,511593,363,96.8
20261009,511601,3151,79.33
20261009,511605,14205,64.38
20261009,511609,72,97.3
20261009,511611,1635,98.02
20261009,511626,1198,99.83
20261009,511628,48853,50.88
20261009,511630,18988,85.56
20261009,511644,69497,100.0
20261009,511654,4,100.0
20261009,511658,9697,62.69
20261009,511664,7734,72.62
20261009,511672,8435,100.0
20261009,511676,2038,82.24
20261009,511692,3294,99.79
20261009,511700,2364585,69.58
20261009,511702,156,43.58
20261009,511710,5392,100.0
20261009,511712,72,100.0
20261009,511714,1,50.0
20261009,511716,208,100.0
20261009,511724,634,55.52
20261009,511726,31665,100.0
20261009,511728,19,100.0
20261009,511734,3937,100.0
20261009,511740,143,99.31
20261009,511742,6662,79.36
20261009,511754,1009,64.8
20261009,511756,821,100.0
20261009,511758,1,100.0
20261009,511764,3495,67.79
20261009,511766,342,92.18
20261009,511768,14610,52.45
20261009,512008,7193,74.3
20261009,512014,27,64.29
20261009,512018,4655,72.27
20261009,512020,7,70.0
20261009,512025,10570,72.11
20261009,512038,11069,45.56
20261009,512047,74874,81.36
20261009,512048,54216,84.93
20261009,512062,383,100.0
20261009,512064,2260,59.69
20261009,512065,2691,100.0
20261009,512068,58377,34.42
20261009,512070,21579,45.23
20261009,512093,46416,100.0
20261009,512097,107682,81.38
20261009,512103,540,92.94
20261009,512115,3532,83.09
20261009,512131,887,100.0
20261009,512149,1240445,69.51
20261009,512161,2271,95.54
20261009,512165,9013,91.1
20261009,512169,48551,100.0
20261009,512175,4353,78.94
20261009,512179,3827,56.7
20261009,512197,50,100.0
20261009,512217,3894,71.03
20261009,512229,2190,100.0
20261009,512237,16369,61.95
20261009,512247,10169,65.87
20261009,512257,36886,92.41
20261009,512267,269331,50.51
20261009,512277,207,99.52
20261009,512296,257,100.0
20261009,512301,2953,100.0
20261009,512329,6923,46.96
20261009,512344,512,100.0
20261009,512345,203,100.0
20261009,512359,2093703,35.44
20261009,512361,747736,60.76
20261009,512377,887,100.0
20261009,512379,44170,100.0
20261009,512381,172,99.42
20261009,512393,1341,100.0
20261009,512399,505995,98.37
20261009,512415,3659,100.0
20261009,512425,17,100.0
20261009,512437,79,100.0
20261009,512441,6447876,52.26
20261009,512443,132387,65.37
20261009,512453,2,100.0
20261009,512455,15502,58.6
20261009,512463,201584,58.28
20261009,512477,34,45.33
20261009,512489,1811,100.0
20261009,512493,735,100.0
20261009,512499,719842,100.0
20261009,512519,270,100.0
20261009,512527,424,100.0
20261009,512529,42420,46.47
20261009,512531,669,82.9
20261009,512559,2045,71.2
20261009,512565,1433,99.93
20261009,512573,7835,34.11
20261009,512587,17472,88.06
20261009,512589,11,64.71
20261009,512591,1415696,60.99
20261009,512595,2491,82.54
20261009,512597,9,100.0
20261009,512599,25393,28.11
20261009,512600,6813,99.33
20261009,512604,5850,100.0
20261009,512608,29237,90.77
20261009,512618,174,100.0
20261009,512624,19141,92.29
20261009,512626,1511,90.42
20261009,512634,567,91.16
20261009,513005,124,100.0
20261009,513023,8524,60.18
20261009,513043,3036,51.04
20261009,513059,5876,100.0
20261009,513063,223,100.0
20261009,513097,6057,56.09
20261009,513108,486,88.69
20261009,513117,3238,99.94
20261009,513119,29587,68.76
20261009,513121,4262,95.73
20261009,513173,1331,100.0
20261009,513228,58371,75.12
20261009,513250,81773,45.65
20261009,513252,53,100.0
20261009,513262,11766,38.97
20261009,513269,13987,26.67
20261009,513295,499,86.48
20261009,513303,313,55.5
20261009,513307,2186,71.11
20261009,513337,1770444,53.06
20261009,513343,65,100.0
20261009,513349,46739,90.13
20261009,513353,2171,69.05
20261009,513361,147548,67.46
20261009,513369,2777,100.0
20261009,513375,10367,57.36
20261009,513377,33871,56.63
20261009,513418,13660,100.0
20261009,513430,97,100.0
20261009,513436,880,100.0
20261009,513452,4,100.0
20261009,513456,546,100.0
20261009,513472,112379,82.88
20261009,513488,2003,100.0
20261009,513496,1013,100.0
20261009,513498,618,90.88
20261009,513502,48347,76.57
20261009,513509,547,100.0
20261009,513511,26,72.22
20261009,513513,1942,100.0
20261009,513517,1325,56.96
20261009,513519,3793,52.46
20261009,513528,8489,100.0
20261009,513532,11715,62.02
20261009,513536,2484,22.71
20261009,513540,1700,100.0
20261009,513544,292,100.0
20261009,513548,20,100.0
20261009,513554,185,100.0
20261009,513566,8996,100.0
20261009,513575,1281,97.34
20261009,513599,188381,44.82
20261009,513629,96,98.97
20261009,513642,662,76.53
20261009,513683,22415,41.49
20261009,513687,554,100.0
20261009,513693,3139,78.16
20261009,513699,164,95.35
20261009,513709,583,86.5
20261009,513713,6667,79.7
20261009,513721,29,100.0
20261009,513729,2988,83.25
20261009,514010,107832,100.0
20261009,514028,60,98.36
20261009,514030,1552,73.48
20261009,514036,10,100.0
20261009,514043,16080,52.45
20261009,514045,1421,97.26
20261009,514060,24011,100.0
20261009,514087,1058,77.06
20261009,514113,2090,89.82
20261009,514142,6148,77.74
20261009,514162,45742,32.55
20261009,514165,49822,62.18
20261009,514167,884,58.04
20261009,514171,102,97.14
20261009,514175,11546,93.44
20261009,514183,5850,88.48
20261009,514197,8800,78.54
20261009,514211,48590,54.75
20261009,514223,5150,100.0
20261009,514234,1942,81.53
20261009,514238,3337,95.73
20261009,514240,544,99.63
20261009,514260,611,100.0
20261009,514264,1,100.0
20261009,514266,1824,73.37
20261009,514272,79,92.94
20261009,514274,3755,71.67
20261009,514280,199,98.51
20261009,514286,7650,90.63
20261009,514300,9,100.0
20261009,514302,14,100.0
20261009,514312,722,2.42
20261009,514316,3808,100.0
20261009,514318,79,100.0
20261009,514322,195,65.0
20261009,514324,1541,78.86
20261009,514326,3122,93.89
20261009,514330,1267,85.15
20261009,514332,1579,99.94
20261009,514336,2092,100.0
20261009,514354,14341,52.02
20261009,514358,154,98.09
20261009,514360,83398,62.43
20261009,514378,140,95.24
20261009,514386,2819388,97.35
20261009,514400,677,100.0
20261009,514402,31874,97.23
20261009,514414,5077,100.0
20261009,514418,471,98.12
20261009,514428,90,36.73
20261009,514440,66777,100.0
20261009,514442,3427,100.0
20261009,514448,998,56.0
20261009,514450,783,100.0
20261009,514454,414,100.0
20261009,514470,724,97.71
20261009,515008,114415,100.0
20261009,515018,42,100.0
20261009,515030,1457,35.9
20261009,515037,658,99.25
20261009,515043,3863,77.41
20261009,515055,59797,56.41
20261009,515059,66,97.06
20261009,515085,10800,77.22
20261009,515093,201,100.0
20261009,515147,2887,50.28
20261009,516003,598,100.0
20261009,516016,105,88.98
20261009,516020,306,100.0
20261009,516022,16,100.0
20261009,516030,551,75.69
20261009,516032,60303,77.13
20261009,516038,18804,79.98
20261009,516062,210,100.0
20261009,516064,2412,62.6
20261009,516072,1140,63.37
20261009,516078,10221,100.0
20261009,516082,164,69.79
20261009,516092,2,100.0
20261009,516096,5,100.0
20261009,516098,4589,95.7
20261009,516106,1453,65.72
20261009,516108,6158,82.08
20261009,516110,91664,96.75
20261009,517015,1355,44.54
20261009,517035,29531,56.78
20261009,517041,568,53.43
20261009,517059,1729,60.82
20261009,517063,3408,53.0
20261009,517096,1330,66.24
20261009,517119,9561,73.87
20261009,517146,10541,63.46
20261009,517168,7930,92.66
20261009,517170,13442,93.52
20261009,517172,49,100.0
20261009,517174,22,38.6
20261009,517201,1472,100.0
20261009,517206,313,76.9
20261009,517214,4189,80.23
20261009,517230,15,100.0
20261009,517236,368,99.19
20261009,517238,419,92.09
20261009,517246,23913,100.0
20261009,517258,3,100.0
20261009,517264,1170,99.49
20261009,517271,41386,46.86
20261009,517273,4605,96.99
20261009,517286,31213,100.0
20261009,517288,843,79.75
20261009,517300,7675,50.88
20261009,517320,47151,100.0
20261009,517334,205666,41.33
20261009,517336,600,100.0
20261009,517344,3145,86.64
20261009,517354,15728,43.33
20261009,517356,98602,100.0
20261009,517360,1012,99.8
20261009,517370,500,100.0
20261009,517372,2409,85.91
20261009,517380,946,63.02
20261009,517385,1957,68.91
20261009,517393,98191,100.0
20261009,517397,103,96.26
20261009,517399,1079,100.0
20261009,517411,9,90.0
20261009,517415,3985,100.0
20261009,517417,4570,100.0
20261009,517421,1206,87.96
20261009,517429,66,95.65
20261009,517431,27919,100.0
20261009,517437,209,92.89
20261009,517447,487,67.17
20261009,517449,208,92.86
20261009,517467,87932,31.25
20261009,517477,1391,93.29
20261009,517494,9840,87.47
20261009,517498,320424,82.81
20261009,517500,60704,69.25
20261009,517506,447,82.02
20261009,517514,671,53.98
20261009,517522,1905,62.15
20261009,517530,3289,91.08
20261009,517536,10333,78.76
20261009,517544,1809,50.06
20261009,517546,1861,83.75
20261009,517554,7430385,100.0
20261009,517556,324271,67.26
20261009,517562,572,67.45
20261009,517569,8802,52.27
20261009,518053,609,99.19
20261009,518075,3514,91.97
20261009,518091,605,100.0
20261009,519003,4514,81.29
20261009,519031,5,100.0
20261009,519091,121,69.94
20261009,519097,1535,100.0
20261009,519105,202963,33.73
20261009,519126,1599,77.73
20261009,519136,151,89.88
20261009,519156,124,47.15
20261009,519183,2566,60.42
20261009,519191,26795,100.0
20261009,519216,15257,71.64
20261009,519224,924,100.0
20261009,519230,183,92.89
20261009,519234,1,100.0
20261009,519238,917,100.0
20261009,519242,4866,100.0
20261009,519260,12162,100.0
20261009,519262,100,100.0
20261009,519279,1296,100.0
20261009,519287,5127,100.0
20261009,519295,1026,98.09
20261009,519299,367129,100.0
20261009,519307,154828,100.0
20261009,519331,451,100.0
20261009,519359,301,99.67
20261009,519367,114,82.01
20261009,519383,847,100.0
20261009,519397,7079,69.95
20261009,519413,200,100.0
20261009,519421,7802,83.3
20261009,519457,26,100.0
20261009,519463,2038,87.81
20261009,519471,82,100.0
20261009,519475,10,100.0
20261009,519477,13836,49.22
20261009,519479,185,100.0
20261009,519483,661,99.85
20261009,519500,688,79.17
20261009,519528,156,88.64
20261009,519532,7210,82.2
20261009,519552,4736,46.56
20261009,519566,98,66.22
20261009,519600,1958,49.75
20261009,519602,88497,71.33
20261009,519606,919,100.0
20261009,519612,474,41.47
20261009,520008,22145,44.39
20261009,520021,2439,54.7
20261009,520043,5057,84.23
20261009,520051,43218,38.0
20261009,520056,99,61.11
20261009,520057,8382,77.01
20261009,520059,7634,74.15
20261009,520066,19064,72.93
20261009,520073,1175,67.88
20261009,520075,2254,80.27
20261009,520086,943,100.0
20261009,520111,1336,60.73
20261009,520113,2548,71.79
20261009,520119,1954,75.33
20261009,520121,12,100.0
20261009,520123,18,69.23
20261009,520127,82835,73.87
20261009,520141,437,100.0
20261009,520151,149,100.0
20261009,520155,147,96.08
20261009,521005,2030198,68.88
20261009,521014,51,100.0
20261009,521016,7629,47.4
20261009,521018,652,99.39
20261009,521034,13,100.0
20261009,521036,25,100.0
20261009,521054,1435,100.0
20261009,521062,655,99.54
20261009,521064,254874,58.48
20261009,521070,986844,42.85
20261009,521080,298,100.0
20261009,521097,1134,97.34
20261009,521105,1508,99.47
20261009,521109,741,85.96
20261009,521113,9418,70.42
20261009,521131,1,50.0
20261009,521137,71338,100.0
20261009,521141,275,85.4
20261009,521149,847,96.47
20261009,521151,1,100.0
20261009,521161,6,100.0
20261009,521163,1135,100.0
20261009,521167,7196,100.0
20261009,521178,870,96.45
20261009,521180,2221,100.0
20261009,521194,149,97.39
20261009,521206,6088,73.65
20261009,521210,20,100.0
20261009,521216,2895,98.54
20261009,521220,10,100.0
20261009,521222,1088,100.0
20261009,521226,136,97.84
20261009,521228,57650,85.67
20261009,521234,228,97.85
20261009,521238,45349,77.33
20261009,521244,1063,100.0
20261009,521246,1819,92.85
20261009,521248,31326,67.16
20261009,522001,6737,62.2
20261009,522004,3073,76.56
20261009,522005,311,99.36
20261009,522014,2108,73.45
20261009,522017,2367,74.65
20261009,522027,826,89.2
20261009,522029,2283,83.11
20261009,522034,2147,49.12
20261009,522036,31,100.0
20261009,522064,108,85.71
20261009,522074,2719,29.59
20261009,522091,2366,91.32
20261009,522101,2002,30.91
20261009,522105,5320,100.0
20261009,522108,1876,58.99
20261009,522113,948,57.8
20261009,522122,144,75.79
20261009,522134,10458,75.94
20261009,522150,29858,99.93
20261009,522152,13,100.0
20261009,522163,54153,100.0
20261009,522165,3776,78.83
20261009,522183,145,84.3
20261009,522195,2255,70.45
20261009,522205,13605,46.11
20261009,522207,202,100.0
20261009,522209,8892,64.8
20261009,522215,11875,73.45
20261009,522217,1189,88.53
20261009,522229,7528,51.18
20261009,522231,7632,72.26
20261009,522235,28,100.0
20261009,522237,172,63.24
20261009,522241,1474,65.86
20261009,522249,4530,58.08
20261009,522251,5596,83.44
20261009,522257,45838,57.94
20261009,522261,820,41.04
20261009,522267,2,100.0
20261009,522273,84,97.67
20261009,522275,4277,36.73
20261009,522281,18341,61.27
20261009,522285,40064,36.3
20261009,522287,34444,91.24
20261009,522289,880,96.28
20261009,522292,8390,100.0
20261009,522294,1633,73.92
20261009,522295,1349,90.23
20261009,522650,3725,61.96
20261009,523007,546,95.79
20261009,523019,14964,90.83
20261009,523021,3,75.0
20261009,523023,1542,99.36
20261009,523025,453,48.4
20261009,523100,1067,97.98
20261009,523105,6564125,100.0
20261009,523113,961,100.0
20261009,523120,1141,100.0
20261009,523127,1037,88.33
20261009,523144,78,100.0
20261009,523160,836,72.7
20261009,523186,45,61.64
20261009,523204,38024,100.0
20261009,523207,1098,77.38
20261009,523222,14682,100.0
20261009,523229,46244,45.85
20261009,523232,885,100.0
20261009,523248,1349,99.78
20261009,523260,1643,94.26
20261009,523261,621,46.62
20261009,523269,4116,98.49
20261009,523277,1350222,62.85
20261009,523283,51,100.0
20261009,523289,830,56.69
20261009,523301,860,67.08
20261009,523309,2497,69.92
20261009,523319,3639,41.54
20261009,523323,241,86.38
20261009,523351,300,100.0
20261009,523367,2691,57.67
20261009,523369,5844,69.95
20261009,523371,2064,63.84
20261009,523373,61347,37.24
20261009,523384,1312,94.32
20261009,523385,444,56.7
20261009,523387,512137,97.8
20261009,523395,2052,97.99
20261009,523398,3203,58.41
20261009,523405,82330,48.26
20261009,523411,3731,73.3
20261009,523419,30741,100.0
20261009,523425,1,100.0
20261009,523445,2176,42.08
20261009,523457,925,68.98
20261009,523465,1127,61.58
20261009,523467,36445,100.0
20261009,523475,7703,54.5
20261009,523483,32,76.19
20261009,523489,1100,100.0
20261009,523519,1500,62.47
20261009,523537,3595,99.47
20261009,523539,9873,30.98
20261009,523550,1631,91.84
20261009,523558,21820,100.0
20261009,523566,104,99.05
20261009,523574,872,100.0
20261009,523586,5539,80.47
20261009,523594,26,96.3
20261009,523598,41583,47.77
20261009,523606,2558,76.45
20261009,523610,9315,51.92
20261009,523618,1127,51.7
20261009,523630,18782,56.26
20261009,523638,161,99.38
20261009,523642,5141,44.73
20261009,523648,3946,57.25
20261009,523650,2243,65.32
20261009,523660,1192,93.2
20261009,523672,8762,87.18
20261009,523676,12344,65.35
20261009,523694,3145,72.5
20261009,523696,3352,60.45
20261009,523704,5020,46.77
20261009,523708,832,52.72
20261009,523716,855,71.67
20261009,523722,177,100.0
20261009,523732,7861,86.77
20261009,523736,436,92.18
20261009,523752,85120,85.08
20261009,523754,548,76.64
20261009,523782,2085,64.51
20261009,523792,2831,100.0
20261009,523796,17886,100.0
20261009,523826,566,48.92
20261009,523828,2810,57.18
20261009,523832,2357,89.72
20261009,523836,1604,92.29
20261009,523838,1237,71.79
20261009,523840,857,76.93
20261009,523842,31432,100.0
20261009,523844,32592,81.96
20261009,523850,374,76.95
20261009,523862,10115,97.01
20261009,523874,7818,100.0
20261009,523888,4508,41.29
20261009,524000,37063,47.7
20261009,524019,408,54.26
20261009,524037,1854,88.12
20261009,524038,1617,72.97
20261009,524051,318,69.74
20261009,524055,6,100.0
20261009,524075,55,87.3
20261009,524080,500,99.21
20261009,524091,1693,52.53
20261009,524109,1910,100.0
20261009,524129,1217,90.89
20261009,524136,2691,100.0
20261009,524156,1220,92.42
20261009,524164,87171,38.01
20261009,524174,30968,81.04
20261009,524200,2810,61.74
20261009,524202,6456,51.57
20261009,524204,1390,96.53
20261009,524208,19072,59.58
20261009,524210,397,100.0
20261009,524212,3029,28.08
20261009,524218,10334,100.0
20261009,524226,28928,50.85
20261009,524230,17658,52.98
20261009,524238,388710,100.0
20261009,524280,5757,32.81
20261009,524288,1151,91.86
20261009,524314,628,96.76
20261009,524322,61518,65.04
20261009,524324,4,100.0
20261009,524330,468,92.67
20261009,524332,70002,80.74
20261009,524336,3815,100.0
20261009,524342,4407,77.7
20261009,524348,1326,47.68
20261009,524370,29463,100.0
20261009,524372,2139,44.93
20261009,524394,6855,54.11
20261009,524396,510,100.0
20261009,524400,2024,100.0
20261009,524404,42538,36.99
20261009,524408,781,100.0
20261009,524412,5005,51.88
20261009,524414,307,91.64
20261009,524434,1053,97.86
20261009,524440,675,55.42
20261009,524444,6393413,67.27
20261009,524458,1001,100.0
20261009,524470,513933,42.32
20261009,524480,22,64.71
20261009,524488,24886,100.0
20261009,524494,1323,47.56
20261009,524500,1309,60.35
20261009,524502,75,100.0
20261009,524506,1566,54.39
20261009,524516,33415,100.0
20261009,524518,790,94.05
20261009,524520,44009,57.95
20261009,524522,12,92.31
20261009,524534,1,50.0
20261009,524542,916,94.05
20261009,524548,44,89.8
20261009,524558,550,36.59
20261009,524564,2685,100.0
20261009,524570,2481,95.13
20261009,524572,2148,71.79
20261009,524576,330,97.35
20261009,524580,54,98.18
20261009,524582,609,82.74
20261009,524592,18320,100.0
20261009,524594,501,60.07
20261009,524598,2,100.0
20261009,524602,26,96.3
20261009,524606,2761,78.93
20261009,524614,6263,84.26
20261009,524622,17697,66.63
20261009,524624,738,79.53
20261009,524632,133472,48.28
20261009,524634,2606,82.16
20261009,524636,3568,100.0
20261009,524640,4248,61.13
20261009,524648,15217,47.24
20261009,524654,13,100.0
20261009,524661,3323487,49.64
20261009,524663,60695,61.79
20261009,524667,5629,38.15
20261009,524669,53,79.1
20261009,524675,305,100.0
20261009,524687,22298,89.8
20261009,524703,5754,84.2
20261009,524709,22654,78.75
20261009,524711,5960,87.34
20261009,524715,58997,80.25
20261009,524717,13159,69.83
20261009,524723,11,100.0
20261009,524727,2407,97.65
20261009,524731,162,93.64
20261009,524735,11226,53.89
20261009,524742,11451,51.79
20261009,524743,47612,63.59
20261009,524748,152,98.7
20261009,524752,2034,100.0
20261009,524768,768,93.89
20261009,524774,31,56.36
20261009,524790,508,97.5
20261009,524804,4630,34.84
20261009,524808,1000,69.2
20261009,524816,19101,53.07
20261009,524818,339,63.13
20261009,524820,10451,62.6
20261009,524824,2840,100.0
20261009,524828,644,71.71
20261009,526001,169,100.0
20261009,526025,54287,98.28
20261009,526027,21197,100.0
20261009,526043,20,58.82
20261009,526071,6279,100.0
20261009,526073,111,100.0
20261009,526075,1132,100.0
20261009,526081,5670,100.0
20261009,526095,148,98.67
20261009,526113,369,100.0
20261009,526115,17,94.44
20261009,526117,15,93.75
20261009,526125,11845,99.4
20261009,526133,10457,81.75
20261009,526137,1138,99.91
20261009,526139,11617,93.08
20261009,526143,1326,100.0
20261009,526159,19375,82.28
20261009,526161,20,100.0
20261009,526169,2086,86.02
20261009,526173,10745,61.73
20261009,526179,693,73.8
20261009,526187,11,100.0
20261009,526193,306,99.67
20261009,526211,583,82.7
20261009,526217,1326,100.0
20261009,526227,34917,38.43
20261009,526231,1214,100.0
20261009,526237,1274,100.0
20261009,526241,3672,100.0
20261009,526247,2267,67.33
20261009,526251,3,100.0
20261009,526263,10261,100.0
20261009,526269,369,89.35
20261009,526299,11079,36.25
20261009,526315,679,100.0
20261009,526331,140,100.0
20261009,526335,6119,60.14
20261009,526345,8827,73.57
20261009,526355,253,95.83
20261009,526365,617,100.0
20261009,526367,362,68.82
20261009,526371,1181658,61.87
20261009,526373,32,94.12
20261009,526381,2548,95.47
20261009,526397,577,100.0
20261009,526407,8627,98.34
20261009,526409,20629,96.6
20261009,526415,691707,68.72
20261009,526423,213,100.0
20261009,526431,6,100.0
20261009,526433,4604,49.54
20261009,526435,137,100.0
20261009,526439,404,100.0
20261009,526441,12752,100.0
20261009,526443,223678,99.74
20261009,526445,36456,100.0
20261009,526468,4775,100.0
20261009,526471,6523,72.05
20261009,526473,19813,82.3
20261009,526479,2807,58.22
20261009,526481,216,99.54
20261009,526488,11973,70.64
20261009,526490,84105,82.79
20261009,526492,2670,90.63
20261009,526494,700,100.0
20261009,526500,60,100.0
20261009,526506,7550,100.0
20261009,526508,3234,76.84
20261009,526519,2326,100.0
20261009,526525,28,100.0
20261009,526530,2685,91.02
20261009,526532,168,100.0
20261009,526544,103577,80.68
20261009,526546,2858,100.0
20261009,526550,560,98.07
20261009,526554,5,100.0
20261009,526570,117478,99.66
20261009,526582,2686,72.36
20261009,526588,1307,100.0
20261009,526596,358,96.76
20261009,526604,3291,100.0
20261009,526608,235,33.19
20261009,526612,303,54.11
20261009,526614,729,100.0
20261009,526616,2607,98.68
20261009,526622,358936,66.21
20261009,526638,5833,95.45
20261009,526640,128,97.71
20261009,526642,2663,80.92
20261009,526650,2800341,55.33
20261009,526666,78,52.35
20261009,526668,3895,74.09
20261009,526675,5751,81.32
20261009,526677,13016,71.76
20261009,526703,826,96.95
20261009,526705,213,88.02
20261009,526709,23840,73.98
20261009,526711,1863,59.48
20261009,526717,2663,100.0
20261009,526721,404,99.02
20261009,526723,3002,93.37
20261009,526725,2,100.0
20261009,526727,6678,77.97
20261009,526729,4484,52.92
20261009,526731,266,99.25
20261009,526739,3009,59.61
20261009,526747,6513,93.08
20261009,526751,2,100.0
20261009,526755,52546,100.0
20261009,526761,11,100.0
20261009,526775,12469,53.08
20261009,526783,48,76.19
20261009,526797,3186,80.35
20261009,526807,595,39.64
20261009,526813,42,100.0
20261009,526817,53,91.38
20261009,526821,137,100.0
20261009,526827,47325,62.26
20261009,526829,52507,43.06
20261009,526839,1757,99.89
20261009,526841,79438,77.01
20261009,526847,140,100.0
20261009,526849,30,96.77
20261009,526853,13613,100.0
20261009,526859,51461,100.0
20261009,526861,8542,88.87
20261009,526865,305,100.0
20261009,526869,151,93.79
20261009,526871,3723,86.76
20261009,526873,2603,99.96
20261009,526877,4,100.0
20261009,526881,4547,51.47
20261009,526885,3109,95.96
20261009,526887,210,100.0
20261009,526891,2,100.0
20261009,526899,26636,84.72
20261009,526901,351,50.43
20261009,526905,2082,84.98
20261009,526921,67,100.0
20261009,526931,202,90.99
20261009,526935,1139407,72.79
20261009,526941,100,100.0
20261009,526945,13,92.86
20261009,526947,3968,82.72
20261009,526951,427,62.34
20261009,526953,2103,100.0
20261009,526961,28732,83.4
20261009,526965,571,100.0
20261009,526967,140,100.0
20261009,526971,6474,100.0
20261009,526981,646,76.36
20261009,526987,53048,78.16
20261009,527001,8840,38.6
20261009,527005,360,52.02
20261009,530001,1806,84.87
20261009,530005,9870,52.66
20261009,530007,18685,52.45
20261009,530017,8815,69.89
20261009,530019,154017,97.68
20261009,530023,102,100.0
20261009,530025,155,100.0
20261009,530027,9895,60.71
20261009,530037,1621,78.96
20261009,530043,83,100.0
20261009,530045,3945,14.93
20261009,530053,7630,61.21
20261009,530057,20736,80.47
20261009,530063,109,100.0
20261009,530065,74,77.89
20261009,530067,259,88.4
20261009,530073,19878,64.68
20261009,530075,2716,35.38
20261009,530077,1135,95.54
20261009,530079,2064,76.99
20261009,530109,84729,81.64
20261009,530111,3806,100.0
20261009,530117,108001,94.12
20261009,530119,650,100.0
20261009,530125,2210,65.1
20261009,530129,612,77.86
20261009,530133,84,96.55
20261009,530135,10631,21.36
20261009,530139,3324,100.0
20261009,530145,152038,100.0
20261009,530163,24411,93.71
20261009,530167,158,100.0
20261009,530169,742,75.1
20261009,530171,191,60.06
20261009,530175,82049,99.26
20261009,530177,30,100.0
20261009,530179,1282,100.0
20261009,530185,63682,86.48
20261009,530187,1904,100.0
20261009,530197,125,100.0
20261009,530199,899,45.2
20261009,530201,1025,100.0
20261009,530213,25,100.0
20261009,530215,18959,78.36
20261009,530217,12781,98.28
20261009,530231,54,100.0
20261009,530233,1130,92.78
20261009,530235,84,98.82
20261009,530239,12590,30.73
20261009,530245,105,56.45
20261009,530249,427491,66.11
20261009,530251,12840,100.0
20261009,530253,51901,86.8
20261009,530255,7347,91.04
20261009,530259,2878,100.0
20261009,530263,63618,79.89
20261009,530265,301,100.0
20261009,530267,1629,95.6
20261009,530271,1,100.0
20261009,530281,279,100.0
20261009,530289,400,100.0
20261009,530299,470,97.31
20261009,530305,2829,44.24
20261009,530307,1182,84.55
20261009,530309,10692,75.82
20261009,530313,251,98.82
20261009,530315,806,99.26
20261009,530317,36836,87.33
20261009,530331,129,98.47
20261009,530343,29855,34.11
20261009,530355,21327,61.38
20261009,530357,23049,88.99
20261009,530361,156856,100.0
20261009,530363,6719,100.0
20261009,530365,656,60.74
20261009,530367,9648,33.86
20261009,530369,92,97.87
20261009,530377,9808,64.05
20261009,530393,21,100.0
20261009,530401,1285,94.14
20261009,530405,197,92.49
20261009,530407,31013,74.95
20261009,530419,171,91.94
20261009,530421,458,91.78
20261009,530427,172,60.78
20261009,530429,517,99.61
20261009,530433,303,93.52
20261009,530439,333,100.0
20261009,530445,4137,92.16
20261009,530449,62,95.38
20261009,530457,71274,59.31
20261009,530459,2,100.0
20261009,530461,17820,74.9
20261009,530475,1754,46.99
20261009,530477,12121,83.54
20261009,530495,636,99.84
20261009,530499,1147,97.87
20261009,530517,8256,48.43
20261009,530521,14562,75.05
20261009,530525,44036,100.0
20261009,530533,11258,94.68
20261009,530545,513,88.91
20261009,530547,100,100.0
20261009,530549,15971,43.05
20261009,530555,22907,60.72
20261009,530557,1448012,100.0
20261009,530565,678,100.0
20261009,530577,638,100.0
20261009,530579,48567,100.0
20261009,530581,150,100.0
20261009,530585,38263,100.0
20261009,530589,2055,79.44
20261009,530595,8181,100.0
20261009,530601,1619,94.46
20261009,530615,5750,100.0
20261009,530617,214218,87.76
20261009,530621,2000,100.0
20261009,530627,8311,73.06
20261009,530643,2118,66.77
20261009,530655,4030,39.68
20261009,530663,58411,100.0
20261009,530665,14567,79.95
20261009,530669,1,100.0
20261009,530675,199,99.0
20261009,530677,1182,99.92
20261009,530689,389,79.55
20261009,530695,552,99.1
20261009,530697,37,60.66
20261009,530699,1801,100.0
20261009,530709,2,100.0
20261009,530711,182,98.38
20261009,530723,7,100.0
20261009,530735,1,100.0
20261009,530741,6127,100.0
20261009,530745,2601,100.0
20261009,530747,751,97.66
20261009,530755,269,100.0
20261009,530757,155,100.0
20261009,530759,3893,77.13
20261009,530787,1,100.0
20261009,530795,262,100.0
20261009,530799,400,87.34
20261009,530803,4376,45.94
20261009,530805,16254,71.58
20261009,530809,38,57.58
20261009,530813,4407,42.26
20261009,530821,4384,78.68
20261009,530825,3061,100.0
20261009,530829,1025,77.36
20261009,530839,10149,100.0
20261009,530843,2240180,41.26
20261009,530845,85,90.43
20261009,530853,8,100.0
20261009,530855,1458,98.31
20261009,530871,1838,77.13
20261009,530879,20997,85.38
20261009,530881,76896,73.1
20261009,530883,11744,100.0
20261009,530889,225,100.0
20261009,530897,127,98.45
20261009,530907,334,100.0
20261009,530909,2,100.0
20261009,530919,18855,55.27
20261009,530925,1296,56.64
20261009,530927,100,100.0
20261009,530931,206,100.0
20261009,530943,25372,76.94
20261009,530951,843,65.71
20261009,530953,1268,95.48
20261009,530959,1251,92.6
20261009,530961,186467,53.18
20261009,530965,221428,61.88
20261009,530977,492,99.8
20261009,530979,5666,96.59
20261009,530993,1,100.0
20261009,530997,568,66.05
20261009,530999,8670,59.19
20261009,531003,8,72.73
20261009,531015,1972,83.56
20261009,531017,675,99.7
20261009,531025,1827020,57.21
20261009,531027,1000,100.0
20261009,531033,5024,100.0
20261009,531035,39206,100.0
20261009,531039,1009,100.0
20261009,531041,12,66.67
20261009,531043,45,100.0
20261009,531049,677,100.0
20261009,531051,1,100.0
20261009,531067,4931,89.74
20261009,531069,113,100.0
20261009,531082,9616,98.72
20261009,531083,8766,95.99
20261009,531092,4358,74.67
20261009,531099,12478,100.0
20261009,531109,7363,81.86
20261009,531111,200,100.0
20261009,531112,9638,38.97
20261009,531119,14,100.0
20261009,531120,105417,62.19
20261009,531126,14417,68.17
20261009,531127,16311,100.0
20261009,531129,5063,100.0
20261009,531137,27549,67.37
20261009,531144,17518,100.0
20261009,531146,1371,100.0
20261009,531147,1531,61.19
20261009,531153,251238,83.0
20261009,531155,125,100.0
20261009,531156,15120,100.0
20261009,531157,5361,99.89
20261009,531158,1027,100.0
20261009,531161,346,99.14
20261009,531162,9285,25.74
20261009,531163,451,94.95
20261009,531168,244,100.0
20261009,531169,129,95.56
20261009,531173,17649,59.49
20261009,531176,14282,88.54
20261009,531178,481,99.79
20261009,531179,1150,73.72
20261009,531191,1012,77.02
20261009,531199,210,100.0
20261009,531201,509,69.63
20261009,531205,2625886,42.71
20261009,531209,392,67.35
20261009,531210,3113,98.67
20261009,531212,29,61.7
20261009,531213,76733,43.47
20261009,531215,6507,100.0
20261009,531216,15539,73.49
20261009,531223,2814,69.45
20261009,531225,883,92.17
20261009,531227,51,100.0
20261009,531228,1,100.0
20261009,531233,147975,71.4
20261009,531234,8,100.0
20261009,531235,10,100.0
20261009,531237,5214,81.29
20261009,531241,6707,84.8
20261009,531246,1047,99.52
20261009,531253,440,77.46
20261009,531254,2386,71.82
20261009,531255,29,100.0
20261009,531257,35219,66.22
20261009,531259,1,100.0
20261009,531262,917,99.89
20261009,531266,1061,84.01
20261009,531268,7082,52.67
20261009,531272,1002,100.0
20261009,531273,35439,90.93
20261009,531278,53,100.0
20261009,531279,9295,100.0
20261009,531280,5650,100.0
20261009,531281,8744,100.0
20261009,531287,1138,90.25
20261009,531288,20,100.0
20261009,531289,5277,100.0
20261009,531297,410,75.79
20261009,531301,11,100.0
20261009,531304,4221,100.0
20261009,531306,385,97.96
20261009,531307,12014,97.87
20261009,531310,1691,88.44
20261009,531319,4098,58.08
20261009,531322,14300,99.02
20261009,531324,20,100.0
20261009,531328,668354,78.16
20261009,531334,566,100.0
20261009,531335,1553,45.89
20261009,531338,2,100.0
20261009,531340,2,100.0
20261009,531341,17,51.52
20261009,531344,15465,41.6
20261009,531346,164,93.18
20261009,531349,363,43.68
20261009,531352,1,100.0
20261009,531357,30214,65.68
20261009,531358,1576,39.25
20261009,531359,4119,77.54
20261009,531364,6227,74.61
20261009,531370,223,15.55
20261009,531373,768,77.03
20261009,531380,50,100.0
20261009,531381,276,97.87
20261009,531390,4655,73.71
20261009,531395,355465,100.0
20261009,531397,392,100.0
20261009,531398,1322,94.7
20261009,531399,20574,66.71
20261009,531400,4542,100.0
20261009,531402,11759,90.19
20261009,531406,1220,100.0
20261009,531411,54012,100.0
20261009,531412,22,100.0
20261009,531413,998,100.0
20261009,531416,1,50.0
20261009,531417,19380,93.31
20261009,531420,28,100.0
20261009,531426,3835,62.88
20261009,531431,19653,46.58
20261009,531432,1850,100.0
20261009,531433,1003,100.0
20261009,531436,505,94.39
20261009,531437,2088,89.15
20261009,531439,1586,100.0
20261009,531441,335,100.0
20261009,531449,51146,19.68
20261009,531453,160,59.26
20261009,531454,8993,98.89
20261009,531456,3220,96.26
20261009,531458,73937,100.0
20261009,531460,5273,100.0
20261009,531465,194612,100.0
20261009,531471,60678,100.0
20261009,531472,250,100.0
20261009,531486,8084,100.0
20261009,531489,7026,79.11
20261009,531494,5853,99.66
20261009,531495,215,99.54
20261009,531497,24816,99.87
20261009,531500,27681,100.0
20261009,531502,113300,88.51
20261009,531503,3337,65.01
20261009,531506,2607,42.4
20261009,531508,5574,81.95
20261009,531509,289,100.0
20261009,531512,54308,79.55
20261009,531515,180091,100.0
20261009,531518,143105,100.0
20261009,531525,70056,100.0
20261009,531529,606,100.0
20261009,531530,7687,80.37
20261009,531531,493,80.16
20261009,531533,1136,99.82
20261009,531537,11127,100.0
20261009,531539,2149,100.0
20261009,531540,20204,55.29
20261009,531541,81160,100.0
20261009,531543,33421,37.05
20261009,531548,4992,75.5
20261009,531550,50734,99.57
20261009,531552,65,100.0
20261009,531553,45797,100.0
20261009,531556,961,28.2
20261009,531557,13,100.0
20261009,531569,6574,93.77
20261009,531572,406,100.0
20261009,531574,923,100.0
20261009,531578,884,100.0
20261009,531582,1,100.0
20261009,531583,52,100.0
20261009,531591,6096,94.1
20261009,531592,702454,80.09
20261009,531594,510,100.0
20261009,531595,239694,88.78
20261009,531599,1547,81.34
20261009,531608,725,87.99
20261009,531613,23298,100.0
20261009,531624,22908,100.0
20261009,531626,14702,82.25
20261009,531628,2394,100.0
20261009,531633,2076,73.62
20261009,531635,394,73.64
20261009,531637,4768,84.95
20261009,531638,1092,83.55
20261009,531642,4941,47.94
20261009,531644,1321,92.57
20261009,531651,13,100.0
20261009,531652,1879,59.75
20261009,531658,7759,53.44
20261009,531661,3730,100.0
20261009,531663,21100,89.33
20261009,531667,1345,100.0
20261009,531668,96,100.0
20261009,531671,266441,96.78
20261009,531673,4162,87.84
20261009,531676,3217,100.0
20261009,531680,2488,100.0
20261009,531681,27163,100.0
20261009,531688,235,85.45
20261009,531692,17492,74.08
20261009,531694,2307,97.14
20261009,531716,6557,100.0
20261009,531717,1527,83.63
20261009,531719,1239,92.67
20261009,531723,2103465,100.0
20261009,531726,1263,85.63
20261009,531727,14194,100.0
20261009,531737,102997,56.4
20261009,531739,216795,76.52
20261009,531744,44,100.0
20261009,531746,10275,94.27
20261009,531752,5488523,64.26
20261009,531758,1333,99.33
20261009,531761,3172,62.94
20261009,531762,2394,100.0
20261009,531768,941,25.11
20261009,531769,36592,99.98
20261009,531771,18315,97.99
20261009,531778,1460,99.12
20261009,531779,3,100.0
20261009,531780,7392,66.61
20261009,531784,91337,88.48
20261009,531795,1485,59.76
20261009,531802,3995,69.13
20261009,531810,1125,73.53
20261009,531812,9520,100.0
20261009,531814,1476,93.36
20261009,531832,1358,99.78
20261009,531834,16344,100.0
20261009,531840,3494,65.76
20261009,531841,17916,100.0
20261009,531842,1501,100.0
20261009,531845,14359,90.54
20261009,531847,21,75.0
20261009,531859,20386,75.24
20261009,531861,2608,99.96
20261009,531862,16129,96.82
20261009,531867,2614,100.0
20261009,531869,36570,87.92
20261009,531878,11,100.0
20261009,531888,3787,79.19
20261009,531889,223104,72.94
20261009,531892,1,100.0
20261009,531893,329516,54.44
20261009,531900,1248,97.27
20261009,531902,74,100.0
20261009,531909,17384,100.0
20261009,531910,10971,100.0
20261009,531911,649,100.0
20261009,531913,3708,70.72
20261009,531921,1077,62.69
20261009,531923,4355,78.67
20261009,531925,1879,100.0
20261009,531929,357,100.0
20261009,531931,1,100.0
20261009,531944,2124,95.5
20261009,531950,23416,61.06
20261009,531952,256,77.58
20261009,531959,43860,92.51
20261009,531962,2459,72.39
20261009,531968,1,100.0
20261009,531971,1989,100.0
20261009,531977,32840,100.0
20261009,531978,6973,99.42
20261009,531979,429,99.54
20261009,531982,11808,100.0
20261009,531991,34859,100.0
20261009,531996,14,100.0
20261009,531997,123086,74.03
20261009,532001,81,97.59
20261009,532005,485,100.0
20261009,532007,192,100.0
20261009,532011,272,75.14
20261009,532015,43267,45.98
20261009,532016,304,99.67
20261009,532019,9234,100.0
20261009,532022,1322419,82.12
20261009,532029,7439,75.22
20261009,532039,10845,74.06
20261009,532041,2314,100.0
20261009,532051,6589,62.38
20261009,532053,753,89.01
20261009,532054,842,75.58
20261009,532056,1255,100.0
20261009,532057,813,100.0
20261009,532067,2003,66.9
20261009,532070,108120,69.07
20261009,532090,19067,76.5
20261009,532092,15468,70.26
20261009,532100,276,100.0
20261009,532102,314,91.01
20261009,532113,9507,99.33
20261009,532123,79723,78.65
20261009,532124,3034,68.26
20261009,532131,732,76.97
20261009,532134,182948,69.27
20261009,532140,8577,98.82
20261009,532141,376,100.0
20261009,532143,7852,56.73
20261009,532144,14735,39.14
20261009,532145,110,100.0
20261009,532149,403880,68.28
20261009,532150,3996,53.15
20261009,532154,258836,64.14
20261009,532155,34475,46.35
20261009,532156,7845,63.48
20261009,532159,2189,64.97
20261009,532160,5383,73.68
20261009,532162,7876,42.19
20261009,532163,5011,65.66
20261009,532172,19447,100.0
20261009,532173,941,75.7
20261009,532174,95161,62.85
20261009,532175,64464,33.13
20261009,532178,128163,45.26
20261009,532180,134736,68.31
20261009,532181,34638,42.24
20261009,532183,75685,82.37
20261009,532187,17353,50.43
20261009,532189,1386,34.97
20261009,532209,89925,56.48
20261009,532210,59964,48.22
20261009,532212,440,99.77
20261009,532215,100034,58.57
20261009,532217,202,100.0
20261009,532218,281891,47.33
20261009,532219,199,89.64
20261009,532221,44070,33.41
20261009,532230,152,98.7
20261009,532234,113468,45.37
20261009,532240,1256,65.52
20261009,532256,54,72.97
20261009,532259,11325,91.67
20261009,532262,144,96.0
20261009,532268,4845,69.99
20261009,532271,10338,80.48
20261009,532275,3531945,96.59
20261009,532281,127499,52.64
20261009,532284,113,57.07
20261009,532285,10655,56.59
20261009,532286,160248,87.28
20261009,532290,9719,99.02
20261009,532296,21117,53.08
20261009,532300,70571,67.69
20261009,532303,238,100.0
20261009,532304,85,100.0
20261009,532305,21086,36.44
20261009,532309,6748,42.72
20261009,532310,2032,82.37
20261009,532313,6665,66.27
20261009,532315,200,100.0
20261009,532320,227,100.0
20261009,532321,10421,46.05
20261009,532323,34901,65.77
20261009,532324,608,100.0
20261009,532326,3426,92.85
20261009,532329,3124,100.0
20261009,532331,1669,49.75
20261009,532332,25,100.0
20261009,532333,35,89.74
20261009,532334,2435,98.94
20261009,532335,1108,91.34
20261009,532339,1,100.0
20261009,532340,127,100.0
20261009,532341,2757,56.23
20261009,532343,38211,65.7
20261009,532344,641,70.44
20261009,532348,309613,47.95
20261009,532349,1951,73.46
20261009,532350,17743,100.0
20261009,532351,43413,100.0
20261009,532354,112373,100.0
20261009,532355,1606,51.71
20261009,532356,11546,32.1
20261009,532357,30,100.0
20261009,532359,5607,78.81
20261009,532362,3904,71.8
20261009,532365,1471,52.67
20261009,532366,11954,46.57
20261009,532368,127625,61.46
20261009,532369,1552,49.97
20261009,532370,2072,65.32
20261009,532371,57715,38.37
20261009,532372,14415,95.29
20261009,532373,72855,92.58
20261009,532374,107562,100.0
20261009,532375,3013,54.42
20261009,532376,1303,56.63
20261009,532378,5034,73.76
20261009,532379,101,100.0
20261009,532380,80763,71.82
20261009,532382,27926,62.27
20261009,532384,810,88.72
20261009,532386,20076,100.0
20261009,532387,419,95.44
20261009,532388,190558,70.62
20261009,532390,4547,53.44
20261009,532392,1024,99.8
20261009,532395,4296,29.39
20261009,532397,100,100.0
20261009,532398,10517,95.43
20261009,532400,220720,56.86
20261009,532402,4229,67.51
20261009,532404,1876,98.53
20261009,532406,30414,55.67
20261009,532407,40073,53.24
20261009,532408,63409,100.0
20261009,532410,1103,99.91
20261009,532416,1275,87.93
20261009,532419,473,100.0
20261009,532424,8743,42.22
20261009,532425,240398,100.0
20261009,532430,1290,67.47
20261009,532432,21970,55.8
20261009,532435,653,89.33
20261009,532439,9658,46.2
20261009,532440,1291,56.35
20261009,532443,250,80.91
20261009,532444,2100,100.0
20261009,532454,73783,63.95
20261009,532455,504,48.09
20261009,532456,10671,100.0
20261009,532457,2734,54.17
20261009,532460,767,68.24
20261009,532461,403927,54.13
20261009,532466,3681,43.87
20261009,532467,99496,66.63
20261009,532468,257,80.82
20261009,532475,7003,88.31
20261009,532477,95296,31.29
20261009,532478,4958,61.12
20261009,532481,7544,77.36
20261009,532482,9121,39.29
20261009,532483,366096,48.57
20261009,532485,6222,85.88
20261009,532486,4406,67.45
20261009,532488,32227,79.88
20261009,532493,5276,39.53
20261009,532497,7417,40.66
20261009,532500,4113,39.96
20261009,532503,100,99.01
20261009,532504,1309,56.2
20261009,532505,254422,61.67
20261009,532507,5683,100.0
20261009,532508,8458,55.8
20261009,532509,2360,54.63
20261009,532513,2151,77.18
20261009,532514,99971,68.62
20261009,532515,1375,75.72
20261009,532521,102,100.0
20261009,532522,1949396,96.82
20261009,532523,34598,37.52
20261009,532524,34287,43.88
20261009,532525,249663,29.46
20261009,532527,60831,73.64
20261009,532528,1114,51.84
20261009,532529,17066,55.07
20261009,532531,4644,48.38
20261009,532538,2063,49.19
20261009,532539,7466,33.07
20261009,532540,313943,40.43
20261009,532541,196803,75.66
20261009,532543,4848,100.0
20261009,532548,326,59.27
20261009,532553,3464,43.93
20261009,532555,46930,49.57
20261009,532604,18217,45.03
20261009,532605,6279,46.37
20261009,532610,24588,41.63
20261009,532612,5280,54.4
20261009,532613,6,85.71
20261009,532616,4296,68.84
20261009,532624,10,100.0
20261009,532626,5467,41.58
20261009,532627,701637,53.41
20261009,532628,17762,100.0
20261009,532629,976,100.0
20261009,532630,3038,49.65
20261009,532633,219,86.56
20261009,532636,42128,40.36
20261009,532637,9833,56.81
20261009,532638,919,59.37
20261009,532640,14827,100.0
20261009,532641,30801,75.74
20261009,532642,31865,98.3
20261009,532644,1613,77.14
20261009,532645,7392,100.0
20261009,532648,828124,46.54
20261009,532649,17216,73.99
20261009,532650,17915,59.27
20261009,532651,249,99.2
20261009,532652,27909,49.84
20261009,532654,11839,74.33
20261009,532656,85625,83.88
20261009,532660,53086,100.0
20261009,532661,278,32.33
20261009,532662,282,62.39
20261009,532663,1090,68.42
20261009,532666,204928,61.59
20261009,532667,3644156,47.69
20261009,532668,3405,44.18
20261009,532670,178191,36.2
20261009,532673,3774,100.0
20261009,532674,2400,89.39
20261009,532676,6355,100.0
20261009,532683,629,60.25
20261009,532684,6555,62.56
20261009,532686,7033,56.07
20261009,532687,608,85.88
20261009,532689,278342,88.45
20261009,532694,8554,69.56
20261009,532695,2798,98.9
20261009,532698,2246,60.74
20261009,532699,1537,71.16
20261009,532700,292,94.19
20261009,532701,6519,100.0
20261009,532705,4128,61.24
20261009,532707,445,99.78
20261009,532708,136656,100.0
20261009,532710,27791,89.7
20261009,532712,613012,100.0
20261009,532713,88188,90.75
20261009,532714,383203,38.87
20261009,532716,694,100.0
20261009,532717,564,56.01
20261009,532719,21448,46.97
20261009,532720,49897,53.86
20261009,532721,1177,92.17
20261009,532722,9433,58.4
20261009,532723,2,100.0
20261009,532725,2379,37.36
20261009,532726,10937,67.92
20261009,532728,378,100.0
20261009,532729,3343,42.95
20261009,532730,2330,100.0
20261009,532732,693,50.88
20261009,532733,34862,42.2
20261009,532734,19359,45.24
20261009,532735,384107,34.39
20261009,532737,2113,57.2
20261009,532738,1448,100.0
20261009,532740,9169,45.29
20261009,532741,23611,49.05
20261009,532742,1568,62.77
20261009,532744,1435,90.37
20261009,532748,37236,31.34
20261009,532749,507801,50.8
20261009,532754,40942979,97.98
20261009,532755,18415,34.84
20261009,532756,4765,68.95
20261009,532757,132,49.62
20261009,532759,2470,98.64
20261009,532761,439,97.34
20261009,532762,17732,52.07
20261009,532764,217,85.77
20261009,532767,151679,61.61
20261009,532768,628,40.39
20261009,532771,11297,100.0
20261009,532772,44466,49.65
20261009,532773,891,100.0
20261009,532774,737,100.0
20261009,532775,1334342,39.55
20261009,532776,25092,76.76
20261009,532777,163215,73.8
20261009,532779,100478,90.76
20261009,532780,147944,100.0
20261009,532782,5718,92.75
20261009,532783,3885,36.38
20261009,532784,2142,66.09
20261009,532785,369,95.6
20261009,532790,14735,33.44
20261009,532794,44411,61.08
20261009,532795,3389,100.0
20261009,532796,2293,33.35
20261009,532797,9100,66.81
20261009,532798,88586,45.65
20261009,532799,42667,76.3
20261009,532801,534,100.0
20261009,532804,8975,89.0
20261009,532805,38278,27.62
20261009,532806,3294,99.55
20261009,532807,520,99.05
20261009,532808,1899,47.99
20261009,532809,41232,36.74
20261009,532810,44756,47.37
20261009,532811,1638,82.73
20261009,532812,42,97.67
20261009,532814,12933,39.46
20261009,532815,10031,57.45
20261009,532817,8260,94.24
20261009,532820,3008,85.77
20261009,532822,6359629,53.21
20261009,532825,20758,100.0
20261009,532826,3973,100.0
20261009,532827,101,36.73
20261009,532828,1735,100.0
20261009,532829,1475,14.18
20261009,532830,4301,42.57
20261009,532832,541820,91.34
20261009,532834,18812,40.05
20261009,532835,507,62.9
20261009,532839,147470,83.53
20261009,532841,3334,93.28
20261009,532842,1378,80.49
20261009,532843,46938,24.65
20261009,532845,551,95.0
20261009,532847,7133,86.5
20261009,532848,267896,32.59
20261009,532850,23675,100.0
20261009,532851,90,97.83
20261009,532853,36,100.0
20261009,532855,1066,96.12
20261009,532856,44236,56.7
20261009,532859,623,64.43
20261009,532864,10853,48.47
20261009,532866,6387,100.0
20261009,532867,34400,31.6
20261009,532868,9431,32.24
20261009,532869,798,98.03
20261009,532870,367918,100.0
20261009,532872,33822,45.81
20261009,532873,16310,100.0
20261009,532875,56521,37.89
20261009,532878,157,78.5
20261009,532880,6747,33.85
20261009,532884,7491,48.66
20261009,532885,143902,53.24
20261009,532887,5923,100.0
20261009,532888,18074,61.99
20261009,532889,44065,82.64
20261009,532890,99238,100.0
20261009,532891,2655,40.1
20261009,532892,16957,44.67
20261009,532893,93714,62.72
20261009,532894,4990,77.67
20261009,532895,255,94.44
20261009,532896,359,86.09
20261009,532898,154432,57.29
20261009,532899,3013,57.98
20261009,532900,193959,45.96
20261009,532902,23579,77.12
20261009,532904,29820,75.65
20261009,532906,1943,93.5
20261009,532911,75458,78.73
20261009,532915,15334,56.39
20261009,532916,829,99.16
20261009,532918,891,48.88
20261009,532921,3533983,98.35
20261009,532922,54716,40.04
20261009,532923,10617,66.2
20261009,532924,21480,40.64
20261009,532925,17,100.0
20261009,532926,18990,50.9
20261009,532927,558,35.72
20261009,532928,90455,44.41
20261009,532929,5296,53.31
20261009,532930,8332,100.0
20261009,532931,3351,100.0
20261009,532932,396,97.78
20261009,532933,5388,86.74
20261009,532934,100,100.0
20261009,532935,914,100.0
20261009,532937,5708,71.66
20261009,532939,1354019,64.66
20261009,532940,1443,61.01
20261009,532941,7957,100.0
20261009,532942,34496,52.32
20261009,532944,5337,100.0
20261009,532945,2176088,49.94
20261009,532946,1145,99.39
20261009,532947,580786,55.25
20261009,532951,14185,93.02
20261009,532952,169,71.01
20261009,532953,15772,56.31
20261009,532955,50051,40.81
20261009,532957,4382,76.09
20261009,532966,16494,48.87
20261009,532967,7812,52.74
20261009,532974,1737,97.86
20261009,532975,5362,100.0
20261009,532976,17016,55.03
20261009,532977,17222,65.11
20261009,532978,31977,79.42
20261009,532980,14998,94.55
20261009,532983,620,61.2
20261009,532985,2519,55.89
20261009,532986,334,98.82
20261009,532989,4036,100.0
20261009,532992,683,99.42
20261009,532993,106,84.8
20261009,532994,600,85.71
20261009,532998,567,78.53
20261009,533001,609,88.91
20261009,533006,24649,100.0
20261009,533007,70071,100.0
20261009,533012,2049,100.0
20261009,533014,1167,97.01
20261009,533022,3938,56.47
20261009,533023,175532,98.89
20261009,533029,22,100.0
20261009,533033,3561,49.45
20261009,533047,1044,44.31
20261009,533048,325988,100.0
20261009,533056,7053,77.06
20261009,533080,6281,53.04
20261009,533088,7602,62.03
20261009,533090,37465,100.0
20261009,533093,238,92.97
20261009,533095,111,68.52
20261009,533096,772755,49.78
20261009,533098,79301,40.59
20261009,533100,2936,58.99
20261009,533101,250,100.0
20261009,533104,2435,80.07
20261009,533106,3280471,98.34
20261009,533107,3242,100.0
20261009,533110,82,100.0
20261009,533121,3802,76.48
20261009,533122,1221411,68.14
20261009,533137,11195,52.28
20261009,533138,721,33.96
20261009,533146,2584,66.75
20261009,533148,20220,50.5
20261009,533149,2944,96.59
20261009,533150,7266,40.11
20261009,533151,3022,69.39
20261009,533152,3012,40.8
20261009,533155,35174,41.81
20261009,533156,18423,59.16
20261009,533158,1943,61.9
20261009,533160,39124,60.87
20261009,533161,44,100.0
20261009,533162,122632,39.51
20261009,533164,13509,86.91
20261009,533166,147889,80.87
20261009,533167,73391,96.69
20261009,533168,1036,94.96
20261009,533169,14032,36.21
20261009,533170,31,100.0
20261009,533172,845,51.37
20261009,533177,108257,100.0
20261009,533179,17483,41.05
20261009,533192,53340,100.0
20261009,533193,2718,44.48
20261009,533202,23568,81.58
20261009,533203,419885,73.37
20261009,533206,323773,53.26
20261009,533208,1496,100.0
20261009,533210,1205,96.71
20261009,533212,201,99.5
20261009,533217,339,100.0
20261009,533218,426,99.07
20261009,533227,15,100.0
20261009,533229,8412,41.49
20261009,533230,43321,47.1
20261009,533239,5748,67.73
20261009,533244,176001,72.0
20261009,533248,23721,43.33
20261009,533252,3,100.0
20261009,533257,10215,65.4
20261009,533259,203,98.07
20261009,533260,1238,89.39
20261009,533262,1355,75.49
20261009,533263,203901,76.41
20261009,533267,3532,66.47
20261009,533268,110,100.0
20261009,533269,6448,49.63
20261009,533270,218,99.09
20261009,533271,24154,49.7
20261009,533272,51441,46.8
20261009,533273,1166,24.05
20261009,533274,1060,17.38
20261009,533275,61787,78.14
20261009,533278,66610,50.51
20261009,533282,17926,43.89
20261009,533284,5962,69.01
20261009,533285,281365,91.55
20261009,533286,9277,54.97
20261009,533287,16486,89.53
20261009,533289,161,99.38
20261009,533292,9030,58.35
20261009,533293,13734,46.35
20261009,533294,1197,91.58
20261009,533295,63298,71.46
20261009,533296,4522,95.83
20261009,533298,3587,92.71
20261009,533301,1393,100.0
20261009,533302,13,72.22
20261009,533303,149,76.02
20261009,533306,75,87.21
20261009,533315,134859,81.78
20261009,533316,695,71.8
20261009,533326,73640,33.44
20261009,533329,882,100.0
20261009,533333,747575,47.65
20261009,533336,214,97.72
20261009,533339,6107,37.37
20261009,533343,728,84.75
20261009,533344,12562,60.42
20261009,533385,31627,60.52
20261009,533398,113141,83.32
20261009,533407,62699,43.66
20261009,533408,4741,48.74
20261009,533427,9997,28.12
20261009,533451,671,86.92
20261009,533452,10966,100.0
20261009,533470,11580,82.86
20261009,533477,17,100.0
20261009,533482,52278,95.74
20261009,533506,113229,75.53
20261009,533519,34939,26.62
20261009,533520,1040954,39.43
20261009,533540,152,100.0
20261009,533543,24790,38.22
20261009,533552,9842,79.11
20261009,533553,40927,36.43
20261009,533570,4094,37.61
20261009,533573,1562,30.53
20261009,533576,252,98.05
20261009,533581,20050,45.97
20261009,533602,227762,84.11
20261009,533605,77,100.0
20261009,533608,2136,85.17
20261009,533629,1427,100.0
20261009,533632,21290,100.0
20261009,533638,1422,100.0
20261009,533644,11178,87.23
20261009,533655,5409,32.59
20261009,533676,95900,60.24
20261009,533704,5580,84.09
20261009,533719,1717,72.78
20261009,533758,7372,50.57
20261009,533761,10424,42.57
20261009,533896,322,100.0
20261009,533941,340,66.8
20261009,533982,769,77.13
20261009,534060,258263,68.13
20261009,534064,27348,100.0
20261009,534076,3155,20.42
20261009,534091,33531,41.2
20261009,534139,9848,41.56
20261009,534190,1343,99.93
20261009,534309,180466,35.91
20261009,534312,1570,100.0
20261009,534328,315,86.07
20261009,534338,3012,74.72
20261009,534369,82904,100.0
20261009,534392,3230,57.72
20261009,534422,2737,95.03
20261009,534532,3043,93.8
20261009,534535,1514894,100.0
20261009,534597,67258,56.73
20261009,534598,558,91.78
20261009,534600,60808,32.52
20261009,534612,3820,84.49
20261009,534615,17276,95.83
20261009,534618,5885,47.85
20261009,534623,4012,76.74
20261009,534674,64744,89.46
20261009,534675,10486,91.77
20261009,534680,4214,86.25
20261009,534691,1120,85.17
20261009,534732,4746,90.13
20261009,534733,191081,100.0
20261009,534741,38886,100.0
20261009,534742,3714,47.73
20261009,534748,142286,60.66
20261009,534755,101291,100.0
20261009,534796,95,100.0
20261009,534804,811,76.51
20261009,534809,16356689,42.97
20261009,534816,34171,50.09
20261009,534976,5483,67.06
20261009,535136,2533,59.27
20261009,535204,23971,100.0
20261009,535205,2488,95.51
20261009,535267,13138,88.76
20261009,535276,4205,66.18
20261009,535322,1034,62.82
20261009,535387,2218,64.18
20261009,535431,16998,89.11
20261009,535458,461,98.93
20261009,535514,374,100.0
20261009,535566,19,100.0
20261009,535601,429,100.0
20261009,535602,1088,55.4
20261009,535620,249,100.0
20261009,535648,2623,49.2
20261009,535657,155,95.09
20261009,535667,4115,99.71
20261009,535693,3249,69.2
20261009,535719,1908,79.87
20261009,535730,226792,70.48
20261009,535754,8057,72.36
20261009,535755,96989,46.28
20261009,535789,106673,39.01
20261009,535910,7992,92.93
20261009,535916,125525,88.95
20261009,535958,132077,79.84
20261009,536073,83069,95.62
20261009,536264,14811,79.06
20261009,536493,202,84.52
20261009,536507,1922,100.0
20261009,536565,1468,77.67
20261009,536659,1200221,70.14
20261009,536672,15251,85.83
20261009,536709,31285,100.0
20261009,536773,540,77.47
20261009,536846,372,100.0
20261009,536960,25461,67.92
20261009,536974,3218,68.82
20261009,537007,14725,64.27
20261009,537008,1046,64.81
20261009,537069,412,100.0
20261009,537253,2,100.0
20261009,537254,781,100.0
20261009,537259,1712,71.93
20261009,537291,225,100.0
20261009,537292,2260,92.81
20261009,537326,8887,73.68
20261009,537392,768,100.0
20261009,537483,709,55.96
20261009,537536,4023,93.97
20261009,537669,1000,66.67
20261009,537707,185297,96.22
20261009,537708,9020,86.37
20261009,537709,3651,100.0
20261009,537750,231,57.46
20261009,537766,28039,82.37
20261009,537785,2156,99.86
20261009,537800,2836563,100.0
20261009,537820,703715,100.0
20261009,537839,2519,62.82
20261009,537985,1478,100.0
20261009,538057,20896,61.21
20261009,538081,2557,100.0
20261009,538092,380,100.0
20261009,538119,34514,100.0
20261009,538212,48189,100.0
20261009,538268,1659,65.24
20261009,538273,155,83.78
20261009,538351,12331,100.0
20261009,538365,2596,93.21
20261009,538382,3093,100.0
20261009,538401,43974,100.0
20261009,538422,165580,96.3
20261009,538446,4400,100.0
20261009,538451,321343,55.26
20261009,538464,34149,100.0
20261009,538476,33533,100.0
20261009,538496,12000,57.14
20261009,538520,12210,100.0
20261009,538521,557,100.0
20261009,538539,4209,38.03
20261009,538540,172668,59.64
20261009,538542,12706,99.95
20261009,538546,47488,47.07
20261009,538556,390,97.74
20261009,538562,10949,33.75
20261009,538563,13,100.0
20261009,538564,288,97.96
20261009,538565,4255,99.6
20261009,538567,484,46.99
20261009,538568,5,100.0
20261009,538569,10420,100.0
20261009,538596,2760,100.0
20261009,538597,1019,99.61
20261009,538598,21704,79.91
20261009,538607,94503,53.28
20261009,538609,740,99.6
20261009,538610,272105,100.0
20261009,538611,128,100.0
20261009,538634,3811,99.95
20261009,538635,5298,78.54
20261009,538646,1073,94.29
20261009,538666,1336,58.57
20261009,538668,5393,28.88
20261009,538674,21,100.0
20261009,538683,3329,60.84
20261009,538685,616,54.95
20261009,538706,48329,68.73
20261009,538707,2,66.67
20261009,538708,334,98.24
20261009,538713,564,54.7
20261009,538714,3158,99.53
20261009,538715,183,100.0
20261009,538716,21,95.45
20261009,538730,3132,93.27
20261009,538732,7164,98.62
20261009,538734,4835,64.76
20261009,538742,6200,100.0
20261009,538743,591,100.0
20261009,538770,488,97.02
20261009,538772,36298,77.46
20261009,538777,7,100.0
20261009,538778,8606,69.29
20261009,538786,152,100.0
20261009,538787,19063,100.0
20261009,538788,11187,90.69
20261009,538795,239,11.96
20261009,538812,2500,100.0
20261009,538817,15344,72.07
20261009,538833,5,100.0
20261009,538834,2236,89.15
20261009,538835,72277,73.85
20261009,538836,1071,65.95
20261009,538837,139690,95.42
20261009,538838,16,100.0
20261009,538857,1746,98.87
20261009,538860,104029,100.0
20261009,538862,9898,67.42
20261009,538868,217265,100.0
20261009,538874,1968,100.0
20261009,538882,14075,55.03
20261009,538890,2474,79.81
20261009,538891,17624,44.87
20261009,538894,5,100.0
20261009,538895,25090,100.0
20261009,538896,21,80.77
20261009,538897,420,100.0
20261009,538902,28,100.0
20261009,538918,4412,45.3
20261009,538920,27241,37.86
20261009,538922,5000,87.8
20261009,538923,135266,75.52
20261009,538926,18143,79.48
20261009,538928,28227,89.73
20261009,538935,2098,99.86
20261009,538942,493,87.41
20261009,538943,29,100.0
20261009,538952,2761,100.0
20261009,538961,617,78.4
20261009,538962,6373,69.29
20261009,538965,1152,61.87
20261009,538970,83372,100.0
20261009,538975,168787,100.0
20261009,538979,1518,76.55
20261009,538987,1240,89.21
20261009,538992,12,100.0
20261009,539006,1076,56.99
20261009,539011,2587,98.85
20261009,539012,4,100.0
20261009,539013,75,56.39
20261009,539014,3090,93.98
20261009,539016,2440,94.21
20261009,539017,7794,83.03
20261009,539018,159,76.44
20261009,539031,55,67.07
20261009,539032,3799,83.04
20261009,539040,24142,77.26
20261009,539042,1894,42.4
20261009,539044,12182,100.0
20261009,539045,5009,67.38
20261009,539046,11139,65.06
20261009,539056,5604,38.85
20261009,539083,769057,37.33
20261009,539090,694,100.0
20261009,539091,1194810,75.94
20261009,539097,16384,100.0
20261009,539098,4000,66.67
20261009,539099,25000,83.33
20261009,539110,1,100.0
20261009,539111,5,100.0
20261009,539113,15,93.75
20261009,539115,3011,100.0
20261009,539117,4400,14.55
20261009,539118,5322,67.25
20261009,539120,360,82.57
20261009,539121,4555,43.98
20261009,539122,1876,68.52
20261009,539123,1449,59.0
20261009,539124,58,63.74
20261009,539126,38483,100.0
20261009,539132,101039,57.46
20261009,539141,4416,49.9
20261009,539143,6859,83.52
20261009,539148,1825,75.51
20261009,539149,9981,99.99
20261009,539150,11067,49.01
20261009,539151,94691,37.42
20261009,539167,12,100.0
20261009,539174,308,55.2
20261009,539176,255,91.73
20261009,539177,3253,60.7
20261009,539189,1661,99.22
20261009,539195,9398,74.03
20261009,539196,4876,59.17
20261009,539199,12430,44.51
20261009,539200,13004,100.0
20261009,539201,1174,93.92
20261009,539206,83,100.0
20261009,539216,287771,80.56
20261009,539217,882895,28.46
20261009,539219,3860,59.72
20261009,539220,721,100.0
20261009,539221,10607,79.73
20261009,539222,6564873,60.87
20261009,539224,101,100.0
20261009,539225,31,100.0
20261009,539226,422,87.37
20261009,539227,1115,85.7
20261009,539228,26774,100.0
20261009,539230,3,100.0
20261009,539251,436,99.77
20261009,539252,1162,99.91
20261009,539254,29343,36.18
20261009,539255,420,86.6
20261009,539267,1486,77.15
20261009,539268,7955,50.9
20261009,539275,110,99.1
20261009,539276,247,100.0
20261009,539278,4626,100.0
20261009,539287,1,100.0
20261009,539289,2203,83.42
20261009,539290,2192,97.86
20261009,539300,10570,99.99
20261009,539301,1395,71.91
20261009,539302,1048,52.06
20261009,539309,100076,100.0
20261009,539310,3395551,60.28
20261009,539312,2,100.0
20261009,539313,1652,84.94
20261009,539314,1592,80.57
20261009,539331,1634,54.39
20261009,539332,9747,58.54
20261009,539334,570,34.76
20261009,539336,36196,53.7
20261009,539337,5425,67.39
20261009,539346,29306,94.99
20261009,539353,277,100.0
20261009,539359,3829,81.33
20261009,539383,20,100.0
20261009,539391,513,100.0
20261009,539398,477,69.84
20261009,539399,260,92.86
20261009,539400,110,100.0
20261009,539402,7470,100.0
20261009,539404,5855,44.31
20261009,539405,60,100.0
20261009,539407,7431,75.53
20261009,539408,9346,100.0
20261009,539409,100,100.0
20261009,539428,5005,94.74
20261009,539435,151,100.0
20261009,539436,27164,54.62
20261009,539437,205398,55.19
20261009,539448,12684,46.45
20261009,539449,21183,72.18
20261009,539450,8879,67.6
20261009,539455,639,71.64
20261009,539468,1,100.0
20261009,539469,23775,47.91
20261009,539470,171198,60.17
20261009,539479,175135,57.08
20261009,539486,738,100.0
20261009,539487,53,28.65
20261009,539492,292,78.71
20261009,539494,2589,74.08
20261009,539495,276,100.0
20261009,539506,82431,91.15
20261009,539515,3276,100.0
20261009,539516,1005,64.09
20261009,539517,4379,88.77
20261009,539518,24345,31.66
20261009,539519,1222568,100.0
20261009,539522,13,100.0
20261009,539523,5129,75.74
20261009,539524,3124,50.08
20261009,539526,171148,65.06
20261009,539528,24981,62.42
20261009,539533,662591,60.99
20261009,539542,232,71.38
20261009,539545,21,100.0
20261009,539546,11921,66.26
20261009,539551,5311,56.31
20261009,539552,44474,76.41
20261009,539559,222563,66.52
20261009,539561,892730,100.0
20261009,539562,810,100.0
20261009,539593,1871,100.0
20261009,539594,804431,80.84
20261009,539596,50,100.0
20261009,539598,31067,88.8
20261009,539607,286792,56.29
20261009,539620,2497,81.84
20261009,539621,17816,100.0
20261009,539636,5481,80.12
20261009,539658,782,48.75
20261009,539659,9035,88.5
20261009,539660,53656,63.12
20261009,539661,34898,50.91
20261009,539662,5007,98.04
20261009,539669,76872,100.0
20261009,539673,950,100.0
20261009,539678,7649,79.95
20261009,539679,1220022,100.0
20261009,539682,14738,39.19
20261009,539686,61799,92.1
20261009,539692,3851,89.31
20261009,539697,186744,71.01
20261009,539724,30241,100.0
20261009,539725,3207,43.4
20261009,539730,16176,31.2
20261009,539742,4601,100.0
20261009,539760,1259,64.63
20261009,539761,271221,75.97
20261009,539762,29322,63.44
20261009,539767,56318,100.0
20261009,539770,3861,94.15
20261009,539773,77114,85.49
20261009,539784,9,81.82
20261009,539785,17386,32.72
20261009,539787,26443,58.93
20261009,539798,1272,55.52
20261009,539799,3671,51.16
20261009,539800,6449,100.0
20261009,539807,206983,62.09
20261009,539814,2066,99.9
20261009,539834,1332,70.55
20261009,539835,46140,66.54
20261009,539837,2170,38.72
20261009,539841,12398,78.29
20261009,539843,725,72.36
20261009,539854,5328,98.58
20261009,539871,3823,50.74
20261009,539872,5770,65.37
20261009,539875,126,100.0
20261009,539876,999577,91.65
20261009,539883,13,86.67
20261009,539884,5431,91.55
20261009,539889,18690,30.74
20261009,539894,12350,79.81
20261009,539895,977010,49.7
20261009,539900,1930,95.54
20261009,539911,300,100.0
20261009,539921,7347,55.61
20261009,539922,5955,100.0
20261009,539938,1401,95.7
20261009,539939,1605,71.72
20261009,539945,4978,53.77
20261009,539946,238,100.0
20261009,539947,2108,100.0
20261009,539956,2107,40.83
20261009,539957,1881,31.84
20261009,539963,28540,77.61
20261009,539978,3199,52.65
20261009,539979,1977,100.0
20261009,539980,1182,77.66
20261009,539984,13,100.0
20261009,539985,11000,91.67
20261009,539986,11066,57.71
20261009,539991,297,100.0
20261009,539992,268781,38.99
20261009,539997,1073,58.86
20261009,540005,11741,41.43
20261009,540006,20798,92.34
20261009,540008,33,82.5
20261009,540023,52644,72.42
20261009,540025,6208,70.32
20261009,540026,13,54.17
20261009,540047,664,78.95
20261009,540048,526,62.17
20261009,540061,6923,75.5
20261009,540065,72373,45.19
20261009,540066,216,100.0
20261009,540072,10000,100.0
20261009,540073,29046,66.35
20261009,540078,21146,67.34
20261009,540079,39133,83.71
20261009,540080,7398,99.66
20261009,540082,1350,100.0
20261009,540083,251,100.0
20261009,540097,1355,69.06
20261009,540115,2293,47.63
20261009,540124,8574,47.59
20261009,540125,15467,100.0
20261009,540132,95729,100.0
20261009,540133,13036,48.84
20261009,540135,1182917,52.59
20261009,540136,2681,66.59
20261009,540145,4041,28.71
20261009,540146,1000,100.0
20261009,540147,11802,62.68
20261009,540150,750,100.0
20261009,540153,3464,59.69
20261009,540159,4777,100.0
20261009,540168,16875,80.64
20261009,540173,19041,40.2
20261009,540174,1222,95.17
20261009,540175,333559,86.52
20261009,540180,47141,37.55
20261009,540181,9039,85.51
20261009,540190,1101687,67.09
20261009,540192,4041,74.5
20261009,540198,3582,80.62
20261009,540203,4760,47.01
20261009,540204,4017,95.94
20261009,540205,3285,55.74
20261009,540210,2440,96.6
20261009,540212,2122,58.43
20261009,540222,35938,45.11
20261009,540243,46601,100.0
20261009,540252,47815,72.08
20261009,540254,39982,100.0
20261009,540259,2227389,80.37
20261009,540266,17647,69.93
20261009,540267,44,100.0
20261009,540268,529,71.39
20261009,540293,9431,40.28
20261009,540310,13357,100.0
20261009,540311,1047,93.9
20261009,540332,5000,100.0
20261009,540358,8196,71.38
20261009,540360,1230126,100.0
20261009,540361,182239,73.29
20261009,540366,2475,99.44
20261009,540376,17574,51.87
20261009,540377,2031073,76.06
20261009,540386,77735,100.0
20261009,540393,8167,80.38
20261009,540395,360,78.43
20261009,540396,10068,41.63
20261009,540401,30672,67.5
20261009,540403,72,98.63
20261009,540404,8518,93.0
20261009,540405,1293,81.68
20261009,540425,2051,57.48
20261009,540455,313,100.0
20261009,540467,71,100.0
20261009,540492,167373,68.18
20261009,540497,386,78.62
20261009,540515,11,100.0
20261009,540519,2931,95.85
20261009,540526,29424,91.61
20261009,540530,47220,37.36
20261009,540544,1582,83.39
20261009,540545,49819,100.0
20261009,540565,21332,76.1
20261009,540570,41377,67.51
20261009,540575,4568,49.3
20261009,540590,13,86.67
20261009,540595,31147,34.12
20261009,540596,1098,54.57
20261009,540597,12272,65.23
20261009,540602,1757,67.73
20261009,540611,11141,38.76
20261009,540612,55439,95.77
20261009,540615,68549,100.0
20261009,540642,168967,61.5
20261009,540647,1,100.0
20261009,540648,83,98.81
20261009,540649,1954,43.86
20261009,540650,315,64.95
20261009,540652,750,100.0
20261009,540654,28518,67.11
20261009,540669,16453,96.45
20261009,540673,3539,60.17
20261009,540678,72945,38.61
20261009,540679,21,77.78
20261009,540680,3792,59.35
20261009,540686,2083,84.03
20261009,540691,83545,52.53
20261009,540692,2313,57.05
20261009,540693,130524,67.87
20261009,540694,2214,100.0
20261009,540696,3033,100.0
20261009,540699,12915,55.29
20261009,540700,4135,98.71
20261009,540701,3603,59.06
20261009,540703,350,100.0
20261009,540704,1364,89.09
20261009,540709,57474,100.0
20261009,540710,7573,61.2
20261009,540716,88427,71.59
20261009,540717,51349,69.42
20261009,540718,56875,85.53
20261009,540719,203353,92.75
20261009,540724,120,54.55
20261009,540725,30196,36.51
20261009,540726,11793,82.27
20261009,540727,2647,77.44
20261009,540730,478707,71.95
20261009,540735,4023,95.17
20261009,540737,5482,67.2
20261009,540738,15033,65.28
20261009,540743,4027,52.02
20261009,540749,1337,41.53
20261009,540750,113890,54.2
20261009,540755,129642,88.91
20261009,540756,12000,100.0
20261009,540757,502,100.0
20261009,540762,15289,59.15
20261009,540767,45056,87.4
20261009,540768,6669,87.28
20261009,540769,62358,34.05
20261009,540774,812,74.77
20261009,540775,924,100.0
20261009,540776,1578,56.64
20261009,540777,202730,58.74
20261009,540786,121079,45.96
20261009,540787,10002,63.84
20261009,540788,112,100.0
20261009,540789,220,100.0
20261009,540795,7560,65.14
20261009,540797,2860,86.33
20261009,540809,48434,88.69
20261009,540811,25000,100.0
20261009,540821,16361,67.46
20261009,540824,6193,100.0
20261009,540829,5321,100.0
20261009,540850,3000,50.0
20261009,540874,5436,78.23
20261009,540879,134920,39.46
20261009,540900,12646,32.63
20261009,540901,26258,64.81
20261009,540902,7571,44.3
20261009,540904,56,100.0
20261009,540914,45473,71.69
20261009,540923,1010,100.0
20261009,540935,506,24.18
20261009,540936,4102,89.76
20261009,540937,11312,71.0
20261009,540938,10000,100.0
20261009,540952,12,100.0
20261009,540953,38729,81.14
20261009,540954,13641,81.02
20261009,540955,10559,100.0
20261009,540956,75073,84.42
20261009,540975,33884,53.24
20261009,540980,5,50.0
20261009,541005,49,98.0
20261009,541019,4184,62.66
20261009,541083,500,100.0
20261009,541096,894,72.15
20261009,541097,6222,68.0
20261009,541112,4000,66.67
20261009,541143,33423,46.84
20261009,541144,1016,76.85
20261009,541152,2050,54.13
20261009,541153,220398,34.31
20261009,541154,74528,75.5
20261009,541161,375913,100.0
20261009,541163,2469,38.03
20261009,541167,789,39.12
20261009,541178,2000,100.0
20261009,541195,11161,27.35
20261009,541228,6560,100.0
20261009,541233,123818,60.15
20261009,541269,431,46.15
20261009,541276,17201,46.14
20261009,541299,64000,84.21
20261009,541301,9782,69.84
20261009,541302,7444,95.42
20261009,541303,220032,96.14
20261009,541304,481,94.5
20261009,541313,31721,84.61
20261009,541336,4507,69.33
20261009,541337,12000,100.0
20261009,541338,6787,85.53
20261009,541347,1443,100.0
20261009,541352,1767,11.73
20261009,541353,7200,90.0
20261009,541358,6116,100.0
20261009,541400,19690,58.73
20261009,541402,726,98.91
20261009,541403,2005,48.41
20261009,541418,101,86.32
20261009,541444,14084,77.65
20261009,541445,800,100.0
20261009,541450,73765,35.46
20261009,541540,4094,32.76
20261009,541546,18224,78.1
20261009,541556,26439,43.02
20261009,541557,189,44.89
20261009,541578,3045,51.63
20261009,541601,1809106,57.85
20261009,541627,3505,100.0
20261009,541634,83,90.22
20261009,541701,600,100.0
20261009,541702,1276090,100.0
20261009,541703,1600,50.0
20261009,541729,45065,70.96
20261009,541735,82757,81.93
20261009,541741,3801,100.0
20261009,541770,2690,42.37
20261009,541771,14968,100.0
20261009,541778,5660,100.0
20261009,541809,17469,50.62
20261009,541865,7853,84.35
20261009,541890,120944,100.0
20261009,541929,381,47.57
20261009,541946,172967,98.77
20261009,541956,163716,48.69
20261009,541967,48300,36.18
20261009,541972,145,63.04
20261009,541974,1717,31.96
20261009,541988,507,44.16
20261009,542011,13284,37.7
20261009,542012,480239,100.0
20261009,542013,494,54.53
20261009,542019,10188,67.11
20261009,542020,22702,100.0
20261009,542025,240000,100.0
20261009,542034,9156,88.87
20261009,542046,184069,56.33
20261009,542057,2066,82.77
20261009,542066,14338,45.24
20261009,542131,14080,60.63
20261009,542141,3891,40.02
20261009,542145,3600,100.0
20261009,542176,2,100.0
20261009,542206,21351,100.0
20261009,542216,389,24.43
20261009,542230,789,93.26
20261009,542231,32737,56.1
20261009,542232,4731,97.93
20261009,542233,577,89.18
20261009,542248,133829,95.84
20261009,542285,20672,91.75
20261009,542323,13551,39.66
20261009,542332,1,100.0
20261009,542333,1347,67.82
20261009,542337,649,72.43
20261009,542351,14,100.0
20261009,542367,122,86.52
20261009,542383,1652,96.21
20261009,542399,38465,94.1
20261009,542437,4264,100.0
20261009,542446,18681,100.0
20261009,542459,11549,74.21
20261009,542460,769,72.68
20261009,542477,10000,100.0
20261009,542484,8319,50.16
20261009,542513,370,88.73
20261009,542543,1500000,96.77
20261009,542579,247536,51.73
20261009,542580,1175,100.0
20261009,542597,3940,39.96
20261009,542602,3644,78.57
20261009,542627,30246,100.0
20261009,542628,2831,75.09
20261009,542649,159437,55.57
20261009,542650,2907,49.28
20261009,542651,110803,49.11
20261009,542652,2903,27.53
20261009,542654,13127,99.83
20261009,542655,160844,61.74
20261009,542665,3065,47.15
20261009,542666,10999,83.09
20261009,542668,1000,100.0
20261009,542669,48806,65.49
20261009,542670,8370,97.84
20261009,542677,5574,86.77
20261009,542678,137,100.0
20261009,542679,1768,54.82
20261009,542682,419,94.16
20261009,542684,2604,66.18
20261009,542685,2,100.0
20261009,542694,140,84.85
20261009,542721,6106,100.0
20261009,542725,1445437,88.56
20261009,542726,1393,15.41
20261009,542727,6100,69.71
20261009,542729,1007,100.0
20261009,542730,4081,69.37
20261009,542747,5904,88.3
20261009,542752,9876,60.85
20261009,542758,29598,62.03
20261009,542759,2839,59.02
20261009,542760,52609,66.43
20261009,542770,1370,82.73
20261009,542772,6246,46.83
20261009,542773,1866,91.29
20261009,542774,16053,49.92
20261009,542801,1000,100.0
20261009,542802,54792,68.2
20261009,542803,12902,86.58
20261009,542812,7592,81.17
20261009,542830,45484,56.21
20261009,542850,26000,100.0
20261009,542851,58241,100.0
20261009,542852,11083,90.81
20261009,542857,2627,49.33
20261009,542862,141,41.84
20261009,542865,10503,71.05
20261009,542867,10808,69.85
20261009,542904,194438,41.57
20261009,542905,3710,47.84
20261009,542907,1281,58.57
20261009,542909,2009,96.45
20261009,542910,1500,100.0
20261009,542918,12494,100.0
20261009,542919,7157,58.18
20261009,542920,4066,49.33
20261009,542921,18333,69.54
20261009,542922,645,73.55
20261009,542933,2,100.0
20261009,543064,17638,49.4
20261009,543065,8000,100.0
20261009,543066,144824,78.04
20261009,543071,21,80.77
20261009,543079,111,91.74
20261009,543083,1,100.0
20261009,543092,1,50.0
20261009,543099,1,100.0
20261009,543110,1,50.0
20261009,543144,2578,100.0
20261009,543150,7601,60.17
20261009,543153,3,100.0
20261009,543161,21,100.0
20261009,543167,5181,100.0
20261009,543171,29009,99.9
20261009,543172,875,100.0
20261009,543173,469,98.53
20261009,543174,5652,97.92
20261009,543175,1121,99.91
20261009,543176,8,57.14
20261009,543177,3229,96.79
20261009,543181,13,100.0
20261009,543182,296,73.27
20261009,543186,2100,94.42
20261009,543187,4809,40.72
20261009,543193,521,98.86
20261009,543207,23581,94.49
20261009,543208,5026,71.39
20261009,543209,12000,100.0
20261009,543210,803,100.0
20261009,543211,591,99.83
20261009,543212,2214,48.79
20261009,543213,2370,70.39
20261009,543214,591,72.69
20261009,543217,4417,77.22
20261009,543218,1769,96.67
20261009,543219,20937,99.29
20261009,543220,520608,77.45
20261009,543221,23481,80.41
20261009,543223,931,64.92
20261009,543224,935,97.29
20261009,543225,125000,100.0
20261009,543226,8065,89.96
20261009,543227,23960,36.7
20261009,543228,5246,54.2
20261009,543229,26,100.0
20261009,543230,1674,57.6
20261009,543231,2,100.0
20261009,543232,26215,39.81
20261009,543233,3873,75.15
20261009,543234,751,99.6
20261009,543235,76099,42.9
20261009,543236,3,100.0
20261009,543237,30179,42.85
20261009,543238,4453,66.1
20261009,543240,1783,78.06
20261009,543241,2505,100.0
20261009,543242,6552,53.63
20261009,543243,22143,34.41
20261009,543244,8000,66.67
20261009,543245,3697,40.14
20261009,543246,257,81.07
20261009,543248,43131,41.64
20261009,543249,21106,57.03
20261009,543250,292,57.37
20261009,543251,628,100.0
20261009,543252,2549,37.66
20261009,543253,7606,27.54
20261009,543254,3093,67.81
20261009,543255,40,97.56
20261009,543256,8226,99.76
20261009,543257,286187,43.78
20261009,543258,725,52.96
20261009,543259,91655,92.38
20261009,543260,1499,59.39
20261009,543261,7486,86.28
20261009,543262,15000,71.43
20261009,543263,713748,30.31
20261009,543264,277,100.0
20261009,543265,19977,51.89
20261009,543266,1432,56.92
20261009,543267,203975,50.53
20261009,543268,6979,70.55
20261009,543270,5680,100.0
20261009,543271,10941,54.18
20261009,543272,190996,74.62
20261009,543273,15308,56.95
20261009,543275,6278,37.8
20261009,543276,3910,77.06
20261009,543277,55883,69.65
20261009,543278,136407,47.86
20261009,543279,3006,28.39
20261009,543280,26027,68.2
20261009,543281,24670,93.92
20261009,543282,300,100.0
20261009,543283,2540,100.0
20261009,543284,10879,100.0
20261009,543285,400,33.33
20261009,543287,12777,34.54
20261009,543288,12517,65.21
20261009,543290,68460,74.3
20261009,543291,67599,55.28
20261009,543292,2823,86.65
20261009,543298,6612,85.56
20261009,543299,1516,44.22
20261009,543300,223879,35.93
20261009,543306,262,79.88
20261009,543308,15191,45.56
20261009,543309,12000,100.0
20261009,543311,1619,56.23
20261009,543317,835,72.11
20261009,543318,5004,47.03
20261009,543320,551323,60.62
20261009,543321,3148,54.64
20261009,543322,2973,60.91
20261009,543323,11093,79.7
20261009,543324,1849,11.71
20261009,543325,41376,51.01
20261009,543326,80594,89.59
20261009,543327,20482,92.53
20261009,543328,748,57.1
20261009,543329,5681,61.26
20261009,543330,28700,38.17
20261009,543331,27975,38.09
20261009,543332,681,75.5
20261009,543333,4989,43.74
20261009,543334,42584,89.71
20261009,543335,32149,40.86
20261009,543336,12924,52.96
20261009,543341,4601,74.93
20261009,543347,5124,99.42
20261009,543348,703,92.99
20261009,543349,27136,69.63
20261009,543350,498,52.09
20261009,543351,2400,100.0
20261009,543358,28751,66.62
20261009,543363,8400,84.0
20261009,543364,10079,50.15
20261009,543365,39504,56.32
20261009,543366,10800,100.0
20261009,543367,12761,29.98
20261009,543373,2759,100.0
20261009,543374,1985,22.91
20261009,543375,12500,100.0
20261009,543376,2831,97.79
20261009,543377,90000,64.29
20261009,543378,10500,100.0
20261009,543383,495,89.03
20261009,543384,122584,63.98
20261009,543386,48710,40.25
20261009,543387,9819,65.79
20261009,543388,353,24.72
20261009,543389,40479,60.92
20261009,543390,75787,50.36
20261009,543391,750,100.0
20261009,543396,138089,47.54
20261009,543397,4360,53.25
20261009,543398,17482,43.58
20261009,543399,3747,71.62
20261009,543400,18000,100.0
20261009,543401,2355,61.12
20261009,543410,5850,100.0
20261009,543411,20154,58.23
20261009,543412,6743,64.49
20261009,543413,11724,34.94
20261009,543414,39278,74.34
20261009,543415,33557,48.99
20261009,543416,1756,90.28
20261009,543417,4401,44.7
20261009,543418,1004,100.0
20261009,543419,25067,68.1
20261009,543420,9052,91.39
20261009,543425,1907,40.57
20261009,543426,1340,77.5
20261009,543427,1280,48.54
20261009,543428,4898,40.03
20261009,543433,2445,66.4
20261009,543434,4029,43.32
20261009,543437,109346,56.51
20261009,543438,219,100.0
20261009,543440,268,92.73
20261009,543441,19432,63.27
20261009,543442,355,100.0
20261009,543449,1178,37.88
20261009,543450,7730,61.6
20261009,543452,31302,48.5
20261009,543454,1002,99.9
20261009,543458,36427,48.87
20261009,543461,5000,100.0
20261009,543462,3723,88.96
20261009,543463,7904,55.02
20261009,543464,16000,64.0
20261009,543465,264,99.62
20261009,543470,1477,98.01
20261009,543471,10329,63.05
20261009,543472,4061,65.95
20261009,543473,3474,98.27
20261009,543474,8554,73.2
20261009,543475,800,100.0
20261009,543480,1,100.0
20261009,543481,49638,73.48
20261009,543482,5901,54.42
20261009,543489,62275,87.51
20261009,543490,18908,61.94
20261009,543497,6400,69.57
20261009,543498,236502,55.62
20261009,543499,13481,59.61
20261009,543500,28000,100.0
20261009,543501,5005,99.76
20261009,543512,23639,51.37
20261009,543513,3632,100.0
20261009,543514,1,100.0
20261009,543515,375,50.0
20261009,543516,224000,100.0
20261009,543517,4233,62.06
20261009,543518,6000,100.0
20261009,543519,19500,100.0
20261009,543520,69000,100.0
20261009,543522,1500,66.67
20261009,543523,5471,49.01
20261009,543524,4252,51.96
20261009,543525,57245,37.51
20261009,543526,4071648,93.69
20261009,543527,566,53.96
20261009,543528,5221,40.09
20261009,543529,15911,34.85
20261009,543530,106644,54.26
20261009,543531,14062,97.37
20261009,543532,248,33.93
20261009,543533,4057,40.09
20261009,543534,5585,52.64
20261009,543535,463,82.09
20261009,543539,13349,71.46
20261009,543542,700,4.27
20261009,543543,1000,83.33
20261009,543544,78750,89.74
20261009,543546,22000,91.67
20261009,543547,3169,60.48
20261009,543563,4899,93.62
20261009,543568,21534,63.19
20261009,543569,562,90.06
20261009,543570,3893,75.53
20261009,543571,3562,94.46
20261009,543572,2235,79.34
20261009,543573,77370,61.82
20261009,543574,2637,100.0
20261009,543575,1474,97.94
20261009,543576,1778,52.54
20261009,543577,1129,57.08
20261009,543578,3700,57.14
20261009,543590,307556,61.35
20261009,543591,1271,94.5
20261009,543592,29916,55.83
20261009,543593,19846,58.6
20261009,543594,63000,84.0
20261009,543596,4353,47.23
20261009,543597,4088,67.08
20261009,543599,1298,68.17
20261009,543600,3148,53.56
20261009,543605,2122,98.88
20261009,543606,16000,84.21
20261009,543608,2701,98.18
20261009,543614,290,87.61
20261009,543615,800,100.0
20261009,543616,31200,86.67
20261009,543618,4500,100.0
20261009,543619,2500,83.33
20261009,543620,43867,62.22
20261009,543622,1200,100.0
20261009,543626,38521,35.83
20261009,543627,213,67.4
20261009,543628,6071,66.63
20261009,543635,73229,56.29
20261009,543636,1532,72.26
20261009,543637,9600,88.89
20261009,543638,20395,67.68
20261009,543643,29158,72.3
20261009,543644,60161,47.35
20261009,543645,111,100.0
20261009,543650,24968,60.16
20261009,543651,4000,100.0
20261009,543652,408330,96.79
20261009,543653,6179,50.27
20261009,543654,4168,40.17
20261009,543655,25000,100.0
20261009,543657,5383,57.06
20261009,543663,3851,41.3
20261009,543664,21321,42.87
20261009,543665,13950,95.32
20261009,543666,519,75.99
20261009,543667,1100146,39.34
20261009,543668,284,100.0
20261009,543669,3100,88.83
20261009,543670,144039,85.43
20261009,543671,326508,98.77
20261009,543677,2524,78.53
20261009,543678,2000,40.0
20261009,543686,1155,40.09
20261009,543687,814,89.06
20261009,543688,277972,85.48
20261009,543689,3033,47.03
20261009,543699,10,100.0
20261009,543709,7125,61.29
20261009,543710,687,66.96
20261009,543711,4000,50.86
20261009,543712,7,100.0
20261009,543713,27000,84.38
20261009,543714,1929,63.83
20261009,543720,54566,51.38
20261009,543725,9049,63.94
20261009,543732,3994,78.5
20261009,543737,501,99.8
20261009,543738,17756,99.49
20261009,543743,1359,95.44
20261009,543746,7200,33.33
20261009,543747,4637,82.22
20261009,543748,14641,32.5
20261009,543766,686,100.0
20261009,543767,8922,48.73
20261009,543768,187748,58.98
20261009,543769,36000,100.0
20261009,543774,447,86.13
20261009,543775,25547,51.05
20261009,543776,19302,57.19
20261009,543781,6184,69.15
20261009,543782,6120,68.0
20261009,543787,1650,58.82
20261009,543805,3000,80.0
20261009,543806,5400,44.26
20261009,543811,3426,48.27
20261009,543812,1350,51.51
20261009,543813,345,100.0
20261009,543814,20000,83.33
20261009,543819,1702,89.34
20261009,543828,248000,82.67
20261009,543829,2388,70.61
20261009,543831,1125,75.0
20261009,543853,394,100.0
20261009,543860,1214,100.0
20261009,543861,1071,60.51
20261009,543874,16000,80.0
20261009,543875,97,100.0
20261009,543895,38250,81.38
20261009,543896,9588,53.01
20261009,543897,4000,100.0
20261009,543898,304,73.08
20261009,543899,887,80.56
20261009,543900,8161,54.78
20261009,543901,2,100.0
20261009,543902,2000,100.0
20261009,543903,16382,77.49
20261009,543904,5773,39.71
20261009,543910,483,81.45
20261009,543911,25135,48.04
20261009,543912,517,81.8
20261009,543913,3672,79.53
20261009,543914,24468,100.0
20261009,543915,1099,89.2
20261009,543916,20800,100.0
20261009,543917,7582,71.81
20261009,543918,9468,40.8
20261009,543919,9943,90.28
20261009,543920,10651,51.36
20261009,543921,10000,100.0
20261009,543922,1196,33.33
20261009,543923,11149,63.87
20261009,543924,4000,100.0
20261009,543925,25000,20.0
20261009,543926,25200,67.74
20261009,543927,92,100.0
20261009,543928,9000,73.17
20261009,543929,158355,87.44
20261009,543930,163,100.0
20261009,543931,5000,62.5
20261009,543932,6910,44.04
20261009,543933,6579,44.1
20261009,543934,498,100.0
20261009,543935,519,77.12
20261009,543936,151290,35.24
20261009,543937,1200,100.0
20261009,543939,2000,66.67
20261009,543940,724120,58.91
20261009,543941,800,100.0
20261009,543942,133898,42.78
20261009,543943,37000,78.72
20261009,543944,43,67.19
20261009,543945,33491,33.85
20261009,543946,43282,93.48
20261009,543947,168,100.0
20261009,543948,729,10.63
20261009,543949,3124,92.59
20261009,543950,7076,34.05
20261009,543952,2534,51.67
20261009,543953,4250,21.79
20261009,543954,11273,79.26
20261009,543955,2836,94.79
20261009,543956,1978,59.72
20261009,543957,10039,52.53
20261009,543958,31918,95.53
20261009,543959,28250,29.16
20261009,543960,4099,50.36
20261009,543962,2775,45.76
20261009,543963,189000,69.23
20261009,543965,13603,55.81
20261009,543969,587,99.49
20261009,543971,80200,53.83
20261009,543972,36166,43.13
20261009,543974,17448,61.92
20261009,543975,31,100.0
20261009,543976,4882,59.84
20261009,543977,10838,51.86
20261009,543978,96346,47.24
20261009,543979,12800,100.0
20261009,543980,3675,53.87
20261009,543981,5747,55.62
20261009,543982,18200,95.79
20261009,543983,7850,60.24
20261009,543984,29072,60.69
20261009,543985,21138,42.69
20261009,543986,3864,59.94
20261009,543988,9470,51.81
20261009,543989,6227,70.04
20261009,543990,2549,13.94
20261009,543991,400,100.0
20261009,543992,21993,71.42
20261009,543993,320,96.97
20261009,543994,396186,79.38
20261009,543995,8801,50.47
20261009,543996,4476,52.18
20261009,543997,25200,33.33
20261009,543998,3490,100.0
20261009,543999,15317,97.37
20261009,544001,34375,100.0
20261009,544003,3322,83.95
20261009,544004,1290,55.87
20261009,544006,22804,85.14
20261009,544007,70147,94.65
20261009,544008,993,50.66
20261009,544009,288307,97.37
20261009,544012,23127,35.58
20261009,544014,4493,22.7
20261009,544015,1500,75.0
20261009,544020,18587,100.0
20261009,544021,9620,44.11
20261009,544022,6494,36.82
20261009,544023,10750,100.0
20261009,544026,198730,56.3
20261009,544027,13665,57.75
20261009,544028,49870,39.51
20261009,544029,54696,57.04
20261009,544030,2710,28.98
20261009,544036,4800,75.0
20261009,544037,16500,61.34
20261009,544042,4065,57.58
20261009,544043,31,91.18
20261009,544044,887,71.3
20261009,544045,841,32.38
20261009,544046,7148,70.75
20261009,544047,18000,54.55
20261009,544053,940849,58.17
20261009,544054,1120,46.74
20261009,544055,5221,64.91
20261009,544057,764,42.42
20261009,544058,12119,78.53
20261009,544060,4324,100.0
20261009,544061,20471,35.12
20261009,544066,1857,21.75
20261009,544067,1162,32.19
20261009,544073,10000,50.0
20261009,544074,4200,100.0
20261009,544079,149,100.0
20261009,544080,20,100.0
20261009,544081,107207,87.08
20261009,544082,4000,100.0
20261009,544083,1000,40.0
20261009,544088,2478,44.66
20261009,544089,544798,98.74
20261009,544090,23,67.65
20261009,544091,11200,100.0
20261009,544092,365,45.23
20261009,544093,223,74.58
20261009,544095,26259,76.73
20261009,544100,4243,97.0
20261009,544102,79,72.48
20261009,544105,12000,100.0
20261009,544106,1200,100.0
20261009,544107,25278,62.95
20261009,544108,15600,65.0
20261009,544109,260,68.42
20261009,544110,280,47.06
20261009,544111,14244,83.36
20261009,544112,314,76.96
20261009,544117,1971,69.04
20261009,544118,5035,37.64
20261009,544119,4888,34.51
20261009,544120,502,60.41
20261009,544121,3000,60.0
20261009,544122,2156,50.01
20261009,544123,2058,92.74
20261009,544124,637,91.79
20261009,544129,1371,58.69
20261009,544130,47203,62.27
20261009,544131,2007,53.29
20261009,544132,129994,61.02
20261009,544133,23226,41.89
20261009,544134,3087,86.25
20261009,544135,16665,100.0
20261009,544136,295,96.72
20261009,544137,2093,66.83
20261009,544138,6702,51.1
20261009,544139,2000,100.0
20261009,544140,17654,70.58
20261009,544141,1600,11.76
20261009,544142,2282,73.33
20261009,544143,1000,100.0
20261009,544144,985,90.04
20261009,544149,634,77.7
20261009,544150,52250,66.99
20261009,544151,29000,100.0
20261009,544156,7500,100.0
20261009,544157,500,100.0
20261009,544158,1115,52.87
20261009,544159,1509,82.91
20261009,544160,107200,100.0
20261009,544161,4188,37.67
20261009,544162,5568,57.24
20261009,544164,18000,100.0
20261009,544165,16500,100.0
20261009,544166,22800,100.0
20261009,544167,1143,27.12
20261009,544169,6000,50.0
20261009,544170,8000,66.67
20261009,544171,1600,100.0
20261009,544172,4776,32.76
20261009,544173,9000,100.0
20261009,544174,1826,28.38
20261009,544175,1200,100.0
20261009,544176,6422,61.96
20261009,544177,1000,50.0
20261009,544179,59738,49.05
20261009,544180,9041,89.39
20261009,544181,760948,96.33
20261009,544182,4787,9.61
20261009,544183,1000,66.67
20261009,544184,4569,60.95
20261009,544185,648,74.14
20261009,544186,41045,88.3
20261009,544187,1955,100.0
20261009,544188,4000,100.0
20261009,544189,7000,82.35
20261009,544190,4000,66.67
20261009,544191,18868,71.94
20261009,544192,733616,95.81
20261009,544193,113391,88.62
20261009,544194,27269,76.67
20261009,544195,4000,66.67
20261009,544196,10,100.0
20261009,544197,12065,100.0
20261009,544198,7452,55.0
20261009,544199,5600,100.0
20261009,544200,141986,98.49
20261009,544201,60000,100.0
20261009,544202,2628,69.56
20261009,544203,37341,44.32
20261009,544204,174,98.86
20261009,544205,2999,100.0
20261009,544206,16536,51.6
20261009,544207,375,99.73
20261009,544209,4424,55.09
20261009,544210,838,45.4
20261009,544211,5,100.0
20261009,544212,5816,53.83
20261009,544213,10200,77.27
20261009,544215,1441,98.03
20261009,544216,20874,65.45
20261009,544217,9344,78.01
20261009,544218,12735,88.35
20261009,544219,9600,80.0
20261009,544222,4898,37.6
20261009,544223,3842,34.04
20261009,544224,82680,85.38
20261009,544225,961573,38.6
20261009,544226,37935,26.7
20261009,544227,16374,63.22
20261009,544229,138619,74.64
20261009,544230,7327,69.54
20261009,544232,962,48.51
20261009,544234,19569,88.34
20261009,544235,28012,64.0
20261009,544237,800,100.0
20261009,544238,12218,36.84
20261009,544239,1937,75.19
20261009,544240,2766,43.49
20261009,544241,7491,65.84
20261009,544242,15000,83.33
20261009,544243,3116,30.58
20261009,544244,3523,58.0
20261009,544246,25,100.0
20261009,544247,1026,15.14
20261009,544248,3600,66.67
20261009,544249,1081,98.09
20261009,544250,181,62.85
20261009,544251,17600,100.0
20261009,544252,268601,60.11
20261009,544253,34780,37.98
20261009,544254,442,88.76
20261009,544256,44919,43.04
20261009,544258,3820,49.51
20261009,544259,6000,100.0
20261009,544260,23096,59.94
20261009,544261,3587,48.64
20261009,544262,3922,31.35
20261009,544263,7569,47.32
20261009,544264,2871,56.53
20261009,544266,932,93.01
20261009,544267,8800,52.38
20261009,544268,53830,57.28
20261009,544269,18000,100.0
20261009,544271,8190,59.28
20261009,544272,1600,100.0
20261009,544273,642,72.3
20261009,544274,20356,66.3
20261009,544275,1185,77.45
20261009,544276,16427,92.16
20261009,544277,26242,44.63
20261009,544278,23448,100.0
20261009,544279,1754,77.0
20261009,544280,9849,32.7
20261009,544281,14376,100.0
20261009,544282,903536,62.59
20261009,544283,13175,35.32
20261009,544284,3598,91.11
20261009,544285,2325808,86.6
20261009,544286,32419,48.36
20261009,544287,3000,100.0
20261009,544288,5049,36.87
20261009,544289,375915,70.47
20261009,544290,15859,50.07
20261009,544291,10600,63.47
20261009,544292,13807,76.67
20261009,544293,2054,59.88
20261009,544294,3398,33.66
20261009,544295,1,100.0
20261009,544296,3200,40.0
20261009,544301,504,90.48
20261009,544302,390,3.65
20261009,544304,27200,77.27
20261009,544305,476381,36.41
20261009,544306,36039,61.37
20261009,544307,198120,45.15
20261009,544308,617,45.27
20261009,544309,2343,40.74
20261009,544310,23250,67.88
20261009,544311,7909,44.7
20261009,544312,4000,100.0
20261009,544313,12000,60.0
20261009,544314,824,67.6
20261009,544315,1045,81.2
20261009,544316,5855,49.66
20261009,544317,7772,41.68
20261009,544318,1734,67.5
20261009,544319,4273,37.89
20261009,544320,2553,68.94
20261009,544321,2149,82.72
20261009,544322,3795,39.05
20261009,544323,5728,92.1
20261009,544325,109629,53.42
20261009,544326,20362,98.08
20261009,544327,36000,100.0
20261009,544328,3523,51.04
20261009,544329,10000,83.33
20261009,544330,18000,100.0
20261009,544331,14000,87.5
20261009,544332,6000,75.0
20261009,544333,51274,48.22
20261009,544334,15750,100.0
20261009,544335,52000,100.0
20261009,544336,10778,39.3
20261009,544337,1000,100.0
20261009,544338,94851,99.0
20261009,544339,991,61.9
20261009,544340,41600,86.67
20261009,544341,11200,100.0
20261009,544342,25983,100.0
20261009,544343,7200,75.0
20261009,544344,672,41.71
20261009,544345,2067,63.46
20261009,544346,1,50.0
20261009,544347,1200,100.0
20261009,544348,8400,77.78
20261009,544349,4800,100.0
20261009,544350,5194,45.83
20261009,544352,78,74.29
20261009,544353,8400,100.0
20261009,544354,13500,77.59
20261009,544355,243,77.14
20261009,544356,1080,68.83
20261009,544361,287,80.39
20261009,544362,757196,31.74
20261009,544363,84,97.67
20261009,544364,1200,90.77
20261009,544365,12000,75.0
20261009,544366,1600,100.0
20261009,544367,9402,48.77
20261009,544368,3600,60.0
20261009,544369,36000,100.0
20261009,544371,2536,100.0
20261009,544372,3000,100.0
20261009,544373,6400,100.0
20261009,544375,810,64.8
20261009,544376,11,100.0
20261009,544377,305,100.0
20261009,544379,3157,86.64
20261009,544380,50,100.0
20261009,544381,1200,100.0
20261009,544382,3482,99.8
20261009,544383,2400,100.0
20261009,544384,81607,40.78
20261009,544385,1098,82.56
20261009,544386,522,100.0
20261009,544387,3500,43.75
20261009,544389,1058,93.63
20261009,544390,14277,39.1
20261009,544391,15000,100.0
20261009,544392,8000,66.67
20261009,544393,4800,100.0
20261009,544394,4683,99.24
20261009,544395,292850,41.11
20261009,544396,1841,46.14
20261009,544397,101284,39.81
20261009,544400,60000,81.08
20261009,544402,8492,57.55
20261009,544403,180781,81.77
20261009,544404,1285,87.59
20261009,544405,54313,51.05
20261009,544406,20800,80.0
20261009,544407,107632,60.16
20261009,544408,6402,49.52
20261009,544409,2000,50.0
20261009,544410,6123,54.86
20261009,544411,6036,48.54
20261009,544412,6000,66.67
20261009,544413,20467,80.91
20261009,544414,31372,52.64
20261009,544415,668,94.89
20261009,544416,955,94.0
20261009,544417,7200,100.0
20261009,544418,14689,58.24
20261009,544419,37246,48.25
20261009,544420,25037,34.95
20261009,544421,14831,29.49
20261009,544422,3600,75.0
20261009,544423,492,68.91
20261009,544424,1243,99.6
20261009,544425,6000,100.0
20261009,544426,2400,100.0
20261009,544427,2131,94.42
20261009,544428,1200,100.0
20261009,544429,17290,59.27
20261009,544430,64489,43.78
20261009,544431,23000,40.35
20261009,544432,1101,79.9
20261009,544433,13200,91.67
20261009,544434,47200,100.0
20261009,544435,28000,83.33
20261009,544436,3600,100.0
20261009,544438,13124,71.43
20261009,544439,18140,71.13
20261009,544440,10500,100.0
20261009,544441,8800,100.0
20261009,544442,7800,61.9
20261009,544443,1858,81.56
20261009,544444,3600,100.0
20261009,544445,2000,100.0
20261009,544446,6064,82.0
20261009,544447,294,51.22
20261009,544448,5890,62.59
20261009,544449,3010469,99.47
20261009,544450,38,100.0
20261009,544451,3600,69.23
20261009,544452,10000,100.0
20261009,544453,3000,100.0
20261009,544454,876,71.05
20261009,544455,18894,41.6
20261009,544456,48091,100.0
20261009,544457,3762,79.87
20261009,544458,67000,52.55
20261009,544459,174770,37.86
20261009,544460,44800,73.68
20261009,544461,130,99.24
20261009,544463,21600,100.0
20261009,544464,28000,100.0
20261009,544465,2553,80.97
20261009,544466,32111,70.59
20261009,544467,142613,42.32
20261009,544468,1200,100.0
20261009,544469,56980,100.0
20261009,544470,4920,60.67
20261009,544471,2000,100.0
20261009,544472,1600,100.0
20261009,544473,14586,79.67
20261009,544474,1600,100.0
20261009,544475,4000,100.0
20261009,544476,55623,39.37
20261009,544477,24224,73.01
20261009,544478,50,100.0
20261009,544479,5091,47.17
20261009,544480,42463,44.9
20261009,544481,16990,75.34
20261009,544482,6000,100.0
20261009,544483,2400,100.0
20261009,544484,20367,44.72
20261009,544485,10072,54.01
20261009,544486,49339,99.33
20261009,544487,17987,75.18
20261009,544488,48844,47.8
20261009,544489,1200,100.0
20261009,544490,8019,30.6
20261009,544491,1350,85.07
20261009,544492,31078,41.16
20261009,544493,21,95.45
20261009,544494,8000,100.0
20261009,544496,39735,63.55
20261009,544497,1919389,57.99
20261009,544499,340,99.13
20261009,544500,20000,76.92
20261009,544501,53000,100.0
20261009,544502,5021,100.0
20261009,544504,2800,100.0
20261009,544505,0,0.0
20261009,544506,117600,75.97
20261009,544507,49558,53.83
20261009,544509,4800,100.0
20261009,544511,6400,50.0
20261009,544512,5566,57.73
20261009,544513,2862,88.5
20261009,544514,800,100.0
20261009,544515,46058,50.68
20261009,544516,98000,53.85
20261009,544517,8483,49.78
20261009,544518,33600,100.0
20261009,544519,2963,41.59
20261009,544520,19200,84.21
20261009,544521,1305,83.71
20261009,544522,123,97.62
20261009,544523,3012,46.18
20261009,544524,48000,81.08
20261009,544525,8138,43.01
20261009,544526,1198,56.19
20261009,544527,2162,44.28
20261009,544528,5756,59.86
20261009,544529,30400,100.0
20261009,544530,6482,61.77
20261009,544531,6000,83.33
20261009,544532,2934,43.87
20261009,544533,3672,45.94
20261009,544534,1158,13.87
20261009,544535,16800,72.41
20261009,544536,11,100.0
20261009,544537,17254,35.43
20261009,544538,32000,100.0
20261009,544539,3200,100.0
20261009,544540,16324,44.48
20261009,544541,24600,82.0
20261009,544542,1000,100.0
20261009,544543,80532,72.89
20261009,544544,16800,100.0
20261009,544545,13919,74.57
20261009,544546,73200,77.22
20261009,544547,7181,79.58
20261009,544548,4800,100.0
20261009,544550,34583,40.41
20261009,544551,2000,100.0
20261009,544552,2400,100.0
20261009,544553,1600,50.0
20261009,544554,54000,100.0
20261009,544555,3600,100.0
20261009,544556,3200,100.0
20261009,544557,3573,85.13
20261009,544558,4759,57.3
20261009,544559,4800,75.0
20261009,544560,2000,50.0
20261009,544561,12000,100.0
20261009,544562,8416,78.99
20261009,544563,9000,100.0
20261009,544564,7507,77.76
20261009,544565,6000,100.0
20261009,544567,1200,75.0
20261009,544568,12000,83.33
20261009,544569,154670,56.66
20261009,544570,149841,98.67
20261009,544572,450,39.03
20261009,544574,43313,46.03
20261009,544575,6000,100.0
20261009,544576,21908,60.87
20261009,544577,4950,62.15
20261009,544578,2133,27.68
20261009,544579,110,100.0
20261009,544580,10898,55.8
20261009,544581,10202,87.89
20261009,544582,9600,88.89
20261009,544583,22264,50.19
20261009,544584,9000,100.0
20261009,544585,2000,100.0
20261009,544586,66244,84.74
20261009,544587,1144,57.63
20261009,544594,1200,100.0
20261009,544595,1422,53.7
20261009,544597,37466,85.69
20261009,544598,1257,100.0
20261009,544599,46853,42.86
20261009,544600,49734,45.87
20261009,544601,143,97.95
20261009,544602,92128,61.45
20261009,544603,888324,67.54
20261009,544604,6919,50.07
20261009,544605,9025,68.64
20261009,544606,962001,53.33
20261009,544607,43200,100.0
20261009,544608,24370,35.92
20261009,544609,156670,27.25
20261009,544610,13800,57.5
20261009,544611,14400,57.14
20261009,544612,520762,94.84
20261009,544613,8734,44.18
20261009,544614,5103,44.4
20261009,544615,471,100.0
20261009,544617,30880,83.48
20261009,544618,5,100.0
20261009,544619,8158,33.55
20261009,544621,5000,100.0
20261009,544622,427681,40.59
20261009,544623,1200,100.0
20261009,544624,9000,75.0
20261009,544625,1200,100.0
20261009,544626,11500,100.0
20261009,544627,14000,100.0
20261009,544628,10000,19.23
20261009,544631,695,64.71
20261009,544632,84984,27.12
20261009,544633,55943,39.73
20261009,544634,125896,42.55
20261009,544635,3200,100.0
20261009,544636,2000,100.0
20261009,544637,7800,76.47
20261009,544638,560,54.69
20261009,544639,101,90.99
20261009,544640,6000,83.33
20261009,544641,3600,66.67
20261009,544642,9273,50.79
20261009,544644,352,52.69
20261009,544645,25479,53.12
20261009,544646,30000,100.0
20261009,544647,6265,53.22
20261009,544654,37726,99.9
20261009,544655,5267,72.47
20261009,544656,400,100.0
20261009,544657,57000,73.08
20261009,544658,18470,71.66
20261009,544660,1367,99.93
20261009,544661,369,77.2
20261009,544662,563,96.57
20261009,544663,1000,100.0
20261009,544664,21141,57.63
20261009,544666,36680,62.38
20261009,544667,3600,100.0
20261009,544668,10800,75.0
20261009,544669,4200,100.0
20261009,544670,6600,100.0
20261009,544671,3000,100.0
20261009,544672,5,50.0
20261009,544673,3200,100.0
20261009,544675,6400,100.0
20261009,544676,800,100.0
20261009,544677,3200,66.67
20261009,544678,244203,52.65
20261009,544679,3078,41.5
20261009,544680,960,100.0
20261009,544681,32000,65.31
20261009,544683,3000,100.0
20261009,544684,30000,100.0
20261009,544685,143213,52.06
20261009,544687,8000,100.0
20261009,544688,638000,93.27
20261009,544693,3200,66.67
20261009,544694,1000,100.0
20261009,544695,48000,100.0
20261009,544698,3200,100.0
20261009,544699,36161,50.61
20261009,544700,9264,42.7
20261009,544701,6737,98.47
20261009,544702,6590,85.67
20261009,544703,3950,100.0
20261009,544704,1397,55.72
20261009,544705,5219,78.4
20261009,544707,13200,100.0
20261009,544708,18000,83.33
20261009,544709,18327,53.88
20261009,544710,51000,58.62
20261009,544711,60000,85.71
20261009,544716,2772,93.24
20261009,544717,4755,44.03
20261009,544718,64008,50.05
20261009,544719,10,90.91
20261009,544720,17970,36.95
20261009,544721,30289,74.83
20261009,544722,294,100.0
20261009,544723,80022,91.9
20261009,544724,21000,87.5
20261009,544725,1786,99.5
20261009,544726,54826,85.81
20261009,544731,56153,60.69
20261009,544732,214,76.98
20261009,544733,6029,33.99
20261009,544734,1875,90.23
20261009,544735,50000,53.76
20261009,544736,19,100.0
20261009,544737,4303,99.42
20261009,544738,36000,73.47
20261009,544739,11068,39.84
20261009,544740,35200,100.0
20261009,544742,5475,50.37
20261009,544743,16342,43.05
20261009,544744,2952,36.34
20261009,544745,416,100.0
20261009,544746,3200,40.0
20261009,544747,1200,50.0
20261009,544748,282342,75.53
20261009,544750,4223,54.69
20261009,544751,8400,100.0
20261009,544752,3,100.0
20261009,544753,506,100.0
20261009,544754,100306,68.55
20261009,544755,4800,100.0
20261009,544756,76387,73.5
20261009,544757,1955,100.0
20261009,544758,59698,99.25
20261009,544759,3000,100.0
20261009,544760,1236,87.41
20261009,544761,16,100.0
20261009,544762,542,63.32
20261009,544763,7068,81.12
20261009,544764,3174,61.66
20261009,544765,24000,100.0
20261009,544766,31,100.0
20261009,544767,18000,100.0
20261009,544768,6000,75.0
20261009,544769,1200,100.0
20261009,544770,4800,100.0
20261009,544771,4000,100.0
20261009,544772,14000,100.0
20261009,544773,62000,65.96
20261009,544774,6000,100.0
20261009,544777,25813,80.6
20261009,544779,5600,70.0
20261009,544780,150927,26.88
20261009,544781,195387,44.1
20261009,544782,1075912,39.19
20261009,544783,196971,100.0
20261009,544784,1193143,51.26
20261009,544785,24923,100.0
20261009,544786,977,62.03
20261009,544793,31000,100.0
20261009,544794,42000,85.37
20261009,544795,1470,57.15
20261009,544796,9600,92.31
20261009,544797,90000,93.75
20261009,544799,122248,72.59
20261009,544800,0,0.0
20261009,544801,38527,100.0
20261009,544802,87306,57.08
20261009,544803,15418,34.69
20261009,544804,2400,100.0
20261009,544805,4200,100.0
20261009,544806,6888,80.01
20261009,544807,3000,100.0
20261009,544808,41199,54.07
20261009,544809,58000,65.91
20261009,544810,52800,57.89
20261009,544811,9000,60.0
20261009,544812,44000,100.0
20261009,544813,2000,100.0
20261009,544814,40026,66.91
20261009,544821,7675,49.6
20261009,544822,5468,36.81
20261009,544823,26400,100.0
20261009,544825,15429,66.6
20261009,544826,41600,55.61
20261009,544827,3064,98.11
20261009,544829,70439,79.16
20261009,544830,55615,62.05
20261009,544831,5525,96.24
20261009,544832,10800,90.0
20261009,544833,4299,40.52
20261009,544834,3600,75.0
20261009,544835,2000,16.67
20261009,544837,47061,36.93
20261009,544838,43330,52.31
20261009,544839,203146,82.74
20261009,544840,8000,61.54
20261009,544841,2876,100.0
20261009,544842,876,89.66
20261009,544843,36000,61.22
20261009,544844,23600,62.11
20261009,544845,199530,81.26
20261009,544846,0,0.0
20261009,544847,28649,46.35
20261009,544848,3200,66.67
20261009,544849,14,100.0
20261009,544850,1480,100.0
20261009,544851,39760,35.44
20261009,544852,1200,100.0
20261009,544853,9203,51.37
20261009,544854,16800,77.78
20261009,544855,2519,60.31
20261009,544856,2400,75.0
20261009,544857,4,50.0
20261009,544858,20400,77.27
20261009,544859,11000,64.71
20261009,544860,265747,70.37
20261009,544861,1526,100.0
20261009,544862,2555,73.48
20261009,544863,37200,91.18
20261009,544864,16436,46.17
20261009,544865,153002,64.55
20261009,544866,25132,30.19
20261009,544867,26228,37.77
20261009,544868,66657,100.0
20261009,544869,1000,100.0
20261009,544870,44273,43.47
20261009,544871,49337,23.61
20261009,544872,12000,90.91
20261009,544873,29644,98.85
20261009,544874,5,83.33
20261009,544876,100800,97.67
20261009,544877,38000,100.0
20261009,544879,104855,39.77
20261009,544880,107131,58.77
20261009,544881,4243,64.03
20261009,544882,90866,42.58
20261009,544883,11000,52.38
20261009,544884,6000,83.33
20261009,544885,26277,69.76
20261009,544886,26419,33.63
20261009,544887,555,100.0
20261009,544888,13491,48.32
20261009,544889,16021,44.92
20261009,544890,29346,40.04
20261009,544891,203408,44.37
20261009,544892,6757,96.27
20261009,544893,39033,54.17
20261009,544894,102746,44.85
20261009,544895,217600,59.91
20261009,544897,33000,84.62
20261009,544898,101315,57.94
20261009,544899,13946,45.19
20261009,544900,17000,94.44
20261009,544901,511,67.15
20261009,544903,405543,56.6
20261009,544904,26400,95.65
20261009,544905,38000,57.58
20261009,544906,3062,55.89
20261009,544907,5,100.0
20261009,544908,4014,98.94
20261009,544909,192697,38.33
20261009,544910,724000,61.15
20261009,544911,430278,36.28
20261009,544912,38613,51.83
20261009,544913,226939,37.07
20261009,544914,605670,40.85
20261009,544915,71109,34.32
20261009,544916,30924,29.69
20261009,544917,42059,29.84
20261009,544918,39226,56.53
20261009,544919,48000,90.91
20261009,544920,32000,50.0
20261009,544921,69016,58.26
20261009,544922,38400,88.89
20261009,544923,37556,59.74
20261009,544924,50800,62.87
20261009,544925,98400,74.89
20261009,544927,130,96.3
20261009,544928,3200,100.0
20261009,544929,70467,24.67
20261009,544930,22800,51.35
20261009,544931,6000,100.0
20261009,544933,66000,86.84
20261009,544934,144891,37.91
20261009,544935,355422,53.15
20261009,544936,1582286,51.2
20261009,544937,564966,58.92
20261009,544938,39500,82.79
20261009,544939,6000,100.0
20261009,544940,97200,100.0
20261009,544941,154800,100.0
20261009,544942,36389,61.58
20261009,544943,22800,100.0
20261009,544944,6400,100.0
20261009,544945,31886,35.52
20261009,544946,4000,100.0
20261009,544948,28800,100.0
20261009,544949,33625,100.0
20261009,544950,172741,100.0
20261009,544951,19460,37.77
20261009,544952,13566,42.52
20261009,544953,12175880,37.87
20261009,544954,40000,100.0
20261009,544957,56085,55.33
20261009,544958,64800,100.0
20261009,544959,28844,52.94
20261009,544960,99329,45.15
20261009,544961,4000,100.0
20261009,544962,930132,33.38
20261009,544963,208901,100.0
20261009,544964,110400,100.0
20261009,544965,10475,100.0
20261009,544969,2053,99.95
20261009,544970,52,100.0
20261009,544971,1404000,100.0
20261009,544972,161400,100.0
20261009,544973,1751,100.0
20261009,544974,166113,100.0
20261009,544975,302400,100.0
20261009,544976,3600,100.0
20261009,544977,8000,100.0
20261009,544978,592000,100.0
20261009,544979,94400,100.0
20261009,544980,88000,100.0
20261009,544981,2962800,100.0
20261009,544982,4269000,100.0
20261009,544983,1792000,100.0
20261009,555555,999,75.23
20261009,570004,188,64.6
20261009,570005,50972,100.0
20261009,590003,504990,78.02
20261009,590005,350,55.29
20261009,590006,1535,85.23
20261009,590013,365,54.15
20261009,590018,58,100.0
20261009,590021,494,75.3
20261009,590024,6311,57.3
20261009,590025,5026,100.0
20261009,590030,6763,53.2
20261009,590031,78,93.98
20261009,590041,55742,100.0
20261009,590051,34543,46.53
20261009,590057,11738,100.0
20261009,590062,11489,72.62
20261009,590065,226,69.33
20261009,590066,4845,65.53
20261009,590068,40,100.0
20261009,590070,2798,97.8
20261009,590071,26582,96.75
20261009,590072,3,100.0
20261009,590073,2676,56.28
20261009,590075,423,91.76
20261009,590078,10118,85.24
20261009,590086,286,80.56
20261009,590095,337379,52.26
20261009,590096,84738,18.57
20261009,590097,6347,62.88
20261009,590098,77052,63.06
20261009,590099,1955,38.25
20261009,590101,18386,73.86
20261009,590103,275719,71.62
20261009,590104,27358,70.17
20261009,590106,16278,62.51
20261009,590107,652,90.3
20261009,590108,68445,72.8
20261009,590109,87,72.5
20261009,590110,431,63.85
20261009,590113,3044,76.83
20261009,590115,170,80.19
20261009,590134,2268,93.64
20261009,590136,1415,67.38
20261009,590137,366,24.58
20261009,590138,25483,82.29
20261009,590139,4724,80.33
20261009,590140,1270192,53.2
20261009,590141,785119,69.39
20261009,590142,51335,54.24
20261009,590143,9868,98.93
20261009,590144,20458,78.75
20261009,590145,324149,65.39
20261009,590146,936,87.97
20261009,590147,384,98.97
20261009,590148,9987,81.29
20261009,590149,9562,75.19
20261009,590150,8359,89.06
20261009,590151,35833,81.88
20261009,590152,37588,78.17
20261009,590153,9382,80.74
20261009,590154,32622,75.42
20261009,590155,7002,83.58
20261009,590156,119208,84.37
20261009,590157,4076,64.24
20261009,590158,12964,41.14
20261009,590159,1731,90.53
20261009,590160,1033,98.66
20261009,590161,803174,66.09
20261009,710058,1612,93.5
20261009,751144,339537,100.0
20261009,800177,3326,54.16
20261009,800289,6,100.0
20261009,800297,48,92.31
20261009,800301,67,100.0
20261009,800303,15,100.0
20261009,800312,4,100.0
20261009,800313,8,100.0
20261009,800316,7878,100.0
20261009,800318,19,90.48
20261009,800320,44,100.0
20261009,800322,30,100.0
20261009,800324,115,96.64
20261009,800325,282,90.38
20261009,800327,41,100.0
20261009,800328,7,100.0
20261009,800329,14,100.0
20261009,800330,1,100.0
20261009,800331,15,100.0
20261009,800332,15,88.24
20261009,800334,22382,100.0
20261009,800339,71,97.26
20261009,800340,114,83.21
20261009,800341,14,100.0
20261009,800342,20,100.0
20261009,800367,119,99.17
20261009,800385,18,94.74
20261009,800386,16,80.0
20261009,800432,35000,100.0
20261009,800434,9,100.0
20261009,800436,10,100.0
20261009,800437,12,80.0
20261009,800438,4,100.0
20261009,800440,2000,100.0
20261009,800441,9000,80.49
20261009,800442,1,100.0
20261009,800443,82,88.17
20261009,800488,4,100.0
20261009,800489,1,100.0
20261009,800517,2,100.0
20261009,800573,67,77.01
20261009,800574,5,100.0
20261009,800575,35,87.5
20261009,800580,86,79.63
20261009,800584,5000,100.0
20261009,800588,5063,82.03
20261009,800596,58,96.67
20261009,800603,594,88.79
20261009,800605,119,85.61
20261009,800607,37126,99.68
20261009,800618,500,100.0
20261009,800807,1053,58.4
20261009,800809,1385,78.69
20261009,800815,6795,98.51
20261009,800816,391,99.74
20261009,805259,100,100.0
20261009,890217,311,96.88
20261009,890226,220,66.87
20261009,890234,676576,100.0
20261009,890238,7659,100.0
20261009,890240,1657,88.8
20261009,935514,50,100.0
20261009,935620,50,100.0
20261009,935642,35,100.0
20261009,935666,480,100.0
20261009,935690,10,100.0
20261009,936254,1,100.0
20261009,936386,5,100.0
20261009,936398,10,100.0
20261009,936400,84,100.0
20261009,936412,442,100.0
20261009,936532,3,100.0
20261009,936578,14,100.0
20261009,936656,210,100.0
20261009,936722,2,100.0
20261009,936724,163,100.0
20261009,936744,539,91.67
20261009,936810,124,86.11
20261009,936814,56,100.0
20261009,936975,74,100.0
20261009,937017,600,100.0
20261009,937037,17,100.0
20261009,937053,162,100.0
20261009,937091,197,100.0
20261009,937093,428,100.0
20261009,937273,1,100.0
20261009,937345,106,100.0
20261009,937369,10,100.0
20261009,937373,705,100.0
20261009,937381,540,82.07
20261009,937441,0,0.0
20261009,937469,6,100.0
20261009,937501,50,100.0
20261009,937537,212,100.0
20261009,937541,139,100.0
20261009,937551,200,100.0
20261009,937637,16,100.0
20261009,937703,41,100.0
20261009,937799,95,100.0
20261009,937805,705,98.6
20261009,937999,128,100.0
20261009,938001,10,50.0
20261009,938005,1,100.0
20261009,938007,24,100.0
20261009,938011,300,100.0
20261009,938091,1,100.0
20261009,938105,312,100.0
20261009,938107,20,50.0
20261009,938212,653,100.0
20261009,938216,10,100.0
20261009,938218,61,100.0
20261009,938220,1402,100.0
20261009,938224,205,100.0
20261009,938226,3032,99.51
20261009,938264,860,100.0
20261009,938268,800,100.0
20261009,938364,565,100.0
20261009,938366,90,100.0
20261009,938370,1177,96.95
20261009,938372,120,98.36
20261009,938544,30,100.0
20261009,938558,25,100.0
20261009,938604,1,100.0
20261009,938658,200,91.74
20261009,938662,50,50.0
20261009,938664,100,100.0
20261009,938742,25,100.0
20261009,938876,199,100.0
20261009,938906,110,100.0
20261009,938910,85,100.0
20261009,938998,47,100.0
20261009,939194,30,50.0
20261009,939200,50,50.0
20261009,939202,34,100.0
20261009,939212,50,100.0
20261009,939276,1,100.0
20261009,939297,20,100.0
20261009,939301,1,100.0
20261009,939305,199,100.0
20261009,939311,109,52.15
20261009,939337,1245,100.0
20261009,939395,1,100.0
20261009,939411,100,100.0
20261009,939441,50,100.0
20261009,939461,750,100.0
20261009,939473,65,100.0
20261009,939477,65,100.0
20261009,939541,1501,99.93
20261009,939563,50,100.0
20261009,939585,100,100.0
20261009,939617,200,100.0
20261009,939627,45,100.0
20261009,939631,20,100.0
20261009,939633,114,100.0
20261009,939649,55,100.0
20261009,939657,222,100.0
20261009,939701,1,100.0
20261009,939727,1000,100.0
20261009,939731,150,100.0
20261009,939739,98,100.0
20261009,939743,2,100.0
20261009,939801,30,100.0
20261009,939807,39,100.0
20261009,939817,100,62.11
20261009,939829,11,100.0
20261009,939851,345,100.0
20261009,939857,33,100.0
20261009,939861,15,100.0
20261009,939879,5,100.0
20261009,939899,100,100.0
20261009,939911,25,100.0
20261009,939935,1,100.0
20261009,939963,500,100.0
20261009,939969,50,100.0
20261009,940049,1,100.0
20261009,940051,1,100.0
20261009,940067,67,100.0
20261009,940099,40,100.0
20261009,940111,30,100.0
20261009,940119,50,100.0
20261009,940153,50,83.33
20261009,940157,1,100.0
20261009,940161,118,100.0
20261009,940211,1,100.0
20261009,940253,20,100.0
20261009,940269,50,100.0
20261009,940299,136,100.0
20261009,940319,167,100.0
20261009,940327,10,50.0
20261009,940347,1503,100.0
20261009,940357,1,100.0
20261009,940385,143,100.0
20261009,940393,105,100.0
20261009,940395,1,100.0
20261009,940401,2,100.0
20261009,940415,2,100.0
20261009,940421,1,100.0
20261009,940427,51,100.0
20261009,940439,139,100.0
20261009,940443,317,100.0
20261009,940461,150,75.0
20261009,940477,20,100.0
20261009,940479,781,91.24
20261009,940485,100,100.0
20261009,940505,200,100.0
20261009,940517,103,100.0
20261009,940539,1,100.0
20261009,940595,500,100.0
20261009,940607,10,100.0
20261009,940619,139,100.0
20261009,940629,20,100.0
20261009,940635,1,100.0
20261009,940637,56,91.8
20261009,940647,1000,100.0
20261009,940649,1,100.0
20261009,940661,111,100.0
20261009,940673,190,50.0
20261009,940675,20,100.0
20261009,940677,20,100.0
20261009,940681,10,100.0
20261009,940685,36,100.0
20261009,940689,1,100.0
20261009,940699,30,100.0
20261009,940705,117,100.0
20261009,940713,221,97.79
20261009,940715,656,100.0
20261009,940719,1429,100.0
20261009,940721,10,100.0
20261009,940731,9,100.0
20261009,940745,11,100.0
20261009,940753,10,100.0
20261009,940757,10,100.0
20261009,940763,7,100.0
20261009,940771,10,100.0
20261009,940777,10,100.0
20261009,940779,145,99.32
20261009,940789,588,100.0
20261009,940795,257,100.0
20261009,940799,6,100.0
20261009,940819,10,100.0
20261009,940823,10,100.0
20261009,940835,30,100.0
20261009,940837,70,100.0
20261009,940841,561,91.82
20261009,940843,449,100.0
20261009,940853,91,100.0
20261009,940855,50,68.49
20261009,940859,40,100.0
20261009,940864,38,100.0
20261009,940874,50,100.0
20261009,940886,30,100.0
20261009,940898,160,100.0
20261009,940906,10,71.43
20261009,940939,259,100.0
20261009,940951,40,100.0
20261009,940955,345,98.85
20261009,940957,49,100.0
20261009,940963,20,100.0
20261009,940965,50,100.0
20261009,940973,10,100.0
20261009,940975,51,100.0
20261009,940981,1,100.0
20261009,940999,50,100.0
20261009,941005,8,100.0
20261009,941007,300,100.0
20261009,941021,170,100.0
20261009,941035,261,99.62
20261009,941037,16,76.19
20261009,941045,120,100.0
20261009,941053,1,100.0
20261009,941063,200,100.0
20261009,941075,4,100.0
20261009,941087,9,100.0
20261009,941093,28,100.0
20261009,941105,30,100.0
20261009,941107,50,100.0
20261009,941113,151,100.0
20261009,941119,50,100.0
20261009,941121,10,100.0
20261009,941127,110,73.33
20261009,941129,11,100.0
20261009,941133,10,100.0
20261009,941135,20,100.0
20261009,941137,5,100.0
20261009,941141,511,100.0
20261009,941143,70,100.0
20261009,941157,96,100.0
20261009,941165,155,82.89
20261009,941173,468,69.13
20261009,941181,11,100.0
20261009,941185,868,96.55
20261009,941189,1022,100.0
20261009,941193,258,100.0
20261009,941195,35,100.0
20261009,941201,100,100.0
20261009,941203,100,100.0
20261009,941223,10,100.0
20261009,941227,20,100.0
20261009,941231,10,100.0
20261009,941233,190,100.0
20261009,941251,165,89.19
20261009,941253,337,96.56
20261009,941261,13,100.0
20261009,941267,90,100.0
20261009,941273,50,100.0
20261009,941275,100,100.0
20261009,941279,100,100.0
20261009,941291,437,100.0
20261009,950497,4,100.0
20261009,961718,7,87.5
20261009,961728,2136,81.03
20261009,961730,1452,98.57
20261009,961732,311,100.0
20261009,961734,2,100.0
20261009,961779,100,100.0
20261009,961785,3,100.0
20261009,961796,809,100.0
20261009,961798,20,100.0
20261009,961803,200,100.0
20261009,961816,40,100.0
20261009,961822,15,100.0
20261009,961826,590,90.77
20261009,961839,1,100.0
20261009,961863,40,100.0
20261009,961895,617,99.52
20261009,961897,155,100.0
20261009,972691,10,100.0
20261009,972715,10,100.0
20261009,972721,45,100.0
20261009,973991,1,100.0
20261009,974152,1,100.0
20261009,974634,3,75.0
20261009,974749,5,100.0
20261009,974998,1,100.0
20261009,974999,31,100.0
20261009,975010,3,100.0
20261009,975017,1,100.0
20261009,975057,2,100.0
20261009,975229,5,100.0
20261009,975235,3,100.0
20261009,975236,1,100.0
20261009,975273,1,50.0
20261009,975329,1,100.0
20261009,975375,7,100.0
20261009,975519,8,100.0
20261009,975632,2,100.0
20261009,975721,14,100.0
20261009,975733,2,100.0
20261009,976020,5,100.0
20261009,976048,6,100.0
20261009,976248,12,100.0
20261009,976289,3,100.0
20261009,976304,5,100.0
20261009,976325,97,86.61
20261009,976389,2,100.0
20261009,976437,40,100.0
20261009,976445,10,100.0
20261009,976520,1,100.0
20261009,976530,25,100.0
20261009,976549,1,100.0
20261009,976560,1,100.0
20261009,976675,1,100.0
20261009,976712,35,100.0
20261009,976778,1,100.0
20261009,976792,1,100.0
20261009,976795,5,100.0
20261009,976808,29,87.88
20261009,976855,2,100.0
20261009,976872,1,100.0
20261009,976896,3,100.0
20261009,976905,11,100.0
20261009,976930,2,100.0
20261009,976985,13,100.0
20261009,977001,3,100.0
20261009,977017,70,100.0
20261009,977044,1,100.0
20261009,977071,34,100.0
20261009,977073,2,100.0
20261009,977090,6,100.0
20261009,977093,2,100.0
20261009,977107,11,84.62
20261009,977117,3,100.0
20261009,977123,1,100.0
20261009,977128,11,100.0
20261009,977200,13,61.9
20261009,977205,10,100.0
20261009,977226,4,100.0
20261009,977241,18,100.0
20261009,977249,1,100.0
20261009,977250,1,100.0
20261009,977260,40,100.0
20261009,977281,1,100.0
20261009,977309,61,100.0
20261009,977335,0,0.0
20261009,977344,3,100.0
20261009,977367,48,100.0
20261009,977382,38,100.0
20261009,977383,12,100.0
20261009,977411,2,100.0
20261009,977419,2,100.0
20261009,977431,1,100.0
20261009,977440,8,100.0
20261009,977456,41,100.0
20261009,977468,1,100.0
20261009,977477,110,100.0
20261009,977486,2,50.0
20261009,977512,2,100.0
20261009,977516,8,100.0
20261009,977532,467,100.0
20261009,977535,10,100.0
20261009,977541,51,100.0
20261009,977544,2,100.0
20261009,977558,11,78.57
20261009,977564,178,99.44
20261009,977596,5,100.0
20261009,977621,1,100.0
20261009,977633,1,100.0
20261009,977643,14,100.0
20261009,977649,13,100.0
20261009,977657,9,100.0
20261009,977662,1,100.0
20261009,977678,7,100.0
20261009,977700,2,100.0
20261009,977712,2,100.0
20261009,977725,6,100.0
20261009,977730,63,100.0
20261009,977732,66,94.29
20261009,977736,9,100.0
20261009,977740,98,100.0
20261009,977753,209,96.76
20261009,977757,1,100.0
20261009,977773,51,100.0
20261009,977774,4,100.0
20261009,977784,1,100.0
20261009,977801,21,40.38
20261009,977806,5,71.43
20261009,977807,1,100.0
20261009,977854,1,100.0
20261009,977855,2,100.0
20261009,977859,1,100.0
20261009,977861,1,100.0
20261009,977868,241,93.05
20261009,977869,22,100.0
20261009,977903,6,100.0
20261009,977921,1,100.0
20261009,977933,2,100.0
20261009,977934,1,100.0
20261009,977935,81,100.0
20261009,977950,20,100.0
20261009,977965,2,100.0
20261009,977984,28,93.33
20261009,977986,3,75.0
20261009,978004,24,100.0
20261009,978007,11,91.67
20261009,978021,3,100.0
20261009,978024,4,80.0
20261009,978033,3,100.0
20261009,978034,1,100.0
20261009,978039,47,100.0
20261009,978046,10,100.0
20261009,978051,49,100.0
20261009,978055,10,100.0
20261009,978068,7,100.0
20261009,978070,1,100.0
20261009,978075,43,100.0
20261009,978086,60,95.24
20261009,978087,17,100.0
20261009,978091,1,100.0
20261009,978094,65,100.0
20261009,978115,15,100.0
20261009,978163,1,100.0
20261009,978166,6,100.0
20261009,978167,17,94.44
20261009,978169,67,100.0
20261009,978196,2,100.0
20261009,978197,19,100.0
20261009,978229,50,100.0
20261009,978235,60,100.0
20261009,978240,1,100.0
20261009,978245,1,100.0
20261009,978279,35,97.22
20261009,978283,27,100.0
