DATE,SYMBOL,DELIV_QTY,DELIV_PER
20260925,500002,1089,37.77
20260925,500003,14655,50.92
20260925,500008,211707,93.34
20260925,500009,4557,100.0
20260925,500012,20164,59.54
20260925,500013,10,100.0
20260925,500014,9220,70.38
20260925,500016,1643,92.62
20260925,500020,22218,68.49
20260925,500023,502,99.8
20260925,500027,665,72.6
20260925,500028,71745,65.93
20260925,500031,5376,77.1
20260925,500032,860007,54.99
20260925,500033,2150,45.9
20260925,500034,153488,52.34
20260925,500038,45781,21.78
20260925,500039,5526,61.72
20260925,500040,4977,48.05
20260925,500041,51,80.95
20260925,500042,560,70.71
20260925,500043,4196,60.77
20260925,500048,7872,64.63
20260925,500049,384525,52.72
20260925,500051,55494,100.0
20260925,500052,21269,46.16
20260925,500058,11515,67.7
20260925,500059,8057,100.0
20260925,500060,50526,55.72
20260925,500067,56908,87.85
20260925,500068,10,100.0
20260925,500069,63,92.65
20260925,500074,2629,61.04
20260925,500078,1648,83.53
20260925,500083,10662,81.95
20260925,500084,91189,60.42
20260925,500085,19068,60.61
20260925,500086,16056,33.19
20260925,500087,51630,57.92
20260925,500089,245,99.19
20260925,500092,785,68.74
20260925,500093,58712,63.94
20260925,500096,8743,45.39
20260925,500097,18744,48.23
20260925,500101,120800,87.77
20260925,500103,155866,41.07
20260925,500104,142705,66.94
20260925,500106,664813,29.26
20260925,500108,25037,72.92
20260925,500109,62746,26.02
20260925,500110,25880,34.95
20260925,500112,112510,48.14
20260925,500113,162104,40.65
20260925,500114,11160,55.14
20260925,500116,386203,35.12
20260925,500117,52942,49.37
20260925,500119,46358,46.03
20260925,500120,25,100.0
20260925,500123,53,76.81
20260925,500124,19439,67.86
20260925,500125,9731,42.86
20260925,500126,217,70.92
20260925,500128,26186,47.91
20260925,500133,73,75.26
20260925,500135,53295,69.03
20260925,500136,1600,95.12
20260925,500142,1444,100.0
20260925,500143,16954,100.0
20260925,500144,9328,38.49
20260925,500147,166,48.4
20260925,500148,1670,85.25
20260925,500150,366,67.65
20260925,500151,41,100.0
20260925,500153,18544,100.0
20260925,500159,30,100.0
20260925,500160,17251,75.33
20260925,500163,4349,57.48
20260925,500164,9948,51.66
20260925,500165,7003,74.51
20260925,500166,3769,80.17
20260925,500168,392,77.47
20260925,500170,5851,69.69
20260925,500171,3392,62.56
20260925,500173,5652,94.96
20260925,500178,238,100.0
20260925,500179,17035,74.64
20260925,500180,564304,66.94
20260925,500182,1850,46.23
20260925,500183,316862,100.0
20260925,500184,89219,63.56
20260925,500185,380649,56.41
20260925,500186,17827,55.47
20260925,500187,4281,52.59
20260925,500188,47321,48.35
20260925,500189,1179,92.18
20260925,500191,582,100.0
20260925,500192,9039,92.19
20260925,500193,27046,91.63
20260925,500199,1812,53.86
20260925,500201,65274,31.2
20260925,500202,121,100.0
20260925,500206,831,98.11
20260925,500207,32742,48.08
20260925,500209,535989,66.04
20260925,500210,440,53.33
20260925,500213,3743,76.92
20260925,500214,12026,75.95
20260925,500215,962,77.33
20260925,500219,24267,54.96
20260925,500220,10396,100.0
20260925,500227,1397,84.98
20260925,500228,13996,49.17
20260925,500233,2257,63.88
20260925,500234,101,100.0
20260925,500235,2667,59.21
20260925,500236,30,100.0
20260925,500238,632748,30.38
20260925,500239,7495,81.43
20260925,500240,37312,100.0
20260925,500241,2315,64.83
20260925,500243,419,72.87
20260925,500245,6321,56.33
20260925,500246,91,100.0
20260925,500247,2421913,94.14
20260925,500248,25,100.0
20260925,500249,5161,57.63
20260925,500250,2426,75.09
20260925,500251,16182,51.27
20260925,500252,148,41.93
20260925,500253,32567,57.12
20260925,500257,5378,61.34
20260925,500259,3761,100.0
20260925,500260,397339,97.8
20260925,500262,1083,100.0
20260925,500264,15901,76.11
20260925,500265,6264,45.61
20260925,500266,93,62.42
20260925,500267,736,100.0
20260925,500268,71124,56.69
20260925,500270,158,88.27
20260925,500271,32859,33.72
20260925,500277,1042,99.81
20260925,500279,20081,75.13
20260925,500280,1862,64.38
20260925,500282,8,100.0
20260925,500284,10506,75.76
20260925,500285,3667389,54.61
20260925,500288,397567,54.9
20260925,500290,102,53.12
20260925,500292,20788,86.12
20260925,500294,108585,55.29
20260925,500295,198343,63.99
20260925,500296,758,92.66
20260925,500298,299,65.14
20260925,500300,3596,58.86
20260925,500304,15704,77.47
20260925,500306,31593,48.15
20260925,500307,5,71.43
20260925,500312,92297,48.74
20260925,500313,14981,100.0
20260925,500314,15141,90.44
20260925,500317,2955,93.66
20260925,500319,8069,70.9
20260925,500322,59,100.0
20260925,500325,252128,47.78
20260925,500327,4596,97.87
20260925,500330,104613,38.72
20260925,500331,10556,47.61
20260925,500333,378,64.51
20260925,500335,729,57.31
20260925,500336,28313,62.4
20260925,500337,1059,99.91
20260925,500338,20628,73.79
20260925,500339,36521,28.07
20260925,500342,407,88.86
20260925,500343,152,100.0
20260925,500346,128,84.21
20260925,500350,3202,79.71
20260925,500354,6876,84.31
20260925,500355,9008,63.62
20260925,500356,2686,97.18
20260925,500357,528,100.0
20260925,500360,18695,100.0
20260925,500365,58984,54.31
20260925,500367,4067,20.29
20260925,500368,73971,39.17
20260925,500370,332,71.4
20260925,500371,13220,100.0
20260925,500378,23688,40.43
20260925,500380,2664,54.69
20260925,500387,200,72.99
20260925,500388,137,100.0
20260925,500390,49565,100.0
20260925,500399,1032,100.0
20260925,500400,123724,62.33
20260925,500402,10971,50.9
20260925,500403,1504,53.26
20260925,500404,41090,51.68
20260925,500405,10361,65.17
20260925,500407,172,77.83
20260925,500408,10023,52.99
20260925,500410,7529,79.6
20260925,500411,73863,94.87
20260925,500412,12704,74.08
20260925,500413,18936,62.18
20260925,500414,11027,40.53
20260925,500420,36087,84.76
20260925,500421,93425,100.0
20260925,500422,5844,100.0
20260925,500425,51276,55.3
20260925,500426,9747,100.0
20260925,500439,3,100.0
20260925,500440,37604,66.1
20260925,500444,5527,51.8
20260925,500449,143513,48.87
20260925,500456,22695,67.88
20260925,500458,505,98.63
20260925,500459,495,59.64
20260925,500460,31470,64.94
20260925,500463,22421,44.0
20260925,500464,545,100.0
20260925,500467,400,86.58
20260925,500469,49170,43.24
20260925,500470,328542,48.21
20260925,500472,669,56.65
20260925,500477,2196062,90.18
20260925,500480,8119,56.92
20260925,500483,6008,63.08
20260925,500488,417,58.16
20260925,500490,209,43.82
20260925,500493,44437,84.13
20260925,500495,3188,70.08
20260925,500500,612682,68.81
20260925,500510,257324,90.48
20260925,500520,32306,53.49
20260925,500530,1952,88.21
20260925,500540,1157,100.0
20260925,500547,34134,42.98
20260925,500550,2964,59.34
20260925,500570,956956,68.45
20260925,500575,14261,47.88
20260925,500620,56847,81.38
20260925,500645,4287,36.9
20260925,500650,370,88.52
20260925,500655,1808,52.36
20260925,500660,461,72.14
20260925,500670,65840,49.01
20260925,500672,1235,58.42
20260925,500674,1041,56.89
20260925,500680,1016,65.76
20260925,500690,34263,61.19
20260925,500696,14091,60.11
20260925,500710,3001,59.23
20260925,500730,21730,54.98
20260925,500770,27749,54.56
20260925,500777,126704,45.94
20260925,500780,3145,28.23
20260925,500790,17039,72.87
20260925,500800,568922,96.98
20260925,500820,12659,50.34
20260925,500825,28967,93.76
20260925,500830,4542,55.64
20260925,500840,6853,57.38
20260925,500850,33249,64.5
20260925,500870,1276183,79.76
20260925,500875,192036,49.87
20260925,500877,13302,47.87
20260925,500878,1528,60.66
20260925,500890,3,100.0
20260925,500940,12062,58.34
20260925,501148,21,100.0
20260925,501150,745638,98.04
20260925,501151,1,100.0
20260925,501242,1079,87.79
20260925,501261,1635949,100.0
20260925,501270,1,100.0
20260925,501295,8262,84.67
20260925,501298,5,100.0
20260925,501301,9905,38.41
20260925,501314,38945,75.57
20260925,501343,4100,7.29
20260925,501351,4,100.0
20260925,501370,432,87.8
20260925,501391,62,100.0
20260925,501421,55,73.33
20260925,501423,14213,85.39
20260925,501425,1611804,99.92
20260925,501455,504139,50.2
20260925,501700,75349,77.57
20260925,501831,7413,82.27
20260925,501833,5546,99.39
20260925,501848,3981,36.93
20260925,501945,44223,100.0
20260925,502015,3126,59.07
20260925,502090,569,79.25
20260925,502137,1378,95.17
20260925,502157,7156,95.5
20260925,502168,3611,80.76
20260925,502175,17862,70.49
20260925,502180,4855,96.42
20260925,502219,48006,78.56
20260925,502281,7881,100.0
20260925,502294,1,50.0
20260925,502330,23807,63.66
20260925,502355,2630,55.61
20260925,502420,6367,74.76
20260925,502445,159,100.0
20260925,502448,43043,100.0
20260925,502450,1840,86.1
20260925,502587,846,60.13
20260925,502820,2200,100.0
20260925,502865,7009,88.04
20260925,502873,2341,76.68
20260925,502893,112,94.92
20260925,502901,1069,100.0
20260925,502937,59226,100.0
20260925,502958,50,73.53
20260925,502986,13619,67.93
20260925,503031,10310,79.69
20260925,503100,4399,47.28
20260925,503101,455,67.31
20260925,503162,1,100.0
20260925,503169,713,65.29
20260925,503229,1,100.0
20260925,503310,7026,47.83
20260925,503349,15,100.0
20260925,503624,1382,99.93
20260925,503635,320,100.0
20260925,503639,68,100.0
20260925,503641,45761,97.99
20260925,503657,1551,81.76
20260925,503659,6,100.0
20260925,503663,942673,83.79
20260925,503675,46298,76.1
20260925,503722,484,99.59
20260925,503776,337,100.0
20260925,503804,1471,100.0
20260925,503806,2459,41.41
20260925,503811,311,88.6
20260925,503816,1888,93.6
20260925,503837,1100,100.0
20260925,503960,465,59.16
20260925,504000,559,94.75
20260925,504028,12704,100.0
20260925,504036,3422,82.62
20260925,504058,587,99.83
20260925,504067,48100,61.19
20260925,504076,31477,71.14
20260925,504080,24,92.31
20260925,504084,777,86.82
20260925,504092,941,82.62
20260925,504093,470,91.62
20260925,504112,5806,73.62
20260925,504132,776,84.07
20260925,504176,2978,69.08
20260925,504180,446,75.72
20260925,504212,1214,41.33
20260925,504220,74,79.57
20260925,504240,5377,100.0
20260925,504258,156,92.86
20260925,504273,13288,100.0
20260925,504286,1879,78.95
20260925,504340,4742,70.34
20260925,504341,3660,34.18
20260925,504351,1613747,100.0
20260925,504356,15,100.0
20260925,504369,4249,100.0
20260925,504378,51474,65.88
20260925,504380,96,98.97
20260925,504392,4334,100.0
20260925,504397,7,100.0
20260925,504605,194,82.2
20260925,504614,9249,49.61
20260925,504646,1510,100.0
20260925,504648,673,99.7
20260925,504731,6702,49.97
20260925,504741,1974,84.07
20260925,504746,4314,86.63
20260925,504786,628,100.0
20260925,504810,958,89.45
20260925,504840,44,97.78
20260925,504879,8334,98.36
20260925,504882,10779,98.35
20260925,504903,29429,100.0
20260925,504908,145,100.0
20260925,504918,21093,53.94
20260925,504959,33,100.0
20260925,504973,153691,97.1
20260925,504988,5,83.33
20260925,505010,312,55.22
20260925,505029,2302,99.01
20260925,505036,481,84.98
20260925,505075,24134,100.0
20260925,505160,12572,74.4
20260925,505163,278,71.28
20260925,505192,1588,55.66
20260925,505196,2232,100.0
20260925,505200,8948,65.57
20260925,505212,993,100.0
20260925,505216,43,87.76
20260925,505232,153,100.0
20260925,505242,5763,83.44
20260925,505250,701,100.0
20260925,505255,107547,92.7
20260925,505283,4395,61.94
20260925,505299,832,75.23
20260925,505302,47,100.0
20260925,505324,22362,77.36
20260925,505336,2181710,100.0
20260925,505343,783826,88.67
20260925,505355,526,61.88
20260925,505358,5249,65.38
20260925,505368,878,82.91
20260925,505400,7561,64.66
20260925,505412,253,71.47
20260925,505502,32040,100.0
20260925,505504,4455,100.0
20260925,505509,25585,31.52
20260925,505515,12400,71.17
20260925,505523,157443,68.35
20260925,505526,3886,83.02
20260925,505533,1761,27.25
20260925,505537,2358139,89.32
20260925,505590,962,100.0
20260925,505650,5147,39.59
20260925,505681,5,83.33
20260925,505688,3103,100.0
20260925,505690,38,88.37
20260925,505693,45568,66.61
20260925,505700,19417,47.68
20260925,505710,55366,50.51
20260925,505712,13186,100.0
20260925,505714,6834,37.84
20260925,505720,4244,61.97
20260925,505725,142688,31.24
20260925,505726,1840,80.74
20260925,505729,2242,90.95
20260925,505737,100,97.09
20260925,505744,7393,46.58
20260925,505750,1621,86.04
20260925,505790,1491,57.17
20260925,505797,10833,99.5
20260925,505800,27,77.14
20260925,505827,2199,78.99
20260925,505840,1637,100.0
20260925,505850,59,81.94
20260925,505854,140,99.29
20260925,505872,3952,48.85
20260925,505890,1570,68.53
20260925,505893,672,56.05
20260925,505978,530,59.09
20260925,506003,448,64.09
20260925,506022,10412,41.77
20260925,506074,68275,100.0
20260925,506076,493,59.9
20260925,506079,17,100.0
20260925,506105,66,79.52
20260925,506109,16366,33.35
20260925,506122,318663,100.0
20260925,506128,4303,94.05
20260925,506134,17148,100.0
20260925,506146,38339,86.87
20260925,506166,3763,58.74
20260925,506180,212,100.0
20260925,506184,9052,99.78
20260925,506186,15906,79.63
20260925,506194,411,78.44
20260925,506196,1,100.0
20260925,506197,7861,100.0
20260925,506222,624,76.56
20260925,506235,22087,44.95
20260925,506260,21583,89.46
20260925,506261,10518,100.0
20260925,506285,1006,72.53
20260925,506365,84,84.0
20260925,506390,78,96.3
20260925,506395,746,31.2
20260925,506401,9708,68.59
20260925,506405,3010,57.95
20260925,506414,3491,61.4
20260925,506480,4530,56.6
20260925,506520,9518,86.14
20260925,506525,6074,100.0
20260925,506528,470,100.0
20260925,506532,44,95.65
20260925,506579,3967,93.19
20260925,506590,27948,38.66
20260925,506597,3043,56.29
20260925,506605,45,86.54
20260925,506618,47,10.47
20260925,506640,5,100.0
20260925,506642,642449,100.0
20260925,506655,1214,53.15
20260925,506680,1727,100.0
20260925,506685,4969,69.2
20260925,506690,2763,62.85
20260925,506734,569,100.0
20260925,506767,817,50.71
20260925,506808,1134,92.65
20260925,506820,804,82.97
20260925,506852,95227,63.79
20260925,506854,5237,67.62
20260925,506858,209,62.57
20260925,506863,1143,79.16
20260925,506879,5661,47.52
20260925,506919,108,63.53
20260925,506935,68,100.0
20260925,506947,1108,100.0
20260925,506975,100,100.0
20260925,506979,1503,88.26
20260925,506981,317,78.47
20260925,507155,9775,79.14
20260925,507180,147649,100.0
20260925,507205,25358,38.87
20260925,507265,466,100.0
20260925,507300,121,97.58
20260925,507315,16770,57.66
20260925,507410,10784,66.68
20260925,507438,66,98.51
20260925,507474,220,64.71
20260925,507486,212,100.0
20260925,507488,2458,64.97
20260925,507490,60728,71.03
20260925,507498,732,64.21
20260925,507514,365294,36.92
20260925,507515,500,100.0
20260925,507526,1534,60.97
20260925,507552,1836,83.45
20260925,507580,655,100.0
20260925,507598,2473,95.04
20260925,507609,1,100.0
20260925,507621,2194,89.73
20260925,507645,2,100.0
20260925,507685,206821,48.79
20260925,507690,651,91.43
20260925,507717,247,67.12
20260925,507747,1384,74.13
20260925,507753,606327,44.04
20260925,507759,10,100.0
20260925,507779,1884,60.11
20260925,507785,163,100.0
20260925,507789,29912,41.05
20260925,507794,5821,84.8
20260925,507813,613,63.39
20260925,507815,684,61.35
20260925,507817,2,50.0
20260925,507828,208824,66.14
20260925,507833,8751,89.43
20260925,507836,40,71.43
20260925,507852,12,100.0
20260925,507872,1697,100.0
20260925,507878,192039,67.88
20260925,507880,12805,54.63
20260925,507910,262,100.0
20260925,507912,3188,87.82
20260925,507938,4300,100.0
20260925,507944,846,59.58
20260925,507946,229,67.55
20260925,507948,623,68.99
20260925,507960,2422,93.69
20260925,507962,734,100.0
20260925,507966,469,90.37
20260925,507968,20,100.0
20260925,507970,24,100.0
20260925,507981,8605,87.37
20260925,507998,4221,75.4
20260925,508486,10,66.67
20260925,508494,753,99.08
20260925,508571,91,77.12
20260925,508664,3184,100.0
20260925,508670,1,100.0
20260925,508807,189,94.03
20260925,508814,786,67.99
20260925,508867,4211,100.0
20260925,508869,4562,59.88
20260925,508875,36,100.0
20260925,508905,3877,100.0
20260925,508906,626,100.0
20260925,508918,305,100.0
20260925,508933,840,61.58
20260925,508941,456,98.7
20260925,508954,2343,91.49
20260925,508956,872,100.0
20260925,508961,28,100.0
20260925,508963,1,100.0
20260925,508969,11530,67.1
20260925,508980,34565,100.0
20260925,508989,2864,82.99
20260925,509009,8,100.0
20260925,509015,8,100.0
20260925,509020,4039,90.34
20260925,509024,8776,74.59
20260925,509038,16,100.0
20260925,509040,710,100.0
20260925,509048,2768,100.0
20260925,509051,254862,51.17
20260925,509053,15155,59.7
20260925,509055,14132,63.0
20260925,509069,1921,81.23
20260925,509073,1024,100.0
20260925,509079,1813,65.59
20260925,509152,1911,99.95
20260925,509162,12301,100.0
20260925,509196,12,100.0
20260925,509220,1687,100.0
20260925,509243,186,60.59
20260925,509423,618,100.0
20260925,509438,22,73.33
20260925,509449,1521,99.87
20260925,509470,2,100.0
20260925,509472,217,79.2
20260925,509480,17935,64.41
20260925,509486,1408,100.0
20260925,509488,21606,33.5
20260925,509496,5100,51.33
20260925,509525,459,96.23
20260925,509546,2204,100.0
20260925,509557,599,69.57
20260925,509563,1843,90.7
20260925,509567,895,96.13
20260925,509597,7,70.0
20260925,509631,131672,48.17
20260925,509635,76,84.44
20260925,509675,147,62.03
20260925,509692,382,100.0
20260925,509709,6027,89.67
20260925,509715,1010,77.99
20260925,509732,2829,87.78
20260925,509762,1410,100.0
20260925,509820,1925,64.25
20260925,509835,468,99.79
20260925,509874,13763,100.0
20260925,509895,312,100.0
20260925,509930,2918,52.7
20260925,509960,443,100.0
20260925,509966,9906,72.93
20260925,510245,147253,69.5
20260925,511000,13518,83.12
20260925,511012,242316,100.0
20260925,511016,1359,100.0
20260925,511018,13764,11.81
20260925,511034,2795,61.04
20260925,511066,2279,64.71
20260925,511076,4133,52.93
20260925,511092,1420,100.0
20260925,511108,101,99.02
20260925,511110,1,100.0
20260925,511116,5053365,100.0
20260925,511122,224,100.0
20260925,511131,1,100.0
20260925,511144,1638,100.0
20260925,511147,5919,97.37
20260925,511153,656,100.0
20260925,511169,41,100.0
20260925,511176,18,100.0
20260925,511185,100,100.0
20260925,511187,21,100.0
20260925,511194,20,100.0
20260925,511196,10967,60.2
20260925,511208,31614,91.85
20260925,511218,23844,44.31
20260925,511243,710312,88.93
20260925,511260,62285,76.86
20260925,511333,470,91.8
20260925,511355,20163,100.0
20260925,511359,150,69.44
20260925,511391,167,93.82
20260925,511401,53,100.0
20260925,511411,1500,99.93
20260925,511413,100,100.0
20260925,511431,103418,80.94
20260925,511447,3783045,54.85
20260925,511463,11958,69.12
20260925,511473,4620,97.49
20260925,511493,5942,100.0
20260925,511501,409,56.81
20260925,511505,10794,100.0
20260925,511507,8,38.1
20260925,511509,1212,87.38
20260925,511523,93699,100.0
20260925,511525,96460,81.21
20260925,511533,200,61.54
20260925,511539,20,100.0
20260925,511543,408,100.0
20260925,511549,204,99.51
20260925,511551,3552,90.82
20260925,511557,364736,100.0
20260925,511559,54,98.18
20260925,511571,8293,97.35
20260925,511577,4370,59.23
20260925,511585,1400,100.0
20260925,511589,10358,89.98
20260925,511593,177,100.0
20260925,511601,190,88.37
20260925,511605,35621,77.57
20260925,511609,300,89.82
20260925,511626,294,100.0
20260925,511628,193347,49.79
20260925,511630,5112,100.0
20260925,511644,527992,84.45
20260925,511654,722,99.72
20260925,511658,113771,90.28
20260925,511664,211,33.55
20260925,511672,11994,100.0
20260925,511676,857,91.36
20260925,511692,11270,54.91
20260925,511696,9,75.0
20260925,511700,3796240,77.41
20260925,511702,630,92.65
20260925,511710,19842,100.0
20260925,511712,28,82.35
20260925,511714,78,92.86
20260925,511716,8220,100.0
20260925,511724,9250,63.57
20260925,511726,19454,100.0
20260925,511734,1051,100.0
20260925,511740,205,100.0
20260925,511742,3674,92.71
20260925,511754,4444,76.32
20260925,511756,291,100.0
20260925,511758,131,86.75
20260925,511764,802,100.0
20260925,511766,268,72.24
20260925,511768,8760,63.35
20260925,512008,3092,77.4
20260925,512014,161,66.8
20260925,512018,42099,79.72
20260925,512020,24,75.0
20260925,512025,44271,28.89
20260925,512036,6,100.0
20260925,512038,24641,46.03
20260925,512047,18073,80.12
20260925,512048,14731,76.23
20260925,512062,1082,100.0
20260925,512064,104,88.89
20260925,512065,748,100.0
20260925,512068,75663,42.22
20260925,512070,15575,55.83
20260925,512093,3241956,100.0
20260925,512097,464301,84.97
20260925,512099,10,100.0
20260925,512103,407,76.22
20260925,512115,6409,86.88
20260925,512131,8899,100.0
20260925,512149,908112,73.04
20260925,512161,537,94.54
20260925,512165,423,100.0
20260925,512169,2169669,100.0
20260925,512175,26132,83.15
20260925,512179,3282,71.78
20260925,512197,149,100.0
20260925,512217,2585,81.99
20260925,512229,4203,100.0
20260925,512237,8455,58.46
20260925,512247,11292,60.27
20260925,512257,22479,91.14
20260925,512267,103256,100.0
20260925,512277,1588,91.63
20260925,512296,8011,68.88
20260925,512301,9232,100.0
20260925,512329,5221,58.45
20260925,512345,391,100.0
20260925,512359,747432,100.0
20260925,512361,309517,65.54
20260925,512379,344280,100.0
20260925,512381,5,100.0
20260925,512393,55,100.0
20260925,512399,40670,69.19
20260925,512415,47542,74.34
20260925,512437,66,100.0
20260925,512441,3346644,60.9
20260925,512443,122995,84.69
20260925,512453,395,71.3
20260925,512455,10193,49.39
20260925,512463,202754,25.76
20260925,512489,1830,100.0
20260925,512493,5111,98.57
20260925,512499,1030972,100.0
20260925,512519,518,99.81
20260925,512527,292,100.0
20260925,512529,20837,35.19
20260925,512531,569,100.0
20260925,512553,1,100.0
20260925,512559,3695,74.29
20260925,512565,21,100.0
20260925,512573,16512,49.38
20260925,512587,6064,71.28
20260925,512589,84375,81.88
20260925,512591,1538551,51.26
20260925,512595,5698,64.14
20260925,512597,94,67.14
20260925,512599,19353,42.82
20260925,512600,3160,69.74
20260925,512604,1,100.0
20260925,512608,26341,81.44
20260925,512618,1302,100.0
20260925,512624,16001,65.21
20260925,512634,4374,60.93
20260925,513005,8793,68.13
20260925,513023,9983,45.41
20260925,513043,4307,85.97
20260925,513059,13309,100.0
20260925,513063,1308,82.01
20260925,513097,2804,30.0
20260925,513108,273,72.03
20260925,513117,1446,74.42
20260925,513119,150003,99.77
20260925,513121,251,100.0
20260925,513149,160,100.0
20260925,513173,1115,75.95
20260925,513228,38432,57.42
20260925,513250,294883,75.53
20260925,513252,41,67.21
20260925,513262,41863,39.73
20260925,513269,32192,29.82
20260925,513295,430,65.25
20260925,513303,2495,92.99
20260925,513307,10051,94.78
20260925,513337,1874515,72.77
20260925,513343,30,100.0
20260925,513349,11251,65.5
20260925,513353,8159,76.8
20260925,513361,276488,62.23
20260925,513369,224,100.0
20260925,513375,12115,44.78
20260925,513377,50701,45.66
20260925,513397,21,100.0
20260925,513418,90103,100.0
20260925,513436,45750,100.0
20260925,513456,1183,79.88
20260925,513460,960,100.0
20260925,513472,135869,66.66
20260925,513488,493,100.0
20260925,513496,1856,100.0
20260925,513498,12,92.31
20260925,513502,88651,49.22
20260925,513509,109,100.0
20260925,513511,83,76.15
20260925,513513,1418,100.0
20260925,513517,17342,51.5
20260925,513519,6304,37.92
20260925,513528,8824,100.0
20260925,513532,4,100.0
20260925,513536,7190,39.52
20260925,513540,300,100.0
20260925,513544,240,100.0
20260925,513548,125,39.56
20260925,513554,1133,100.0
20260925,513566,1646,100.0
20260925,513575,2114,76.48
20260925,513599,199902,41.89
20260925,513629,21835,98.01
20260925,513642,220,99.1
20260925,513683,12580,37.29
20260925,513687,5990,100.0
20260925,513693,10808,56.02
20260925,513699,137,93.2
20260925,513709,831,59.53
20260925,513713,2503,95.32
20260925,513721,193,96.5
20260925,513729,2950,98.93
20260925,514010,95717,100.0
20260925,514028,1166,82.23
20260925,514030,1530,92.22
20260925,514036,270,80.36
20260925,514043,43434,64.91
20260925,514045,75,97.4
20260925,514060,50820,100.0
20260925,514087,472,99.79
20260925,514113,345,99.71
20260925,514138,1,50.0
20260925,514142,9230,58.95
20260925,514162,223521,55.84
20260925,514165,14096,97.54
20260925,514167,1482,72.29
20260925,514171,102,48.34
20260925,514175,1926,99.95
20260925,514183,7303,100.0
20260925,514197,781,100.0
20260925,514211,339139,71.34
20260925,514223,700,100.0
20260925,514234,12022,64.73
20260925,514238,272,79.07
20260925,514240,323,59.38
20260925,514248,100,100.0
20260925,514260,1604,100.0
20260925,514266,922,99.68
20260925,514272,800,64.26
20260925,514274,7829,92.16
20260925,514280,1278,79.28
20260925,514286,7352,84.83
20260925,514300,2006,100.0
20260925,514302,875,99.43
20260925,514312,511,2.07
20260925,514316,413,100.0
20260925,514318,481,76.23
20260925,514322,5,100.0
20260925,514324,442,93.64
20260925,514326,6927,99.86
20260925,514330,1371,78.7
20260925,514332,4000,92.92
20260925,514336,5757,88.79
20260925,514354,55181,52.25
20260925,514360,558960,98.18
20260925,514378,1867,81.89
20260925,514386,2630267,62.0
20260925,514400,829,91.1
20260925,514402,15876,75.06
20260925,514414,116,100.0
20260925,514418,58,100.0
20260925,514428,5,100.0
20260925,514440,73095,66.95
20260925,514442,2769,100.0
20260925,514448,1925,54.19
20260925,514450,1483,100.0
20260925,514454,163,100.0
20260925,514470,2305,84.37
20260925,515008,16058,100.0
20260925,515030,2187,43.27
20260925,515037,230,100.0
20260925,515043,2227,75.85
20260925,515055,21482,42.54
20260925,515059,1,100.0
20260925,515085,43579,55.16
20260925,515093,715,68.68
20260925,515147,3159,100.0
20260925,516003,1579,78.83
20260925,516016,210,95.45
20260925,516022,97,100.0
20260925,516030,5640,76.53
20260925,516032,83554,81.91
20260925,516038,4942,84.44
20260925,516062,245,100.0
20260925,516064,1428,41.95
20260925,516072,2602,58.59
20260925,516078,4581,100.0
20260925,516082,746,62.58
20260925,516092,35,100.0
20260925,516098,1931,74.21
20260925,516106,3353,81.01
20260925,516108,10506,91.97
20260925,516110,401141,80.6
20260925,517015,954,55.72
20260925,517035,53993,30.14
20260925,517041,1624,63.02
20260925,517059,353,50.65
20260925,517063,3252,50.32
20260925,517096,2968,83.42
20260925,517119,18082,75.39
20260925,517146,21507,57.52
20260925,517168,2246,79.17
20260925,517170,6550,71.69
20260925,517172,100,100.0
20260925,517174,16,80.0
20260925,517201,8430,100.0
20260925,517206,116,64.44
20260925,517214,2307,100.0
20260925,517230,99,100.0
20260925,517236,1486,61.99
20260925,517246,58497,100.0
20260925,517258,2096,100.0
20260925,517264,2203,63.18
20260925,517271,134089,42.76
20260925,517273,2334,70.05
20260925,517286,211344,100.0
20260925,517288,5854,100.0
20260925,517300,7315,57.58
20260925,517320,7120,100.0
20260925,517334,233427,55.46
20260925,517336,1100,100.0
20260925,517344,2070,73.35
20260925,517354,18981,54.83
20260925,517356,892510,100.0
20260925,517360,2537,96.13
20260925,517370,115,52.75
20260925,517372,2456,70.59
20260925,517380,1032,63.12
20260925,517385,2976,60.56
20260925,517393,186236,100.0
20260925,517397,2123,81.19
20260925,517399,27004,99.24
20260925,517411,424,99.76
20260925,517415,2752,100.0
20260925,517417,9179,60.16
20260925,517421,215,82.69
20260925,517429,42,100.0
20260925,517431,45055,81.18
20260925,517447,375,55.8
20260925,517449,2314,94.8
20260925,517467,35165,42.58
20260925,517477,3035,96.38
20260925,517494,2309,81.47
20260925,517498,38703,71.15
20260925,517500,51500,73.25
20260925,517506,2855,82.87
20260925,517514,5419,93.22
20260925,517522,1134,61.2
20260925,517530,201,71.53
20260925,517536,1299,91.74
20260925,517544,1878,52.34
20260925,517546,14967,99.67
20260925,517554,8222378,100.0
20260925,517556,162651,83.38
20260925,517562,16421,65.32
20260925,517569,9198,52.88
20260925,518011,8,66.67
20260925,518053,580,89.92
20260925,518075,5292,100.0
20260925,518091,220,97.78
20260925,519003,129,91.49
20260925,519014,668,100.0
20260925,519031,2160,100.0
20260925,519091,104,74.82
20260925,519097,4523,100.0
20260925,519105,11005,61.53
20260925,519126,2239,75.82
20260925,519152,1,100.0
20260925,519156,260,55.44
20260925,519174,1140,85.07
20260925,519183,3188,88.07
20260925,519191,17583,100.0
20260925,519214,3621,99.83
20260925,519216,15466,64.12
20260925,519224,9,100.0
20260925,519230,2113,64.09
20260925,519234,11,100.0
20260925,519238,566,100.0
20260925,519242,64290,100.0
20260925,519260,31937,100.0
20260925,519262,111,100.0
20260925,519287,14562,100.0
20260925,519295,813,79.39
20260925,519299,15831,95.97
20260925,519307,87850,100.0
20260925,519331,3465,99.28
20260925,519367,23,100.0
20260925,519383,3403,90.94
20260925,519397,51687,94.77
20260925,519413,400,100.0
20260925,519421,1215,79.46
20260925,519457,344,100.0
20260925,519463,746,100.0
20260925,519471,510,100.0
20260925,519475,271,100.0
20260925,519477,22304,50.74
20260925,519479,11339,70.03
20260925,519483,332,50.46
20260925,519494,20,100.0
20260925,519500,406,89.62
20260925,519528,32,100.0
20260925,519532,306,75.37
20260925,519552,8882,61.44
20260925,519566,1064,94.92
20260925,519574,6147,96.8
20260925,519600,4314,57.45
20260925,519602,42774,57.92
20260925,519604,61,100.0
20260925,519606,37440,100.0
20260925,519612,1126,79.02
20260925,520008,38833,60.04
20260925,520021,1659,76.63
20260925,520043,3731,81.14
20260925,520051,52844,36.16
20260925,520056,41,26.97
20260925,520057,3541,80.22
20260925,520059,34965,75.15
20260925,520066,101112,65.92
20260925,520073,498,47.93
20260925,520075,1238,95.38
20260925,520086,2035,100.0
20260925,520111,931,62.95
20260925,520113,1922,61.74
20260925,520119,891,87.27
20260925,520121,158,86.34
20260925,520123,132,100.0
20260925,520127,14087,100.0
20260925,520141,1094,97.42
20260925,520151,2158,100.0
20260925,520155,346,96.92
20260925,521005,3203143,79.32
20260925,521016,21217,57.43
20260925,521018,784,99.62
20260925,521034,1921,93.84
20260925,521036,234,100.0
20260925,521048,25,100.0
20260925,521062,951,54.16
20260925,521064,107219,27.5
20260925,521068,500,100.0
20260925,521070,819959,52.08
20260925,521080,13,100.0
20260925,521097,1,100.0
20260925,521105,2519,98.71
20260925,521109,2076,97.83
20260925,521113,9983,73.88
20260925,521131,653,99.54
20260925,521133,200,100.0
20260925,521137,7222,100.0
20260925,521141,798,100.0
20260925,521149,228,100.0
20260925,521161,102,100.0
20260925,521167,1287,100.0
20260925,521178,1856,74.12
20260925,521180,2734,100.0
20260925,521194,1,50.0
20260925,521200,1585,91.35
20260925,521206,13528,92.91
20260925,521210,50,100.0
20260925,521216,52,100.0
20260925,521226,991,99.9
20260925,521228,44668,96.99
20260925,521234,94,98.95
20260925,521238,40704,66.29
20260925,521240,191,99.48
20260925,521244,674,98.68
20260925,521246,15432,89.97
20260925,521248,22638,42.54
20260925,522001,562,100.0
20260925,522004,617,93.2
20260925,522005,3321,78.94
20260925,522014,18488,75.36
20260925,522017,697,67.67
20260925,522027,53,100.0
20260925,522029,1417,88.18
20260925,522034,3261,67.4
20260925,522036,23,92.0
20260925,522064,229,71.34
20260925,522073,1309,100.0
20260925,522074,23513,80.5
20260925,522091,1166,95.57
20260925,522101,13048,71.87
20260925,522105,20000,100.0
20260925,522108,481,66.44
20260925,522113,97270,99.04
20260925,522122,237,80.89
20260925,522134,8656,75.27
20260925,522152,3836,100.0
20260925,522163,36885,100.0
20260925,522165,1493,100.0
20260925,522195,7989,52.26
20260925,522205,17556,55.99
20260925,522207,10,52.63
20260925,522209,3933,99.97
20260925,522215,7851,40.11
20260925,522217,147,98.66
20260925,522229,9517,46.04
20260925,522231,12272,65.16
20260925,522235,123,100.0
20260925,522237,202,100.0
20260925,522241,1376,60.56
20260925,522249,1861,57.83
20260925,522251,1922,62.93
20260925,522257,22563,100.0
20260925,522261,1787,58.11
20260925,522273,383,79.3
20260925,522275,6875,53.09
20260925,522281,8421,70.39
20260925,522285,31653,43.53
20260925,522287,3005,64.79
20260925,522289,1516,40.46
20260925,522292,414,100.0
20260925,522294,564,91.71
20260925,522295,1366,90.95
20260925,522650,4838,63.98
20260925,523007,1487,80.2
20260925,523019,17566,74.47
20260925,523021,23446,78.39
20260925,523023,2,100.0
20260925,523025,370,63.25
20260925,523054,1,100.0
20260925,523062,171,100.0
20260925,523100,1055,56.45
20260925,523105,31280150,100.0
20260925,523116,40,97.56
20260925,523120,1554,100.0
20260925,523127,3485,76.68
20260925,523144,3299,100.0
20260925,523160,2607,59.51
20260925,523186,289,95.07
20260925,523204,4795,100.0
20260925,523207,270,99.63
20260925,523222,12515,100.0
20260925,523229,3371,50.81
20260925,523232,543,100.0
20260925,523242,6500,100.0
20260925,523248,541,98.54
20260925,523260,4,100.0
20260925,523261,831,54.85
20260925,523269,3887,93.01
20260925,523277,703511,82.1
20260925,523283,27,96.43
20260925,523289,8639,84.6
20260925,523301,239,45.44
20260925,523309,8212,92.65
20260925,523319,3834,50.28
20260925,523323,253,78.82
20260925,523329,5,100.0
20260925,523367,786,66.27
20260925,523369,144441,68.18
20260925,523371,55340,43.84
20260925,523373,197200,56.85
20260925,523384,100,100.0
20260925,523385,949,60.91
20260925,523387,218465,58.71
20260925,523391,1,100.0
20260925,523395,36,64.29
20260925,523398,3914,62.8
20260925,523405,239389,84.49
20260925,523411,579,100.0
20260925,523419,21454,65.77
20260925,523425,15,100.0
20260925,523445,1232,55.37
20260925,523457,568,59.48
20260925,523465,311,85.44
20260925,523467,64149,100.0
20260925,523475,1045,74.59
20260925,523483,100,100.0
20260925,523489,109,100.0
20260925,523519,800,87.62
20260925,523537,3481,74.73
20260925,523539,17928,44.68
20260925,523550,5910,93.07
20260925,523558,67814,100.0
20260925,523566,101,44.3
20260925,523574,81957,100.0
20260925,523586,2308,74.52
20260925,523594,4072,97.42
20260925,523598,33739,56.0
20260925,523606,1897,58.86
20260925,523610,4831,54.53
20260925,523618,3240,66.46
20260925,523620,323,100.0
20260925,523630,11596,69.7
20260925,523638,69,50.0
20260925,523642,13616,60.06
20260925,523648,14194,84.47
20260925,523650,35678,65.75
20260925,523660,2927,88.46
20260925,523672,5356,98.71
20260925,523676,711,63.31
20260925,523694,5037,66.84
20260925,523696,6986,70.32
20260925,523704,3981,39.38
20260925,523708,424,53.6
20260925,523716,1112,75.08
20260925,523722,44851,100.0
20260925,523732,1216,71.91
20260925,523736,456,65.61
20260925,523752,43197,100.0
20260925,523754,903,99.89
20260925,523782,2933,79.57
20260925,523792,28253,100.0
20260925,523796,1418,100.0
20260925,523826,1663,70.5
20260925,523828,4767,100.0
20260925,523832,1970,100.0
20260925,523836,12,100.0
20260925,523838,879,88.97
20260925,523840,1158,93.84
20260925,523842,3638,100.0
20260925,523844,20675,95.99
20260925,523850,30,85.71
20260925,523862,577,99.31
20260925,523874,6253,100.0
20260925,523888,6490,34.93
20260925,524000,547384,93.18
20260925,524019,313,81.09
20260925,524037,507,91.02
20260925,524038,2001,54.36
20260925,524051,719,67.64
20260925,524075,323,92.29
20260925,524080,137,100.0
20260925,524091,3009,50.73
20260925,524109,15818,55.17
20260925,524129,302,87.03
20260925,524136,1569,100.0
20260925,524156,611,91.06
20260925,524164,60239,32.12
20260925,524174,69637,74.92
20260925,524200,2701,64.2
20260925,524202,8569,68.18
20260925,524204,235,89.69
20260925,524208,5684,46.27
20260925,524210,282,100.0
20260925,524212,5419,62.09
20260925,524218,39894,100.0
20260925,524226,13911,56.44
20260925,524230,20676,46.9
20260925,524238,106151,100.0
20260925,524280,19227,61.35
20260925,524288,8648,88.63
20260925,524314,368,96.84
20260925,524322,31983,77.53
20260925,524324,7961,100.0
20260925,524330,1031,92.8
20260925,524332,51993,74.92
20260925,524336,57490,100.0
20260925,524342,4222,75.04
20260925,524348,5129,64.15
20260925,524370,61141,60.55
20260925,524372,8030,71.72
20260925,524394,5771,56.36
20260925,524396,75,59.06
20260925,524400,1598,90.38
20260925,524404,58447,45.95
20260925,524408,1992,100.0
20260925,524412,895,74.65
20260925,524414,1648,86.01
20260925,524434,30145,85.94
20260925,524440,11249,78.76
20260925,524444,7173305,85.55
20260925,524458,2063,99.61
20260925,524470,265834,51.11
20260925,524480,50,96.15
20260925,524488,7917,76.21
20260925,524494,9142,57.93
20260925,524500,4059,100.0
20260925,524502,500,100.0
20260925,524506,1128,100.0
20260925,524516,21684,100.0
20260925,524518,1,100.0
20260925,524520,29036,69.15
20260925,524522,559,99.47
20260925,524534,1791,96.39
20260925,524542,1359,91.52
20260925,524548,231,96.25
20260925,524558,2257,52.37
20260925,524564,10715,100.0
20260925,524570,200,92.59
20260925,524572,1257,55.01
20260925,524576,15391,79.53
20260925,524580,5,100.0
20260925,524582,75,98.68
20260925,524592,14360,100.0
20260925,524594,424,57.3
20260925,524598,2321,100.0
20260925,524602,7008,91.96
20260925,524606,782,51.93
20260925,524614,15318,68.29
20260925,524622,13649,80.07
20260925,524624,1019,100.0
20260925,524628,10,100.0
20260925,524632,123771,61.61
20260925,524634,3363,63.33
20260925,524636,47862,100.0
20260925,524640,20934,100.0
20260925,524648,15464,100.0
20260925,524654,275,100.0
20260925,524661,5238612,43.76
20260925,524663,21667,73.96
20260925,524667,5296,53.78
20260925,524669,30,93.75
20260925,524675,1513,96.19
20260925,524687,11755,89.32
20260925,524703,1554,95.63
20260925,524709,10316,66.84
20260925,524711,1687,61.57
20260925,524715,10137,53.95
20260925,524717,7311,73.92
20260925,524723,2,100.0
20260925,524727,309,100.0
20260925,524731,112,94.92
20260925,524735,17383,40.49
20260925,524742,2632,32.98
20260925,524743,24826,65.51
20260925,524748,347,94.29
20260925,524752,2330,100.0
20260925,524768,3650,69.84
20260925,524774,442,56.96
20260925,524790,668,82.47
20260925,524804,99247,84.27
20260925,524808,1663,51.68
20260925,524816,8255,41.25
20260925,524818,3760,74.98
20260925,524820,4143,74.7
20260925,524824,3608,42.12
20260925,524828,125,100.0
20260925,526001,1480,82.22
20260925,526025,12880,69.43
20260925,526027,112310,48.74
20260925,526043,642,88.67
20260925,526071,2014,100.0
20260925,526073,1157,100.0
20260925,526075,4176,100.0
20260925,526081,187,100.0
20260925,526113,251,100.0
20260925,526117,2,66.67
20260925,526125,21,100.0
20260925,526133,363,99.73
20260925,526137,2764,69.97
20260925,526139,28590,82.99
20260925,526143,5090,91.06
20260925,526159,16103,71.38
20260925,526161,1,100.0
20260925,526169,2859,82.65
20260925,526173,24940,76.48
20260925,526179,4221,97.28
20260925,526187,1501,100.0
20260925,526193,3584,85.6
20260925,526211,1288,96.19
20260925,526217,10,100.0
20260925,526227,156274,43.97
20260925,526231,14943,100.0
20260925,526237,365,97.33
20260925,526241,1482,100.0
20260925,526247,4478,63.03
20260925,526251,6321,100.0
20260925,526263,3467,100.0
20260925,526269,1610,73.05
20260925,526299,33846,92.24
20260925,526315,132,100.0
20260925,526325,27,100.0
20260925,526331,50,100.0
20260925,526335,2137,99.12
20260925,526345,1830,90.73
20260925,526355,2049,61.59
20260925,526365,502,83.11
20260925,526367,23108,99.24
20260925,526371,416994,60.7
20260925,526373,101,92.66
20260925,526381,26580,86.53
20260925,526397,100,100.0
20260925,526407,6983,82.26
20260925,526409,10642,85.02
20260925,526415,131289,70.29
20260925,526423,1817,94.34
20260925,526433,7795,54.43
20260925,526435,1961,97.03
20260925,526439,244,100.0
20260925,526441,26968,81.77
20260925,526443,32669,66.42
20260925,526445,48390,100.0
20260925,526468,2562,100.0
20260925,526471,2381,77.94
20260925,526473,5467,100.0
20260925,526479,793,68.13
20260925,526488,4367,100.0
20260925,526490,16441,54.09
20260925,526492,3494,88.52
20260925,526494,72373,84.18
20260925,526500,52,100.0
20260925,526506,1328,100.0
20260925,526508,1428,79.07
20260925,526519,1241,100.0
20260925,526525,51,100.0
20260925,526530,119648,100.0
20260925,526532,67,100.0
20260925,526544,9425,57.2
20260925,526546,1649,100.0
20260925,526550,1409,99.86
20260925,526570,38094,77.12
20260925,526574,211,100.0
20260925,526582,2020,77.39
20260925,526588,2883,100.0
20260925,526596,2865,87.99
20260925,526604,2836,100.0
20260925,526608,850,70.89
20260925,526612,652,66.4
20260925,526614,653,100.0
20260925,526616,720,100.0
20260925,526622,452570,73.99
20260925,526628,100,100.0
20260925,526638,3121,85.53
20260925,526640,419,84.14
20260925,526642,14044,92.77
20260925,526650,4647086,61.78
20260925,526654,40,95.24
20260925,526666,769,85.07
20260925,526668,1204,57.8
20260925,526675,17425,93.66
20260925,526677,3233,99.39
20260925,526703,3,100.0
20260925,526705,8,42.11
20260925,526709,22737,66.23
20260925,526711,2585,59.48
20260925,526717,10942,100.0
20260925,526721,986,97.43
20260925,526723,205,95.35
20260925,526725,57,100.0
20260925,526727,2193,68.23
20260925,526729,15959,63.43
20260925,526731,3743,96.57
20260925,526739,717,73.99
20260925,526747,7406,88.46
20260925,526751,102,100.0
20260925,526755,6213,66.48
20260925,526761,290,96.67
20260925,526775,22377,80.54
20260925,526783,44,57.89
20260925,526795,1400,100.0
20260925,526797,4552,47.87
20260925,526807,1721,82.7
20260925,526813,1780,100.0
20260925,526817,139,80.81
20260925,526821,1001,100.0
20260925,526823,2148,100.0
20260925,526827,11660,100.0
20260925,526829,81825,56.25
20260925,526839,149,75.63
20260925,526841,85851,100.0
20260925,526847,2017,99.9
20260925,526849,4557,66.34
20260925,526851,125,100.0
20260925,526853,1636,100.0
20260925,526859,50680,100.0
20260925,526861,101240,86.37
20260925,526865,39,100.0
20260925,526869,3344,54.6
20260925,526871,4325,92.59
20260925,526873,26284,100.0
20260925,526881,9685,64.9
20260925,526885,10432,97.51
20260925,526887,2507,100.0
20260925,526899,12174,76.18
20260925,526901,969,97.29
20260925,526905,1251,86.22
20260925,526921,1415,58.59
20260925,526931,875,83.49
20260925,526935,18974070,84.09
20260925,526945,28,84.85
20260925,526947,2084,48.1
20260925,526951,736,54.52
20260925,526953,1799,72.66
20260925,526961,556099,89.81
20260925,526965,2614,84.19
20260925,526967,539,100.0
20260925,526971,1266,100.0
20260925,526981,315,99.06
20260925,526987,45586,77.99
20260925,527001,9429,56.95
20260925,527005,2674,61.18
20260925,530001,1424,57.58
20260925,530005,9089,62.64
20260925,530007,17400,53.59
20260925,530017,10326,91.35
20260925,530019,6016,65.45
20260925,530023,758,99.48
20260925,530025,17689,100.0
20260925,530027,16764,100.0
20260925,530037,1181,79.42
20260925,530043,20,86.96
20260925,530045,6346,23.43
20260925,530053,3994,66.5
20260925,530057,19434,100.0
20260925,530063,1273,100.0
20260925,530065,203,85.29
20260925,530067,2172,71.1
20260925,530073,12701,53.34
20260925,530075,187300,43.2
20260925,530077,2997,55.55
20260925,530079,707,71.41
20260925,530109,476259,57.25
20260925,530111,1440,83.38
20260925,530117,1823,55.18
20260925,530119,322,100.0
20260925,530125,1943,85.9
20260925,530127,571,100.0
20260925,530129,979,90.15
20260925,530133,493,73.04
20260925,530135,19995,54.53
20260925,530139,1920,100.0
20260925,530141,51,100.0
20260925,530145,15054,100.0
20260925,530163,17889,89.7
20260925,530167,809,100.0
20260925,530169,574,99.83
20260925,530171,4310,98.09
20260925,530175,711,31.23
20260925,530179,1510,100.0
20260925,530185,28538,71.63
20260925,530187,54457,100.0
20260925,530197,669,100.0
20260925,530199,11506,84.81
20260925,530201,12772,100.0
20260925,530213,587,92.88
20260925,530215,42701,85.61
20260925,530217,5251,94.66
20260925,530231,285,100.0
20260925,530233,4514,96.31
20260925,530235,136,100.0
20260925,530239,11592,58.4
20260925,530245,34,45.95
20260925,530249,101776,68.6
20260925,530251,31362,100.0
20260925,530253,24112,100.0
20260925,530255,50464,76.68
20260925,530259,1539,100.0
20260925,530263,47579,64.62
20260925,530265,479,89.53
20260925,530267,10567,77.6
20260925,530271,500,100.0
20260925,530281,5691,100.0
20260925,530289,301,100.0
20260925,530291,50,100.0
20260925,530299,175,42.17
20260925,530305,2941,39.19
20260925,530307,2963,81.51
20260925,530309,2774,100.0
20260925,530313,5688,98.0
20260925,530315,5692,81.89
20260925,530317,35344,63.22
20260925,530331,29,74.36
20260925,530343,15443,45.84
20260925,530355,4610,35.52
20260925,530357,31767,83.41
20260925,530361,2111,100.0
20260925,530363,168489,41.49
20260925,530365,1708,84.39
20260925,530367,6949,38.78
20260925,530369,1514,74.43
20260925,530377,10056,76.29
20260925,530393,11478,100.0
20260925,530401,486,98.58
20260925,530405,1120,85.56
20260925,530407,994,80.42
20260925,530419,645,86.58
20260925,530421,1706,99.36
20260925,530427,3244,57.68
20260925,530429,712,49.93
20260925,530433,1707,97.88
20260925,530439,5228,83.96
20260925,530443,500,100.0
20260925,530445,4380,75.78
20260925,530449,225,92.21
20260925,530457,7017,90.6
20260925,530459,322,100.0
20260925,530461,4038,69.21
20260925,530469,145,100.0
20260925,530475,2211,58.91
20260925,530477,20811,63.26
20260925,530495,1318,86.6
20260925,530499,132,96.35
20260925,530517,12371,50.7
20260925,530521,393,76.76
20260925,530525,25581,100.0
20260925,530533,117,97.5
20260925,530545,243,81.0
20260925,530549,18443,35.15
20260925,530555,35116,44.62
20260925,530557,763468,100.0
20260925,530577,203,100.0
20260925,530579,17497,100.0
20260925,530581,1010,100.0
20260925,530585,14276,100.0
20260925,530589,1847,91.57
20260925,530595,29784,100.0
20260925,530601,283,93.4
20260925,530615,66047,100.0
20260925,530617,76992,83.37
20260925,530621,252,100.0
20260925,530627,6052,88.58
20260925,530643,4860,74.1
20260925,530655,15839,52.41
20260925,530663,28093,100.0
20260925,530665,32870,77.7
20260925,530669,325,100.0
20260925,530675,1,50.0
20260925,530677,1127,98.26
20260925,530689,40253,77.95
20260925,530695,279,68.22
20260925,530697,1173,99.07
20260925,530699,800,100.0
20260925,530705,7667,90.99
20260925,530709,942,100.0
20260925,530711,16345,83.29
20260925,530723,3039,100.0
20260925,530735,70,78.65
20260925,530741,4740,100.0
20260925,530745,361749,100.0
20260925,530747,832,100.0
20260925,530755,292,100.0
20260925,530757,1,100.0
20260925,530759,2879,100.0
20260925,530779,1002,100.0
20260925,530787,211,100.0
20260925,530789,9,90.0
20260925,530795,104,100.0
20260925,530799,610,100.0
20260925,530803,57957,59.4
20260925,530805,31166,79.44
20260925,530809,2,100.0
20260925,530813,6199,40.47
20260925,530821,1262,99.84
20260925,530825,6027,100.0
20260925,530829,1456,98.11
20260925,530839,3338,100.0
20260925,530843,1375768,56.23
20260925,530845,1776,86.09
20260925,530853,1200,100.0
20260925,530871,733,96.32
20260925,530879,22077,90.31
20260925,530881,41763,86.68
20260925,530883,69147,100.0
20260925,530889,113,100.0
20260925,530897,230,93.12
20260925,530899,1,100.0
20260925,530907,21649,100.0
20260925,530919,99750,51.04
20260925,530925,704,53.99
20260925,530927,100,100.0
20260925,530931,35,100.0
20260925,530943,13826,67.82
20260925,530951,24556,89.66
20260925,530953,132,99.25
20260925,530959,3207,99.78
20260925,530961,195025,82.1
20260925,530965,212232,61.99
20260925,530977,401,100.0
20260925,530979,348,63.04
20260925,530991,17,50.0
20260925,530993,244,99.59
20260925,530997,1061,99.44
20260925,530999,4447,51.38
20260925,531003,250,99.6
20260925,531015,49252,82.06
20260925,531017,2932,90.08
20260925,531025,451525,84.23
20260925,531027,1,100.0
20260925,531033,882,100.0
20260925,531035,78800,100.0
20260925,531041,190,100.0
20260925,531043,102,100.0
20260925,531049,1291,100.0
20260925,531067,5272,77.88
20260925,531080,101,67.33
20260925,531082,6127,78.55
20260925,531083,5268,91.33
20260925,531091,526,90.85
20260925,531092,5124,90.23
20260925,531099,4317,100.0
20260925,531109,801,99.38
20260925,531111,100,100.0
20260925,531112,10697,25.74
20260925,531119,258,100.0
20260925,531120,59922,54.44
20260925,531126,67513,88.15
20260925,531127,84266,100.0
20260925,531129,888,89.88
20260925,531137,34116,52.31
20260925,531144,396814,74.96
20260925,531146,4401,100.0
20260925,531147,1565,67.87
20260925,531153,12011,54.58
20260925,531156,140,100.0
20260925,531157,161,100.0
20260925,531158,1948,76.3
20260925,531161,459,99.35
20260925,531162,66155,56.03
20260925,531163,1368,25.9
20260925,531169,467,74.72
20260925,531173,41509,81.36
20260925,531176,4438,91.68
20260925,531178,450,75.0
20260925,531179,474,64.31
20260925,531190,1,100.0
20260925,531191,1090,100.0
20260925,531199,1334,100.0
20260925,531201,1450,79.41
20260925,531205,3823651,51.41
20260925,531209,1662,71.76
20260925,531210,263,100.0
20260925,531212,1703,80.22
20260925,531213,165153,56.09
20260925,531215,51134,99.31
20260925,531216,126763,71.13
20260925,531223,17499,80.46
20260925,531225,1582,89.94
20260925,531228,8,100.0
20260925,531233,25189,82.69
20260925,531234,1014,80.73
20260925,531235,6,100.0
20260925,531237,1403,93.35
20260925,531241,685,94.09
20260925,531246,1487,29.54
20260925,531253,1556,61.8
20260925,531254,5792,81.22
20260925,531255,30,90.91
20260925,531257,39040,76.73
20260925,531259,22941,100.0
20260925,531266,654,60.33
20260925,531268,5309,82.3
20260925,531272,2016,100.0
20260925,531273,156173,69.35
20260925,531274,350,100.0
20260925,531278,815,91.06
20260925,531279,13390,100.0
20260925,531280,6680,100.0
20260925,531281,7551,100.0
20260925,531283,333,100.0
20260925,531287,1337,64.28
20260925,531288,1000,100.0
20260925,531289,7820,100.0
20260925,531297,1077,80.92
20260925,531301,30,100.0
20260925,531304,320,100.0
20260925,531306,799,98.04
20260925,531307,14750,95.01
20260925,531310,913,97.65
20260925,531319,3975,41.81
20260925,531322,26765,98.88
20260925,531324,491,69.94
20260925,531328,795412,100.0
20260925,531334,63,100.0
20260925,531335,2159,43.48
20260925,531340,4,100.0
20260925,531341,3351,100.0
20260925,531344,20101,51.34
20260925,531346,31,100.0
20260925,531349,4594,65.81
20260925,531352,2,100.0
20260925,531357,36872,58.78
20260925,531358,3417,41.73
20260925,531359,3965,92.51
20260925,531364,4525,83.23
20260925,531370,32729,87.21
20260925,531373,538,100.0
20260925,531380,673,100.0
20260925,531381,16,100.0
20260925,531387,350,100.0
20260925,531390,13748,89.32
20260925,531395,261704,100.0
20260925,531396,1,100.0
20260925,531398,2,66.67
20260925,531399,12362,70.32
20260925,531400,42189,66.0
20260925,531402,3135,55.86
20260925,531406,3146,100.0
20260925,531411,4655199,100.0
20260925,531412,300,100.0
20260925,531416,2397,90.52
20260925,531417,13566,47.36
20260925,531420,1605,100.0
20260925,531426,6173,61.98
20260925,531431,12020,50.99
20260925,531433,4280,90.49
20260925,531436,2320,100.0
20260925,531437,4752,87.45
20260925,531439,12824,100.0
20260925,531449,96481,29.29
20260925,531453,304,100.0
20260925,531454,1108,86.49
20260925,531456,7152,86.38
20260925,531458,3079,100.0
20260925,531460,10105,100.0
20260925,531463,32,100.0
20260925,531465,88615,100.0
20260925,531471,6815,100.0
20260925,531472,637,100.0
20260925,531486,98113,95.83
20260925,531489,2164,97.74
20260925,531494,83577,93.88
20260925,531495,398,92.13
20260925,531497,5612,99.61
20260925,531500,22516,100.0
20260925,531502,67391,78.99
20260925,531503,4578,82.18
20260925,531506,251,99.21
20260925,531508,5955,90.0
20260925,531509,33,100.0
20260925,531512,144867,62.07
20260925,531515,828,100.0
20260925,531518,230330,100.0
20260925,531525,56319,100.0
20260925,531529,2307,100.0
20260925,531530,7978,74.57
20260925,531531,2107,49.26
20260925,531533,1253,93.86
20260925,531537,720,100.0
20260925,531539,1411,99.58
20260925,531540,18061,96.03
20260925,531541,32924,100.0
20260925,531543,157064,43.09
20260925,531548,4504,64.47
20260925,531550,401,99.75
20260925,531552,345,97.18
20260925,531553,69108,100.0
20260925,531556,564,50.99
20260925,531557,2,100.0
20260925,531569,714,90.49
20260925,531572,1,100.0
20260925,531574,721,100.0
20260925,531578,3,100.0
20260925,531583,2945,94.54
20260925,531585,6,100.0
20260925,531591,4382,89.3
20260925,531592,253253,77.49
20260925,531594,197,100.0
20260925,531595,16184,55.09
20260925,531599,1402,30.07
20260925,531608,393,95.62
20260925,531609,5,100.0
20260925,531613,1086,100.0
20260925,531624,8497,100.0
20260925,531626,93741,63.31
20260925,531628,6385,100.0
20260925,531633,1787,66.55
20260925,531635,341,100.0
20260925,531637,1622,77.61
20260925,531638,1,100.0
20260925,531640,400,100.0
20260925,531642,5253,51.14
20260925,531644,1044,83.25
20260925,531651,181,97.84
20260925,531652,53102,87.8
20260925,531658,6726,80.15
20260925,531661,3548,100.0
20260925,531663,28108,81.19
20260925,531667,36460,100.0
20260925,531668,247,100.0
20260925,531671,16479,75.74
20260925,531673,24896,74.16
20260925,531676,1804,100.0
20260925,531680,2303,100.0
20260925,531681,16761,100.0
20260925,531688,742,63.75
20260925,531692,3657,100.0
20260925,531694,3174,73.69
20260925,531716,3005,100.0
20260925,531717,813,76.77
20260925,531719,90,40.36
20260925,531723,884006,100.0
20260925,531726,1617,82.8
20260925,531727,8870,100.0
20260925,531737,51374,95.45
20260925,531739,134755,68.86
20260925,531744,883,100.0
20260925,531746,20704,84.85
20260925,531752,1043446,65.45
20260925,531758,7058,89.71
20260925,531761,4099,60.97
20260925,531762,1421,100.0
20260925,531768,1835,47.05
20260925,531769,10839,94.34
20260925,531771,272,87.46
20260925,531778,1629,100.0
20260925,531779,1203,99.92
20260925,531780,9684,73.89
20260925,531784,202261,34.07
20260925,531795,3349,64.95
20260925,531797,106,97.25
20260925,531802,25311,72.56
20260925,531810,1115,96.79
20260925,531812,17757,76.33
20260925,531814,496,97.83
20260925,531821,1,100.0
20260925,531832,527,94.95
20260925,531834,982,100.0
20260925,531840,786,59.55
20260925,531841,4134,100.0
20260925,531845,19904,71.65
20260925,531846,81,100.0
20260925,531847,14,77.78
20260925,531859,5085,45.96
20260925,531861,2068,50.29
20260925,531862,29098,95.16
20260925,531867,4514,100.0
20260925,531869,29285,80.84
20260925,531870,2,100.0
20260925,531888,38179,60.18
20260925,531889,111376,69.34
20260925,531892,594,39.44
20260925,531893,403821,58.18
20260925,531900,1259,71.09
20260925,531902,60,100.0
20260925,531909,219700,100.0
20260925,531910,568,100.0
20260925,531911,11312,100.0
20260925,531913,13238,58.64
20260925,531918,11,100.0
20260925,531921,845,65.66
20260925,531923,12368,70.52
20260925,531925,13490,100.0
20260925,531929,15490,100.0
20260925,531930,2369,87.77
20260925,531931,102,98.08
20260925,531944,8054,55.94
20260925,531950,53766,79.11
20260925,531952,16718,100.0
20260925,531959,50940,62.42
20260925,531962,1540,57.92
20260925,531971,10,100.0
20260925,531977,281345,100.0
20260925,531978,174,96.67
20260925,531979,374,95.17
20260925,531982,3273,100.0
20260925,531991,19921,100.0
20260925,531994,1,100.0
20260925,531996,2523,99.8
20260925,531997,98982,100.0
20260925,532001,522,99.62
20260925,532005,2,100.0
20260925,532011,348,100.0
20260925,532015,16436,64.79
20260925,532016,18,100.0
20260925,532019,14407,96.5
20260925,532022,6410867,65.34
20260925,532029,19559,87.09
20260925,532039,8163,67.54
20260925,532041,24259,100.0
20260925,532042,352,99.72
20260925,532051,2196,60.41
20260925,532053,646,71.62
20260925,532054,1822,70.0
20260925,532056,203,100.0
20260925,532057,377,54.48
20260925,532067,1013,66.25
20260925,532070,5578,93.01
20260925,532090,29399,54.48
20260925,532092,314595,94.39
20260925,532100,10934,100.0
20260925,532102,1572,84.88
20260925,532113,1171,100.0
20260925,532123,32449,72.09
20260925,532124,28615,100.0
20260925,532131,28,100.0
20260925,532134,89175,32.77
20260925,532140,14138,96.58
20260925,532141,447,80.11
20260925,532143,20233,78.26
20260925,532144,73834,41.25
20260925,532145,218,87.2
20260925,532149,20552,50.45
20260925,532150,9153,62.4
20260925,532154,142728,50.78
20260925,532155,41783,44.87
20260925,532156,5699,50.14
20260925,532159,5884,82.76
20260925,532160,4689,70.08
20260925,532162,9692,52.65
20260925,532163,2894,38.29
20260925,532167,1174,100.0
20260925,532172,19234,76.74
20260925,532173,2463,100.0
20260925,532174,21888366,96.53
20260925,532175,15464,52.39
20260925,532178,575730,43.46
20260925,532180,11372,71.3
20260925,532181,29541,51.29
20260925,532183,69007,62.79
20260925,532187,25269,47.92
20260925,532189,3397,44.63
20260925,532209,21988,59.02
20260925,532210,530139,87.36
20260925,532212,4973,98.49
20260925,532215,209333,69.8
20260925,532216,50,100.0
20260925,532217,2113,100.0
20260925,532218,912861,51.03
20260925,532219,1284,67.97
20260925,532221,24675,58.36
20260925,532230,190,100.0
20260925,532234,17826,37.65
20260925,532240,2381,57.83
20260925,532256,48,84.21
20260925,532259,2801,48.74
20260925,532268,1297,92.51
20260925,532271,21066,100.0
20260925,532275,148730,75.21
20260925,532281,40891,57.76
20260925,532284,617,80.97
20260925,532285,24309,71.29
20260925,532286,21267,80.56
20260925,532290,2748,84.87
20260925,532296,39536,68.33
20260925,532300,32946,48.65
20260925,532303,359,100.0
20260925,532304,820,57.58
20260925,532305,11699,57.67
20260925,532309,5357,41.64
20260925,532310,3062,86.52
20260925,532313,3137,58.84
20260925,532315,2744,100.0
20260925,532320,625,93.42
20260925,532321,70255,58.08
20260925,532323,3881,63.22
20260925,532324,3250,99.88
20260925,532326,4456,94.67
20260925,532329,2203,100.0
20260925,532331,165,44.24
20260925,532332,2,100.0
20260925,532333,130,95.59
20260925,532334,104,99.05
20260925,532335,7207,11.94
20260925,532339,1113,99.46
20260925,532340,218,65.27
20260925,532341,3271,54.03
20260925,532343,4303,54.76
20260925,532344,158,57.25
20260925,532348,583283,47.97
20260925,532349,132590,41.86
20260925,532350,13375,100.0
20260925,532351,56403,100.0
20260925,532354,2477,100.0
20260925,532355,13389,91.99
20260925,532356,16959,30.46
20260925,532359,69303,99.94
20260925,532362,673,99.7
20260925,532365,769,65.45
20260925,532366,8192,64.37
20260925,532368,238374,58.75
20260925,532369,1922,59.14
20260925,532370,906,45.07
20260925,532371,127028,67.92
20260925,532372,6434,90.76
20260925,532373,5158,79.0
20260925,532374,77668,100.0
20260925,532375,6262,46.93
20260925,532376,551,96.67
20260925,532378,1083,87.83
20260925,532379,39531,100.0
20260925,532380,1174,89.48
20260925,532382,6268,85.75
20260925,532384,2063,51.01
20260925,532386,58685,100.0
20260925,532388,121540,70.04
20260925,532390,3035,69.83
20260925,532392,415,98.81
20260925,532395,2484,38.17
20260925,532397,1231,100.0
20260925,532398,2084,100.0
20260925,532400,25679,50.66
20260925,532402,941,79.28
20260925,532404,11329,79.6
20260925,532406,129891,54.97
20260925,532407,48766,53.88
20260925,532408,31917,100.0
20260925,532410,8599,74.14
20260925,532416,355,84.93
20260925,532419,203,100.0
20260925,532424,306849,97.0
20260925,532425,28568,100.0
20260925,532430,1571,60.7
20260925,532432,16437,74.29
20260925,532435,1145,100.0
20260925,532439,10716,55.38
20260925,532440,236,74.68
20260925,532443,228,79.44
20260925,532444,6697,100.0
20260925,532454,50222,65.41
20260925,532455,14127,71.59
20260925,532456,1166,100.0
20260925,532457,4414,57.88
20260925,532460,11000,80.09
20260925,532461,92841,54.53
20260925,532466,7992,26.45
20260925,532467,127464,63.4
20260925,532468,786,78.05
20260925,532470,10,100.0
20260925,532475,2772,67.68
20260925,532477,339631,73.38
20260925,532478,3477,51.45
20260925,532481,8837,79.84
20260925,532482,37452,61.75
20260925,532483,196574,57.27
20260925,532485,6978,82.14
20260925,532486,1071,34.71
20260925,532488,9668,61.24
20260925,532493,4182,42.32
20260925,532497,2623,43.58
20260925,532500,20664,75.7
20260925,532503,36,65.45
20260925,532504,4265,68.01
20260925,532505,130349,57.6
20260925,532507,526,95.29
20260925,532508,87378,77.58
20260925,532509,1131,39.42
20260925,532513,1424,74.36
20260925,532514,732229,92.42
20260925,532515,2303,95.01
20260925,532521,666,83.35
20260925,532522,12808,62.39
20260925,532523,682885,94.82
20260925,532524,57940,74.36
20260925,532525,762338,74.66
20260925,532527,5070,49.82
20260925,532528,3912,47.0
20260925,532529,3733,66.96
20260925,532531,3914,49.36
20260925,532538,1247,34.8
20260925,532539,8221,52.04
20260925,532540,49134,38.92
20260925,532541,26761,51.64
20260925,532543,8452,100.0
20260925,532548,2070,62.42
20260925,532553,4755,55.99
20260925,532555,67482,55.77
20260925,532604,69600,81.85
20260925,532605,6492,57.42
20260925,532610,278676,49.2
20260925,532612,5717,63.79
20260925,532613,35200,93.01
20260925,532614,5581,100.0
20260925,532616,9970,82.31
20260925,532624,21,100.0
20260925,532626,10075,35.93
20260925,532627,677224,47.44
20260925,532628,21451,100.0
20260925,532629,242,100.0
20260925,532630,4604,51.4
20260925,532633,273,85.58
20260925,532636,31325,57.16
20260925,532637,10225,97.26
20260925,532638,41238,42.09
20260925,532640,8187,100.0
20260925,532641,137911,69.79
20260925,532642,68,78.16
20260925,532644,40386,98.01
20260925,532645,7659,96.23
20260925,532648,1545887,64.2
20260925,532649,17064,69.74
20260925,532650,35292,69.39
20260925,532651,1079,78.02
20260925,532652,15629,52.03
20260925,532654,39076,72.48
20260925,532656,218634,66.2
20260925,532660,5642,100.0
20260925,532661,1355,48.39
20260925,532662,2430,92.47
20260925,532663,1191,58.64
20260925,532666,551315,63.48
20260925,532667,2753318,51.43
20260925,532668,6422,65.71
20260925,532670,977659,55.85
20260925,532673,69149,62.03
20260925,532674,5657,100.0
20260925,532676,2376,100.0
20260925,532683,795,67.03
20260925,532684,9070,63.68
20260925,532686,2575,64.17
20260925,532687,4398,61.36
20260925,532689,7729,43.58
20260925,532694,40874,92.78
20260925,532695,501,95.98
20260925,532698,1463,75.41
20260925,532699,1334,95.29
20260925,532700,5,100.0
20260925,532701,22830,100.0
20260925,532705,7338,71.17
20260925,532707,271,97.48
20260925,532708,1840032,100.0
20260925,532710,6186,79.06
20260925,532712,364972,100.0
20260925,532713,256448,82.99
20260925,532714,44828,62.29
20260925,532716,1,50.0
20260925,532717,2536,68.69
20260925,532719,12074,61.66
20260925,532720,627367,92.87
20260925,532721,4899,90.29
20260925,532722,34977,69.16
20260925,532723,145,100.0
20260925,532725,4389,33.93
20260925,532726,2148,49.31
20260925,532728,91,100.0
20260925,532729,34952,33.24
20260925,532730,10718,90.34
20260925,532732,1203,94.13
20260925,532733,13747,27.72
20260925,532734,50636,53.77
20260925,532735,6420,58.23
20260925,532737,794,83.05
20260925,532738,508299,100.0
20260925,532740,3160,79.08
20260925,532741,27959,77.1
20260925,532742,590,66.14
20260925,532744,1382,74.26
20260925,532748,57800,43.69
20260925,532749,533170,63.18
20260925,532754,152999,46.84
20260925,532755,12069,60.3
20260925,532756,6915,54.88
20260925,532757,117,47.76
20260925,532759,707,99.3
20260925,532761,30,100.0
20260925,532762,21018,66.13
20260925,532764,1,100.0
20260925,532767,154827,74.02
20260925,532768,1930,46.71
20260925,532771,6010,83.84
20260925,532772,22376,61.95
20260925,532773,23,100.0
20260925,532774,840,100.0
20260925,532775,1328167,44.9
20260925,532776,3818,65.59
20260925,532777,103706,75.4
20260925,532779,108556,93.96
20260925,532780,521463,100.0
20260925,532782,1662,100.0
20260925,532783,4807,43.98
20260925,532784,1761,39.64
20260925,532785,1305,76.86
20260925,532790,8703,49.66
20260925,532794,23183,54.21
20260925,532795,19209,100.0
20260925,532796,3360,59.27
20260925,532797,11364,58.68
20260925,532798,119206,59.73
20260925,532799,29681,90.59
20260925,532801,386,100.0
20260925,532804,680,69.96
20260925,532805,1083062,84.76
20260925,532806,962,100.0
20260925,532807,134,93.06
20260925,532808,8820,46.22
20260925,532809,47699,71.63
20260925,532810,372786,71.71
20260925,532811,1843,67.71
20260925,532812,3001,93.69
20260925,532814,6140,34.12
20260925,532815,30517,66.77
20260925,532817,11091,97.97
20260925,532820,2892,90.18
20260925,532822,15070802,70.04
20260925,532825,310,100.0
20260925,532826,3603,69.25
20260925,532827,178,58.75
20260925,532828,3918,100.0
20260925,532829,2219,21.9
20260925,532830,8355,67.4
20260925,532832,214437,89.07
20260925,532834,7416,46.95
20260925,532835,435,55.41
20260925,532839,344441,75.12
20260925,532841,471,81.63
20260925,532842,969,65.12
20260925,532843,43536,53.36
20260925,532845,12515,97.8
20260925,532847,24328,80.59
20260925,532848,391145,34.68
20260925,532850,94926,100.0
20260925,532851,77,82.8
20260925,532853,3808,100.0
20260925,532855,343,95.54
20260925,532856,16118,46.0
20260925,532859,625,86.81
20260925,532864,12232,62.01
20260925,532867,12150,70.78
20260925,532868,68401,55.47
20260925,532869,104,49.52
20260925,532870,8676,100.0
20260925,532872,71895,45.54
20260925,532873,20113,100.0
20260925,532875,65305,46.83
20260925,532878,30637,25.78
20260925,532880,14914,42.66
20260925,532884,17231,62.53
20260925,532885,235611,66.84
20260925,532887,21348,100.0
20260925,532888,15382,49.02
20260925,532889,2875,52.43
20260925,532890,19760,76.04
20260925,532891,3811,53.87
20260925,532892,10369,40.36
20260925,532893,21797,57.76
20260925,532894,9126,92.71
20260925,532895,4026,80.68
20260925,532896,1145,99.74
20260925,532898,167103,61.87
20260925,532899,363493,40.83
20260925,532900,266471,49.19
20260925,532902,41890,89.67
20260925,532904,162,100.0
20260925,532906,7459,73.43
20260925,532907,122,100.0
20260925,532911,140980,100.0
20260925,532915,61349,84.75
20260925,532918,5324,72.6
20260925,532921,16562,37.31
20260925,532922,89619,45.91
20260925,532923,15379,56.91
20260925,532924,1552,83.22
20260925,532925,8,100.0
20260925,532926,17133,55.39
20260925,532927,3679,55.58
20260925,532928,27596,47.91
20260925,532929,4588,55.28
20260925,532930,4578,100.0
20260925,532931,7738,100.0
20260925,532932,428,79.41
20260925,532933,62834,74.04
20260925,532934,1357,100.0
20260925,532935,882,100.0
20260925,532937,1371,58.14
20260925,532939,997904,53.56
20260925,532940,1505,56.39
20260925,532941,11570,100.0
20260925,532942,32962,50.86
20260925,532944,7410,100.0
20260925,532945,463947,55.88
20260925,532946,1477,99.86
20260925,532947,815346,66.06
20260925,532951,10997,92.58
20260925,532952,10,100.0
20260925,532953,18550,64.65
20260925,532955,44864,60.92
20260925,532957,946,98.44
20260925,532966,8407,32.22
20260925,532967,13207,46.12
20260925,532974,2812,92.41
20260925,532975,351,100.0
20260925,532976,7326,61.85
20260925,532977,971,47.5
20260925,532978,9367,43.17
20260925,532980,13663,78.86
20260925,532983,2828,48.15
20260925,532985,2581,99.31
20260925,532986,503,100.0
20260925,532989,21504,100.0
20260925,532993,150,85.71
20260925,532994,1397,99.79
20260925,532998,426,71.72
20260925,533001,408,56.75
20260925,533006,29417,100.0
20260925,533007,88361,100.0
20260925,533012,3117,95.06
20260925,533014,247,96.86
20260925,533019,2,100.0
20260925,533022,4747,65.57
20260925,533023,12597,84.09
20260925,533029,1344,100.0
20260925,533033,5399,62.11
20260925,533047,3034,57.08
20260925,533048,94168,100.0
20260925,533056,28112,72.4
20260925,533080,1063,54.01
20260925,533088,3343,70.28
20260925,533090,2037418,71.02
20260925,533095,8034,99.98
20260925,533096,727703,50.11
20260925,533098,150797,66.08
20260925,533100,8542,79.09
20260925,533104,907,50.73
20260925,533106,15978,63.61
20260925,533107,708,100.0
20260925,533108,1562,100.0
20260925,533110,1,100.0
20260925,533121,841,87.33
20260925,533122,843459,62.34
20260925,533137,24678,82.19
20260925,533138,2043,47.16
20260925,533146,1065,58.39
20260925,533148,21758,49.86
20260925,533149,270,100.0
20260925,533150,18594,72.66
20260925,533151,1132,68.61
20260925,533152,3078,99.71
20260925,533155,109715,85.34
20260925,533156,249824,57.6
20260925,533158,3576,63.19
20260925,533160,30662,64.58
20260925,533161,152,100.0
20260925,533162,54375,79.41
20260925,533164,5474,69.31
20260925,533166,18963,71.06
20260925,533167,376,44.98
20260925,533168,2314,70.63
20260925,533169,65908,42.3
20260925,533170,1602,100.0
20260925,533172,169,89.42
20260925,533177,5361,100.0
20260925,533179,9142,45.93
20260925,533181,458,79.51
20260925,533192,12941,100.0
20260925,533193,5324,54.6
20260925,533202,83138,83.5
20260925,533203,1994,81.06
20260925,533206,54753,54.25
20260925,533208,145,100.0
20260925,533210,1538,82.51
20260925,533217,6006,100.0
20260925,533218,18639,96.28
20260925,533221,4,100.0
20260925,533227,430,99.31
20260925,533229,9093,46.28
20260925,533230,37917,34.77
20260925,533239,6639,84.38
20260925,533244,66817,54.53
20260925,533248,26949,42.84
20260925,533252,1,100.0
20260925,533257,61364,97.48
20260925,533259,8145,99.52
20260925,533260,4717,99.43
20260925,533262,657,63.05
20260925,533263,224253,77.14
20260925,533267,1223,71.86
20260925,533268,50,100.0
20260925,533269,6168,42.42
20260925,533270,1193,95.52
20260925,533271,17613,81.75
20260925,533272,19723,49.59
20260925,533273,8122,38.79
20260925,533274,5659,45.78
20260925,533275,66781,64.92
20260925,533278,46535,48.34
20260925,533282,14669,61.66
20260925,533284,4734,98.56
20260925,533285,54813,64.71
20260925,533286,8975,59.68
20260925,533287,71940,78.05
20260925,533289,3362,99.97
20260925,533292,2693,60.68
20260925,533293,54397,87.51
20260925,533294,56,100.0
20260925,533295,25353,59.78
20260925,533296,9270,79.25
20260925,533298,4005,89.54
20260925,533301,36896,100.0
20260925,533302,27,81.82
20260925,533303,217,88.93
20260925,533306,52,91.23
20260925,533316,494,87.74
20260925,533326,62066,33.58
20260925,533329,124,100.0
20260925,533333,1405530,51.58
20260925,533336,10,100.0
20260925,533339,17494,63.8
20260925,533343,269,78.2
20260925,533344,41893,85.13
20260925,533385,20791,59.34
20260925,533398,7217,52.82
20260925,533407,3526,100.0
20260925,533408,2950,83.95
20260925,533427,15526,69.44
20260925,533451,10,100.0
20260925,533452,817,100.0
20260925,533470,33694,76.11
20260925,533477,28,100.0
20260925,533482,2638,89.33
20260925,533506,187522,95.28
20260925,533519,171517,32.37
20260925,533520,2004210,63.11
20260925,533540,1643,40.62
20260925,533543,1242,92.96
20260925,533552,1823,51.97
20260925,533553,24125,37.04
20260925,533570,9485,64.45
20260925,533573,104280,90.9
20260925,533576,4441,91.68
20260925,533581,17756,53.02
20260925,533602,100479,78.99
20260925,533608,4045,49.05
20260925,533629,1826,100.0
20260925,533632,23840,100.0
20260925,533638,1801,100.0
20260925,533644,2188,84.84
20260925,533655,6118,48.77
20260925,533676,121601,62.05
20260925,533704,5417,80.23
20260925,533719,1490,87.13
20260925,533758,2985,51.57
20260925,533761,3580,46.32
20260925,533896,906,90.06
20260925,533941,2796,80.86
20260925,533982,4274,76.88
20260925,534060,1816739,85.27
20260925,534064,62982,100.0
20260925,534076,6958,58.71
20260925,534091,61667,42.5
20260925,534139,26637,88.99
20260925,534190,84,100.0
20260925,534309,185262,49.21
20260925,534312,7481,100.0
20260925,534328,2,100.0
20260925,534338,1548,44.13
20260925,534369,23824,100.0
20260925,534392,4804,69.61
20260925,534422,4952,68.27
20260925,534425,667,100.0
20260925,534532,5608,100.0
20260925,534535,1139321,100.0
20260925,534597,69142,62.6
20260925,534598,1267,84.41
20260925,534600,34527,56.52
20260925,534612,2672,73.91
20260925,534615,418,100.0
20260925,534618,8222,58.3
20260925,534623,4188,86.33
20260925,534674,127444,97.72
20260925,534675,40742,58.96
20260925,534680,5226,88.32
20260925,534691,807,100.0
20260925,534732,1940,83.98
20260925,534733,89211,100.0
20260925,534741,40925,100.0
20260925,534742,3616,58.59
20260925,534748,274702,62.27
20260925,534755,39047,100.0
20260925,534796,317,92.69
20260925,534804,330,62.26
20260925,534809,6134211,44.91
20260925,534816,1030402,98.24
20260925,534920,4200,100.0
20260925,534976,4989,76.06
20260925,535136,5347,65.14
20260925,535204,20528,100.0
20260925,535205,10765,84.15
20260925,535267,25184,93.28
20260925,535276,4913,91.27
20260925,535322,2659,78.11
20260925,535387,111,100.0
20260925,535431,194765,64.44
20260925,535458,1867,94.87
20260925,535566,1,100.0
20260925,535601,3347,100.0
20260925,535602,1129,61.8
20260925,535620,1329,99.85
20260925,535621,113,88.98
20260925,535648,7548,77.64
20260925,535657,2687,52.7
20260925,535667,20,100.0
20260925,535693,12905,78.46
20260925,535719,41239,57.42
20260925,535730,220957,76.95
20260925,535754,9902,75.19
20260925,535755,116011,60.21
20260925,535789,200358,48.63
20260925,535910,11894,97.36
20260925,535916,2599,76.11
20260925,535958,71439,77.88
20260925,536073,65578,64.96
20260925,536264,3564,98.24
20260925,536493,433,66.21
20260925,536507,9529,100.0
20260925,536565,5593,82.32
20260925,536659,814133,65.82
20260925,536672,3781,82.97
20260925,536709,13376,100.0
20260925,536738,6000,100.0
20260925,536773,405,95.52
20260925,536846,138,99.28
20260925,536960,79246,78.51
20260925,536974,5504,98.85
20260925,537007,17249,70.95
20260925,537008,2911,49.59
20260925,537069,28487,100.0
20260925,537253,2932,100.0
20260925,537254,283,100.0
20260925,537259,278,78.09
20260925,537291,607,75.69
20260925,537292,316,81.23
20260925,537326,3852,73.78
20260925,537392,1208,100.0
20260925,537483,1273,58.07
20260925,537536,5848,89.02
20260925,537573,1600,100.0
20260925,537669,500,100.0
20260925,537707,384328,81.46
20260925,537708,3285,57.74
20260925,537709,14110,100.0
20260925,537750,2463,99.56
20260925,537766,42869,89.11
20260925,537784,6000,100.0
20260925,537785,11303,71.51
20260925,537800,853704,68.0
20260925,537820,460432,100.0
20260925,537839,8180,88.84
20260925,537985,578,86.92
20260925,538057,31946,79.29
20260925,538081,131,95.62
20260925,538092,1044,100.0
20260925,538119,36881,100.0
20260925,538212,42338,100.0
20260925,538268,604,88.43
20260925,538273,271,99.63
20260925,538351,17398,100.0
20260925,538365,2370,99.83
20260925,538382,42,100.0
20260925,538395,10,100.0
20260925,538401,19831,60.97
20260925,538422,164623,84.9
20260925,538446,2597,78.29
20260925,538451,655262,57.39
20260925,538464,1200,100.0
20260925,538476,4537,100.0
20260925,538520,6150,100.0
20260925,538521,3188,58.76
20260925,538539,5603,58.56
20260925,538540,76910,100.0
20260925,538542,1186,100.0
20260925,538546,19420,53.87
20260925,538556,585,37.21
20260925,538562,7775,41.07
20260925,538563,64,96.97
20260925,538564,340,96.59
20260925,538565,4510,59.74
20260925,538567,820,49.04
20260925,538568,6142,100.0
20260925,538569,3121,100.0
20260925,538596,4445,93.03
20260925,538597,1076,100.0
20260925,538598,12509,98.88
20260925,538607,496041,93.06
20260925,538609,272,99.27
20260925,538610,491764,100.0
20260925,538611,259,100.0
20260925,538634,328,98.5
20260925,538635,15040,92.08
20260925,538646,2430,99.75
20260925,538647,495000,99.98
20260925,538666,3093,75.94
20260925,538668,5495,32.37
20260925,538683,4546,75.5
20260925,538685,556,100.0
20260925,538706,138682,71.39
20260925,538707,5,100.0
20260925,538708,1197,77.88
20260925,538713,360,74.84
20260925,538714,4728,99.98
20260925,538715,650,100.0
20260925,538716,13,92.86
20260925,538730,1298,82.41
20260925,538732,562,96.56
20260925,538734,2312,74.06
20260925,538742,4580,100.0
20260925,538770,800,100.0
20260925,538772,55341,61.67
20260925,538778,11172,77.42
20260925,538786,2826,86.98
20260925,538787,59988,60.81
20260925,538788,535,99.07
20260925,538794,4000,100.0
20260925,538795,65,100.0
20260925,538812,15637,100.0
20260925,538817,33985,55.9
20260925,538833,1037,100.0
20260925,538834,34455,76.38
20260925,538835,6600,54.49
20260925,538836,3015,85.36
20260925,538837,27396,81.88
20260925,538838,567,97.09
20260925,538857,1100,84.16
20260925,538860,33371,100.0
20260925,538862,240,95.24
20260925,538868,161223,100.0
20260925,538874,4153,100.0
20260925,538881,27,100.0
20260925,538882,34028,84.24
20260925,538890,23333,76.81
20260925,538891,85049,69.68
20260925,538895,43312,100.0
20260925,538896,112,98.25
20260925,538897,490,100.0
20260925,538902,2022,100.0
20260925,538918,316,100.0
20260925,538920,30577,50.52
20260925,538922,3421,99.8
20260925,538923,91504,100.0
20260925,538926,75060,60.09
20260925,538928,39530,73.19
20260925,538935,10,76.92
20260925,538952,160,98.16
20260925,538961,16331,84.32
20260925,538962,1798,47.7
20260925,538964,8,100.0
20260925,538965,4438,74.86
20260925,538970,34939,63.16
20260925,538975,833770,100.0
20260925,538979,398,75.95
20260925,538987,877,89.49
20260925,538992,222,100.0
20260925,539006,337,56.83
20260925,539011,251,89.01
20260925,539013,661,84.1
20260925,539014,206,100.0
20260925,539016,1649,94.28
20260925,539017,33530,58.14
20260925,539018,351,100.0
20260925,539026,12000,100.0
20260925,539031,136,97.14
20260925,539032,97,97.98
20260925,539040,43145,82.28
20260925,539041,10000,100.0
20260925,539042,30901,56.32
20260925,539044,4922,100.0
20260925,539045,1783,91.95
20260925,539046,3457,59.98
20260925,539056,43190,74.03
20260925,539083,272187,38.81
20260925,539090,103,100.0
20260925,539091,384031,100.0
20260925,539097,57412,100.0
20260925,539099,7500,75.0
20260925,539110,2,100.0
20260925,539111,361,100.0
20260925,539113,331,99.1
20260925,539115,1743,100.0
20260925,539117,7729,18.49
20260925,539118,2928,61.99
20260925,539120,100,100.0
20260925,539121,98,69.5
20260925,539122,9841,95.15
20260925,539123,9062,86.14
20260925,539124,125,96.9
20260925,539126,41170,100.0
20260925,539132,42008,65.25
20260925,539141,1739,81.15
20260925,539143,81432,84.1
20260925,539148,2062,52.35
20260925,539149,277,50.92
20260925,539150,99213,77.22
20260925,539151,16388,41.66
20260925,539174,6,100.0
20260925,539176,88,100.0
20260925,539177,4464,44.41
20260925,539189,1215,50.06
20260925,539190,74909,99.46
20260925,539195,4910,29.04
20260925,539196,10048,70.5
20260925,539199,2727,47.07
20260925,539200,29975,100.0
20260925,539201,430,82.69
20260925,539206,1004,100.0
20260925,539216,149344,92.73
20260925,539217,1032197,55.95
20260925,539218,9,90.0
20260925,539219,14505,70.64
20260925,539220,1361,87.86
20260925,539221,4726,53.39
20260925,539222,13247735,84.56
20260925,539226,4713,86.56
20260925,539227,3851,73.53
20260925,539228,20529,100.0
20260925,539251,915,100.0
20260925,539252,10932,100.0
20260925,539254,22378,36.79
20260925,539255,151,53.93
20260925,539267,8338,69.89
20260925,539268,11557,55.46
20260925,539275,32,100.0
20260925,539276,145,100.0
20260925,539278,18374,100.0
20260925,539287,4,100.0
20260925,539289,997,76.69
20260925,539290,1270,99.37
20260925,539300,407,91.67
20260925,539301,6134,52.46
20260925,539302,496,46.79
20260925,539309,44436,100.0
20260925,539310,156645,100.0
20260925,539312,345,98.01
20260925,539313,386,77.98
20260925,539314,1000,76.39
20260925,539331,21923,66.55
20260925,539332,17085,80.81
20260925,539334,4017,54.42
20260925,539335,7122,100.0
20260925,539336,35991,65.01
20260925,539337,3675,61.76
20260925,539346,25934,87.6
20260925,539353,1582,87.16
20260925,539354,1501,99.67
20260925,539359,21386,100.0
20260925,539383,20,100.0
20260925,539391,849,100.0
20260925,539398,1692,73.18
20260925,539399,3119,89.14
20260925,539400,476,99.58
20260925,539402,1766,100.0
20260925,539404,10426,59.0
20260925,539405,4000,100.0
20260925,539407,5851,80.92
20260925,539408,29261,100.0
20260925,539428,733,98.79
20260925,539435,976,70.62
20260925,539436,22009,78.31
20260925,539437,1677520,61.35
20260925,539448,8770,53.77
20260925,539449,17854,90.81
20260925,539450,9126,66.06
20260925,539455,745,85.53
20260925,539468,1,100.0
20260925,539469,58598,56.26
20260925,539470,274409,77.6
20260925,539479,12109,72.87
20260925,539480,17,94.44
20260925,539487,2,100.0
20260925,539492,4997,91.17
20260925,539494,3858,67.62
20260925,539495,7,100.0
20260925,539506,306439,63.02
20260925,539515,1362,100.0
20260925,539516,611,92.86
20260925,539517,1238,81.93
20260925,539518,2868,42.77
20260925,539519,3256155,100.0
20260925,539522,1715,100.0
20260925,539523,433,51.43
20260925,539524,8492,31.92
20260925,539526,362280,71.71
20260925,539527,103,98.1
20260925,539528,23997,74.61
20260925,539533,920925,70.37
20260925,539542,1549,66.48
20260925,539545,946,97.03
20260925,539546,2015,36.25
20260925,539551,9405,70.36
20260925,539552,47507,85.61
20260925,539559,326382,100.0
20260925,539561,731416,100.0
20260925,539562,6167,100.0
20260925,539593,6494,100.0
20260925,539594,538357,86.41
20260925,539596,229,100.0
20260925,539598,9093,51.47
20260925,539599,12,100.0
20260925,539607,1789489,35.54
20260925,539620,1938,85.98
20260925,539621,23000,100.0
20260925,539636,8379,84.14
20260925,539658,636,56.68
20260925,539659,1111,84.49
20260925,539660,46933,57.84
20260925,539661,3288,94.13
20260925,539662,755,100.0
20260925,539669,100756,100.0
20260925,539673,28,100.0
20260925,539678,2932,55.55
20260925,539679,10044712,100.0
20260925,539682,5333,13.33
20260925,539686,29363,83.26
20260925,539692,36830,95.83
20260925,539697,28425,100.0
20260925,539724,13074,100.0
20260925,539725,9073,45.54
20260925,539730,2447,78.86
20260925,539742,1065,100.0
20260925,539760,206288,98.98
20260925,539761,235406,72.52
20260925,539762,30397,68.98
20260925,539767,26174,98.09
20260925,539770,1183,65.4
20260925,539773,46964,67.89
20260925,539784,7,100.0
20260925,539785,24144,84.42
20260925,539787,1077,62.65
20260925,539798,8313,74.63
20260925,539799,3559,62.29
20260925,539800,23571,100.0
20260925,539807,267280,50.71
20260925,539814,22971,84.37
20260925,539834,1626,83.38
20260925,539835,7209,74.25
20260925,539837,1865,44.18
20260925,539841,66386,82.95
20260925,539843,19,100.0
20260925,539854,325,99.09
20260925,539871,1431,52.73
20260925,539872,6486,70.52
20260925,539875,1996,100.0
20260925,539876,65657,59.08
20260925,539883,40,90.91
20260925,539884,23943,80.78
20260925,539889,270997,74.88
20260925,539894,21642,82.06
20260925,539895,61316,100.0
20260925,539900,535,89.61
20260925,539911,118,100.0
20260925,539921,10037,74.72
20260925,539922,165,100.0
20260925,539938,704,45.22
20260925,539939,26373,62.24
20260925,539945,15684,64.26
20260925,539946,163,100.0
20260925,539947,254,100.0
20260925,539956,4682,53.95
20260925,539957,1312,52.0
20260925,539963,101094,61.23
20260925,539978,15138,36.47
20260925,539980,21656,95.1
20260925,539986,30766,61.55
20260925,539991,765,100.0
20260925,539992,838132,35.24
20260925,539997,1084,39.11
20260925,540005,5791,71.43
20260925,540006,13698,97.22
20260925,540008,251,100.0
20260925,540023,1678,97.96
20260925,540025,3109,63.8
20260925,540026,43,100.0
20260925,540047,15647,79.52
20260925,540048,1984,83.71
20260925,540061,1058,93.96
20260925,540065,52336,55.6
20260925,540066,100,100.0
20260925,540073,26348,53.4
20260925,540078,10084,84.48
20260925,540079,91351,79.8
20260925,540080,3587,99.97
20260925,540082,2700,100.0
20260925,540083,3010,100.0
20260925,540097,9288,78.25
20260925,540115,1014,60.36
20260925,540124,18856,41.66
20260925,540125,11482,100.0
20260925,540132,229297,100.0
20260925,540133,66607,44.2
20260925,540135,2137033,66.67
20260925,540136,5800,60.38
20260925,540143,222,96.94
20260925,540145,1423,63.53
20260925,540146,22000,100.0
20260925,540147,1138,67.46
20260925,540150,2250,100.0
20260925,540153,2203,60.34
20260925,540154,17,100.0
20260925,540159,13007,100.0
20260925,540168,24972,57.17
20260925,540173,8086,53.66
20260925,540174,1035,77.76
20260925,540175,72897,100.0
20260925,540180,418110,69.99
20260925,540181,251,99.6
20260925,540189,5000,100.0
20260925,540190,892327,55.47
20260925,540192,692,83.17
20260925,540198,8211,69.86
20260925,540199,54,100.0
20260925,540203,3348,55.93
20260925,540204,12870,68.63
20260925,540205,2742,60.37
20260925,540210,7308,99.54
20260925,540212,977,53.62
20260925,540222,42973,52.07
20260925,540243,104415,100.0
20260925,540252,50251,73.74
20260925,540254,109013,100.0
20260925,540259,668075,80.68
20260925,540266,28025,75.99
20260925,540267,64,50.39
20260925,540268,5861,98.32
20260925,540269,10000,100.0
20260925,540293,5483,40.2
20260925,540310,33326,100.0
20260925,540311,1270,93.38
20260925,540332,5000,71.43
20260925,540358,2065,68.15
20260925,540360,344596,100.0
20260925,540361,328252,100.0
20260925,540366,875,99.09
20260925,540376,14436,78.07
20260925,540377,2182140,53.05
20260925,540386,6174,100.0
20260925,540393,755,96.42
20260925,540395,3361,98.39
20260925,540396,4042,23.86
20260925,540401,161345,91.36
20260925,540403,678,32.69
20260925,540404,7826,87.79
20260925,540405,5029,98.98
20260925,540425,1352,71.65
20260925,540455,120,38.96
20260925,540481,2317,96.18
20260925,540492,88444,63.73
20260925,540497,2611,90.19
20260925,540515,1,100.0
20260925,540519,14511,79.36
20260925,540526,25029,84.77
20260925,540530,81015,64.22
20260925,540544,778,57.54
20260925,540545,24590,100.0
20260925,540565,27271,90.0
20260925,540570,96426,84.05
20260925,540575,5586,70.79
20260925,540590,1,100.0
20260925,540595,58981,62.59
20260925,540596,937,68.1
20260925,540597,5068,79.44
20260925,540602,3989,51.67
20260925,540611,868634,97.33
20260925,540612,5840,68.82
20260925,540615,26760,100.0
20260925,540642,479582,71.73
20260925,540649,13514,61.19
20260925,540650,6447,60.39
20260925,540654,24104,80.88
20260925,540669,827,72.29
20260925,540673,3712,66.05
20260925,540678,11648,30.36
20260925,540679,11,42.31
20260925,540680,2520,52.94
20260925,540681,2500,100.0
20260925,540686,6984,83.07
20260925,540691,22632,40.03
20260925,540692,6907,68.45
20260925,540693,626057,64.19
20260925,540694,2666,100.0
20260925,540696,11617,100.0
20260925,540699,2654,25.89
20260925,540700,5921,69.77
20260925,540701,3439,82.95
20260925,540703,36435,100.0
20260925,540704,45,100.0
20260925,540709,92021,100.0
20260925,540710,6721,64.27
20260925,540716,7538,43.45
20260925,540717,47243,67.05
20260925,540718,49500,76.15
20260925,540719,53675,91.22
20260925,540724,89,49.17
20260925,540725,58139,67.7
20260925,540726,66312,82.13
20260925,540727,9866,47.93
20260925,540730,423398,87.03
20260925,540735,1771,81.46
20260925,540737,5283,68.88
20260925,540738,82638,77.42
20260925,540743,7411,52.73
20260925,540749,10578,61.35
20260925,540750,132915,57.5
20260925,540755,7160,58.97
20260925,540756,12000,66.67
20260925,540757,957,100.0
20260925,540762,1944,55.51
20260925,540767,57479,61.08
20260925,540768,257016,98.73
20260925,540769,89400,52.92
20260925,540774,358,70.33
20260925,540775,210,100.0
20260925,540776,927,82.92
20260925,540777,89757,36.74
20260925,540786,87866,100.0
20260925,540787,5762,62.43
20260925,540788,1705,65.18
20260925,540789,2936,74.57
20260925,540795,24643,66.67
20260925,540796,7,100.0
20260925,540797,4006,50.23
20260925,540809,154310,90.05
20260925,540811,30000,85.71
20260925,540821,26371,93.13
20260925,540824,1479,100.0
20260925,540829,1509,100.0
20260925,540850,5000,62.5
20260925,540874,12396,80.99
20260925,540879,70774,41.18
20260925,540900,13722,32.02
20260925,540901,15841,91.26
20260925,540902,1275,41.18
20260925,540904,4033,100.0
20260925,540914,33161,80.37
20260925,540923,20169,98.45
20260925,540935,1021,55.46
20260925,540936,1617,80.69
20260925,540937,223379,69.87
20260925,540938,5000,100.0
20260925,540952,2330,84.21
20260925,540953,36428,95.4
20260925,540954,1036,99.52
20260925,540955,859,100.0
20260925,540956,170030,66.98
20260925,540961,32,96.97
20260925,540975,16545,49.88
20260925,540980,3,100.0
20260925,541019,21437,44.92
20260925,541083,20750,92.22
20260925,541096,7708,71.4
20260925,541097,152,77.16
20260925,541143,24551,45.95
20260925,541144,592,68.84
20260925,541152,3758,83.59
20260925,541153,323182,52.03
20260925,541154,20752,59.23
20260925,541161,43877,100.0
20260925,541163,4800,65.89
20260925,541167,1346,58.7
20260925,541178,4000,100.0
20260925,541195,10187,38.62
20260925,541228,14983,100.0
20260925,541233,83237,49.01
20260925,541269,159,37.32
20260925,541276,27651,74.42
20260925,541299,8000,100.0
20260925,541301,9868,73.41
20260925,541302,1600,90.19
20260925,541303,128182,79.62
20260925,541304,2261,100.0
20260925,541313,882,59.47
20260925,541336,1308,69.91
20260925,541337,3000,100.0
20260925,541338,50252,81.17
20260925,541347,21972,100.0
20260925,541352,570,100.0
20260925,541353,3200,66.67
20260925,541358,4121,100.0
20260925,541400,5293,49.57
20260925,541402,1312,44.12
20260925,541403,1572,36.39
20260925,541418,8563,84.39
20260925,541444,589,83.9
20260925,541445,2400,100.0
20260925,541450,14837,42.59
20260925,541503,20,95.24
20260925,541540,7480,43.75
20260925,541546,28319,81.54
20260925,541556,37025,61.41
20260925,541557,420,80.61
20260925,541578,2636,65.41
20260925,541601,1509974,68.76
20260925,541634,4437,71.01
20260925,541701,51000,100.0
20260925,541702,740032,100.0
20260925,541729,11261,62.15
20260925,541735,71071,89.18
20260925,541741,7666,100.0
20260925,541770,3857,74.3
20260925,541771,294219,100.0
20260925,541778,401,100.0
20260925,541809,21476,66.79
20260925,541865,14667,92.71
20260925,541890,127167,100.0
20260925,541929,120,80.54
20260925,541946,129775,100.0
20260925,541956,142606,59.9
20260925,541967,5558,40.47
20260925,541972,98,96.08
20260925,541974,1873,57.44
20260925,541983,2000,100.0
20260925,541988,3812,58.34
20260925,542011,7784,52.07
20260925,542012,931499,100.0
20260925,542013,4968,76.06
20260925,542019,7256,65.55
20260925,542020,7729,100.0
20260925,542025,240000,100.0
20260925,542034,27385,66.16
20260925,542046,58104,96.95
20260925,542057,2781,71.05
20260925,542066,16826,47.34
20260925,542123,1502,85.78
20260925,542131,1309,65.16
20260925,542141,2055,47.22
20260925,542146,6250,100.0
20260925,542176,928,100.0
20260925,542206,49659,100.0
20260925,542216,1451,42.88
20260925,542230,468,91.76
20260925,542231,80432,50.19
20260925,542232,354,100.0
20260925,542233,2942,78.96
20260925,542248,3035,39.46
20260925,542285,106683,60.84
20260925,542323,43339,45.56
20260925,542332,1000,100.0
20260925,542333,24,72.73
20260925,542337,3764,83.18
20260925,542351,207,84.15
20260925,542367,26642,90.45
20260925,542376,1,100.0
20260925,542383,3108,92.17
20260925,542399,2149,56.51
20260925,542437,347,100.0
20260925,542446,186810,66.67
20260925,542459,1364,95.45
20260925,542460,225,53.57
20260925,542484,1687,46.51
20260925,542503,4000,100.0
20260925,542513,396,75.72
20260925,542524,2165,100.0
20260925,542543,475000,90.48
20260925,542579,850183,60.44
20260925,542580,4525,100.0
20260925,542597,8904,25.84
20260925,542602,3501,80.69
20260925,542627,5104,100.0
20260925,542628,1673,59.88
20260925,542649,179227,58.52
20260925,542650,3095,45.01
20260925,542651,40977,29.16
20260925,542652,7453,54.97
20260925,542654,1629,100.0
20260925,542655,148668,57.62
20260925,542665,5332,54.26
20260925,542666,3209,71.79
20260925,542668,1000,100.0
20260925,542669,52289,71.19
20260925,542670,11436,97.6
20260925,542677,488,100.0
20260925,542678,274,100.0
20260925,542679,110,97.35
20260925,542682,699,100.0
20260925,542684,2474,100.0
20260925,542685,71,93.42
20260925,542721,13172,100.0
20260925,542725,1167272,60.04
20260925,542726,2076,62.79
20260925,542727,39450,98.75
20260925,542729,53,100.0
20260925,542730,4954,71.51
20260925,542747,4429,89.71
20260925,542752,6763,51.14
20260925,542758,48984,72.08
20260925,542759,2669,61.53
20260925,542760,37277,58.16
20260925,542770,3740,75.63
20260925,542772,5561,26.45
20260925,542773,6478,69.21
20260925,542774,40281,74.88
20260925,542802,89858,87.2
20260925,542803,1050,68.76
20260925,542812,1610,64.55
20260925,542830,50745,61.54
20260925,542850,8000,100.0
20260925,542851,5119,100.0
20260925,542852,30015,92.79
20260925,542857,162228,92.08
20260925,542862,1986,95.43
20260925,542863,508,100.0
20260925,542865,4342,77.79
20260925,542867,3874,55.18
20260925,542904,167844,34.33
20260925,542905,2661,54.66
20260925,542907,3414,58.68
20260925,542909,1572,96.8
20260925,542910,21000,100.0
20260925,542918,331,100.0
20260925,542919,433146,34.6
20260925,542920,5093,54.34
20260925,542921,18335,76.86
20260925,542922,2098,95.76
20260925,542933,18,100.0
20260925,543064,6497,50.42
20260925,543065,2000,100.0
20260925,543066,45485,53.59
20260925,543071,88,88.89
20260925,543083,1,100.0
20260925,543092,101,99.02
20260925,543110,3,75.0
20260925,543144,2710,99.96
20260925,543150,3094,51.9
20260925,543153,3,50.0
20260925,543167,878,98.43
20260925,543171,20512,100.0
20260925,543172,500,100.0
20260925,543173,715,91.9
20260925,543174,3976,91.68
20260925,543175,1,100.0
20260925,543176,4,100.0
20260925,543177,16285,78.35
20260925,543181,79,98.75
20260925,543182,35,62.5
20260925,543184,1,50.0
20260925,543186,258,99.23
20260925,543187,4676,43.5
20260925,543193,2865,34.37
20260925,543207,40991,68.41
20260925,543208,11474,88.44
20260925,543209,15000,83.33
20260925,543210,210,100.0
20260925,543211,1075,41.86
20260925,543212,120645,86.61
20260925,543213,359,50.35
20260925,543214,1213,94.84
20260925,543216,319,93.0
20260925,543217,23959,93.07
20260925,543218,10778,76.59
20260925,543219,1661,68.95
20260925,543220,32334,45.52
20260925,543221,96822,91.37
20260925,543223,2010,92.33
20260925,543224,352,99.72
20260925,543226,7245,69.08
20260925,543227,35182,54.77
20260925,543228,3601,73.82
20260925,543229,113,88.98
20260925,543230,2478,58.03
20260925,543232,68218,74.2
20260925,543233,1174,100.0
20260925,543234,104,99.05
20260925,543235,121970,49.06
20260925,543236,30,100.0
20260925,543237,22986,50.47
20260925,543238,2446,57.11
20260925,543240,4521,75.91
20260925,543241,6205,85.33
20260925,543242,22409,75.09
20260925,543243,104877,41.55
20260925,543244,24000,100.0
20260925,543245,55806,90.92
20260925,543246,991,100.0
20260925,543248,53444,52.71
20260925,543249,10922,73.21
20260925,543250,2380,56.07
20260925,543251,5,100.0
20260925,543252,818,100.0
20260925,543253,55408,50.59
20260925,543254,3898,58.7
20260925,543255,177,69.68
20260925,543256,49488,99.2
20260925,543257,471258,61.44
20260925,543258,552,39.83
20260925,543259,80275,70.83
20260925,543260,782,42.32
20260925,543261,9004,87.01
20260925,543262,13000,100.0
20260925,543263,11586,55.49
20260925,543264,881,100.0
20260925,543265,14384,60.06
20260925,543266,35718,41.71
20260925,543267,1432858,60.67
20260925,543268,837,97.21
20260925,543270,7498,100.0
20260925,543271,19589,56.88
20260925,543272,745665,44.44
20260925,543273,4746,61.63
20260925,543275,2188,25.49
20260925,543276,394,34.38
20260925,543277,21203,53.35
20260925,543278,80375,41.23
20260925,543279,5702,60.11
20260925,543280,448400,94.68
20260925,543281,33222,88.04
20260925,543283,3438,100.0
20260925,543284,108495,52.57
20260925,543285,400,100.0
20260925,543287,4296,36.83
20260925,543288,9086,47.7
20260925,543290,296817,95.5
20260925,543291,31871,62.67
20260925,543292,1476,63.21
20260925,543298,25751,89.69
20260925,543299,7009,50.53
20260925,543300,80487,55.8
20260925,543306,170,72.65
20260925,543308,126457,92.76
20260925,543311,14748,69.96
20260925,543317,459,49.57
20260925,543318,11479,51.61
20260925,543320,346601,55.7
20260925,543321,2277,55.8
20260925,543322,790,38.86
20260925,543323,12741,72.15
20260925,543324,3826,22.13
20260925,543325,136658,49.26
20260925,543326,22926,58.61
20260925,543327,16588,89.01
20260925,543328,634,63.02
20260925,543329,785,48.85
20260925,543330,48676,54.94
20260925,543331,61670,74.35
20260925,543332,1159,67.66
20260925,543333,6141,41.29
20260925,543334,4404,55.84
20260925,543335,27924,51.99
20260925,543336,20649,40.31
20260925,543341,1656,99.94
20260925,543346,24000,96.0
20260925,543347,80,97.56
20260925,543348,1094,99.91
20260925,543349,6829,55.54
20260925,543350,5402,50.98
20260925,543351,12000,100.0
20260925,543357,35,100.0
20260925,543358,5752,42.45
20260925,543363,7800,68.42
20260925,543364,5496,22.39
20260925,543365,58464,61.48
20260925,543366,3600,100.0
20260925,543367,13049,49.57
20260925,543373,14924,100.0
20260925,543374,1611,47.37
20260925,543376,203,80.56
20260925,543377,50000,62.5
20260925,543378,29000,82.86
20260925,543383,591,85.28
20260925,543384,22069,31.29
20260925,543386,8420,63.28
20260925,543387,1541,61.99
20260925,543388,1352,100.0
20260925,543389,229999,76.55
20260925,543390,773305,33.66
20260925,543391,47250,92.65
20260925,543396,61987,39.97
20260925,543397,14084,62.44
20260925,543398,38842,75.27
20260925,543399,3490,62.47
20260925,543400,98000,84.48
20260925,543401,830,74.57
20260925,543410,9750,50.0
20260925,543411,35933,89.69
20260925,543412,22745,25.93
20260925,543413,12772,49.39
20260925,543414,43805,73.47
20260925,543415,18932,58.12
20260925,543416,842,76.06
20260925,543417,103883,95.42
20260925,543418,4,100.0
20260925,543419,7580,61.01
20260925,543420,4674,69.22
20260925,543425,4207,59.94
20260925,543426,456487,99.55
20260925,543427,3995,82.22
20260925,543428,3491,34.12
20260925,543433,3389,98.23
20260925,543434,6901,48.07
20260925,543437,91547,53.17
20260925,543438,2286,95.37
20260925,543440,215,78.18
20260925,543441,13908,53.81
20260925,543442,663,89.96
20260925,543443,80000,100.0
20260925,543449,15774,54.33
20260925,543450,12810,57.01
20260925,543451,90336,100.0
20260925,543452,378186,87.24
20260925,543453,20250,56.25
20260925,543454,1187,93.1
20260925,543458,82899,60.16
20260925,543460,500,100.0
20260925,543462,4197,87.88
20260925,543463,7028,57.59
20260925,543464,12000,85.71
20260925,543465,895,85.32
20260925,543470,108,87.1
20260925,543471,18393,46.18
20260925,543472,3541,98.01
20260925,543473,8373,80.89
20260925,543474,21613,94.78
20260925,543481,208949,86.06
20260925,543482,5970,58.56
20260925,543489,10669,67.28
20260925,543490,63914,58.41
20260925,543497,9200,95.83
20260925,543498,2441709,89.8
20260925,543499,84749,100.0
20260925,543500,16000,100.0
20260925,543512,12232,89.72
20260925,543513,1913,100.0
20260925,543514,5156,55.24
20260925,543515,8625,71.88
20260925,543516,151200,100.0
20260925,543517,4818,69.98
20260925,543518,15000,100.0
20260925,543520,599000,100.0
20260925,543522,3000,100.0
20260925,543523,5646,46.81
20260925,543524,477891,88.51
20260925,543525,16357,56.86
20260925,543526,274673,57.03
20260925,543527,101884,99.14
20260925,543528,3103,53.49
20260925,543529,62827,75.15
20260925,543530,84913,64.54
20260925,543531,35300,86.1
20260925,543532,535,43.43
20260925,543533,11147,40.43
20260925,543534,36612,39.17
20260925,543535,759,99.61
20260925,543538,18000,81.82
20260925,543539,1811,83.88
20260925,543540,2400,100.0
20260925,543542,3900,23.49
20260925,543543,1600,100.0
20260925,543544,31500,100.0
20260925,543545,100200,100.0
20260925,543546,28000,82.35
20260925,543547,5566,66.75
20260925,543563,1696,87.69
20260925,543568,15335,83.48
20260925,543569,4201,98.8
20260925,543570,1853,67.26
20260925,543571,674,81.2
20260925,543572,143204,90.34
20260925,543573,13721,29.31
20260925,543574,1511,99.93
20260925,543575,1678,79.08
20260925,543576,10033,93.27
20260925,543577,2,100.0
20260925,543578,10175,68.75
20260925,543590,62599,100.0
20260925,543591,2646,69.19
20260925,543592,76137,42.28
20260925,543593,10840,64.87
20260925,543594,6000,66.67
20260925,543596,3723,58.47
20260925,543597,2709,60.0
20260925,543599,4359,49.18
20260925,543600,6670,59.72
20260925,543606,14000,87.5
20260925,543607,573,93.47
20260925,543608,137,100.0
20260925,543614,1492,91.53
20260925,543615,8000,71.43
20260925,543616,117000,75.29
20260925,543618,1500,100.0
20260925,543619,2600,88.14
20260925,543620,21642,63.48
20260925,543622,4800,80.0
20260925,543623,1500,100.0
20260925,543626,145333,50.5
20260925,543627,36,87.8
20260925,543628,2865,73.9
20260925,543635,100272,46.43
20260925,543636,2018,49.75
20260925,543637,28800,92.31
20260925,543638,7634,87.35
20260925,543643,84852,75.82
20260925,543644,7854,68.44
20260925,543645,1,100.0
20260925,543650,13614,52.08
20260925,543651,8000,100.0
20260925,543652,12579,54.6
20260925,543653,6328,66.91
20260925,543654,13777,74.35
20260925,543657,5352,44.78
20260925,543663,217665,91.38
20260925,543664,38688,44.16
20260925,543665,4768,100.0
20260925,543666,15134,93.08
20260925,543667,16942,32.54
20260925,543668,1006,95.99
20260925,543669,2533,91.21
20260925,543670,7354,100.0
20260925,543671,5844,76.83
20260925,543677,2518,81.3
20260925,543678,5000,100.0
20260925,543686,3276,72.19
20260925,543687,14606,97.41
20260925,543688,281755,74.06
20260925,543689,2327,58.02
20260925,543699,174,100.0
20260925,543709,6375,60.71
20260925,543710,159,73.61
20260925,543711,14126,70.29
20260925,543712,265,100.0
20260925,543713,52000,68.42
20260925,543714,1323,65.76
20260925,543720,13351,51.67
20260925,543725,11303,71.06
20260925,543732,3044,71.69
20260925,543737,91,100.0
20260925,543738,12,100.0
20260925,543743,17038,54.65
20260925,543746,40200,67.0
20260925,543747,125928,90.38
20260925,543748,18137,37.99
20260925,543766,25,100.0
20260925,543767,29184,73.18
20260925,543768,131768,59.04
20260925,543769,12000,100.0
20260925,543774,5483,99.73
20260925,543775,46762,70.62
20260925,543776,132820,93.59
20260925,543781,6277,74.69
20260925,543782,5040,84.85
20260925,543787,2475,83.33
20260925,543799,1250,83.33
20260925,543804,6000,100.0
20260925,543805,4500,75.0
20260925,543806,8400,48.84
20260925,543811,9892,92.62
20260925,543812,2927,50.36
20260925,543813,2942,52.62
20260925,543814,3000,60.0
20260925,543819,1091,39.57
20260925,543828,44000,84.62
20260925,543829,1175,70.7
20260925,543830,4000,66.67
20260925,543853,136,98.55
20260925,543858,2,66.67
20260925,543860,6,100.0
20260925,543861,2182,87.67
20260925,543874,16000,80.0
20260925,543895,113250,83.27
20260925,543896,13253,40.89
20260925,543897,1500,100.0
20260925,543898,10307,97.67
20260925,543899,10968,90.23
20260925,543900,1943,30.36
20260925,543901,78,96.3
20260925,543902,4000,100.0
20260925,543903,35919,89.87
20260925,543904,2945,43.3
20260925,543905,4000,100.0
20260925,543910,244,100.0
20260925,543911,242788,55.01
20260925,543912,5185,93.21
20260925,543913,10430,67.43
20260925,543914,64135,100.0
20260925,543915,7641,96.09
20260925,543916,9600,100.0
20260925,543917,2884,77.57
20260925,543918,20402,55.95
20260925,543919,8598,89.56
20260925,543920,10886,58.74
20260925,543922,97,52.15
20260925,543923,25167,80.48
20260925,543924,2000,100.0
20260925,543926,51600,89.58
20260925,543927,294,100.0
20260925,543928,4200,76.36
20260925,543929,116035,62.95
20260925,543930,237,100.0
20260925,543931,17800,78.07
20260925,543932,8457,68.28
20260925,543933,8116,38.44
20260925,543934,71,100.0
20260925,543935,2884,95.06
20260925,543936,32725,54.9
20260925,543937,600,100.0
20260925,543939,6000,70.59
20260925,543940,612971,61.39
20260925,543941,800,100.0
20260925,543942,160990,60.0
20260925,543943,57000,61.96
20260925,543944,112,52.34
20260925,543945,16084,40.18
20260925,543946,9377,99.3
20260925,543947,758,100.0
20260925,543948,21,17.07
20260925,543949,7270,99.52
20260925,543950,13840,40.48
20260925,543952,4770,71.3
20260925,543953,4000,21.92
20260925,543954,9670,70.1
20260925,543955,9443,79.92
20260925,543956,588,73.32
20260925,543957,15567,47.87
20260925,543958,19103,68.54
20260925,543959,35247,58.77
20260925,543960,6822,62.06
20260925,543962,862,100.0
20260925,543963,6000,100.0
20260925,543965,19697,52.29
20260925,543969,4915,85.52
20260925,543971,82000,64.77
20260925,543972,21305,48.43
20260925,543973,118,99.16
20260925,543974,9332,78.49
20260925,543975,10,100.0
20260925,543976,12955,65.61
20260925,543977,11028,60.22
20260925,543978,67077,43.86
20260925,543979,6400,100.0
20260925,543980,4271,74.32
20260925,543981,8114,43.29
20260925,543982,17000,92.39
20260925,543983,2679,67.99
20260925,543984,21810,50.6
20260925,543985,11676,40.77
20260925,543986,8692,64.51
20260925,543988,5351,44.49
20260925,543989,25030,46.77
20260925,543990,8216,26.95
20260925,543991,11200,93.33
20260925,543992,36759,65.86
20260925,543993,256,86.49
20260925,543994,62413,36.82
20260925,543995,55194,63.61
20260925,543996,10375,69.0
20260925,543997,58500,55.08
20260925,543998,8665,100.0
20260925,543999,1491,84.96
20260925,544001,17750,100.0
20260925,544003,3603,75.77
20260925,544004,1279,79.74
20260925,544006,11277,80.73
20260925,544007,6528,60.35
20260925,544008,1639,38.72
20260925,544009,7488,63.31
20260925,544010,2522,100.0
20260925,544011,13200,78.57
20260925,544012,19687,52.71
20260925,544014,14219,55.74
20260925,544015,1000,66.67
20260925,544020,102740,100.0
20260925,544021,127597,45.73
20260925,544022,4250,57.63
20260925,544023,4500,100.0
20260925,544026,323449,51.16
20260925,544027,50110,63.61
20260925,544028,39774,55.88
20260925,544029,11957,58.46
20260925,544030,2598,26.87
20260925,544035,27200,89.47
20260925,544036,2400,100.0
20260925,544037,13000,51.38
20260925,544042,4366,72.55
20260925,544043,271,100.0
20260925,544044,895,47.28
20260925,544045,1118,68.63
20260925,544046,11518,51.81
20260925,544047,100500,71.28
20260925,544052,2000,100.0
20260925,544053,2103144,47.29
20260925,544054,8887,57.22
20260925,544055,7761,67.24
20260925,544057,848,66.56
20260925,544058,1722,68.55
20260925,544060,13675,100.0
20260925,544061,14450,46.89
20260925,544066,181,71.83
20260925,544067,2487,53.28
20260925,544073,3000,100.0
20260925,544074,2400,100.0
20260925,544079,2045,99.18
20260925,544080,1,100.0
20260925,544081,19847,40.85
20260925,544082,10000,71.43
20260925,544083,2500,71.43
20260925,544088,208374,97.18
20260925,544089,964739,73.9
20260925,544090,11,91.67
20260925,544091,19200,100.0
20260925,544092,45,100.0
20260925,544093,394,74.06
20260925,544094,4800,100.0
20260925,544095,11871,77.34
20260925,544100,11351,84.99
20260925,544101,4800,100.0
20260925,544104,5,100.0
20260925,544105,4500,100.0
20260925,544106,2400,100.0
20260925,544107,7855,55.37
20260925,544108,9000,75.0
20260925,544109,2856,96.58
20260925,544110,3468,88.7
20260925,544111,5838,55.66
20260925,544112,50,52.08
20260925,544117,798,61.48
20260925,544118,14894,22.65
20260925,544119,7375,44.06
20260925,544120,623,94.25
20260925,544122,1606,33.26
20260925,544123,80,64.52
20260925,544124,129,88.97
20260925,544129,2845,83.5
20260925,544130,24744,65.24
20260925,544131,7478,59.71
20260925,544132,258346,65.08
20260925,544133,31731,66.37
20260925,544134,1493,55.4
20260925,544135,39745,100.0
20260925,544136,1508,94.72
20260925,544137,2948,85.6
20260925,544138,7055,64.4
20260925,544139,2000,100.0
20260925,544140,3819,36.41
20260925,544141,15200,82.61
20260925,544142,19602,74.43
20260925,544143,10500,77.78
20260925,544144,1189,84.45
20260925,544149,1497,94.03
20260925,544150,26500,54.64
20260925,544151,3000,100.0
20260925,544157,2500,71.43
20260925,544158,635,78.11
20260925,544159,52209,97.61
20260925,544160,46400,100.0
20260925,544161,448,45.07
20260925,544162,2638,57.51
20260925,544163,2000,66.67
20260925,544165,61500,82.0
20260925,544166,2400,100.0
20260925,544167,3194,74.09
20260925,544168,3000,100.0
20260925,544169,8000,80.0
20260925,544170,10000,62.5
20260925,544171,5600,100.0
20260925,544172,37101,36.23
20260925,544173,3000,100.0
20260925,544174,1747,45.86
20260925,544175,1200,100.0
20260925,544176,60021,92.05
20260925,544177,1000,50.0
20260925,544178,1200,50.0
20260925,544179,1626984,98.46
20260925,544180,7083,65.32
20260925,544181,16081,43.42
20260925,544184,1782,87.14
20260925,544185,6320,67.74
20260925,544186,22361,91.42
20260925,544187,12497,100.0
20260925,544189,500,100.0
20260925,544191,38031,76.33
20260925,544192,19088,55.79
20260925,544193,84797,92.99
20260925,544194,36338,91.12
20260925,544195,6000,100.0
20260925,544196,124,76.54
20260925,544197,22787,59.25
20260925,544198,20155,65.13
20260925,544199,58400,78.49
20260925,544200,77029,87.85
20260925,544201,114000,100.0
20260925,544202,9948,51.07
20260925,544203,139480,40.9
20260925,544204,497,99.8
20260925,544205,807,100.0
20260925,544206,23985,50.13
20260925,544207,550,79.36
20260925,544209,4080,76.33
20260925,544210,2268,64.52
20260925,544212,13290,62.37
20260925,544213,15600,68.42
20260925,544215,1173,69.95
20260925,544216,87769,83.03
20260925,544217,4750,88.85
20260925,544218,16943,93.89
20260925,544219,3000,55.56
20260925,544221,6000,100.0
20260925,544222,4251,69.23
20260925,544223,3490,56.83
20260925,544224,40800,73.59
20260925,544225,5269123,46.03
20260925,544226,78360,32.4
20260925,544227,13242,53.74
20260925,544229,56370,72.26
20260925,544230,24682,54.57
20260925,544232,2295,48.77
20260925,544233,222,99.55
20260925,544234,1619,100.0
20260925,544235,3181,56.64
20260925,544236,4800,66.67
20260925,544238,20778,61.32
20260925,544239,5464,93.42
20260925,544240,6938,40.19
20260925,544241,15264,64.88
20260925,544242,33000,73.33
20260925,544243,22390,59.82
20260925,544244,3931,56.93
20260925,544245,3200,100.0
20260925,544246,257,98.09
20260925,544247,1520,64.32
20260925,544248,138000,80.7
20260925,544249,1496,52.92
20260925,544250,110,64.33
20260925,544252,255493,52.84
20260925,544253,39938,64.07
20260925,544254,2701,91.59
20260925,544256,36246,54.88
20260925,544258,3466,70.12
20260925,544260,18591,62.66
20260925,544261,8161,68.42
20260925,544262,2329,19.65
20260925,544263,5920,46.6
20260925,544264,1849,58.51
20260925,544266,307,87.46
20260925,544267,8800,100.0
20260925,544268,74060,53.2
20260925,544270,1200,50.0
20260925,544271,6455,43.35
20260925,544272,2800,87.5
20260925,544273,249554,97.85
20260925,544274,22364,36.8
20260925,544275,3032,90.29
20260925,544276,35085,77.13
20260925,544277,28143,47.77
20260925,544278,3561,100.0
20260925,544279,3848,70.18
20260925,544280,17126,45.39
20260925,544281,77568,100.0
20260925,544282,226658,51.97
20260925,544283,44700,42.98
20260925,544284,120,100.0
20260925,544285,198033,35.48
20260925,544286,45772,46.77
20260925,544288,25485,54.38
20260925,544289,50581,39.71
20260925,544290,24685,54.43
20260925,544291,16900,71.91
20260925,544292,4022,56.31
20260925,544293,2227,79.17
20260925,544294,3818,45.88
20260925,544296,16800,80.77
20260925,544301,2009,89.13
20260925,544302,1103,7.97
20260925,544303,1200,57.14
20260925,544305,18489,50.37
20260925,544306,121615,95.59
20260925,544307,225712,49.2
20260925,544308,5071,97.97
20260925,544309,5100,55.4
20260925,544310,31500,48.28
20260925,544311,11505,40.18
20260925,544312,8000,66.67
20260925,544314,10984,65.9
20260925,544315,880,46.1
20260925,544316,6682,59.3
20260925,544317,24842,28.77
20260925,544318,3320,69.72
20260925,544319,6569,43.5
20260925,544320,6458,66.87
20260925,544321,524,87.04
20260925,544322,4686,40.5
20260925,544323,826,63.39
20260925,544324,2000,50.0
20260925,544325,45824,50.72
20260925,544326,8156,71.69
20260925,544328,3819,66.11
20260925,544329,2000,50.0
20260925,544330,12000,100.0
20260925,544331,40000,83.33
20260925,544332,10400,83.87
20260925,544333,30016,66.87
20260925,544334,20250,100.0
20260925,544335,9000,100.0
20260925,544336,36248,37.16
20260925,544337,2000,100.0
20260925,544338,11584,61.13
20260925,544339,1944,52.77
20260925,544340,11200,87.5
20260925,544341,1600,50.0
20260925,544342,19012,100.0
20260925,544343,20800,91.23
20260925,544344,2715,55.05
20260925,544345,5900,59.77
20260925,544346,89,100.0
20260925,544347,2200,100.0
20260925,544348,4800,66.67
20260925,544349,8000,100.0
20260925,544350,908,26.64
20260925,544351,3200,100.0
20260925,544352,3610,100.0
20260925,544353,12000,83.33
20260925,544354,21300,89.87
20260925,544355,162,80.6
20260925,544356,20043,54.2
20260925,544361,1307,54.71
20260925,544362,3172,45.6
20260925,544363,15,83.33
20260925,544364,387,89.58
20260925,544365,12000,100.0
20260925,544367,8856,54.52
20260925,544369,3200,100.0
20260925,544370,5400,100.0
20260925,544371,2688,100.0
20260925,544372,129000,97.73
20260925,544375,731,69.95
20260925,544376,69,57.02
20260925,544377,3261,87.43
20260925,544379,3218,76.8
20260925,544381,3600,100.0
20260925,544382,255,72.03
20260925,544383,6000,100.0
20260925,544384,137542,58.05
20260925,544385,667,77.74
20260925,544386,215,100.0
20260925,544387,13000,57.78
20260925,544388,6000,75.0
20260925,544389,241,68.27
20260925,544390,30752,63.58
20260925,544392,4000,100.0
20260925,544393,3200,100.0
20260925,544394,5271,83.31
20260925,544395,830710,63.47
20260925,544396,784,64.32
20260925,544397,121169,46.82
20260925,544399,16800,93.33
20260925,544400,6000,75.0
20260925,544401,37,72.55
20260925,544402,11866,52.64
20260925,544403,23590,69.42
20260925,544404,2258,93.93
20260925,544405,174935,50.45
20260925,544406,100000,65.62
20260925,544407,43572,47.2
20260925,544408,3328,44.67
20260925,544409,1000,100.0
20260925,544410,22752,52.15
20260925,544411,130118,86.73
20260925,544412,6000,66.67
20260925,544413,14984,65.41
20260925,544414,41877,60.28
20260925,544415,10622,99.99
20260925,544416,418,99.52
20260925,544417,6000,62.5
20260925,544418,18022,76.8
20260925,544419,56981,78.74
20260925,544420,193713,33.56
20260925,544421,21687,42.91
20260925,544423,4786,65.58
20260925,544424,1062,75.91
20260925,544425,2400,100.0
20260925,544427,4125,83.15
20260925,544428,4800,66.67
20260925,544429,17087,66.18
20260925,544430,110684,49.36
20260925,544431,1000,100.0
20260925,544432,1774,83.48
20260925,544433,4800,100.0
20260925,544434,83200,100.0
20260925,544435,16800,87.5
20260925,544436,6000,83.33
20260925,544438,9545,75.37
20260925,544439,10864,62.87
20260925,544440,9000,100.0
20260925,544441,21600,90.0
20260925,544442,26400,86.27
20260925,544443,1936,57.83
20260925,544444,44400,100.0
20260925,544445,8000,100.0
20260925,544446,2757,72.88
20260925,544447,363,64.48
20260925,544448,23172,51.48
20260925,544449,67616,78.29
20260925,544450,573,100.0
20260925,544451,25200,72.41
20260925,544452,8000,100.0
20260925,544453,17400,82.86
20260925,544454,1394,89.65
20260925,544455,18310,45.63
20260925,544456,16489,100.0
20260925,544457,6501,74.37
20260925,544458,203500,51.0
20260925,544459,695619,37.36
20260925,544460,6400,100.0
20260925,544461,2,100.0
20260925,544462,3,60.0
20260925,544463,28800,100.0
20260925,544464,112000,48.7
20260925,544465,13566,72.81
20260925,544466,6867,56.81
20260925,544467,280108,70.76
20260925,544468,266400,97.8
20260925,544469,16721,100.0
20260925,544470,2587,63.94
20260925,544471,6000,100.0
20260925,544473,25990,91.68
20260925,544475,18000,75.0
20260925,544476,9024,58.87
20260925,544477,1699,87.08
20260925,544478,1,100.0
20260925,544479,6149,80.07
20260925,544480,68738,55.24
20260925,544481,3971,80.53
20260925,544482,3000,100.0
20260925,544483,2400,66.67
20260925,544484,52668,38.27
20260925,544485,7431,54.58
20260925,544486,43249,99.24
20260925,544487,1592,78.5
20260925,544488,36027,55.0
20260925,544490,9201,35.99
20260925,544491,2779,63.06
20260925,544492,2237,82.52
20260925,544493,94,100.0
20260925,544494,4800,100.0
20260925,544496,71370,42.08
20260925,544497,4443307,49.35
20260925,544498,3200,100.0
20260925,544499,77,91.67
20260925,544500,6000,75.0
20260925,544501,94000,100.0
20260925,544502,2672,100.0
20260925,544504,2000,100.0
20260925,544505,30000,78.95
20260925,544506,177000,100.0
20260925,544507,350137,95.1
20260925,544508,1200,100.0
20260925,544509,1600,100.0
20260925,544510,3200,66.67
20260925,544511,14400,94.74
20260925,544512,20170,75.58
20260925,544513,4802,94.94
20260925,544515,46122,31.67
20260925,544516,34500,69.7
20260925,544517,573,47.55
20260925,544518,16000,100.0
20260925,544519,2350,50.29
20260925,544520,15600,100.0
20260925,544521,828,81.66
20260925,544522,9,100.0
20260925,544523,3899,66.04
20260925,544524,40800,73.91
20260925,544525,7191,53.1
20260925,544526,7040,81.46
20260925,544527,2526,45.23
20260925,544528,2226,76.84
20260925,544529,20800,100.0
20260925,544530,2433,48.35
20260925,544531,13200,73.33
20260925,544532,5688,59.4
20260925,544533,10816,54.14
20260925,544534,3407,22.35
20260925,544535,800,100.0
20260925,544536,11,100.0
20260925,544537,12423,53.6
20260925,544538,54000,100.0
20260925,544540,10510,54.07
20260925,544541,36600,73.49
20260925,544543,2188,71.06
20260925,544544,10800,100.0
20260925,544545,8653,58.27
20260925,544546,22800,82.61
20260925,544547,497,100.0
20260925,544548,20800,65.0
20260925,544550,16850,42.76
20260925,544551,5000,71.43
20260925,544552,174000,100.0
20260925,544554,16000,100.0
20260925,544555,13200,100.0
20260925,544556,3200,100.0
20260925,544557,16100,56.83
20260925,544558,1118,68.63
20260925,544560,6000,75.0
20260925,544561,54000,75.0
20260925,544562,31083,60.37
20260925,544563,73000,100.0
20260925,544564,777,100.0
20260925,544566,3000,66.67
20260925,544567,1200,100.0
20260925,544568,51600,64.18
20260925,544569,287564,63.57
20260925,544570,2383,48.32
20260925,544572,1648,80.71
20260925,544574,100507,67.57
20260925,544576,71477,70.52
20260925,544577,248,95.75
20260925,544578,5379,50.15
20260925,544579,6919,98.32
20260925,544580,7394,64.88
20260925,544581,2996,94.93
20260925,544582,28800,70.59
20260925,544583,23620,41.09
20260925,544584,5000,100.0
20260925,544585,2000,50.0
20260925,544586,89493,99.29
20260925,544587,1166,53.86
20260925,544594,3600,60.0
20260925,544595,1519,50.18
20260925,544596,27600,88.46
20260925,544597,16989,46.2
20260925,544598,10015,100.0
20260925,544599,1140,65.93
20260925,544600,56984,52.95
20260925,544602,85119,72.37
20260925,544603,1522810,74.68
20260925,544604,2933,51.33
20260925,544605,14662,88.91
20260925,544606,317570,34.86
20260925,544607,20400,100.0
20260925,544608,99178,46.76
20260925,544609,191250,53.91
20260925,544610,8400,73.68
20260925,544611,20400,100.0
20260925,544612,210748,95.23
20260925,544613,6773,47.68
20260925,544614,28434,46.77
20260925,544615,144,100.0
20260925,544616,11000,84.62
20260925,544617,142496,51.93
20260925,544619,4562,56.83
20260925,544621,1000,100.0
20260925,544622,267605,50.41
20260925,544624,9000,75.0
20260925,544626,40000,100.0
20260925,544627,1000,100.0
20260925,544628,8000,26.67
20260925,544629,5000,100.0
20260925,544630,1200,100.0
20260925,544631,1620,70.59
20260925,544632,884010,43.29
20260925,544633,155098,67.88
20260925,544634,171411,48.01
20260925,544635,22400,100.0
20260925,544637,6600,47.83
20260925,544638,105,43.21
20260925,544639,235,96.31
20260925,544640,8400,50.0
20260925,544641,2400,100.0
20260925,544642,11906,44.84
20260925,544643,3000,100.0
20260925,544644,234,48.75
20260925,544645,44191,68.29
20260925,544646,70000,100.0
20260925,544647,11217,41.43
20260925,544648,4000,100.0
20260925,544654,605,90.84
20260925,544655,632,95.9
20260925,544656,53600,34.27
20260925,544657,4800,88.89
20260925,544658,116420,98.31
20260925,544659,4000,25.0
20260925,544660,2870,100.0
20260925,544661,1813,85.16
20260925,544662,50020,99.96
20260925,544663,13000,92.86
20260925,544664,4733,62.54
20260925,544666,25358,42.97
20260925,544667,3600,100.0
20260925,544668,26400,78.57
20260925,544669,3000,100.0
20260925,544670,31800,100.0
20260925,544671,9000,100.0
20260925,544672,57,53.27
20260925,544673,14400,56.25
20260925,544674,136,100.0
20260925,544675,35200,100.0
20260925,544676,800,100.0
20260925,544677,1600,100.0
20260925,544678,109303,54.42
20260925,544679,7900,64.08
20260925,544681,26000,63.41
20260925,544682,10800,90.0
20260925,544683,9000,100.0
20260925,544684,42000,100.0
20260925,544685,40122,49.72
20260925,544686,2000,50.0
20260925,544687,8000,100.0
20260925,544688,18000,90.0
20260925,544693,12800,88.89
20260925,544695,48000,100.0
20260925,544698,3200,100.0
20260925,544699,27285,50.51
20260925,544700,5495,55.22
20260925,544701,4408,54.77
20260925,544702,42157,66.29
20260925,544703,28763,66.08
20260925,544704,845,50.27
20260925,544705,2245,92.92
20260925,544708,8400,100.0
20260925,544709,40251,69.61
20260925,544710,333000,57.22
20260925,544711,6000,75.0
20260925,544716,694,93.15
20260925,544717,13730,36.85
20260925,544718,15677,61.78
20260925,544720,10031,44.61
20260925,544721,4396,72.47
20260925,544722,2312,99.44
20260925,544723,34797,49.14
20260925,544724,15000,83.33
20260925,544725,2557,96.86
20260925,544726,16789,100.0
20260925,544731,3433,51.94
20260925,544732,235,60.41
20260925,544733,9542,80.33
20260925,544734,118722,99.49
20260925,544735,327000,76.05
20260925,544736,117,93.6
20260925,544737,193,100.0
20260925,544738,5000,62.5
20260925,544739,83300,59.37
20260925,544740,76800,100.0
20260925,544741,2400,100.0
20260925,544742,5200,74.62
20260925,544743,20840,55.09
20260925,544744,32809,82.09
20260925,544745,1461,95.49
20260925,544746,28800,81.82
20260925,544747,2400,66.67
20260925,544748,165599,43.41
20260925,544750,28383,92.43
20260925,544751,7200,100.0
20260925,544753,2,33.33
20260925,544754,23353,36.06
20260925,544755,22400,100.0
20260925,544756,11341,82.53
20260925,544757,454,83.46
20260925,544758,20451,78.56
20260925,544759,6000,66.67
20260925,544760,952,89.73
20260925,544762,4819,97.95
20260925,544763,2798,56.73
20260925,544764,3276,72.11
20260925,544765,19200,100.0
20260925,544766,217,100.0
20260925,544767,12000,100.0
20260925,544768,178000,98.89
20260925,544769,1200,100.0
20260925,544770,27200,70.83
20260925,544771,10000,100.0
20260925,544772,26000,100.0
20260925,544773,289000,67.68
20260925,544774,5000,55.56
20260925,544777,47827,61.26
20260925,544778,4000,100.0
20260925,544779,52800,81.48
20260925,544780,142372,53.25
20260925,544781,337405,48.99
20260925,544782,867896,48.19
20260925,544783,135181,100.0
20260925,544784,1294995,50.02
20260925,544785,6553,100.0
20260925,544786,6509,80.78
20260925,544793,81000,100.0
20260925,544794,57600,76.19
20260925,544795,1589,66.46
20260925,544796,13600,80.95
20260925,544797,24000,100.0
20260925,544799,690719,45.57
20260925,544800,52800,97.06
20260925,544802,95513,55.79
20260925,544803,18308,52.76
20260925,544804,19200,61.54
20260925,544805,1200,50.0
20260925,544806,9341,74.72
20260925,544808,177889,57.94
20260925,544809,18000,69.23
20260925,544810,107200,71.28
20260925,544811,3000,75.0
20260925,544812,38000,63.33
20260925,544813,10000,100.0
20260925,544814,11447,57.78
20260925,544821,6981,68.93
20260925,544822,18725,58.13
20260925,544823,42000,100.0
20260925,544825,36794,59.36
20260925,544826,52800,53.23
20260925,544828,100,100.0
20260925,544829,39782,66.95
20260925,544830,377758,99.53
20260925,544831,8760,72.22
20260925,544832,43800,74.49
20260925,544833,18908,59.36
20260925,544834,21600,62.07
20260925,544835,4000,100.0
20260925,544837,46334,44.79
20260925,544838,27079,46.76
20260925,544839,41282,45.03
20260925,544840,9000,69.23
20260925,544841,1578,58.92
20260925,544842,137,99.28
20260925,544843,28800,88.89
20260925,544844,42400,56.38
20260925,544845,12764,79.66
20260925,544847,45081,55.89
20260925,544848,83200,76.47
20260925,544850,474,100.0
20260925,544851,21186,32.45
20260925,544852,2400,100.0
20260925,544853,12111,57.67
20260925,544854,38400,88.89
20260925,544855,1196,99.83
20260925,544856,7200,56.25
20260925,544857,150,100.0
20260925,544858,14400,85.71
20260925,544859,12000,80.0
20260925,544860,232081,43.13
20260925,544861,48029,100.0
20260925,544862,3325,75.95
20260925,544863,16800,77.78
20260925,544864,76142,61.3
20260925,544865,31147,45.62
20260925,544866,15276,34.98
20260925,544867,27716,55.34
20260925,544868,228712,100.0
20260925,544869,115000,65.71
20260925,544870,11136,41.05
20260925,544871,134409,48.24
20260925,544872,33600,66.67
20260925,544873,6766,84.98
20260925,544874,541,99.82
20260925,544876,91200,58.02
20260925,544877,124000,100.0
20260925,544878,200,99.5
20260925,544879,603850,54.51
20260925,544880,87724,56.13
20260925,544881,7370,65.32
20260925,544882,113975,39.58
20260925,544883,47000,88.68
20260925,544884,9600,61.54
20260925,544885,25831,64.28
20260925,544886,57209,43.98
20260925,544887,2,50.0
20260925,544888,18707,49.88
20260925,544889,28197,45.21
20260925,544890,253727,57.52
20260925,544891,274744,68.93
20260925,544892,3879,88.72
20260925,544893,86513,55.72
20260925,544894,114657,43.63
20260925,544895,145600,65.47
20260925,544897,132000,57.89
20260925,544898,39409,100.0
20260925,544899,84202,47.71
20260925,544900,113000,75.84
20260925,544901,10124,45.83
20260925,544902,8000,80.0
20260925,544903,597285,52.18
20260925,544904,146400,67.4
20260925,544905,22000,100.0
20260925,544906,12023,58.71
20260925,544907,10,100.0
20260925,544908,6670,96.29
20260925,544909,193640,53.07
20260925,544910,6000,100.0
20260925,544911,125590,37.42
20260925,544912,38885,54.86
20260925,544913,448664,35.52
20260925,544914,270434,49.89
20260925,544915,58851,36.19
20260925,544916,83220,47.0
20260925,544917,105561,52.18
20260925,544918,205848,47.35
20260925,544919,19200,100.0
20260925,544920,92800,100.0
20260925,544921,171110,53.94
20260925,544922,72000,100.0
20260925,544923,15060,100.0
20260925,544924,90000,100.0
20260925,544925,229800,100.0
20260925,544927,2,66.67
20260925,544928,20800,100.0
20260925,544929,93841,100.0
20260925,544930,38400,100.0
20260925,544931,2400,100.0
20260925,544932,22000,100.0
20260925,544933,102000,100.0
20260925,544934,1846677,33.91
20260925,544935,1837289,100.0
20260925,544936,8335525,51.1
20260925,544937,4329008,44.33
20260925,544938,205764,100.0
20260925,555555,1079,63.17
20260925,570002,2,100.0
20260925,570004,1365,90.88
20260925,570005,225255,100.0
20260925,590003,344563,95.99
20260925,590005,954,69.48
20260925,590006,594,58.35
20260925,590013,2607,81.24
20260925,590018,72,100.0
20260925,590021,2455,72.1
20260925,590024,1165,56.17
20260925,590025,1350,100.0
20260925,590030,8919,74.29
20260925,590031,126,96.18
20260925,590041,40463,100.0
20260925,590051,3962,73.53
20260925,590056,64,68.09
20260925,590057,1608,100.0
20260925,590062,13078,50.69
20260925,590065,69,90.79
20260925,590066,7987,73.74
20260925,590068,524,72.48
20260925,590070,19703,96.07
20260925,590071,941,42.03
20260925,590072,30,100.0
20260925,590073,78608,85.48
20260925,590075,11460,39.89
20260925,590078,2464,64.49
20260925,590086,97,62.58
20260925,590095,831950,66.85
20260925,590096,125577,72.95
20260925,590097,19044,67.28
20260925,590098,61694,65.97
20260925,590099,1858,60.92
20260925,590101,7948,70.29
20260925,590103,131265,78.17
20260925,590104,16130,60.09
20260925,590106,33495,65.83
20260925,590107,10977,82.91
20260925,590108,13366,58.72
20260925,590109,1552,85.27
20260925,590110,1404,63.67
20260925,590113,3715,61.95
20260925,590115,486,68.26
20260925,590134,752,94.71
20260925,590136,11923,85.18
20260925,590137,220,84.62
20260925,590138,9770,61.29
20260925,590139,5537,76.35
20260925,590140,767272,41.41
20260925,590141,359171,66.22
20260925,590142,69612,69.13
20260925,590143,48343,98.14
20260925,590144,74057,85.13
20260925,590145,308298,49.87
20260925,590146,173,50.44
20260925,590147,672,86.93
20260925,590148,171693,84.69
20260925,590149,9115,63.09
20260925,590150,7472,84.58
20260925,590151,7132,97.07
20260925,590152,46898,77.58
20260925,590153,27225,90.52
20260925,590154,24645,81.5
20260925,590155,18607,78.0
20260925,590156,27348,97.01
20260925,590157,3172,61.63
20260925,590158,19454,79.28
20260925,590159,2900,48.67
20260925,590160,158,87.29
20260925,590161,577223,62.24
20260925,710058,1449,100.0
20260925,751141,2392,100.0
20260925,751142,86381,100.0
20260925,751143,88203,100.0
20260925,800177,1,100.0
20260925,800249,1,100.0
20260925,800289,21,100.0
20260925,800290,1,100.0
20260925,800318,68,51.13
20260925,800324,27,93.1
20260925,800325,25,69.44
20260925,800326,1,100.0
20260925,800327,6,100.0
20260925,800328,13,100.0
20260925,800330,3,100.0
20260925,800334,1625,100.0
20260925,800339,6,100.0
20260925,800340,28,96.55
20260925,800341,8,100.0
20260925,800367,1,100.0
20260925,800385,6,66.67
20260925,800434,1,100.0
20260925,800437,59,93.65
20260925,800438,22,95.65
20260925,800439,1,100.0
20260925,800441,1000,100.0
20260925,800442,8000,100.0
20260925,800443,55,84.62
20260925,800488,40,100.0
20260925,800489,1759,100.0
20260925,800517,1,100.0
20260925,800573,75,96.15
20260925,800575,10,90.91
20260925,800577,1,100.0
20260925,800580,75,94.94
20260925,800588,400,100.0
20260925,800595,23000,100.0
20260925,800596,135,85.44
20260925,800598,5001,100.0
20260925,800603,34,91.89
20260925,800605,328,87.7
20260925,800607,1941,100.0
20260925,800618,1001,100.0
20260925,800690,122000,100.0
20260925,800693,27631,100.0
20260925,800733,950000,100.0
20260925,800807,4337,100.0
20260925,800809,8559,100.0
20260925,800815,21697,100.0
20260925,800823,1,100.0
20260925,805259,100,100.0
20260925,805265,10000,100.0
20260925,810727,83,50.0
20260925,810876,100,100.0
20260925,811129,1100,100.0
20260925,811131,100,100.0
20260925,890217,835,99.52
20260925,890226,10,100.0
20260925,890231,601,100.0
20260925,890234,555962,99.99
20260925,890238,19112,100.0
20260925,935510,10,100.0
20260925,935514,1000,100.0
20260925,935576,100,100.0
20260925,935584,2,100.0
20260925,935642,200,100.0
20260925,935666,100,100.0
20260925,936048,40,100.0
20260925,936130,100,100.0
20260925,936224,200,100.0
20260925,936226,50,100.0
20260925,936230,2091,93.31
20260925,936236,19,100.0
20260925,936254,4,100.0
20260925,936398,1,50.0
20260925,936412,129,100.0
20260925,936476,5,100.0
20260925,936532,10,90.91
20260925,936656,599,100.0
20260925,936722,30,100.0
20260925,936724,490,100.0
20260925,936810,92,90.2
20260925,936975,775,100.0
20260925,937053,28,96.55
20260925,937057,23,100.0
20260925,937091,76,100.0
20260925,937093,200,100.0
20260925,937373,24,100.0
20260925,937409,59,100.0
20260925,937441,60,100.0
20260925,937455,1,100.0
20260925,937457,4,100.0
20260925,937469,100,100.0
20260925,937619,672,100.0
20260925,937621,804,100.0
20260925,937637,130,100.0
20260925,937721,505,87.52
20260925,937743,193,100.0
20260925,937773,60,100.0
20260925,937799,380,100.0
20260925,937805,2,100.0
20260925,937807,1,100.0
20260925,937825,42,100.0
20260925,937999,549,100.0
20260925,938005,2,100.0
20260925,938105,5270,100.0
20260925,938111,18,100.0
20260925,938180,4,100.0
20260925,938212,199,100.0
20260925,938214,160,100.0
20260925,938218,400,100.0
20260925,938222,2,100.0
20260925,938226,30,100.0
20260925,938256,10,100.0
20260925,938258,56,100.0
20260925,938284,721,100.0
20260925,938330,262,100.0
20260925,938364,1185,74.95
20260925,938366,315,98.44
20260925,938368,20,100.0
20260925,938424,40,100.0
20260925,938436,10,100.0
20260925,938508,120,50.0
20260925,938526,769,79.36
20260925,938618,500,100.0
20260925,938634,200,100.0
20260925,938658,317,100.0
20260925,938660,200,100.0
20260925,938742,94,65.28
20260925,938850,129,99.23
20260925,938898,355,100.0
20260925,938900,208,100.0
20260925,938902,1100,100.0
20260925,938906,49,100.0
20260925,938908,80,100.0
20260925,938916,60,100.0
20260925,938918,3,100.0
20260925,938978,1,100.0
20260925,938994,76,100.0
20260925,939002,3,100.0
20260925,939050,110,100.0
20260925,939056,300,100.0
20260925,939140,144,100.0
20260925,939190,216,100.0
20260925,939194,300,100.0
20260925,939198,540,100.0
20260925,939204,105,100.0
20260925,939212,71,100.0
20260925,939301,462,100.0
20260925,939305,500,35.74
20260925,939311,300,100.0
20260925,939321,5,100.0
20260925,939335,1,100.0
20260925,939337,25,100.0
20260925,939361,51,100.0
20260925,939409,148,100.0
20260925,939435,500,100.0
20260925,939461,750,100.0
20260925,939505,100,100.0
20260925,939545,40,100.0
20260925,939563,10,100.0
20260925,939565,1,100.0
20260925,939619,800,100.0
20260925,939625,5,50.0
20260925,939627,85,100.0
20260925,939629,100,33.33
20260925,939647,30,100.0
20260925,939655,133,100.0
20260925,939657,1,50.0
20260925,939701,110,100.0
20260925,939711,122,100.0
20260925,939715,4,50.0
20260925,939733,26,100.0
20260925,939743,70,100.0
20260925,939747,19,100.0
20260925,939749,154,100.0
20260925,939751,50,100.0
20260925,939829,10,100.0
20260925,939839,108,100.0
20260925,939851,9,100.0
20260925,939855,500,100.0
20260925,939859,1,100.0
20260925,939875,21,100.0
20260925,939899,30,100.0
20260925,939963,70,100.0
20260925,939973,110,100.0
20260925,940045,501,100.0
20260925,940099,15,100.0
20260925,940101,50,100.0
20260925,940107,93,50.0
20260925,940111,10,100.0
20260925,940149,35,100.0
20260925,940223,288,100.0
20260925,940227,56,100.0
20260925,940235,225,51.72
20260925,940247,10,100.0
20260925,940275,10,100.0
20260925,940307,12,100.0
20260925,940321,10,100.0
20260925,940325,3,100.0
20260925,940329,100,100.0
20260925,940357,479,100.0
20260925,940375,100,100.0
20260925,940385,51,100.0
20260925,940387,7,100.0
20260925,940393,308,100.0
20260925,940409,9,100.0
20260925,940415,10,100.0
20260925,940435,600,85.71
20260925,940439,100,100.0
20260925,940441,3,100.0
20260925,940445,28,100.0
20260925,940459,157,100.0
20260925,940473,4,100.0
20260925,940479,221,100.0
20260925,940501,14,100.0
20260925,940511,600,40.0
20260925,940517,1000,65.62
20260925,940563,50,100.0
20260925,940579,2000,100.0
20260925,940619,110,81.48
20260925,940635,49,53.26
20260925,940653,68,100.0
20260925,940655,3420,94.87
20260925,940663,150,100.0
20260925,940669,400,100.0
20260925,940675,220,100.0
20260925,940683,315,100.0
20260925,940685,301,100.0
20260925,940687,1,100.0
20260925,940701,13,72.22
20260925,940709,5,100.0
20260925,940713,172,84.31
20260925,940715,16,100.0
20260925,940717,12,100.0
20260925,940723,101,100.0
20260925,940727,19,100.0
20260925,940767,39,100.0
20260925,940779,300,100.0
20260925,940785,124,100.0
20260925,940789,360,78.26
20260925,940791,698,77.73
20260925,940801,26,100.0
20260925,940821,10,100.0
20260925,940823,50,100.0
20260925,940837,264,100.0
20260925,940841,1304,100.0
20260925,940843,402,100.0
20260925,940849,35,100.0
20260925,940853,100,100.0
20260925,940859,25,100.0
20260925,940870,11,100.0
20260925,940878,6,100.0
20260925,940880,54,100.0
20260925,940904,6,100.0
20260925,940910,125,100.0
20260925,940933,258,58.37
20260925,940955,380,100.0
20260925,940977,201,100.0
20260925,940983,580,54.72
20260925,940995,4,100.0
20260925,941007,100,100.0
20260925,941011,45,56.25
20260925,941013,1,100.0
20260925,941035,50,100.0
20260925,941037,26,66.67
20260925,941043,901,94.74
20260925,941045,302,100.0
20260925,941047,70,50.0
20260925,941049,148,78.72
20260925,941057,50,100.0
20260925,941093,100,100.0
20260925,941095,100,100.0
20260925,941097,10,100.0
20260925,941113,180,82.19
20260925,941117,5,33.33
20260925,941125,25,100.0
20260925,941139,48,50.0
20260925,941143,471,100.0
20260925,941151,3,100.0
20260925,941165,32,100.0
20260925,941173,901,94.74
20260925,941175,20,100.0
20260925,941177,12,100.0
20260925,941185,329,89.4
20260925,941189,314,100.0
20260925,941193,824,98.8
20260925,941195,244,100.0
20260925,941199,33,100.0
20260925,941203,20,100.0
20260925,941251,1848,96.65
20260925,941253,242,100.0
20260925,941255,100,100.0
20260925,941257,1125,100.0
20260925,941259,207,100.0
20260925,941265,430,74.27
20260925,958025,3,100.0
20260925,961728,81,100.0
20260925,961751,100,100.0
20260925,961785,216,100.0
20260925,961810,5,50.0
20260925,961818,40,100.0
20260925,961821,500,100.0
20260925,961826,870,97.75
20260925,961839,1,100.0
20260925,961863,260,100.0
20260925,961865,500,100.0
20260925,961895,140,100.0
20260925,961921,837,53.45
20260925,972691,10,100.0
20260925,972715,12,100.0
20260925,972721,30,100.0
20260925,973491,597,100.0
20260925,973878,1,100.0
20260925,974451,1,100.0
20260925,974634,12,100.0
20260925,975000,17,100.0
20260925,975235,3,100.0
20260925,975375,10,66.67
20260925,975413,2,100.0
20260925,975447,6,100.0
20260925,975489,3,100.0
20260925,975519,1,100.0
20260925,975572,2,50.0
20260925,975690,17,100.0
20260925,975790,3,100.0
20260925,975791,3,100.0
20260925,975905,20,68.97
20260925,976020,1,50.0
20260925,976146,3,100.0
20260925,976228,323,100.0
20260925,976245,1,100.0
20260925,976291,1,100.0
20260925,976293,8,100.0
20260925,976325,47,82.46
20260925,976370,2,100.0
20260925,976411,2,100.0
20260925,976427,5,100.0
20260925,976437,99,87.61
20260925,976519,5,100.0
20260925,976547,10,100.0
20260925,976660,1,100.0
20260925,976675,1,100.0
20260925,976685,6,100.0
20260925,976712,19,100.0
20260925,976727,10,100.0
20260925,976752,1,100.0
20260925,976757,5,100.0
20260925,976778,1,100.0
20260925,976808,97,82.91
20260925,976831,2,100.0
20260925,976855,1,100.0
20260925,976868,31,96.88
20260925,976872,1,100.0
20260925,976875,11,100.0
20260925,976896,1,100.0
20260925,976915,1,100.0
20260925,977001,4,100.0
20260925,977010,1,100.0
20260925,977017,11,100.0
20260925,977019,1,100.0
20260925,977022,7,100.0
20260925,977029,1,100.0
20260925,977044,48,100.0
20260925,977065,3,100.0
20260925,977068,9,100.0
20260925,977089,5,100.0
20260925,977093,3,100.0
20260925,977132,5,100.0
20260925,977134,5,100.0
20260925,977160,1,100.0
20260925,977172,1,100.0
20260925,977187,2,100.0
20260925,977200,203,99.02
20260925,977226,10,90.91
20260925,977228,10,100.0
20260925,977241,61,93.85
20260925,977250,13,100.0
20260925,977281,1,100.0
20260925,977288,1,100.0
20260925,977298,14,58.33
20260925,977309,75,97.4
20260925,977325,1,100.0
20260925,977331,3,100.0
20260925,977356,10,100.0
20260925,977367,13,100.0
20260925,977379,12,100.0
20260925,977380,1,100.0
20260925,977382,12,66.67
20260925,977383,4,100.0
20260925,977387,1,100.0
20260925,977411,5,55.56
20260925,977419,1,100.0
20260925,977431,20,100.0
20260925,977440,5,83.33
20260925,977445,4,100.0
20260925,977453,95,100.0
20260925,977456,5,100.0
20260925,977468,5,83.33
20260925,977477,136,100.0
20260925,977488,5,100.0
20260925,977495,23,100.0
20260925,977515,3,100.0
20260925,977531,35,94.59
20260925,977534,5,100.0
20260925,977541,27,100.0
20260925,977558,7,100.0
20260925,977564,18,100.0
20260925,977575,35,100.0
20260925,977576,2,100.0
20260925,977583,10,100.0
20260925,977585,2,100.0
20260925,977623,1,100.0
20260925,977633,4,100.0
20260925,977642,1,100.0
20260925,977649,21,100.0
20260925,977657,74,100.0
20260925,977680,2,100.0
20260925,977700,10,100.0
20260925,977710,3,100.0
20260925,977725,4,100.0
20260925,977730,6,100.0
20260925,977732,113,76.87
20260925,977735,2,100.0
20260925,977740,45,100.0
20260925,977753,18,100.0
20260925,977773,56,100.0
20260925,977788,7,100.0
20260925,977801,4,100.0
20260925,977803,12,100.0
20260925,977842,1,100.0
20260925,977846,3,75.0
20260925,977859,2,100.0
20260925,977868,28,96.55
20260925,977869,168,100.0
20260925,977875,10,100.0
20260925,977877,10,100.0
20260925,977894,3,100.0
20260925,977903,11,100.0
20260925,977913,3,100.0
20260925,977935,81,100.0
20260925,977979,2,100.0
20260925,977984,6,85.71
20260925,977986,28,100.0
20260925,977991,1,100.0
20260925,977993,1,100.0
20260925,977995,1,100.0
20260925,977996,1,100.0
20260925,978007,10,100.0
20260925,978019,10,100.0
20260925,978021,2,100.0
20260925,978025,19,50.0
20260925,978034,11,100.0
20260925,978039,4,100.0
20260925,978046,2,100.0
20260925,978051,7,100.0
20260925,978055,4,66.67
20260925,978062,1,100.0
20260925,978068,3,100.0
20260925,978075,75,100.0
20260925,978086,2,100.0
20260925,978094,295,100.0
20260925,978096,1,100.0
20260925,978115,5,100.0
20260925,978120,1,100.0
20260925,978167,48,100.0
20260925,978169,242,94.9
20260925,978173,1,100.0
20260925,978199,2,100.0
