DATE,SYMBOL,DELIV_QTY,DELIV_PER
20260922,500002,6152,45.73
20260922,500003,97766,52.24
20260922,500008,234039,89.48
20260922,500009,3683,100.0
20260922,500012,30524,76.15
20260922,500014,7140,93.63
20260922,500016,897,100.0
20260922,500020,15988,65.19
20260922,500023,221,85.33
20260922,500027,961,61.13
20260922,500028,7225,86.39
20260922,500031,3670,59.88
20260922,500032,276425,56.52
20260922,500033,3720,66.75
20260922,500034,97727,63.87
20260922,500038,22472,27.61
20260922,500039,2435,67.64
20260922,500040,45525,89.74
20260922,500041,24,51.06
20260922,500042,839,60.93
20260922,500043,4550,63.02
20260922,500048,5260,39.58
20260922,500049,135573,43.63
20260922,500051,11700,100.0
20260922,500052,109270,62.96
20260922,500058,17876,90.34
20260922,500059,407,100.0
20260922,500060,19938,51.42
20260922,500067,16477,50.66
20260922,500069,557,87.03
20260922,500074,2673,91.98
20260922,500078,5357,72.2
20260922,500083,23861,67.09
20260922,500084,531474,95.83
20260922,500085,16594,59.74
20260922,500086,41161,44.53
20260922,500087,11557,56.8
20260922,500089,93,98.94
20260922,500092,1691,69.93
20260922,500093,99172,56.82
20260922,500096,37513,72.17
20260922,500097,4777,45.08
20260922,500101,12631,53.8
20260922,500103,66189,42.37
20260922,500104,157426,40.93
20260922,500106,1625677,33.83
20260922,500108,34983,55.18
20260922,500109,105031,45.46
20260922,500110,25972,33.58
20260922,500112,178816,57.04
20260922,500113,110292,50.49
20260922,500114,109115,83.85
20260922,500116,174309,42.04
20260922,500117,410902,81.53
20260922,500119,19979,45.87
20260922,500120,45,100.0
20260922,500123,49,53.26
20260922,500124,85794,58.14
20260922,500125,11534,52.64
20260922,500126,196,67.35
20260922,500128,28655,44.31
20260922,500133,177,66.29
20260922,500135,23726,52.03
20260922,500136,470,92.34
20260922,500142,30,100.0
20260922,500143,4510,100.0
20260922,500144,27535,35.11
20260922,500147,223,56.31
20260922,500148,10276,66.75
20260922,500150,486,47.18
20260922,500151,1409,100.0
20260922,500153,2985,100.0
20260922,500160,34085,85.97
20260922,500163,1555,60.53
20260922,500164,1891,63.14
20260922,500165,5394,79.27
20260922,500166,2957,79.92
20260922,500168,1118,83.25
20260922,500170,4022,94.46
20260922,500171,2990,80.66
20260922,500173,2120,90.17
20260922,500174,172,100.0
20260922,500178,191,100.0
20260922,500179,50657,72.93
20260922,500180,2937368,79.93
20260922,500182,13877,64.35
20260922,500183,415122,100.0
20260922,500184,25704,35.72
20260922,500185,349589,43.87
20260922,500186,10985,59.73
20260922,500187,14323,49.68
20260922,500188,35282,33.02
20260922,500189,455,97.43
20260922,500191,1157,100.0
20260922,500192,14582,85.12
20260922,500193,101326,84.35
20260922,500199,1585,53.24
20260922,500201,39638,72.96
20260922,500206,1076,80.48
20260922,500207,111225,40.45
20260922,500209,224094,56.96
20260922,500210,554,63.97
20260922,500213,647,98.93
20260922,500214,4936,37.51
20260922,500215,3055,38.92
20260922,500219,240889,69.72
20260922,500220,2119,100.0
20260922,500227,869,61.2
20260922,500228,78883,81.87
20260922,500233,1300,52.74
20260922,500234,15,100.0
20260922,500235,1592,48.2
20260922,500236,586,100.0
20260922,500238,4583,64.32
20260922,500239,4438,84.87
20260922,500240,11725,100.0
20260922,500241,966,47.73
20260922,500243,196,94.69
20260922,500245,4214,64.44
20260922,500246,6197,100.0
20260922,500247,422566,88.32
20260922,500248,9,100.0
20260922,500249,3644,57.51
20260922,500250,761,77.65
20260922,500251,40903,76.36
20260922,500252,132,63.77
20260922,500253,27723,43.85
20260922,500257,5905,58.05
20260922,500259,11161,100.0
20260922,500260,1123,71.17
20260922,500262,250,100.0
20260922,500264,6761,75.63
20260922,500265,2381,45.7
20260922,500266,147,72.06
20260922,500267,327,100.0
20260922,500268,76952,70.54
20260922,500270,231,88.17
20260922,500271,1282,50.83
20260922,500277,394,99.75
20260922,500279,47170,63.8
20260922,500280,995,62.97
20260922,500282,457,94.81
20260922,500284,1099,87.71
20260922,500285,5387404,39.59
20260922,500288,330745,45.61
20260922,500290,67,59.82
20260922,500292,19860,90.31
20260922,500294,109014,66.56
20260922,500295,157402,55.85
20260922,500296,930,84.24
20260922,500298,269,85.94
20260922,500300,2821,51.67
20260922,500304,10266,72.49
20260922,500306,54470,41.73
20260922,500307,330,97.92
20260922,500312,904820,86.12
20260922,500313,879,100.0
20260922,500314,6129,44.44
20260922,500317,519,89.64
20260922,500319,3561,88.41
20260922,500322,11,100.0
20260922,500325,334335,59.6
20260922,500327,2003,89.74
20260922,500330,168385,37.74
20260922,500331,7820,61.03
20260922,500333,191,74.03
20260922,500335,836,63.09
20260922,500336,6656,57.96
20260922,500337,1046,91.59
20260922,500338,7092,66.49
20260922,500339,66808,36.17
20260922,500342,596,66.74
20260922,500343,1710,75.87
20260922,500346,873,93.17
20260922,500350,3303,61.05
20260922,500354,913,25.66
20260922,500355,20945,58.95
20260922,500356,2267,93.79
20260922,500357,2836,100.0
20260922,500360,57541,100.0
20260922,500365,229790,72.62
20260922,500367,5611,29.7
20260922,500368,171015,27.13
20260922,500370,3181,92.52
20260922,500371,45657,100.0
20260922,500378,24092,49.99
20260922,500380,8292,74.41
20260922,500387,333,58.32
20260922,500388,114,100.0
20260922,500390,19990,100.0
20260922,500399,215,100.0
20260922,500400,95353,58.74
20260922,500402,11775,75.2
20260922,500403,14476,64.8
20260922,500404,9822,67.26
20260922,500405,4563,40.26
20260922,500407,445,78.21
20260922,500408,11465,45.57
20260922,500410,2304,51.1
20260922,500411,3927,60.37
20260922,500412,3843,59.34
20260922,500413,13570,47.76
20260922,500414,22279,53.18
20260922,500418,3511,100.0
20260922,500420,5803,78.19
20260922,500421,42261,100.0
20260922,500422,1429,100.0
20260922,500425,38956,53.58
20260922,500426,9418,79.02
20260922,500429,2,100.0
20260922,500439,15,88.24
20260922,500440,85471,68.29
20260922,500444,4287,43.24
20260922,500449,50561,71.93
20260922,500450,1,100.0
20260922,500456,54391,59.41
20260922,500458,396,99.5
20260922,500459,7099,94.75
20260922,500460,15503,77.02
20260922,500463,16163,39.63
20260922,500464,746,100.0
20260922,500467,149,100.0
20260922,500469,56917,52.51
20260922,500470,425940,50.47
20260922,500472,1562,82.17
20260922,500477,257443,50.67
20260922,500480,3294,59.01
20260922,500483,114582,93.88
20260922,500488,967,71.26
20260922,500490,280,52.73
20260922,500493,24605,62.82
20260922,500495,3175,70.17
20260922,500500,167008,79.77
20260922,500510,125700,79.81
20260922,500520,39306,57.74
20260922,500530,413,74.82
20260922,500540,2700,100.0
20260922,500547,85692,51.1
20260922,500550,1320,29.16
20260922,500570,168048,56.86
20260922,500575,17470,52.61
20260922,500620,52637,59.98
20260922,500645,9816,53.64
20260922,500650,212,95.07
20260922,500655,1163,40.62
20260922,500660,1475,66.8
20260922,500670,59766,50.46
20260922,500672,2645,35.51
20260922,500674,704,82.34
20260922,500680,740,55.98
20260922,500690,35608,63.58
20260922,500696,232125,92.13
20260922,500710,200189,92.72
20260922,500730,47371,70.64
20260922,500770,36942,53.24
20260922,500777,36900,76.16
20260922,500780,10609,88.26
20260922,500790,16032,62.42
20260922,500800,23371,61.19
20260922,500820,7338,60.42
20260922,500825,2519,62.58
20260922,500830,4196,55.62
20260922,500840,12328,63.61
20260922,500850,194125,86.45
20260922,500870,74987,63.29
20260922,500875,290698,59.65
20260922,500877,23305,64.12
20260922,500878,1162,47.56
20260922,500890,9,100.0
20260922,500940,25429,53.71
20260922,501148,3,100.0
20260922,501150,8473,96.77
20260922,501151,2,100.0
20260922,501242,1719,97.5
20260922,501261,3615931,100.0
20260922,501270,1,100.0
20260922,501295,7497,96.95
20260922,501301,40247,57.13
20260922,501311,120,100.0
20260922,501314,66754,86.5
20260922,501343,75319,99.36
20260922,501351,100,100.0
20260922,501370,50,100.0
20260922,501391,1021,86.82
20260922,501421,222,84.09
20260922,501423,5200,47.88
20260922,501425,3242,64.38
20260922,501430,39,46.43
20260922,501455,46016,42.08
20260922,501477,69,95.83
20260922,501700,2930,76.12
20260922,501831,580,73.42
20260922,501833,962,88.42
20260922,501848,2578,80.44
20260922,501945,31312,100.0
20260922,502015,11363,78.93
20260922,502090,2476,89.68
20260922,502137,2793,95.78
20260922,502157,12167,95.71
20260922,502168,7345,99.53
20260922,502175,10605,96.34
20260922,502180,2386,95.52
20260922,502219,18030,43.72
20260922,502250,7,100.0
20260922,502281,9048,100.0
20260922,502294,1221,60.09
20260922,502330,9177,70.56
20260922,502355,1465,52.14
20260922,502420,70392,98.69
20260922,502445,17600,96.86
20260922,502448,57906,100.0
20260922,502450,1700,84.83
20260922,502587,410,91.72
20260922,502589,10,100.0
20260922,502820,1009,99.61
20260922,502865,2969,60.78
20260922,502873,5175,98.35
20260922,502893,13,50.0
20260922,502901,921,58.62
20260922,502937,19036,100.0
20260922,502986,5443,56.11
20260922,503031,56588,75.76
20260922,503100,4675,77.77
20260922,503101,871,59.33
20260922,503127,2,100.0
20260922,503169,314,70.4
20260922,503310,52371,50.04
20260922,503349,26,100.0
20260922,503624,2012,80.1
20260922,503635,229,100.0
20260922,503639,139,100.0
20260922,503641,351099,68.46
20260922,503657,2988,64.23
20260922,503659,613,100.0
20260922,503663,684496,64.99
20260922,503675,13071,91.1
20260922,503681,2,100.0
20260922,503685,1,100.0
20260922,503722,759,91.34
20260922,503776,124,100.0
20260922,503804,3132,100.0
20260922,503806,2969,65.37
20260922,503811,1313,82.79
20260922,503816,1700,84.79
20260922,503960,412,74.1
20260922,504000,895,94.51
20260922,504028,74075,100.0
20260922,504036,5058,75.0
20260922,504058,447,98.24
20260922,504067,222727,90.49
20260922,504076,40116,81.54
20260922,504080,283,77.11
20260922,504084,232,65.72
20260922,504092,183,86.73
20260922,504093,2228,83.66
20260922,504112,7570,50.22
20260922,504132,241,67.32
20260922,504176,14014,82.14
20260922,504180,2137,82.7
20260922,504212,3510,40.53
20260922,504220,532,100.0
20260922,504240,8901,100.0
20260922,504258,2150,92.0
20260922,504273,20676,100.0
20260922,504286,1526,100.0
20260922,504340,3915,73.3
20260922,504341,6768,53.62
20260922,504351,2467142,84.81
20260922,504356,4020,99.98
20260922,504369,74532,100.0
20260922,504378,24194,88.4
20260922,504380,1111,77.37
20260922,504392,899,100.0
20260922,504397,838,100.0
20260922,504605,1480,87.06
20260922,504614,43520,77.64
20260922,504646,1787,100.0
20260922,504648,31,96.88
20260922,504731,3855,53.04
20260922,504741,913,70.39
20260922,504746,2410,88.8
20260922,504786,1177,100.0
20260922,504810,100,100.0
20260922,504840,89,100.0
20260922,504879,11223,80.16
20260922,504882,2549,86.17
20260922,504903,35113,100.0
20260922,504908,253,84.62
20260922,504918,9126,50.97
20260922,504959,39,79.59
20260922,504973,1802,60.11
20260922,504988,11,100.0
20260922,505010,78,72.9
20260922,505029,1403,71.0
20260922,505036,835,72.42
20260922,505075,2890,100.0
20260922,505160,7714,48.47
20260922,505163,142,88.75
20260922,505192,2178,52.43
20260922,505196,8787,100.0
20260922,505200,2952,55.49
20260922,505212,29402,86.86
20260922,505216,68,94.44
20260922,505232,269,100.0
20260922,505242,18344,93.26
20260922,505250,25,100.0
20260922,505255,10628,61.45
20260922,505283,5049,55.85
20260922,505299,1792,93.43
20260922,505302,107,100.0
20260922,505324,16055,79.15
20260922,505336,1793315,100.0
20260922,505343,603947,76.14
20260922,505355,902,55.17
20260922,505358,14758,48.19
20260922,505400,449,58.24
20260922,505412,395,62.4
20260922,505502,2130,100.0
20260922,505504,16957,100.0
20260922,505509,7084,95.07
20260922,505515,28846,92.59
20260922,505523,1480404,87.12
20260922,505526,5504,71.1
20260922,505533,532781,97.62
20260922,505537,209244,41.45
20260922,505590,8619,66.31
20260922,505650,1428,67.87
20260922,505681,75,98.68
20260922,505688,1826,100.0
20260922,505690,367,96.07
20260922,505693,83044,57.43
20260922,505700,7712,56.14
20260922,505710,22232,55.18
20260922,505712,1315,100.0
20260922,505714,275927,51.61
20260922,505720,5432,79.08
20260922,505725,130809,28.8
20260922,505726,3682,93.76
20260922,505729,2175,86.83
20260922,505737,8869,100.0
20260922,505744,6292,50.59
20260922,505750,786,68.11
20260922,505790,1407,52.3
20260922,505797,3121,89.89
20260922,505800,172,79.26
20260922,505807,50,100.0
20260922,505827,6332,82.35
20260922,505840,383,100.0
20260922,505850,895,63.79
20260922,505854,627,99.21
20260922,505872,17611,89.42
20260922,505890,1992,50.83
20260922,505893,327,76.4
20260922,505978,907,90.61
20260922,506003,7596,74.5
20260922,506022,10326,39.24
20260922,506074,67358,100.0
20260922,506076,675,40.88
20260922,506079,502,100.0
20260922,506105,154,97.47
20260922,506109,8045,31.3
20260922,506122,10932,100.0
20260922,506128,1359,78.97
20260922,506134,6508,100.0
20260922,506146,58070,77.17
20260922,506166,3577,51.02
20260922,506180,1,100.0
20260922,506184,37005,96.01
20260922,506186,24129,72.99
20260922,506194,52,100.0
20260922,506197,6629,100.0
20260922,506222,378,59.81
20260922,506235,21604,51.82
20260922,506248,344,76.11
20260922,506260,5987,91.11
20260922,506261,5315,100.0
20260922,506285,1069,81.54
20260922,506390,784,97.39
20260922,506395,1199,47.0
20260922,506401,3830,58.26
20260922,506405,3706,64.13
20260922,506414,5137,52.07
20260922,506480,35802,65.87
20260922,506520,12003,83.23
20260922,506525,7611,100.0
20260922,506528,164,100.0
20260922,506530,21,100.0
20260922,506532,297,83.43
20260922,506543,205,100.0
20260922,506579,2759,90.88
20260922,506590,133082,60.11
20260922,506597,581,42.75
20260922,506605,1,100.0
20260922,506618,125,92.59
20260922,506640,528,100.0
20260922,506642,730548,100.0
20260922,506655,3438,58.32
20260922,506680,56,100.0
20260922,506685,1593,51.94
20260922,506687,771,100.0
20260922,506690,3098,44.46
20260922,506734,336,100.0
20260922,506767,1092,30.67
20260922,506808,3719,72.58
20260922,506820,155,45.32
20260922,506852,36286,79.44
20260922,506854,8720,45.62
20260922,506858,114,100.0
20260922,506863,1597,93.45
20260922,506879,7685,42.27
20260922,506919,516,85.29
20260922,506935,5,100.0
20260922,506947,824,100.0
20260922,506979,629,75.87
20260922,506981,483,100.0
20260922,507155,4889,80.45
20260922,507180,60297,100.0
20260922,507205,52786,52.79
20260922,507265,378,100.0
20260922,507300,61,100.0
20260922,507315,4175,93.28
20260922,507410,13937,47.93
20260922,507438,118,82.52
20260922,507474,1569,72.77
20260922,507486,400,100.0
20260922,507488,788,58.59
20260922,507490,34546,89.92
20260922,507498,492,99.6
20260922,507514,13979,51.15
20260922,507515,1119,98.42
20260922,507526,733,67.87
20260922,507552,1373,94.17
20260922,507580,1908,100.0
20260922,507598,979,61.3
20260922,507609,56,98.25
20260922,507621,2938,81.09
20260922,507685,755425,68.02
20260922,507690,694,81.26
20260922,507717,288,87.27
20260922,507747,1302,64.78
20260922,507753,44482,60.83
20260922,507759,267,78.07
20260922,507779,888,82.6
20260922,507785,263,46.71
20260922,507789,3804,63.69
20260922,507794,4426,85.92
20260922,507813,422,97.01
20260922,507815,7873,92.25
20260922,507828,44832,88.28
20260922,507833,11270,67.99
20260922,507836,4439,94.87
20260922,507852,324,99.08
20260922,507872,2100,84.0
20260922,507878,210493,73.21
20260922,507880,6556,39.91
20260922,507910,839,75.72
20260922,507912,71615,99.87
20260922,507944,892,83.68
20260922,507946,550,99.64
20260922,507948,933,93.96
20260922,507960,1562,84.48
20260922,507962,31337,100.0
20260922,507966,23,100.0
20260922,507968,345,99.42
20260922,507970,137,100.0
20260922,507981,28,66.67
20260922,507998,1986,61.89
20260922,508136,1,100.0
20260922,508486,172,74.46
20260922,508494,517,95.39
20260922,508571,4,100.0
20260922,508664,930,100.0
20260922,508670,5,100.0
20260922,508807,198,97.06
20260922,508814,798,66.28
20260922,508867,1,100.0
20260922,508869,2182,46.77
20260922,508875,206,100.0
20260922,508905,799,100.0
20260922,508906,609,100.0
20260922,508918,7155,98.54
20260922,508933,1892,70.94
20260922,508941,1911,84.3
20260922,508954,739,67.86
20260922,508956,8639,62.7
20260922,508961,2,100.0
20260922,508963,12,100.0
20260922,508969,40517,88.05
20260922,508980,39,100.0
20260922,508989,4355,54.51
20260922,509009,185,100.0
20260922,509015,1060,99.91
20260922,509020,6024,90.64
20260922,509024,14380,86.93
20260922,509038,1233,100.0
20260922,509040,843,84.81
20260922,509048,2954,100.0
20260922,509051,1808558,64.78
20260922,509053,4403,71.08
20260922,509055,4473,69.09
20260922,509069,483,100.0
20260922,509073,1499,100.0
20260922,509079,5433,69.62
20260922,509162,1305,100.0
20260922,509196,2224,96.95
20260922,509220,1004,100.0
20260922,509243,298,61.95
20260922,509423,22,100.0
20260922,509438,29,54.72
20260922,509449,945,97.83
20260922,509470,3,100.0
20260922,509480,12463,53.77
20260922,509486,649,100.0
20260922,509488,24896,35.69
20260922,509496,11750,61.99
20260922,509525,191,97.95
20260922,509546,2944,100.0
20260922,509557,4536,73.46
20260922,509563,600,67.87
20260922,509567,298,72.33
20260922,509597,35,85.37
20260922,509631,52779,75.02
20260922,509635,225,99.12
20260922,509675,471,68.46
20260922,509709,5385,77.15
20260922,509715,303,96.81
20260922,509732,17205,49.18
20260922,509760,204,100.0
20260922,509762,126640,100.0
20260922,509820,3230,67.8
20260922,509835,299,100.0
20260922,509874,7672,100.0
20260922,509895,414,87.34
20260922,509930,2148,69.63
20260922,509945,5,83.33
20260922,509953,5,100.0
20260922,509960,33,84.62
20260922,509966,5975,65.59
20260922,510245,27338,93.17
20260922,511000,8388,92.67
20260922,511012,272242,100.0
20260922,511016,9555,100.0
20260922,511018,28514,83.44
20260922,511034,6901,47.32
20260922,511066,3470,81.92
20260922,511076,13255,60.3
20260922,511092,5076,100.0
20260922,511108,564,99.82
20260922,511110,668,100.0
20260922,511116,861989,100.0
20260922,511122,32,100.0
20260922,511144,1089,100.0
20260922,511147,3179,99.81
20260922,511153,743,100.0
20260922,511176,23,100.0
20260922,511187,230,100.0
20260922,511194,1858,100.0
20260922,511196,5207,47.34
20260922,511200,1,100.0
20260922,511208,12040,80.34
20260922,511218,68066,57.85
20260922,511243,723137,98.39
20260922,511260,3911,77.65
20260922,511333,1,50.0
20260922,511355,4262,100.0
20260922,511359,574,100.0
20260922,511377,500,99.8
20260922,511391,62,74.7
20260922,511411,1219,81.43
20260922,511413,291,90.09
20260922,511431,43730,77.47
20260922,511441,10,100.0
20260922,511447,1851336,98.18
20260922,511451,10,100.0
20260922,511463,2192,98.43
20260922,511473,642,100.0
20260922,511493,6918,100.0
20260922,511501,128,60.38
20260922,511505,167,100.0
20260922,511507,66,50.0
20260922,511509,10862,73.78
20260922,511523,119753,100.0
20260922,511525,411459,51.46
20260922,511533,448,83.58
20260922,511535,421,100.0
20260922,511539,236,99.58
20260922,511543,2444,100.0
20260922,511549,118,63.1
20260922,511551,631,76.76
20260922,511557,877348,100.0
20260922,511559,52,100.0
20260922,511571,20403,96.0
20260922,511577,102456,73.5
20260922,511589,6154,69.08
20260922,511593,147,100.0
20260922,511601,3654,97.28
20260922,511605,197101,61.96
20260922,511609,104,100.0
20260922,511611,702,73.05
20260922,511626,7100,100.0
20260922,511628,1030901,34.31
20260922,511630,2479,95.13
20260922,511644,346642,61.13
20260922,511654,299,100.0
20260922,511658,3543,79.4
20260922,511664,3536,73.12
20260922,511672,9546,100.0
20260922,511676,1338,89.26
20260922,511692,1214,92.32
20260922,511700,3571718,99.53
20260922,511702,2256,94.24
20260922,511710,31962,100.0
20260922,511712,213,100.0
20260922,511714,250,92.59
20260922,511716,4738,100.0
20260922,511724,5879,99.29
20260922,511726,44615,100.0
20260922,511728,20,100.0
20260922,511734,2801,100.0
20260922,511740,1,100.0
20260922,511742,3726,61.38
20260922,511754,7850,77.4
20260922,511756,201,100.0
20260922,511758,38,100.0
20260922,511764,11252,84.33
20260922,511766,1085,89.15
20260922,511768,5377,55.06
20260922,512008,4689,72.48
20260922,512014,315,87.5
20260922,512018,256754,88.65
20260922,512020,14,100.0
20260922,512025,45802,45.6
20260922,512036,24,100.0
20260922,512038,96796,48.94
20260922,512047,27797,72.32
20260922,512048,72330,91.89
20260922,512062,1282,100.0
20260922,512064,2843,79.73
20260922,512065,699,100.0
20260922,512068,100212,45.62
20260922,512070,168686,87.63
20260922,512093,106407,100.0
20260922,512097,133007,86.93
20260922,512099,411,100.0
20260922,512103,294,92.74
20260922,512115,365,84.3
20260922,512131,1674,100.0
20260922,512149,2231240,56.36
20260922,512161,248,98.02
20260922,512165,200,100.0
20260922,512169,593133,100.0
20260922,512175,11591,55.08
20260922,512179,1957,67.76
20260922,512197,45,100.0
20260922,512217,7632,90.33
20260922,512229,2056,100.0
20260922,512237,13749,66.28
20260922,512247,39396,80.29
20260922,512257,24368,90.65
20260922,512267,1255,99.92
20260922,512277,2543,95.03
20260922,512296,7651,48.81
20260922,512301,11782,100.0
20260922,512329,8234,69.09
20260922,512344,10040,100.0
20260922,512345,9,100.0
20260922,512359,2698657,64.78
20260922,512361,44960,86.52
20260922,512379,224829,100.0
20260922,512393,1964,100.0
20260922,512399,28247,85.06
20260922,512415,2740,57.66
20260922,512425,1,100.0
20260922,512437,973,100.0
20260922,512441,6213244,60.82
20260922,512443,46430,100.0
20260922,512453,2055,100.0
20260922,512455,22850,60.64
20260922,512463,253048,70.26
20260922,512477,6,100.0
20260922,512489,34337,100.0
20260922,512493,649,92.71
20260922,512499,791989,100.0
20260922,512519,369,99.73
20260922,512527,147,100.0
20260922,512529,268058,66.38
20260922,512531,581,74.39
20260922,512559,2892,67.71
20260922,512565,1110,100.0
20260922,512573,15186,54.08
20260922,512587,13945,91.48
20260922,512589,23571,94.37
20260922,512591,1401100,68.04
20260922,512595,202482,99.82
20260922,512599,42360,55.51
20260922,512600,7380,75.21
20260922,512608,16166,99.99
20260922,512618,400,83.86
20260922,512624,24777,67.9
20260922,512626,100,100.0
20260922,512634,505,86.32
20260922,513005,1348,85.64
20260922,513023,11198,69.78
20260922,513043,1782,73.27
20260922,513059,5889,100.0
20260922,513063,327,86.51
20260922,513097,4491,40.77
20260922,513108,11462,49.24
20260922,513117,3898,100.0
20260922,513119,36801,65.77
20260922,513121,426,95.3
20260922,513149,10,100.0
20260922,513173,398,100.0
20260922,513228,12211,65.84
20260922,513250,236966,72.59
20260922,513262,59571,44.22
20260922,513269,14179,37.96
20260922,513295,1016,99.71
20260922,513303,357,81.14
20260922,513307,5983,69.85
20260922,513337,1423713,56.86
20260922,513343,1610,100.0
20260922,513349,4444,58.05
20260922,513353,4764,79.52
20260922,513361,3101645,98.87
20260922,513369,1699,100.0
20260922,513375,58570,64.59
20260922,513377,34795,64.22
20260922,513397,14,100.0
20260922,513418,222595,100.0
20260922,513422,38,79.17
20260922,513436,2185,100.0
20260922,513456,3715,92.44
20260922,513460,303,100.0
20260922,513472,385057,79.45
20260922,513488,450,100.0
20260922,513496,1761,100.0
20260922,513498,967,98.07
20260922,513502,193131,60.94
20260922,513509,610,100.0
20260922,513511,25,100.0
20260922,513513,3856,99.36
20260922,513517,34226,48.01
20260922,513519,1085,54.5
20260922,513528,2307,100.0
20260922,513532,696,100.0
20260922,513536,35428,55.17
20260922,513544,824,100.0
20260922,513554,676,100.0
20260922,513566,3984,100.0
20260922,513575,1417,53.55
20260922,513579,200,100.0
20260922,513599,201356,41.74
20260922,513629,326,100.0
20260922,513642,106,76.26
20260922,513683,21243,61.8
20260922,513687,1038,100.0
20260922,513693,8150,73.36
20260922,513699,28,96.55
20260922,513709,240,81.36
20260922,513713,18244,78.55
20260922,513721,29,100.0
20260922,513729,176,100.0
20260922,514010,518036,100.0
20260922,514028,7438,99.96
20260922,514030,5317,97.2
20260922,514036,43,100.0
20260922,514043,34497,53.49
20260922,514045,192,96.0
20260922,514060,116836,100.0
20260922,514087,202,85.59
20260922,514113,515,100.0
20260922,514138,23,85.19
20260922,514142,80013,95.62
20260922,514162,310115,51.82
20260922,514165,27128,86.19
20260922,514167,2553,74.78
20260922,514171,747,96.89
20260922,514175,31123,96.21
20260922,514183,6925,100.0
20260922,514197,7697,90.84
20260922,514211,51,100.0
20260922,514223,7531,100.0
20260922,514234,3070,93.88
20260922,514238,219,56.01
20260922,514240,4500,100.0
20260922,514260,1864,100.0
20260922,514264,2051,98.37
20260922,514266,389,77.96
20260922,514272,3951,93.78
20260922,514274,12371,58.39
20260922,514280,21,95.45
20260922,514286,2175,67.13
20260922,514300,684,94.48
20260922,514302,1183,100.0
20260922,514312,646,1.69
20260922,514316,1086,100.0
20260922,514318,1008,94.21
20260922,514324,972,89.92
20260922,514326,548,53.73
20260922,514330,2218,63.74
20260922,514332,3260,86.54
20260922,514336,12757,80.56
20260922,514354,5145,73.17
20260922,514360,178782,91.01
20260922,514378,1066,66.01
20260922,514386,346177,83.02
20260922,514400,2319,57.17
20260922,514402,23736,100.0
20260922,514414,1041,100.0
20260922,514418,588,89.63
20260922,514428,694,84.22
20260922,514440,32589,80.21
20260922,514442,5279,100.0
20260922,514448,947,54.9
20260922,514450,1775,100.0
20260922,514454,31,100.0
20260922,514470,51947,90.3
20260922,515008,51060,100.0
20260922,515018,756,99.87
20260922,515030,4492,62.92
20260922,515037,1668,61.64
20260922,515043,2042,58.06
20260922,515055,68248,50.11
20260922,515059,329,99.4
20260922,515085,7640,67.01
20260922,515093,46,100.0
20260922,515147,20474,100.0
20260922,516003,711,83.75
20260922,516016,244,99.59
20260922,516022,18,100.0
20260922,516030,5821,83.3
20260922,516032,451564,80.77
20260922,516038,2685,76.37
20260922,516062,20,100.0
20260922,516064,6869,61.04
20260922,516072,3350,40.42
20260922,516078,1483,100.0
20260922,516082,1811,76.25
20260922,516092,6895,14.33
20260922,516096,804,85.99
20260922,516098,1353,70.87
20260922,516106,3623,81.36
20260922,516108,2183,92.19
20260922,516110,56595,71.93
20260922,517015,2506,45.8
20260922,517035,49815,42.38
20260922,517041,1492,77.15
20260922,517059,3970,74.91
20260922,517063,8205,63.87
20260922,517096,4192,66.3
20260922,517119,60902,66.67
20260922,517146,59833,41.78
20260922,517168,917,81.37
20260922,517170,2693,77.5
20260922,517172,20,100.0
20260922,517174,74,59.2
20260922,517201,201,100.0
20260922,517206,188,62.25
20260922,517214,3461,99.97
20260922,517230,98,100.0
20260922,517236,12623,76.94
20260922,517238,120,100.0
20260922,517246,16690,100.0
20260922,517258,2397,100.0
20260922,517264,861,69.49
20260922,517271,132251,62.45
20260922,517273,835,77.31
20260922,517286,91819,100.0
20260922,517288,1457,100.0
20260922,517300,24730,72.53
20260922,517320,5823,100.0
20260922,517334,59583,36.41
20260922,517336,1400,100.0
20260922,517344,2232,65.26
20260922,517354,4003,60.73
20260922,517356,212388,100.0
20260922,517370,266,99.63
20260922,517372,1776,82.15
20260922,517380,1418,48.51
20260922,517385,1407,73.82
20260922,517393,360715,100.0
20260922,517397,558,75.92
20260922,517399,44990,92.03
20260922,517411,6,100.0
20260922,517415,1628,100.0
20260922,517417,36966,58.66
20260922,517421,695,74.25
20260922,517429,1439,99.1
20260922,517431,75809,96.62
20260922,517447,1029,77.43
20260922,517449,1551,86.55
20260922,517467,33930,42.4
20260922,517477,284,97.26
20260922,517494,2738,65.61
20260922,517498,119370,57.31
20260922,517500,39590,82.9
20260922,517506,1683,60.82
20260922,517514,5947,86.13
20260922,517522,2204,62.31
20260922,517530,7644,80.74
20260922,517536,1200,84.45
20260922,517544,2190,40.44
20260922,517546,4533,62.36
20260922,517554,1683255,100.0
20260922,517556,276878,85.71
20260922,517562,671,95.86
20260922,517569,5081,50.05
20260922,518011,2321,93.93
20260922,518053,5493,95.36
20260922,518075,1570,100.0
20260922,518091,144,56.25
20260922,519003,508,95.85
20260922,519031,1074,100.0
20260922,519091,43,55.13
20260922,519097,12147,100.0
20260922,519105,167594,64.43
20260922,519126,3226,74.5
20260922,519136,1273,77.15
20260922,519152,31,100.0
20260922,519156,2447,65.66
20260922,519174,462,100.0
20260922,519183,4021,65.21
20260922,519191,3264,100.0
20260922,519214,6446,100.0
20260922,519216,28420,85.06
20260922,519230,36703,67.51
20260922,519234,151,71.9
20260922,519238,851,100.0
20260922,519242,1710,100.0
20260922,519260,7500,100.0
20260922,519262,556,99.82
20260922,519279,30,100.0
20260922,519285,24,100.0
20260922,519287,16627,73.97
20260922,519295,3369,90.27
20260922,519299,3084,100.0
20260922,519307,139706,100.0
20260922,519331,2720,72.15
20260922,519353,300,100.0
20260922,519359,787,75.31
20260922,519367,2,100.0
20260922,519383,2822,97.92
20260922,519397,13287,50.88
20260922,519413,100,100.0
20260922,519421,1345,88.9
20260922,519457,203,99.51
20260922,519463,3314,85.24
20260922,519471,171,100.0
20260922,519475,532,100.0
20260922,519477,12706,54.28
20260922,519479,126,100.0
20260922,519483,133,99.25
20260922,519494,2,66.67
20260922,519500,3437,85.75
20260922,519528,15,100.0
20260922,519532,17,89.47
20260922,519552,8005,51.35
20260922,519566,190,86.76
20260922,519574,6116,87.09
20260922,519600,8423,65.94
20260922,519602,96641,54.74
20260922,519604,202,99.51
20260922,519606,223,100.0
20260922,519612,91,48.4
20260922,520008,13110,49.37
20260922,520021,1161,65.56
20260922,520043,4318,79.27
20260922,520051,41744,46.42
20260922,520056,513,76.91
20260922,520057,4838,88.75
20260922,520059,8635,64.68
20260922,520066,13161,30.4
20260922,520073,1694,50.27
20260922,520075,455,91.92
20260922,520081,200,100.0
20260922,520086,1070,100.0
20260922,520111,2286,68.0
20260922,520113,1809,72.68
20260922,520119,184,88.04
20260922,520121,19,100.0
20260922,520123,1307,99.09
20260922,520127,4022,100.0
20260922,520141,3136,99.94
20260922,520151,4500,100.0
20260922,520155,26,100.0
20260922,521005,1337037,40.08
20260922,521016,16339,67.63
20260922,521018,2555,76.25
20260922,521034,398,88.84
20260922,521036,406,100.0
20260922,521054,253,100.0
20260922,521062,19451,82.8
20260922,521064,173614,64.21
20260922,521068,1000,100.0
20260922,521070,1095462,63.63
20260922,521080,2351,80.99
20260922,521097,10,100.0
20260922,521105,1595,97.37
20260922,521109,3157,82.58
20260922,521113,43715,90.88
20260922,521131,100,50.0
20260922,521133,300,100.0
20260922,521137,5412,100.0
20260922,521141,1043,97.57
20260922,521149,777,87.11
20260922,521151,33,100.0
20260922,521163,528,98.14
20260922,521167,15051,100.0
20260922,521178,3672,62.93
20260922,521180,13408,100.0
20260922,521194,2,100.0
20260922,521200,511,100.0
20260922,521206,53125,85.76
20260922,521210,144,100.0
20260922,521216,810,77.51
20260922,521220,290,100.0
20260922,521228,98703,84.14
20260922,521232,100,100.0
20260922,521234,1,100.0
20260922,521238,23116,80.21
20260922,521240,115,65.71
20260922,521244,98,100.0
20260922,521246,36045,93.39
20260922,521248,22873,52.36
20260922,522001,4767,100.0
20260922,522004,4463,90.14
20260922,522005,9672,84.05
20260922,522014,2240,99.91
20260922,522017,2601,68.5
20260922,522027,307,98.71
20260922,522029,588,50.34
20260922,522034,3549,50.65
20260922,522064,153,96.23
20260922,522073,35,100.0
20260922,522074,24591,57.81
20260922,522091,3835,63.54
20260922,522101,78563,55.62
20260922,522105,59953,100.0
20260922,522108,722,61.19
20260922,522113,1657,85.68
20260922,522122,156,71.89
20260922,522134,8275,79.27
20260922,522152,1536,75.22
20260922,522163,49343,100.0
20260922,522165,5108,88.82
20260922,522183,585,98.65
20260922,522195,3458,66.91
20260922,522205,19521,53.93
20260922,522207,3498,92.93
20260922,522209,4955,99.88
20260922,522215,26117,61.75
20260922,522217,134,91.78
20260922,522229,68188,42.54
20260922,522231,11387,53.83
20260922,522235,1666,100.0
20260922,522237,927,100.0
20260922,522241,1508,54.01
20260922,522249,1756,60.18
20260922,522251,2273,81.73
20260922,522257,12406,100.0
20260922,522261,5142,48.8
20260922,522267,54,98.18
20260922,522273,839,88.69
20260922,522275,23477,52.58
20260922,522281,6427,47.66
20260922,522285,28901,56.75
20260922,522287,5456,60.95
20260922,522289,31690,87.95
20260922,522292,46327,100.0
20260922,522294,536,96.06
20260922,522295,632,76.98
20260922,522650,1395,66.94
20260922,523007,33520,79.55
20260922,523011,12,100.0
20260922,523019,45833,93.9
20260922,523021,10323,62.47
20260922,523023,2022,92.88
20260922,523025,965,63.07
20260922,523054,1,100.0
20260922,523100,2268,62.58
20260922,523105,30641487,100.0
20260922,523116,502,100.0
20260922,523120,2005,100.0
20260922,523127,410,99.76
20260922,523144,1124,100.0
20260922,523160,2133,57.35
20260922,523186,279,76.65
20260922,523204,5436,100.0
20260922,523207,10344,97.22
20260922,523222,7177,100.0
20260922,523229,26802,54.62
20260922,523232,2012,87.63
20260922,523242,23100,100.0
20260922,523248,2886,91.24
20260922,523260,1,100.0
20260922,523261,1711,62.54
20260922,523269,1415,89.33
20260922,523277,770589,65.11
20260922,523283,19,65.52
20260922,523289,854,66.1
20260922,523301,541,81.11
20260922,523309,8924,83.17
20260922,523319,8156,56.81
20260922,523323,330,67.21
20260922,523329,10,100.0
20260922,523367,1753,63.03
20260922,523369,7109,89.34
20260922,523371,9872,64.49
20260922,523373,561355,57.3
20260922,523384,91,100.0
20260922,523385,623,70.88
20260922,523387,247776,71.27
20260922,523395,291,82.67
20260922,523398,1120,53.41
20260922,523405,69553,64.25
20260922,523411,3179,100.0
20260922,523419,5766,76.66
20260922,523445,1355,46.52
20260922,523457,1310,72.74
20260922,523465,181,99.45
20260922,523467,168225,100.0
20260922,523475,627,78.87
20260922,523489,2800,99.86
20260922,523519,810,88.91
20260922,523537,2990,94.8
20260922,523539,45169,45.63
20260922,523550,2257,98.52
20260922,523558,26260,100.0
20260922,523566,507,75.45
20260922,523574,81,100.0
20260922,523586,12638,76.19
20260922,523594,5162,99.29
20260922,523598,57021,63.15
20260922,523606,4497,57.03
20260922,523610,5830,54.58
20260922,523618,1589,37.03
20260922,523620,580,100.0
20260922,523630,31663,50.26
20260922,523638,401,100.0
20260922,523642,16478,35.17
20260922,523648,1633,90.12
20260922,523650,8471,86.73
20260922,523660,5493,91.5
20260922,523672,19993,97.24
20260922,523676,1375,74.0
20260922,523694,4416,72.22
20260922,523696,4232,95.72
20260922,523704,2430,45.08
20260922,523708,1078,62.6
20260922,523710,36,100.0
20260922,523716,4950,49.13
20260922,523722,23578,97.92
20260922,523732,25584,72.3
20260922,523736,62,84.93
20260922,523752,120859,100.0
20260922,523754,3181,96.92
20260922,523782,7710,51.6
20260922,523790,100,100.0
20260922,523792,2205,100.0
20260922,523796,11929,100.0
20260922,523826,1092,78.73
20260922,523828,4232,100.0
20260922,523832,1109,91.73
20260922,523836,109,91.6
20260922,523838,2787,91.62
20260922,523840,159,99.38
20260922,523842,93554,100.0
20260922,523844,62,88.57
20260922,523850,131,72.38
20260922,523862,94,73.44
20260922,523874,12160,100.0
20260922,523888,2000,100.0
20260922,524000,13487,45.28
20260922,524019,232,51.21
20260922,524031,101,100.0
20260922,524037,1791,74.22
20260922,524038,4328,94.56
20260922,524051,520,52.21
20260922,524075,76,89.41
20260922,524080,33,89.19
20260922,524091,6099,75.3
20260922,524109,5133,53.69
20260922,524129,115,89.84
20260922,524136,2161,100.0
20260922,524156,3815,68.52
20260922,524164,82419,40.4
20260922,524174,91548,82.39
20260922,524200,8010,71.75
20260922,524202,10361,91.39
20260922,524204,3,100.0
20260922,524208,7107,49.91
20260922,524210,401,100.0
20260922,524212,10167,64.92
20260922,524218,15964,100.0
20260922,524226,13480,64.75
20260922,524230,44260,76.99
20260922,524238,506146,100.0
20260922,524280,23320,60.8
20260922,524288,540,100.0
20260922,524314,2444,99.92
20260922,524322,12184,83.2
20260922,524324,1543,100.0
20260922,524330,721,77.44
20260922,524332,25944,65.81
20260922,524336,8613,100.0
20260922,524342,2165,52.02
20260922,524348,8397,65.34
20260922,524370,92956,41.14
20260922,524372,12724,45.78
20260922,524394,5919,41.04
20260922,524396,1596,98.95
20260922,524400,105,91.3
20260922,524404,46632,43.18
20260922,524408,211,100.0
20260922,524412,2165,68.66
20260922,524414,3303,77.26
20260922,524434,6429,80.09
20260922,524440,3568,78.82
20260922,524444,10405370,59.57
20260922,524458,5677,94.98
20260922,524470,308865,46.85
20260922,524480,112,56.28
20260922,524488,12917,65.29
20260922,524494,3522,60.43
20260922,524500,20381,100.0
20260922,524502,1145,100.0
20260922,524506,1581,100.0
20260922,524514,2100,100.0
20260922,524516,44901,100.0
20260922,524518,562,99.82
20260922,524520,51260,43.71
20260922,524522,368,99.73
20260922,524534,531,85.51
20260922,524542,620,95.24
20260922,524548,45,97.83
20260922,524558,1331,78.94
20260922,524564,4024,100.0
20260922,524570,53,98.15
20260922,524572,734,86.25
20260922,524576,11821,76.44
20260922,524580,113,66.86
20260922,524582,3004,60.45
20260922,524592,36307,100.0
20260922,524594,738,87.23
20260922,524598,1608,100.0
20260922,524602,1748,82.1
20260922,524604,400,100.0
20260922,524606,1339,82.3
20260922,524614,17077,83.4
20260922,524622,17432,66.14
20260922,524624,1201,81.48
20260922,524628,1020,100.0
20260922,524632,198738,48.12
20260922,524634,627,74.2
20260922,524636,63782,100.0
20260922,524640,9863,100.0
20260922,524648,9276,100.0
20260922,524654,4169,100.0
20260922,524661,3193805,56.52
20260922,524663,12920,69.88
20260922,524667,5708,40.79
20260922,524669,110,88.71
20260922,524675,1912,99.43
20260922,524687,21769,76.77
20260922,524703,1008,89.84
20260922,524709,46227,80.29
20260922,524711,8315,99.98
20260922,524715,30983,65.57
20260922,524717,14163,83.68
20260922,524723,2014,100.0
20260922,524727,231,91.67
20260922,524731,1410,85.3
20260922,524735,16306,44.85
20260922,524742,7232,64.68
20260922,524743,57022,67.72
20260922,524748,3852,95.02
20260922,524752,10170,73.58
20260922,524768,1293,99.16
20260922,524774,293,47.72
20260922,524790,1179,76.16
20260922,524804,4711,49.49
20260922,524808,154,41.4
20260922,524816,24435,71.07
20260922,524818,29751,80.5
20260922,524820,5172,50.76
20260922,524824,2282,72.56
20260922,524828,41,95.35
20260922,526001,6558,88.51
20260922,526025,4501,100.0
20260922,526027,43890,70.04
20260922,526043,817,94.23
20260922,526071,1476,100.0
20260922,526073,212,100.0
20260922,526075,3782,100.0
20260922,526081,6861,100.0
20260922,526095,2614,100.0
20260922,526113,16,100.0
20260922,526115,816,99.88
20260922,526133,441,100.0
20260922,526137,1527,100.0
20260922,526139,8299,89.03
20260922,526143,3245,69.86
20260922,526159,2746,100.0
20260922,526161,25,100.0
20260922,526169,1280,70.8
20260922,526173,21113,74.23
20260922,526179,731,80.86
20260922,526187,6160,100.0
20260922,526193,4241,88.45
20260922,526211,1538,100.0
20260922,526227,172980,51.98
20260922,526231,24422,100.0
20260922,526237,1317,51.07
20260922,526241,6814,100.0
20260922,526247,3291,77.0
20260922,526251,104,100.0
20260922,526263,4851,100.0
20260922,526269,1331,57.05
20260922,526299,108028,91.9
20260922,526315,3075,100.0
20260922,526325,54,100.0
20260922,526331,50,100.0
20260922,526335,590,52.3
20260922,526345,7735,73.43
20260922,526355,1238,97.25
20260922,526365,12848,82.03
20260922,526367,672,74.42
20260922,526371,403654,60.73
20260922,526373,33,100.0
20260922,526381,7769,89.15
20260922,526397,515,100.0
20260922,526407,539,69.91
20260922,526409,40650,85.48
20260922,526415,312242,80.55
20260922,526423,2230,97.55
20260922,526433,16097,49.93
20260922,526435,1771,100.0
20260922,526439,100,100.0
20260922,526441,8276,100.0
20260922,526443,31057,63.15
20260922,526445,45933,100.0
20260922,526468,8428,100.0
20260922,526471,4716,67.11
20260922,526473,19151,95.79
20260922,526479,4450,82.32
20260922,526481,327,100.0
20260922,526488,29145,70.15
20260922,526490,138673,84.24
20260922,526492,15748,88.06
20260922,526494,2108,100.0
20260922,526500,1,100.0
20260922,526506,2228,100.0
20260922,526508,1485,53.38
20260922,526519,914,100.0
20260922,526525,398,79.44
20260922,526530,11026,100.0
20260922,526532,10,100.0
20260922,526544,12867,75.67
20260922,526546,5328,100.0
20260922,526550,1216,100.0
20260922,526554,368,100.0
20260922,526570,4004,65.39
20260922,526582,1202,85.86
20260922,526588,326,100.0
20260922,526596,76,84.44
20260922,526604,16032,100.0
20260922,526608,132,70.59
20260922,526612,577,59.0
20260922,526614,6429,100.0
20260922,526616,2421,90.47
20260922,526622,677871,75.5
20260922,526638,16047,79.2
20260922,526640,210,85.02
20260922,526642,3829,95.7
20260922,526650,2494456,65.13
20260922,526654,117,100.0
20260922,526662,2003,97.56
20260922,526666,138,79.31
20260922,526668,2604,72.07
20260922,526675,4838,84.51
20260922,526677,14691,97.27
20260922,526703,540,90.91
20260922,526705,165,95.38
20260922,526709,30187,74.22
20260922,526711,226,99.56
20260922,526717,13100,100.0
20260922,526721,221,83.08
20260922,526723,466,71.14
20260922,526725,103,98.1
20260922,526727,410,98.8
20260922,526729,12851,76.49
20260922,526731,405,68.07
20260922,526739,1622,85.28
20260922,526747,3550,79.14
20260922,526751,9,100.0
20260922,526755,11910,94.48
20260922,526761,958,93.92
20260922,526775,19591,81.42
20260922,526783,17,56.67
20260922,526797,4658,74.42
20260922,526807,1104,44.28
20260922,526813,1,100.0
20260922,526817,626,77.19
20260922,526821,147,100.0
20260922,526823,1,100.0
20260922,526827,9480,100.0
20260922,526829,61220,56.62
20260922,526839,2029,99.75
20260922,526841,409048,79.42
20260922,526847,328,67.63
20260922,526849,43,100.0
20260922,526851,2,100.0
20260922,526853,15595,100.0
20260922,526859,156123,100.0
20260922,526861,15660,89.43
20260922,526865,18,100.0
20260922,526869,2100,79.7
20260922,526871,1771,99.83
20260922,526873,1587,100.0
20260922,526881,52290,46.6
20260922,526885,1948,98.68
20260922,526887,333,100.0
20260922,526899,9354,87.44
20260922,526901,3528,96.9
20260922,526905,812,94.2
20260922,526921,81,100.0
20260922,526931,102,83.61
20260922,526935,5397937,74.05
20260922,526945,2,100.0
20260922,526947,6300,63.96
20260922,526951,1163,51.01
20260922,526953,971,55.49
20260922,526961,27009,80.25
20260922,526965,58,100.0
20260922,526967,180,100.0
20260922,526971,1293,100.0
20260922,526977,100,100.0
20260922,526981,160,100.0
20260922,526987,78713,86.55
20260922,527001,362573,96.87
20260922,527005,13468,67.1
20260922,530001,4961,70.67
20260922,530005,2430,52.38
20260922,530007,19542,56.32
20260922,530017,3539,64.11
20260922,530019,5497,46.93
20260922,530023,416,80.78
20260922,530025,2835,76.7
20260922,530037,1458,79.54
20260922,530043,150,37.78
20260922,530045,3525,12.33
20260922,530053,57207,98.13
20260922,530057,7912,100.0
20260922,530063,3267,100.0
20260922,530065,62,100.0
20260922,530067,571,90.35
20260922,530073,16801,77.37
20260922,530075,15103,35.21
20260922,530077,2908,69.95
20260922,530079,715,82.0
20260922,530109,84837,68.44
20260922,530111,1223,99.43
20260922,530117,581,41.26
20260922,530119,372,78.98
20260922,530125,998,82.41
20260922,530129,575,91.27
20260922,530133,313,100.0
20260922,530135,210053,37.97
20260922,530139,6224,100.0
20260922,530141,306,99.67
20260922,530145,45907,100.0
20260922,530163,4800,71.32
20260922,530167,3268,100.0
20260922,530169,2953,100.0
20260922,530171,2446,92.2
20260922,530175,14342,97.21
20260922,530177,3561,87.69
20260922,530179,443,100.0
20260922,530185,19556,65.8
20260922,530187,21105,100.0
20260922,530197,3721,100.0
20260922,530199,6554,85.35
20260922,530201,13790,100.0
20260922,530207,246,100.0
20260922,530213,4,100.0
20260922,530215,12190,91.65
20260922,530217,2928,92.72
20260922,530233,2624,59.76
20260922,530235,356,97.27
20260922,530239,5007,40.13
20260922,530245,0,0.0
20260922,530249,85551,80.17
20260922,530251,80383,100.0
20260922,530253,8753,100.0
20260922,530255,3671,100.0
20260922,530259,392,100.0
20260922,530263,185665,89.3
20260922,530265,1592,99.75
20260922,530267,11000,91.64
20260922,530271,103,100.0
20260922,530281,1416,100.0
20260922,530289,163,61.98
20260922,530299,245,100.0
20260922,530305,9739,49.08
20260922,530307,2778,90.87
20260922,530309,2934,88.72
20260922,530313,418,100.0
20260922,530315,321,71.02
20260922,530317,3189,79.21
20260922,530331,210,93.75
20260922,530341,51,100.0
20260922,530343,17364,46.13
20260922,530355,5681,55.69
20260922,530357,78105,87.08
20260922,530361,7099,100.0
20260922,530363,19095,50.41
20260922,530365,1107,86.01
20260922,530367,8328,26.59
20260922,530369,389,98.23
20260922,530377,8486,99.59
20260922,530393,762,100.0
20260922,530401,634,100.0
20260922,530405,7946,77.02
20260922,530407,2038,56.91
20260922,530419,5693,95.6
20260922,530421,72,100.0
20260922,530427,202,79.22
20260922,530429,208,99.05
20260922,530433,852,96.6
20260922,530439,951,100.0
20260922,530445,912,68.99
20260922,530449,175,97.77
20260922,530457,14778,58.55
20260922,530459,967,100.0
20260922,530461,34739,62.71
20260922,530469,3394,100.0
20260922,530475,1307,63.57
20260922,530477,70524,53.66
20260922,530495,1165,100.0
20260922,530499,324,93.37
20260922,530517,15724,61.31
20260922,530521,403,62.29
20260922,530525,365636,100.0
20260922,530547,2640,100.0
20260922,530549,29338,50.0
20260922,530555,56446,67.53
20260922,530557,844832,100.0
20260922,530565,8102,100.0
20260922,530571,63,100.0
20260922,530577,326,100.0
20260922,530579,3813,100.0
20260922,530581,210,100.0
20260922,530585,5358,100.0
20260922,530589,4305,94.04
20260922,530595,26697,100.0
20260922,530601,183,90.15
20260922,530615,13353,100.0
20260922,530617,62127,87.87
20260922,530621,2128,100.0
20260922,530627,3781,57.75
20260922,530643,1350,61.09
20260922,530655,37808,58.86
20260922,530663,20345,99.51
20260922,530665,15086,63.26
20260922,530675,111,100.0
20260922,530677,1022,99.03
20260922,530689,6663,75.28
20260922,530695,3624,85.09
20260922,530697,3709,54.61
20260922,530699,855,100.0
20260922,530705,30,100.0
20260922,530709,553,100.0
20260922,530711,2292,99.31
20260922,530723,146,100.0
20260922,530735,1102,99.91
20260922,530741,4897,100.0
20260922,530745,80835,100.0
20260922,530747,282,68.95
20260922,530759,3170,100.0
20260922,530765,500,100.0
20260922,530779,4,100.0
20260922,530789,100,100.0
20260922,530799,144,96.64
20260922,530803,13796,38.7
20260922,530805,29333,82.6
20260922,530809,139,95.86
20260922,530813,4417,45.43
20260922,530821,1194,100.0
20260922,530825,3277,100.0
20260922,530829,1737,65.28
20260922,530839,2469,100.0
20260922,530843,1382809,39.81
20260922,530845,431,75.75
20260922,530853,3020,100.0
20260922,530871,1597,76.89
20260922,530879,101558,56.34
20260922,530881,113613,77.88
20260922,530883,49775,100.0
20260922,530889,518,100.0
20260922,530897,1137,94.75
20260922,530907,7641,100.0
20260922,530919,14793,82.7
20260922,530925,406,66.56
20260922,530943,40791,90.05
20260922,530951,3152,66.79
20260922,530953,1644,99.94
20260922,530959,280,96.55
20260922,530961,357831,72.37
20260922,530965,297359,49.81
20260922,530973,787,100.0
20260922,530977,2948,93.2
20260922,530979,1852,94.78
20260922,530991,926,79.69
20260922,530993,1040,97.65
20260922,530997,1507,80.85
20260922,530999,3003,55.91
20260922,531015,3977,92.68
20260922,531017,1143,81.64
20260922,531025,782851,80.06
20260922,531027,3,100.0
20260922,531033,200007,100.0
20260922,531035,78406,100.0
20260922,531041,97,49.24
20260922,531043,100,100.0
20260922,531049,1398,100.0
20260922,531067,13909,96.37
20260922,531069,151,100.0
20260922,531082,10134,61.04
20260922,531083,5139,97.9
20260922,531091,14,100.0
20260922,531092,3226,84.1
20260922,531099,329636,100.0
20260922,531109,11,100.0
20260922,531112,15682,56.29
20260922,531119,526,100.0
20260922,531120,207342,40.09
20260922,531126,77232,87.51
20260922,531127,7584,100.0
20260922,531129,1013,92.34
20260922,531137,41096,62.08
20260922,531144,6573,91.11
20260922,531146,3111,100.0
20260922,531147,3516,81.31
20260922,531153,38066,64.7
20260922,531156,5427,100.0
20260922,531157,38172,78.56
20260922,531158,1027,85.58
20260922,531162,85726,52.77
20260922,531163,496,100.0
20260922,531168,1,50.0
20260922,531169,2147,92.22
20260922,531173,240687,99.45
20260922,531176,6104,68.35
20260922,531178,1019,99.8
20260922,531179,868,73.31
20260922,531191,1084,99.09
20260922,531201,431,57.16
20260922,531205,1378711,69.51
20260922,531209,296,95.48
20260922,531210,1004,100.0
20260922,531212,305,70.77
20260922,531213,544411,87.89
20260922,531215,1685,75.66
20260922,531216,42727,74.66
20260922,531221,118,99.16
20260922,531223,6120,91.8
20260922,531225,356,87.47
20260922,531227,502,100.0
20260922,531228,3,100.0
20260922,531233,18975,89.87
20260922,531234,329,100.0
20260922,531235,1,100.0
20260922,531237,3137,100.0
20260922,531241,303,92.1
20260922,531246,313,100.0
20260922,531253,800,90.6
20260922,531254,128628,61.41
20260922,531255,109,100.0
20260922,531257,18094,100.0
20260922,531259,467649,100.0
20260922,531262,4,100.0
20260922,531266,246,40.66
20260922,531268,18216,56.47
20260922,531272,208,100.0
20260922,531273,68400,77.8
20260922,531274,778,100.0
20260922,531278,98,90.74
20260922,531279,12979,100.0
20260922,531280,6367,100.0
20260922,531281,5951,100.0
20260922,531283,1,100.0
20260922,531287,662,79.76
20260922,531289,63540,100.0
20260922,531297,5597,91.8
20260922,531301,10,100.0
20260922,531306,1391,84.15
20260922,531307,4918,70.58
20260922,531310,120,65.93
20260922,531319,1909,88.01
20260922,531322,6621,98.51
20260922,531324,177,98.33
20260922,531328,3745559,78.32
20260922,531334,562,52.33
20260922,531335,5318,49.42
20260922,531338,5,100.0
20260922,531340,1,100.0
20260922,531341,782,99.49
20260922,531344,315182,83.04
20260922,531346,1178,85.49
20260922,531349,1865,45.78
20260922,531352,1,100.0
20260922,531357,59077,72.75
20260922,531358,5357,67.44
20260922,531359,570,97.1
20260922,531360,76,100.0
20260922,531364,3211,98.71
20260922,531370,8585,60.52
20260922,531373,6320,99.87
20260922,531380,83,100.0
20260922,531381,27,69.23
20260922,531387,1587,100.0
20260922,531390,165822,89.57
20260922,531395,660651,100.0
20260922,531396,36,100.0
20260922,531398,194,48.87
20260922,531399,12712,81.85
20260922,531400,28017,81.14
20260922,531402,663,72.62
20260922,531406,16935,100.0
20260922,531411,2187279,32.62
20260922,531412,45,100.0
20260922,531413,200,100.0
20260922,531416,2568,99.04
20260922,531417,33343,83.63
20260922,531420,22,100.0
20260922,531426,9652,61.07
20260922,531431,10916,44.9
20260922,531433,2079,76.89
20260922,531436,1130,81.94
20260922,531437,1422,55.5
20260922,531439,8087,100.0
20260922,531449,128442,39.4
20260922,531453,333,97.65
20260922,531454,2501,99.84
20260922,531456,2587,89.92
20260922,531458,69640,100.0
20260922,531460,451,100.0
20260922,531463,20,100.0
20260922,531465,91871,100.0
20260922,531471,6112,100.0
20260922,531472,1363,98.55
20260922,531486,115133,99.94
20260922,531489,1591,86.8
20260922,531494,388050,95.55
20260922,531495,260,100.0
20260922,531497,3002,84.97
20260922,531500,31471,100.0
20260922,531502,831248,59.09
20260922,531503,7652,97.75
20260922,531508,5027,68.41
20260922,531512,492456,81.39
20260922,531515,1077,100.0
20260922,531518,227698,100.0
20260922,531525,27589,100.0
20260922,531529,1217,100.0
20260922,531530,4564,69.62
20260922,531531,2435,62.28
20260922,531533,928,76.95
20260922,531537,8295,100.0
20260922,531539,209,83.6
20260922,531540,12391,68.02
20260922,531541,1157,100.0
20260922,531543,245596,41.51
20260922,531548,4907,73.05
20260922,531550,1918,75.51
20260922,531552,161,72.85
20260922,531553,1766,100.0
20260922,531556,104,100.0
20260922,531557,24,100.0
20260922,531569,6615,85.96
20260922,531572,27,100.0
20260922,531574,865,100.0
20260922,531578,35,100.0
20260922,531582,290,74.36
20260922,531583,5513,82.83
20260922,531585,613,100.0
20260922,531591,4097,97.57
20260922,531592,327540,67.89
20260922,531594,15,100.0
20260922,531595,19478,46.84
20260922,531599,6854,65.8
20260922,531600,1020,100.0
20260922,531608,10,62.5
20260922,531609,1,100.0
20260922,531613,255,100.0
20260922,531624,1097,100.0
20260922,531626,162048,88.08
20260922,531628,6422,100.0
20260922,531633,512,61.84
20260922,531635,243,100.0
20260922,531637,7633,85.62
20260922,531638,1,16.67
20260922,531642,8116,70.68
20260922,531644,944,99.16
20260922,531651,4,100.0
20260922,531652,35466,91.25
20260922,531658,11100,86.98
20260922,531661,9892,100.0
20260922,531663,82864,68.73
20260922,531667,46725,100.0
20260922,531668,4594,100.0
20260922,531671,67949,82.14
20260922,531673,404172,99.98
20260922,531676,313,100.0
20260922,531680,31746,100.0
20260922,531681,28591,100.0
20260922,531688,126,98.44
20260922,531692,1630,100.0
20260922,531694,3777,75.04
20260922,531716,22260,100.0
20260922,531717,3503,89.89
20260922,531719,1319,38.09
20260922,531723,15785112,100.0
20260922,531726,1158,53.19
20260922,531727,12258,100.0
20260922,531737,134607,91.79
20260922,531739,90703,80.9
20260922,531744,1075,97.55
20260922,531746,1003,90.85
20260922,531752,1717588,65.84
20260922,531758,2210,87.98
20260922,531761,5883,75.72
20260922,531762,3720,100.0
20260922,531768,1099,55.9
20260922,531769,10631,78.39
20260922,531771,1066,92.53
20260922,531778,930,99.36
20260922,531779,14,100.0
20260922,531780,24085,74.34
20260922,531784,294117,82.37
20260922,531795,955,67.3
20260922,531802,13513,71.5
20260922,531810,142,100.0
20260922,531812,19995,99.97
20260922,531814,2720,56.7
20260922,531832,487,100.0
20260922,531834,210,100.0
20260922,531840,40886,61.54
20260922,531841,1873,100.0
20260922,531842,960,89.22
20260922,531845,14458,93.49
20260922,531846,1,100.0
20260922,531847,286,59.96
20260922,531859,55441,69.08
20260922,531861,714,95.84
20260922,531862,7597,95.45
20260922,531867,2949,100.0
20260922,531869,42799,87.13
20260922,531870,70,100.0
20260922,531878,408,100.0
20260922,531888,1711,53.69
20260922,531889,113171,74.65
20260922,531892,1720,64.86
20260922,531893,539696,85.8
20260922,531900,1179,92.11
20260922,531902,48,100.0
20260922,531909,24022,100.0
20260922,531910,10516,100.0
20260922,531911,313,100.0
20260922,531913,4376,98.71
20260922,531921,612,65.67
20260922,531923,10526,56.97
20260922,531925,1376,100.0
20260922,531930,953,98.96
20260922,531931,3,75.0
20260922,531944,51,100.0
20260922,531950,11636,62.85
20260922,531952,2045,100.0
20260922,531959,156961,49.05
20260922,531962,324,68.35
20260922,531968,100,100.0
20260922,531971,1445,100.0
20260922,531977,159521,100.0
20260922,531978,740,87.06
20260922,531979,1046,98.49
20260922,531982,43091,99.52
20260922,531989,1525,100.0
20260922,531991,40593,87.64
20260922,531994,33,100.0
20260922,531996,2857,97.64
20260922,531997,223112,100.0
20260922,532001,83,100.0
20260922,532005,64,100.0
20260922,532011,16438,97.72
20260922,532015,29006,75.0
20260922,532016,69,100.0
20260922,532019,778,100.0
20260922,532022,561797,100.0
20260922,532029,39514,72.48
20260922,532039,7638,89.83
20260922,532041,2982,100.0
20260922,532042,131,99.24
20260922,532051,115,92.0
20260922,532053,64,94.12
20260922,532054,989,59.72
20260922,532056,601,99.01
20260922,532057,105,96.33
20260922,532067,766,76.68
20260922,532070,80322,58.3
20260922,532078,84,100.0
20260922,532090,27390,80.85
20260922,532092,103971,92.66
20260922,532100,1323,92.97
20260922,532102,1126,99.91
20260922,532113,215,100.0
20260922,532123,45247,77.4
20260922,532124,1212,100.0
20260922,532131,15,100.0
20260922,532134,83522,47.76
20260922,532140,21986,99.76
20260922,532141,1490,90.08
20260922,532143,20310,66.9
20260922,532144,28533,49.45
20260922,532145,743,71.58
20260922,532149,92781,59.76
20260922,532150,5574,71.74
20260922,532154,1002477,77.3
20260922,532155,110440,53.75
20260922,532156,6961,74.1
20260922,532159,709,99.3
20260922,532160,5341,62.4
20260922,532162,6010,53.77
20260922,532163,12373,41.71
20260922,532167,1989,93.73
20260922,532172,32567,74.36
20260922,532173,970,100.0
20260922,532174,48492,59.27
20260922,532175,8725,42.95
20260922,532178,343064,33.4
20260922,532180,21710,75.95
20260922,532181,20471,56.93
20260922,532183,24646,67.96
20260922,532187,14622,55.48
20260922,532189,63167,51.02
20260922,532209,44131,57.72
20260922,532210,66247,49.77
20260922,532212,1213,60.44
20260922,532215,27445,58.93
20260922,532216,326,97.6
20260922,532217,296,100.0
20260922,532218,291132,64.87
20260922,532219,704,97.24
20260922,532221,53890,50.82
20260922,532230,48,100.0
20260922,532234,69597,50.09
20260922,532240,2646,70.32
20260922,532256,84,81.55
20260922,532259,30080,84.38
20260922,532262,2,100.0
20260922,532268,923,88.41
20260922,532271,46568,87.5
20260922,532275,90958,76.58
20260922,532281,29127,30.26
20260922,532284,1267,62.75
20260922,532285,8821,75.85
20260922,532286,16120,51.68
20260922,532290,7314,71.1
20260922,532296,4721,54.2
20260922,532300,36354,42.48
20260922,532303,4119,100.0
20260922,532304,171,98.28
20260922,532305,136562,61.13
20260922,532309,13979,55.37
20260922,532310,1175,76.15
20260922,532313,2323,72.71
20260922,532315,3377,75.28
20260922,532320,2498,64.68
20260922,532321,95871,73.69
20260922,532323,19305,95.04
20260922,532324,49122,58.78
20260922,532326,7395,90.64
20260922,532329,2764,100.0
20260922,532331,701,43.89
20260922,532333,4,100.0
20260922,532334,183,99.46
20260922,532335,2550,100.0
20260922,532339,2311,91.67
20260922,532341,5887,48.94
20260922,532343,3359,51.72
20260922,532348,376862,64.39
20260922,532349,1267,66.75
20260922,532350,5412,100.0
20260922,532351,37254,100.0
20260922,532354,71578,100.0
20260922,532355,6803,69.14
20260922,532356,10476,37.32
20260922,532357,39,100.0
20260922,532359,25647,89.15
20260922,532362,1387,85.56
20260922,532365,2226,74.57
20260922,532366,13573,51.75
20260922,532368,435288,49.68
20260922,532369,2203,77.84
20260922,532370,8455,92.28
20260922,532371,96591,52.9
20260922,532372,6034,71.49
20260922,532373,2883,89.79
20260922,532374,85086,100.0
20260922,532375,3370,61.34
20260922,532376,115,89.84
20260922,532378,239,100.0
20260922,532379,66581,100.0
20260922,532380,8966,60.82
20260922,532382,3731,79.74
20260922,532384,32335,54.75
20260922,532386,49893,100.0
20260922,532387,54,87.1
20260922,532388,123525,69.3
20260922,532390,3113,57.84
20260922,532392,1023,96.97
20260922,532395,9323,62.28
20260922,532397,25,100.0
20260922,532398,622,100.0
20260922,532400,35434,61.37
20260922,532402,9785,69.6
20260922,532404,3822,94.3
20260922,532406,71538,60.9
20260922,532407,60818,47.93
20260922,532408,41501,100.0
20260922,532410,830,98.46
20260922,532416,4464,88.94
20260922,532419,1583,100.0
20260922,532424,105596,92.18
20260922,532425,28886,100.0
20260922,532430,698,72.41
20260922,532432,4200,52.86
20260922,532435,15473,100.0
20260922,532439,11569,41.22
20260922,532440,721,94.5
20260922,532443,157,73.36
20260922,532444,370,64.91
20260922,532454,103240,71.1
20260922,532455,3449,100.0
20260922,532456,41591,100.0
20260922,532457,4817,68.75
20260922,532460,776,69.1
20260922,532461,207002,53.34
20260922,532466,4025,36.8
20260922,532467,77713,65.52
20260922,532468,771,81.67
20260922,532470,1,100.0
20260922,532475,5628,73.19
20260922,532477,29563,30.81
20260922,532478,4922,70.06
20260922,532481,26882,96.0
20260922,532482,60161,72.95
20260922,532483,131578,56.41
20260922,532485,14312,77.94
20260922,532486,2100,63.46
20260922,532488,2905,52.27
20260922,532493,5204,62.53
20260922,532497,3188,54.1
20260922,532500,12561,61.39
20260922,532503,285,93.44
20260922,532504,1226,43.72
20260922,532505,130977,61.06
20260922,532507,8001,97.3
20260922,532508,6975,50.43
20260922,532509,1444,62.13
20260922,532513,1673,91.52
20260922,532514,569924,89.41
20260922,532515,1546,92.35
20260922,532521,133,100.0
20260922,532522,28933,64.71
20260922,532523,41878,57.61
20260922,532524,60495,64.58
20260922,532525,76424,35.24
20260922,532527,8387,39.85
20260922,532528,7339,64.98
20260922,532529,6292,85.11
20260922,532531,15184,53.7
20260922,532538,22742,86.76
20260922,532539,60648,79.44
20260922,532540,141464,58.67
20260922,532541,14976,42.59
20260922,532543,10732,100.0
20260922,532548,10234,81.16
20260922,532553,9323,57.75
20260922,532555,430241,87.91
20260922,532604,18803,36.66
20260922,532605,19030,48.28
20260922,532610,134167,51.81
20260922,532612,2261,42.1
20260922,532613,1390,86.01
20260922,532614,2000,100.0
20260922,532616,10124,92.14
20260922,532626,30257,63.34
20260922,532627,2877407,45.88
20260922,532628,92624,100.0
20260922,532629,195,100.0
20260922,532630,141710,94.43
20260922,532633,220,42.47
20260922,532636,44971,54.3
20260922,532637,8157,89.31
20260922,532638,808,32.06
20260922,532640,6624,100.0
20260922,532641,50429,94.83
20260922,532642,177,75.0
20260922,532644,335,56.88
20260922,532645,961,100.0
20260922,532648,1125533,69.43
20260922,532649,40087,96.53
20260922,532650,66275,73.64
20260922,532651,10,76.92
20260922,532652,62822,56.79
20260922,532654,53945,73.66
20260922,532656,281163,64.91
20260922,532660,13329,100.0
20260922,532661,1237,66.19
20260922,532662,1305,98.19
20260922,532663,2645,75.1
20260922,532666,362278,60.39
20260922,532667,2017178,52.62
20260922,532668,11949,81.55
20260922,532670,192749,54.11
20260922,532673,7252,91.45
20260922,532674,2680,100.0
20260922,532676,521,100.0
20260922,532683,538,53.64
20260922,532684,7190,77.7
20260922,532686,6272,56.81
20260922,532687,281,100.0
20260922,532689,7087,43.48
20260922,532694,13183,77.03
20260922,532695,2312,91.35
20260922,532698,1277,73.64
20260922,532699,490,92.45
20260922,532700,80,100.0
20260922,532701,33472,100.0
20260922,532705,5341,76.55
20260922,532707,642,99.23
20260922,532708,211046,100.0
20260922,532710,8616,78.18
20260922,532712,471653,100.0
20260922,532713,227451,91.78
20260922,532714,75537,63.11
20260922,532716,953,100.0
20260922,532717,708,70.8
20260922,532719,17191,78.92
20260922,532720,15355,56.2
20260922,532721,7256,99.99
20260922,532722,22341,66.35
20260922,532723,500,100.0
20260922,532725,12354,26.77
20260922,532726,12565,45.52
20260922,532728,118,100.0
20260922,532729,2851,64.28
20260922,532730,9539,68.52
20260922,532732,1351,80.85
20260922,532733,66076,43.48
20260922,532734,29958,49.8
20260922,532735,2341,79.49
20260922,532737,3470,38.02
20260922,532738,31002,100.0
20260922,532740,3617,85.39
20260922,532741,68774,65.12
20260922,532742,558,63.92
20260922,532744,580,100.0
20260922,532748,31157,39.89
20260922,532749,330664,56.25
20260922,532754,204543,57.05
20260922,532755,6668,35.01
20260922,532756,8163,53.69
20260922,532757,200,41.75
20260922,532759,8433,87.36
20260922,532761,6522,66.65
20260922,532762,8989,58.83
20260922,532764,1,100.0
20260922,532767,127224,61.57
20260922,532768,2132,60.41
20260922,532771,6630,99.95
20260922,532772,9010,48.15
20260922,532773,165,95.38
20260922,532774,116,100.0
20260922,532775,1312589,40.32
20260922,532776,17966,76.3
20260922,532777,10667,37.55
20260922,532779,6659,63.24
20260922,532780,4588,100.0
20260922,532782,1336,100.0
20260922,532783,16748,51.61
20260922,532784,2747,46.97
20260922,532785,724,99.18
20260922,532790,19991,46.82
20260922,532794,208813,57.8
20260922,532795,101706,100.0
20260922,532796,6474,52.81
20260922,532797,7033,52.62
20260922,532798,87478,56.4
20260922,532799,1968,60.5
20260922,532801,1951,100.0
20260922,532804,1074,53.22
20260922,532805,562823,78.3
20260922,532806,15502,100.0
20260922,532807,584,51.36
20260922,532808,5260,44.8
20260922,532809,17462,43.94
20260922,532810,437987,65.4
20260922,532811,594,54.9
20260922,532814,11949,71.53
20260922,532815,34550,46.34
20260922,532817,4700,99.94
20260922,532820,3828,52.39
20260922,532822,9946960,43.07
20260922,532825,14937,100.0
20260922,532826,6074,100.0
20260922,532827,11543,86.22
20260922,532828,23444,100.0
20260922,532829,1587,15.68
20260922,532830,6981,56.92
20260922,532832,213984,54.48
20260922,532834,15805,56.44
20260922,532835,15290,98.8
20260922,532839,130285,82.98
20260922,532841,700,86.0
20260922,532842,11989,44.99
20260922,532843,12570,46.44
20260922,532845,2444,93.78
20260922,532847,23506,98.27
20260922,532848,85636,50.88
20260922,532850,41345,100.0
20260922,532851,1873,91.37
20260922,532853,969,100.0
20260922,532855,332,99.7
20260922,532856,28519,36.73
20260922,532859,1208,93.07
20260922,532864,1065,86.44
20260922,532867,21205,59.77
20260922,532868,521362,92.58
20260922,532869,622,94.1
20260922,532870,20495,100.0
20260922,532872,43450,52.55
20260922,532873,6631,100.0
20260922,532875,1079,45.37
20260922,532878,745,71.77
20260922,532880,20025,38.62
20260922,532884,29739,53.89
20260922,532885,205128,64.34
20260922,532887,30816,100.0
20260922,532888,44035,72.64
20260922,532889,101148,96.85
20260922,532890,41230,86.61
20260922,532891,22115,58.41
20260922,532892,48499,61.8
20260922,532893,51351,95.22
20260922,532894,29300,88.23
20260922,532895,2094,95.4
20260922,532898,487032,79.36
20260922,532899,1128,63.51
20260922,532900,292221,48.46
20260922,532902,21919,96.01
20260922,532904,100,100.0
20260922,532906,29116,90.9
20260922,532907,6142,100.0
20260922,532911,128046,100.0
20260922,532915,16896,58.72
20260922,532916,4694,88.82
20260922,532918,5055,76.88
20260922,532921,37396,50.0
20260922,532922,346624,46.35
20260922,532923,13640,59.8
20260922,532924,2694,76.02
20260922,532925,11,100.0
20260922,532926,17666,66.65
20260922,532927,2600,45.11
20260922,532928,58851,57.7
20260922,532929,6534,51.99
20260922,532930,6132,100.0
20260922,532931,3950,100.0
20260922,532932,2815,96.54
20260922,532933,2122,84.58
20260922,532934,465,100.0
20260922,532935,2274,100.0
20260922,532937,11859,65.64
20260922,532939,1194114,55.91
20260922,532940,1284,72.09
20260922,532941,14047,61.73
20260922,532942,74600,72.88
20260922,532944,7749,100.0
20260922,532945,312896,62.15
20260922,532946,4236,52.04
20260922,532947,854543,59.92
20260922,532951,16074,70.33
20260922,532952,9,100.0
20260922,532953,11217,63.52
20260922,532955,401815,84.66
20260922,532957,2248,94.22
20260922,532966,7306,46.0
20260922,532967,11813,64.5
20260922,532974,1936,94.3
20260922,532975,23718,100.0
20260922,532976,12672,60.28
20260922,532977,5288,67.8
20260922,532978,7514,47.25
20260922,532980,15129,97.75
20260922,532983,239,76.11
20260922,532985,6977,97.13
20260922,532986,2947,99.09
20260922,532989,2657,100.0
20260922,532992,103,100.0
20260922,532993,365,91.94
20260922,532994,2933,81.7
20260922,532998,100,90.91
20260922,533001,3,100.0
20260922,533006,56345,100.0
20260922,533007,108891,100.0
20260922,533012,12743,84.23
20260922,533014,224,98.68
20260922,533022,4267,47.88
20260922,533023,104167,95.83
20260922,533029,10348,63.02
20260922,533033,101832,98.27
20260922,533047,847,50.36
20260922,533048,279613,100.0
20260922,533056,19489,70.46
20260922,533080,2254,76.33
20260922,533088,2740,81.72
20260922,533090,613278,57.59
20260922,533093,325,74.03
20260922,533095,51,96.23
20260922,533096,666290,55.82
20260922,533098,671510,72.31
20260922,533100,1565,100.0
20260922,533104,2708,72.48
20260922,533106,111899,64.74
20260922,533107,2209,100.0
20260922,533108,685,100.0
20260922,533121,757,71.48
20260922,533122,787579,60.45
20260922,533137,8369,70.67
20260922,533138,26915,42.42
20260922,533146,6545,86.11
20260922,533148,715651,97.35
20260922,533149,703,100.0
20260922,533150,7605,43.46
20260922,533151,1680,79.17
20260922,533152,2619,100.0
20260922,533155,15924,39.26
20260922,533156,21362,71.91
20260922,533158,2033,60.67
20260922,533160,50863,58.53
20260922,533161,752,100.0
20260922,533162,58444,52.54
20260922,533164,15555,66.24
20260922,533166,25508,43.91
20260922,533167,24218,72.21
20260922,533168,2223,98.71
20260922,533169,19489,64.66
20260922,533170,1980,100.0
20260922,533172,1075,95.13
20260922,533177,17566,100.0
20260922,533179,17960,55.62
20260922,533181,25694,73.39
20260922,533192,3301,100.0
20260922,533193,6327,52.26
20260922,533202,116903,95.8
20260922,533203,2286,96.46
20260922,533206,283392,65.38
20260922,533208,1877,100.0
20260922,533210,1045,100.0
20260922,533212,33436,97.76
20260922,533217,13,100.0
20260922,533218,721,100.0
20260922,533227,150,100.0
20260922,533229,5573,62.16
20260922,533230,36844,58.59
20260922,533239,21000,73.16
20260922,533244,122211,65.6
20260922,533248,172036,82.5
20260922,533252,22,100.0
20260922,533257,11624,60.38
20260922,533259,6,54.55
20260922,533260,4040,81.4
20260922,533262,845,58.64
20260922,533263,192430,58.2
20260922,533267,2070,94.22
20260922,533268,979,100.0
20260922,533269,5500,50.97
20260922,533270,277,99.64
20260922,533271,92784,83.94
20260922,533272,42539,55.67
20260922,533273,4651,51.94
20260922,533274,301298,98.91
20260922,533275,169042,87.53
20260922,533278,272984,44.05
20260922,533282,6791,58.77
20260922,533284,1369,92.94
20260922,533285,18524,54.42
20260922,533286,7819,45.69
20260922,533287,63956,91.61
20260922,533289,2748,100.0
20260922,533292,12922,75.93
20260922,533293,4919,52.54
20260922,533294,42034,52.18
20260922,533295,32746,53.06
20260922,533296,26508,81.82
20260922,533298,1900,91.21
20260922,533301,25644,100.0
20260922,533302,7,25.93
20260922,533303,317,100.0
20260922,533306,125,89.93
20260922,533316,236,68.8
20260922,533326,206838,67.23
20260922,533329,3134,92.8
20260922,533333,572008,46.55
20260922,533336,109,90.83
20260922,533339,14499,48.47
20260922,533343,235,100.0
20260922,533344,26900,93.26
20260922,533385,36985,53.13
20260922,533398,11546,58.56
20260922,533407,7992,100.0
20260922,533408,4518,72.33
20260922,533427,8759,68.78
20260922,533451,5,100.0
20260922,533452,6062,100.0
20260922,533470,16929,65.88
20260922,533482,321,99.38
20260922,533506,90510,58.62
20260922,533519,65304,55.08
20260922,533520,554900,65.01
20260922,533540,4216,83.92
20260922,533543,4494,99.03
20260922,533552,3521,77.81
20260922,533553,35502,40.51
20260922,533570,11472,40.5
20260922,533573,3664,53.39
20260922,533576,3110,99.9
20260922,533581,31344,53.3
20260922,533602,88306,78.17
20260922,533608,2046,64.99
20260922,533629,26829,100.0
20260922,533632,727,100.0
20260922,533638,57607,100.0
20260922,533644,5572,82.95
20260922,533655,10425,53.32
20260922,533676,57025,60.46
20260922,533704,13513,88.37
20260922,533719,5707,90.72
20260922,533758,3151,53.56
20260922,533761,14334,72.67
20260922,533896,349,100.0
20260922,533941,840,60.13
20260922,533982,2376,89.09
20260922,534060,333597,68.38
20260922,534064,387863,100.0
20260922,534076,129577,38.93
20260922,534091,22819,40.06
20260922,534139,3423,45.57
20260922,534190,91,100.0
20260922,534309,83556,61.61
20260922,534312,672,100.0
20260922,534328,3,100.0
20260922,534369,42543,83.61
20260922,534392,4470,65.69
20260922,534422,10534,100.0
20260922,534425,1908,100.0
20260922,534532,4036,98.78
20260922,534535,1858531,100.0
20260922,534597,48000,61.35
20260922,534598,3097,96.33
20260922,534600,53409,49.35
20260922,534612,12505,95.27
20260922,534615,11674,100.0
20260922,534618,8318,40.6
20260922,534623,10152,83.73
20260922,534674,756187,76.72
20260922,534675,5327,79.24
20260922,534680,92053,96.58
20260922,534691,2649,89.43
20260922,534708,15000,71.43
20260922,534732,966,84.0
20260922,534733,891219,100.0
20260922,534741,63677,100.0
20260922,534742,2358,90.73
20260922,534748,137446,66.9
20260922,534755,131499,100.0
20260922,534796,5250,100.0
20260922,534804,1900,69.47
20260922,534809,10024207,39.8
20260922,534816,31381,47.16
20260922,534920,2750,100.0
20260922,534976,457,51.64
20260922,535136,6629,79.46
20260922,535204,21639,100.0
20260922,535205,5619,58.46
20260922,535267,31366,89.36
20260922,535276,2133,54.99
20260922,535322,165,30.22
20260922,535387,548,50.05
20260922,535431,68732,93.22
20260922,535458,9762,93.77
20260922,535514,3000,100.0
20260922,535566,652,70.41
20260922,535601,1517,100.0
20260922,535602,9385,68.1
20260922,535620,57,100.0
20260922,535621,616,86.88
20260922,535648,1582,37.96
20260922,535657,2554,92.74
20260922,535667,72,100.0
20260922,535693,1276,98.76
20260922,535719,25644,61.97
20260922,535730,404902,79.76
20260922,535754,5862,73.78
20260922,535755,95192,56.45
20260922,535789,43511,44.85
20260922,535910,40817,100.0
20260922,535916,5667,86.76
20260922,535958,526400,33.83
20260922,536073,75449,79.72
20260922,536264,4488,86.41
20260922,536493,193,70.44
20260922,536507,931,100.0
20260922,536565,2700,77.76
20260922,536659,251353,56.66
20260922,536672,14974,95.13
20260922,536709,12343,100.0
20260922,536737,1200,100.0
20260922,536738,18000,75.0
20260922,536773,131,98.5
20260922,536846,305,86.4
20260922,536960,4204,58.72
20260922,536974,1411,80.86
20260922,537007,4424,66.67
20260922,537008,5823,48.76
20260922,537069,14903,100.0
20260922,537253,20,100.0
20260922,537254,421,100.0
20260922,537259,604,94.97
20260922,537291,2582,86.18
20260922,537292,70,100.0
20260922,537326,15156,90.36
20260922,537392,3711,100.0
20260922,537483,413,52.68
20260922,537536,13458,93.37
20260922,537582,10000,100.0
20260922,537707,219435,86.23
20260922,537708,16171,92.75
20260922,537709,9558,100.0
20260922,537750,4084,71.52
20260922,537766,98962,69.51
20260922,537785,1578,64.25
20260922,537800,1120014,59.57
20260922,537820,151399,100.0
20260922,537839,34998,91.4
20260922,537985,157,62.06
20260922,538057,25059,80.23
20260922,538081,1389,100.0
20260922,538119,31704,100.0
20260922,538212,61093,100.0
20260922,538268,1254,70.93
20260922,538273,222,82.53
20260922,538351,8473,100.0
20260922,538365,30,100.0
20260922,538382,30,100.0
20260922,538401,1115,59.59
20260922,538422,306368,72.39
20260922,538446,113496,74.26
20260922,538451,3688565,75.07
20260922,538464,2035,93.56
20260922,538476,11016,100.0
20260922,538496,6000,100.0
20260922,538520,6523,99.98
20260922,538521,173,79.36
20260922,538539,57279,58.16
20260922,538540,121597,100.0
20260922,538542,175,97.77
20260922,538546,3051,60.8
20260922,538556,93726,74.62
20260922,538562,17137,39.95
20260922,538563,150,67.57
20260922,538564,88,97.78
20260922,538565,5813,66.31
20260922,538567,765,66.81
20260922,538568,15,100.0
20260922,538569,7653,100.0
20260922,538596,483,97.38
20260922,538597,12098,92.82
20260922,538598,3447,72.17
20260922,538607,563862,100.0
20260922,538609,359,96.25
20260922,538610,574503,100.0
20260922,538611,5,100.0
20260922,538634,494,75.65
20260922,538635,322452,99.72
20260922,538646,1130,92.17
20260922,538647,473,99.79
20260922,538666,2780,60.92
20260922,538668,9417,25.87
20260922,538674,604,100.0
20260922,538683,2684,62.24
20260922,538685,185,100.0
20260922,538706,147177,75.2
20260922,538707,3,100.0
20260922,538708,2492,93.97
20260922,538713,2969,63.55
20260922,538714,206,100.0
20260922,538715,651,100.0
20260922,538716,5,50.0
20260922,538730,1847,68.56
20260922,538732,803,88.53
20260922,538734,2083,48.54
20260922,538742,660,100.0
20260922,538743,500,100.0
20260922,538770,1594,96.08
20260922,538772,85239,62.72
20260922,538777,251,100.0
20260922,538778,6599,82.21
20260922,538786,420,99.76
20260922,538787,147062,45.61
20260922,538788,3458,68.79
20260922,538795,401,99.5
20260922,538812,2016,100.0
20260922,538817,106079,71.12
20260922,538833,1245,100.0
20260922,538834,12172,79.77
20260922,538835,9018,55.88
20260922,538836,3865,74.11
20260922,538837,19993,64.39
20260922,538838,251,90.61
20260922,538857,324,99.39
20260922,538860,88209,100.0
20260922,538862,813,98.43
20260922,538868,364751,100.0
20260922,538874,1666,100.0
20260922,538881,5,100.0
20260922,538882,11843,57.48
20260922,538890,26708,95.85
20260922,538891,34010,60.19
20260922,538894,211,100.0
20260922,538895,702,100.0
20260922,538896,363,87.05
20260922,538897,241,100.0
20260922,538902,1843,100.0
20260922,538918,29028,100.0
20260922,538920,67295,70.0
20260922,538922,300,90.91
20260922,538923,67896,100.0
20260922,538926,30208,69.19
20260922,538928,30751,95.62
20260922,538935,140,57.38
20260922,538942,3,60.0
20260922,538952,9476,94.66
20260922,538961,3812,92.59
20260922,538962,3718,40.22
20260922,538964,31,50.82
20260922,538965,9551,97.71
20260922,538970,114481,73.72
20260922,538975,85768,100.0
20260922,538979,1656,84.79
20260922,538987,1735,92.04
20260922,538992,1480,100.0
20260922,539006,212,45.11
20260922,539011,358,60.47
20260922,539013,241,93.05
20260922,539014,5199,95.73
20260922,539016,3551,93.42
20260922,539017,31356,65.6
20260922,539018,228,97.85
20260922,539031,79,98.75
20260922,539032,1317,99.62
20260922,539040,64017,80.37
20260922,539041,22500,100.0
20260922,539042,5925,38.07
20260922,539044,405,100.0
20260922,539045,8978,58.44
20260922,539046,6185,61.66
20260922,539056,43441,68.91
20260922,539083,156478,43.21
20260922,539091,50896739,100.0
20260922,539097,14108,100.0
20260922,539110,1,100.0
20260922,539113,128,89.51
20260922,539115,3107,100.0
20260922,539117,4120,13.98
20260922,539118,7952,74.28
20260922,539120,10,100.0
20260922,539121,3738,78.02
20260922,539122,2501,72.83
20260922,539123,2032,54.14
20260922,539124,146,97.99
20260922,539126,102845,100.0
20260922,539132,205148,47.43
20260922,539141,1026,74.56
20260922,539143,53765,84.55
20260922,539148,7973,53.89
20260922,539149,15518,99.98
20260922,539150,61543,54.64
20260922,539151,34110,49.21
20260922,539167,1,100.0
20260922,539174,192,98.46
20260922,539176,55,100.0
20260922,539177,10871,75.64
20260922,539189,30,57.69
20260922,539195,4685,77.82
20260922,539196,9766,87.08
20260922,539199,5046,57.09
20260922,539200,290739,100.0
20260922,539201,3566,74.48
20260922,539216,833728,64.16
20260922,539217,1535426,40.57
20260922,539219,10597,96.25
20260922,539220,1208,85.73
20260922,539221,12349,60.47
20260922,539222,5284101,76.2
20260922,539224,1,100.0
20260922,539225,1,100.0
20260922,539226,3302,95.65
20260922,539227,1769,62.91
20260922,539228,48729,100.0
20260922,539251,19,100.0
20260922,539252,2744,100.0
20260922,539254,36405,57.55
20260922,539255,866,65.51
20260922,539265,1200,100.0
20260922,539267,2036,74.44
20260922,539268,15027,46.9
20260922,539275,75,100.0
20260922,539276,436,100.0
20260922,539278,8464,100.0
20260922,539287,1603,99.32
20260922,539289,1290,58.74
20260922,539290,7919,94.22
20260922,539300,2510,82.92
20260922,539301,1732,63.23
20260922,539302,1573,61.86
20260922,539309,980952,100.0
20260922,539310,157902,100.0
20260922,539312,64,96.97
20260922,539313,1370,88.62
20260922,539314,5380,80.26
20260922,539331,6052,60.43
20260922,539332,14231,61.03
20260922,539334,2005,81.37
20260922,539335,7421,100.0
20260922,539336,171408,79.63
20260922,539337,3675,72.41
20260922,539346,39020,67.56
20260922,539353,63,85.14
20260922,539354,183,100.0
20260922,539359,9785,100.0
20260922,539391,991,100.0
20260922,539398,1332,79.05
20260922,539399,911,82.59
20260922,539400,160,100.0
20260922,539402,1371,100.0
20260922,539404,2644,72.9
20260922,539405,13997,100.0
20260922,539406,48,100.0
20260922,539407,2854,70.24
20260922,539408,13208,100.0
20260922,539428,2488,88.2
20260922,539435,42737,98.84
20260922,539436,23425,64.09
20260922,539437,119448,49.49
20260922,539448,31893,57.23
20260922,539449,11562,68.87
20260922,539450,6816,60.16
20260922,539455,2036,55.19
20260922,539468,33,100.0
20260922,539469,36828,61.23
20260922,539470,314699,60.24
20260922,539479,13787,79.17
20260922,539480,5,62.5
20260922,539492,6034,94.13
20260922,539494,1367,59.93
20260922,539495,3840,82.67
20260922,539506,413281,76.12
20260922,539515,16328,100.0
20260922,539516,733,90.27
20260922,539517,6595,77.61
20260922,539518,1232,87.56
20260922,539519,598947,100.0
20260922,539522,559,100.0
20260922,539523,335,41.61
20260922,539524,2765,69.86
20260922,539526,861943,48.58
20260922,539527,154,90.59
20260922,539528,28999,68.55
20260922,539533,7665351,86.81
20260922,539542,1573,62.2
20260922,539544,101,100.0
20260922,539545,20,100.0
20260922,539546,8513,62.31
20260922,539551,2785,53.48
20260922,539552,60977,75.23
20260922,539559,191711,100.0
20260922,539561,753595,100.0
20260922,539562,165,100.0
20260922,539593,378,100.0
20260922,539594,540833,77.41
20260922,539596,7,100.0
20260922,539598,33321,78.25
20260922,539607,163780,65.66
20260922,539620,2889,79.67
20260922,539621,5,100.0
20260922,539636,4286,64.34
20260922,539658,369,72.64
20260922,539659,9939,82.76
20260922,539660,58077,65.39
20260922,539661,34675,99.94
20260922,539662,8558,76.87
20260922,539669,78632,69.7
20260922,539673,517,100.0
20260922,539678,2962,51.02
20260922,539679,671376,100.0
20260922,539682,2888,8.17
20260922,539686,14761,52.59
20260922,539692,42631,83.56
20260922,539697,66922,100.0
20260922,539724,7804,100.0
20260922,539725,5812,45.04
20260922,539730,9357,54.45
20260922,539742,525,100.0
20260922,539760,27767,75.81
20260922,539761,225804,78.09
20260922,539762,41362,74.26
20260922,539767,37872,71.83
20260922,539770,67,56.78
20260922,539773,120142,71.73
20260922,539784,1,100.0
20260922,539785,15087,83.9
20260922,539787,5056,72.69
20260922,539798,4280,56.27
20260922,539799,4012,65.2
20260922,539800,1018,100.0
20260922,539807,314765,42.74
20260922,539814,1544,59.71
20260922,539834,1,100.0
20260922,539835,37,100.0
20260922,539837,2109,45.8
20260922,539841,60487,75.97
20260922,539843,49,77.78
20260922,539854,4043,99.9
20260922,539871,23445,62.2
20260922,539872,3494,66.7
20260922,539875,71,100.0
20260922,539876,66819,58.78
20260922,539883,89,61.38
20260922,539884,60190,90.54
20260922,539889,652982,85.11
20260922,539894,64450,69.37
20260922,539895,66310,100.0
20260922,539900,3626,54.13
20260922,539911,170,100.0
20260922,539921,5762,67.09
20260922,539922,908,100.0
20260922,539938,1172,97.1
20260922,539939,912,72.27
20260922,539945,16903,74.34
20260922,539946,24171,100.0
20260922,539947,16,100.0
20260922,539956,4773,68.62
20260922,539957,6858,52.87
20260922,539963,116289,57.22
20260922,539978,21097,56.45
20260922,539979,1163,100.0
20260922,539980,14929,62.91
20260922,539985,1000,100.0
20260922,539986,8902,70.88
20260922,539991,3118,100.0
20260922,539992,387016,51.83
20260922,539997,1286,50.89
20260922,540005,24436,53.78
20260922,540006,33908,88.63
20260922,540008,27,100.0
20260922,540023,5383,99.91
20260922,540025,8200,72.26
20260922,540026,209,95.87
20260922,540047,7560,54.98
20260922,540048,198,64.29
20260922,540061,973,81.63
20260922,540065,128703,56.31
20260922,540066,3401,100.0
20260922,540073,55109,53.7
20260922,540078,4668,65.51
20260922,540079,52462,83.69
20260922,540080,5111,96.16
20260922,540083,1600,100.0
20260922,540097,5180,66.19
20260922,540115,1789,58.93
20260922,540124,5511,60.65
20260922,540125,29712,100.0
20260922,540132,59467,100.0
20260922,540133,12018,57.91
20260922,540135,935585,59.99
20260922,540136,6281,54.64
20260922,540143,541,67.96
20260922,540144,15000,100.0
20260922,540145,2456,55.42
20260922,540146,1000,100.0
20260922,540147,49872,76.27
20260922,540153,11393,89.99
20260922,540154,1,100.0
20260922,540159,32347,100.0
20260922,540168,72898,86.46
20260922,540173,4871,48.28
20260922,540174,422,99.76
20260922,540175,312105,100.0
20260922,540180,280527,63.68
20260922,540181,2896,100.0
20260922,540190,849891,50.64
20260922,540192,143,83.63
20260922,540198,2158,91.4
20260922,540199,89,74.17
20260922,540203,5594,44.73
20260922,540204,6933,94.3
20260922,540205,1520,46.17
20260922,540210,617,99.52
20260922,540212,989,88.62
20260922,540222,31765,54.32
20260922,540243,7890,100.0
20260922,540252,82399,93.98
20260922,540254,33242,100.0
20260922,540259,849639,72.69
20260922,540266,6767,77.37
20260922,540267,2004,94.35
20260922,540268,6724,98.46
20260922,540269,10000,100.0
20260922,540293,6810,47.85
20260922,540310,78260,76.63
20260922,540311,989,88.86
20260922,540332,35000,77.78
20260922,540358,3209,78.17
20260922,540360,222458,100.0
20260922,540361,49476,100.0
20260922,540366,9375,99.99
20260922,540376,132033,86.64
20260922,540377,903223,57.75
20260922,540386,13339,100.0
20260922,540393,79,84.04
20260922,540395,513,64.53
20260922,540396,1201,10.53
20260922,540401,441654,95.94
20260922,540403,166,99.4
20260922,540404,1654,77.51
20260922,540405,4166,91.0
20260922,540425,1429,75.09
20260922,540455,82,11.78
20260922,540467,70,100.0
20260922,540492,123405,58.47
20260922,540497,470,77.18
20260922,540515,101,100.0
20260922,540519,9121,87.47
20260922,540526,5442,74.21
20260922,540530,27392,52.09
20260922,540544,1366,56.45
20260922,540545,8757,100.0
20260922,540550,5175,100.0
20260922,540565,556694,98.18
20260922,540570,165065,67.95
20260922,540575,1568,48.44
20260922,540590,584,78.92
20260922,540595,32423,44.28
20260922,540596,25858,98.0
20260922,540597,200,99.5
20260922,540602,5325,83.44
20260922,540611,7574,60.24
20260922,540612,5821,69.06
20260922,540615,11322,100.0
20260922,540642,416015,65.29
20260922,540647,4,100.0
20260922,540648,82,100.0
20260922,540649,1603,63.23
20260922,540650,544,57.75
20260922,540654,40901,54.34
20260922,540669,88182,98.39
20260922,540673,10417,65.82
20260922,540678,21090,40.66
20260922,540679,45,90.0
20260922,540680,3015,64.07
20260922,540686,7490,70.79
20260922,540691,20316,50.83
20260922,540692,3531,54.68
20260922,540693,507525,47.65
20260922,540694,677,100.0
20260922,540696,9810,100.0
20260922,540699,26333,54.51
20260922,540700,3044,89.16
20260922,540701,5576,80.16
20260922,540703,58382,100.0
20260922,540704,1525,94.14
20260922,540709,118162,100.0
20260922,540710,6952,64.34
20260922,540716,3780,34.03
20260922,540717,109430,67.02
20260922,540718,61375,86.6
20260922,540719,6735,70.02
20260922,540724,30,88.24
20260922,540725,75427,50.51
20260922,540726,10480,67.68
20260922,540727,5056,82.53
20260922,540730,141136,84.2
20260922,540735,1947,82.19
20260922,540737,3259,63.16
20260922,540738,31736,77.69
20260922,540743,10616,63.41
20260922,540749,3773,71.01
20260922,540750,103162,48.06
20260922,540755,11859,54.97
20260922,540757,1238,100.0
20260922,540762,874,41.32
20260922,540767,150081,91.91
20260922,540768,2518,84.72
20260922,540769,86817,43.71
20260922,540774,1543,95.6
20260922,540776,2301,70.67
20260922,540777,22681,43.33
20260922,540786,66811,100.0
20260922,540787,13629,74.51
20260922,540788,1201,100.0
20260922,540789,5256,83.16
20260922,540795,5087,50.97
20260922,540796,93,100.0
20260922,540797,5736,51.56
20260922,540809,143194,84.88
20260922,540811,55000,100.0
20260922,540821,17636,87.37
20260922,540824,3915,100.0
20260922,540829,3734,100.0
20260922,540850,22000,73.33
20260922,540874,5004,69.33
20260922,540879,478949,49.65
20260922,540900,13513,45.4
20260922,540901,15478,75.95
20260922,540902,3374,51.96
20260922,540904,6662,100.0
20260922,540914,25414,99.75
20260922,540923,4879,96.18
20260922,540935,397,56.71
20260922,540936,6940,69.15
20260922,540937,7440,94.55
20260922,540952,2586,97.14
20260922,540953,72048,88.75
20260922,540954,100,100.0
20260922,540955,5057,100.0
20260922,540956,99674,71.07
20260922,540975,1086454,96.2
20260922,541006,4000,50.0
20260922,541019,5265,63.49
20260922,541083,8500,94.44
20260922,541096,698,94.97
20260922,541097,715,54.33
20260922,541143,12790,37.33
20260922,541144,9716,76.76
20260922,541152,5221,77.51
20260922,541153,805451,59.71
20260922,541154,46168,65.0
20260922,541161,51580,100.0
20260922,541163,1649,47.05
20260922,541167,766,38.78
20260922,541195,23247,61.3
20260922,541206,93,46.5
20260922,541228,16623,100.0
20260922,541233,163120,68.43
20260922,541269,112,95.73
20260922,541276,6195,35.06
20260922,541299,52000,100.0
20260922,541301,4899,66.88
20260922,541302,1006,98.63
20260922,541303,63737,99.98
20260922,541313,9261,92.15
20260922,541336,511,25.31
20260922,541337,3000,100.0
20260922,541338,36505,85.22
20260922,541347,51571,100.0
20260922,541352,124,100.0
20260922,541353,19200,63.16
20260922,541358,4252,100.0
20260922,541400,3888,83.11
20260922,541402,702,80.69
20260922,541403,4194,73.18
20260922,541418,0,0.0
20260922,541444,1850,97.16
20260922,541445,4800,60.0
20260922,541450,26329,48.82
20260922,541503,1500,100.0
20260922,541540,7653,45.57
20260922,541546,16773,97.03
20260922,541556,30658,59.04
20260922,541557,192,71.64
20260922,541578,6804,35.57
20260922,541601,832131,66.09
20260922,541627,22845,100.0
20260922,541634,4345,54.22
20260922,541702,567548,100.0
20260922,541703,8000,71.43
20260922,541729,6030,52.66
20260922,541735,98031,78.27
20260922,541741,13406,100.0
20260922,541770,5254,70.41
20260922,541771,240600,100.0
20260922,541778,1685,100.0
20260922,541799,5000,100.0
20260922,541809,19855,69.39
20260922,541865,21911,67.42
20260922,541890,84833,100.0
20260922,541929,1821,79.48
20260922,541946,113309,82.81
20260922,541956,73836,45.21
20260922,541967,14165,51.5
20260922,541972,619,97.48
20260922,541974,1453,45.62
20260922,541983,6000,75.0
20260922,541988,236766,99.24
20260922,542011,26945,44.53
20260922,542012,939349,100.0
20260922,542013,3602,86.03
20260922,542019,5983,81.6
20260922,542020,21719,100.0
20260922,542025,48000,100.0
20260922,542034,77418,69.34
20260922,542046,1554,75.62
20260922,542057,2152,61.43
20260922,542066,57912,47.06
20260922,542123,15502,99.9
20260922,542131,1715,69.32
20260922,542141,11500,57.54
20260922,542176,1778,100.0
20260922,542206,23613,100.0
20260922,542216,908,70.12
20260922,542230,314,72.52
20260922,542231,75035,54.36
20260922,542232,1175,84.72
20260922,542233,1405,90.24
20260922,542248,14158,94.39
20260922,542285,149085,64.08
20260922,542323,323064,48.37
20260922,542332,60,100.0
20260922,542333,7190,95.57
20260922,542337,539,82.04
20260922,542351,3,60.0
20260922,542367,1460,81.75
20260922,542383,1966,74.39
20260922,542399,1721,51.39
20260922,542437,4921,100.0
20260922,542446,62270,100.0
20260922,542459,2194,92.81
20260922,542460,974,61.88
20260922,542484,6029,69.2
20260922,542503,16000,100.0
20260922,542513,3462,98.8
20260922,542524,1080,99.82
20260922,542543,525000,91.3
20260922,542579,346391,61.19
20260922,542580,3028,100.0
20260922,542597,18370,80.07
20260922,542602,28886,94.5
20260922,542627,100134,100.0
20260922,542628,6648,75.92
20260922,542649,246584,52.91
20260922,542650,4133,58.19
20260922,542651,95363,39.87
20260922,542652,6156,55.57
20260922,542654,7731,52.45
20260922,542655,293686,62.18
20260922,542665,4660,52.34
20260922,542666,3845,63.41
20260922,542668,26000,96.3
20260922,542669,75205,52.37
20260922,542670,11206,94.07
20260922,542677,811,100.0
20260922,542678,137,100.0
20260922,542679,53,100.0
20260922,542682,678,99.56
20260922,542684,2418,100.0
20260922,542685,665,100.0
20260922,542694,29,53.7
20260922,542721,20046,100.0
20260922,542725,267982,86.69
20260922,542726,1435,50.76
20260922,542727,850,100.0
20260922,542729,47,88.68
20260922,542730,1659,65.14
20260922,542747,1556,69.06
20260922,542752,3898,66.43
20260922,542758,5214,72.9
20260922,542759,3606,66.56
20260922,542760,156715,43.31
20260922,542765,1000,100.0
20260922,542770,3654,72.26
20260922,542772,47536,89.84
20260922,542773,6528,66.09
20260922,542774,27292,87.52
20260922,542802,113656,81.89
20260922,542803,47256,87.53
20260922,542812,1507,54.13
20260922,542830,43935,37.35
20260922,542850,48000,100.0
20260922,542851,13560,100.0
20260922,542852,37300,89.56
20260922,542857,32394,54.78
20260922,542862,7395,81.68
20260922,542863,281,80.52
20260922,542865,2161,98.23
20260922,542867,4424,58.71
20260922,542904,147617,61.8
20260922,542905,2163,56.15
20260922,542907,4776,52.45
20260922,542909,509,92.38
20260922,542918,4414,100.0
20260922,542919,10039,64.46
20260922,542920,12744,60.54
20260922,542921,111134,93.18
20260922,542922,1510,94.91
20260922,542933,258,100.0
20260922,542934,5000,83.33
20260922,542938,20,100.0
20260922,543064,30072,45.65
20260922,543065,6000,100.0
20260922,543066,8271,55.64
20260922,543071,31,96.88
20260922,543079,1205,99.67
20260922,543083,1,100.0
20260922,543092,118,100.0
20260922,543110,4,66.67
20260922,543144,890,99.44
20260922,543150,7282,98.27
20260922,543153,1,50.0
20260922,543167,12630,100.0
20260922,543171,25252,93.31
20260922,543172,2250,100.0
20260922,543173,43,51.19
20260922,543174,22601,94.37
20260922,543175,1489,62.62
20260922,543176,23,100.0
20260922,543177,1186,99.83
20260922,543181,1,100.0
20260922,543182,131,98.5
20260922,543184,28,96.55
20260922,543186,763,61.88
20260922,543187,3589,42.88
20260922,543193,4629,51.36
20260922,543207,16890,78.26
20260922,543208,16042,88.82
20260922,543209,42000,100.0
20260922,543210,561,100.0
20260922,543211,3120,74.77
20260922,543212,11351,53.3
20260922,543213,2814,50.17
20260922,543214,7242,68.56
20260922,543216,200,83.33
20260922,543217,248802,99.27
20260922,543218,19119,85.29
20260922,543219,2254,93.6
20260922,543220,156734,84.31
20260922,543221,5379,75.32
20260922,543223,962,74.11
20260922,543224,1367,99.93
20260922,543225,25000,100.0
20260922,543226,2293,74.14
20260922,543227,21838,68.44
20260922,543228,5311,56.19
20260922,543229,11,100.0
20260922,543230,3383,70.42
20260922,543231,200,100.0
20260922,543232,51690,60.2
20260922,543233,5173,100.0
20260922,543234,57,100.0
20260922,543235,39982,42.56
20260922,543236,662,98.66
20260922,543237,36382,57.71
20260922,543238,4752,58.97
20260922,543239,700,100.0
20260922,543240,4327,76.58
20260922,543241,2662,100.0
20260922,543242,14648,60.4
20260922,543243,36711,51.99
20260922,543244,4000,100.0
20260922,543245,102982,94.41
20260922,543246,557,75.78
20260922,543248,54512,55.53
20260922,543249,6511,70.4
20260922,543250,548,88.24
20260922,543251,18,100.0
20260922,543252,770,100.0
20260922,543253,93011,53.88
20260922,543254,3440,79.32
20260922,543255,397,79.56
20260922,543256,6286,100.0
20260922,543257,361468,58.59
20260922,543258,1917,70.97
20260922,543259,4586,51.13
20260922,543260,2462,62.73
20260922,543261,2008,78.99
20260922,543263,6689,67.82
20260922,543264,881,100.0
20260922,543265,26460,51.61
20260922,543266,743,97.38
20260922,543267,860453,48.13
20260922,543268,20220,84.9
20260922,543270,4098,100.0
20260922,543271,10932,66.5
20260922,543272,1548435,59.61
20260922,543273,2826,43.46
20260922,543275,27400,50.61
20260922,543276,5232,81.48
20260922,543277,21412,57.58
20260922,543278,153818,44.6
20260922,543279,8737,61.24
20260922,543280,8381,50.11
20260922,543281,33125,57.53
20260922,543283,20614,100.0
20260922,543284,1911,68.67
20260922,543285,400,50.0
20260922,543287,13153,46.29
20260922,543288,8749,49.6
20260922,543290,59757,80.92
20260922,543291,39157,59.96
20260922,543292,1922,59.28
20260922,543298,998,88.79
20260922,543299,4016,37.65
20260922,543300,200892,63.08
20260922,543306,318,53.0
20260922,543308,6239,47.56
20260922,543309,12000,100.0
20260922,543311,14739,76.95
20260922,543312,4266,100.0
20260922,543317,2657,43.41
20260922,543318,7028,40.84
20260922,543320,1246803,67.76
20260922,543321,2876,70.49
20260922,543322,2580,41.38
20260922,543323,4971,65.53
20260922,543324,5945,23.97
20260922,543325,19079,53.02
20260922,543326,81639,77.04
20260922,543327,11159,98.37
20260922,543328,8751,72.66
20260922,543329,1246,52.13
20260922,543330,99958,58.94
20260922,543331,11531,48.84
20260922,543332,1159,83.14
20260922,543333,3040,46.47
20260922,543334,7088,53.29
20260922,543335,1164926,93.65
20260922,543336,95850,49.54
20260922,543341,1225,100.0
20260922,543346,1000,50.0
20260922,543347,108,100.0
20260922,543348,178,97.27
20260922,543349,40514,85.57
20260922,543350,6351,63.64
20260922,543351,1200,100.0
20260922,543358,11885,37.56
20260922,543363,4200,60.0
20260922,543364,21158,41.69
20260922,543365,157759,54.29
20260922,543366,6000,100.0
20260922,543367,30148,44.88
20260922,543373,14921,100.0
20260922,543374,3134,50.66
20260922,543376,54,100.0
20260922,543378,63500,95.49
20260922,543383,36,83.72
20260922,543384,75614,68.39
20260922,543386,7034,55.8
20260922,543387,6349,71.94
20260922,543388,153,98.71
20260922,543389,134528,51.5
20260922,543390,8043,40.76
20260922,543391,750,100.0
20260922,543396,28624,40.87
20260922,543397,205925,92.48
20260922,543398,9747,70.42
20260922,543399,10018,51.1
20260922,543400,2000,100.0
20260922,543401,3150,69.58
20260922,543410,11700,100.0
20260922,543411,16410,63.24
20260922,543412,2792,61.59
20260922,543413,27832,47.75
20260922,543414,54789,81.95
20260922,543415,5073,57.73
20260922,543416,3716,90.97
20260922,543417,3791,56.47
20260922,543419,14766,77.95
20260922,543420,19753,55.63
20260922,543425,23051,38.53
20260922,543426,2193,55.93
20260922,543427,459,80.39
20260922,543428,11079,44.14
20260922,543433,1995,89.02
20260922,543434,9971,56.15
20260922,543435,45650,91.67
20260922,543437,130950,81.63
20260922,543438,119,100.0
20260922,543440,336,98.82
20260922,543441,9158,72.94
20260922,543442,308,89.53
20260922,543449,85338,79.12
20260922,543450,26497,76.59
20260922,543451,69227,100.0
20260922,543452,28547,43.23
20260922,543454,91,82.73
20260922,543458,19368,46.19
20260922,543462,4493,82.17
20260922,543463,14435,65.06
20260922,543464,32000,60.38
20260922,543465,2915,77.55
20260922,543470,117,100.0
20260922,543471,21837,47.61
20260922,543472,1990,99.9
20260922,543473,8587,79.83
20260922,543474,4742,81.2
20260922,543481,19231,49.63
20260922,543482,5551,62.27
20260922,543489,10637,50.74
20260922,543490,51116,45.82
20260922,543497,7200,78.26
20260922,543498,266147,67.81
20260922,543499,6579,100.0
20260922,543500,28000,100.0
20260922,543512,113431,84.22
20260922,543513,26456,100.0
20260922,543514,442291,99.25
20260922,543515,6000,88.89
20260922,543516,148400,100.0
20260922,543517,5234,55.72
20260922,543518,3000,50.0
20260922,543519,1500,100.0
20260922,543520,43000,100.0
20260922,543522,1500,100.0
20260922,543523,16415,43.17
20260922,543524,3977,66.08
20260922,543525,42825,33.38
20260922,543526,237617,80.41
20260922,543527,413,58.83
20260922,543528,2797,41.59
20260922,543529,32724,59.7
20260922,543530,47526,53.54
20260922,543531,267,42.86
20260922,543532,20661,96.92
20260922,543533,28713,36.83
20260922,543534,4983,57.66
20260922,543535,316,100.0
20260922,543538,2000,100.0
20260922,543539,624,87.03
20260922,543542,2400,17.65
20260922,543544,5250,100.0
20260922,543545,116900,87.5
20260922,543546,14000,70.0
20260922,543547,4510,73.9
20260922,543563,4518,90.98
20260922,543568,3065,60.45
20260922,543569,50009,92.58
20260922,543570,7695,95.66
20260922,543571,15909,94.87
20260922,543572,37931,52.72
20260922,543573,39907,23.27
20260922,543574,139,97.89
20260922,543575,4396,95.65
20260922,543576,1243,50.73
20260922,543577,209,11.35
20260922,543578,1850,100.0
20260922,543590,705752,88.11
20260922,543591,5184,88.19
20260922,543592,75962,77.3
20260922,543593,7544,82.44
20260922,543594,30000,100.0
20260922,543596,3155,67.21
20260922,543597,13742,76.94
20260922,543599,2463,84.7
20260922,543600,5024,66.47
20260922,543605,8032,99.62
20260922,543606,16000,84.21
20260922,543607,427,94.26
20260922,543608,625,88.03
20260922,543613,8000,100.0
20260922,543614,242,93.08
20260922,543615,1600,100.0
20260922,543616,106800,67.68
20260922,543619,6550,62.98
20260922,543620,149728,78.82
20260922,543622,26400,100.0
20260922,543623,1500,100.0
20260922,543626,37436,42.43
20260922,543627,127,97.69
20260922,543628,13482,72.55
20260922,543635,76480,52.62
20260922,543636,2329,53.43
20260922,543637,12000,58.82
20260922,543638,11749,88.47
20260922,543643,18841,93.99
20260922,543644,4174,67.85
20260922,543650,24142,53.2
20260922,543651,4000,20.0
20260922,543652,6887,52.42
20260922,543653,6281,57.58
20260922,543654,1842,47.36
20260922,543655,1600000,100.0
20260922,543657,403361,98.17
20260922,543663,101267,87.31
20260922,543664,78278,40.49
20260922,543665,6286,95.59
20260922,543666,1446,57.75
20260922,543667,24638,50.81
20260922,543668,31,100.0
20260922,543669,1354,82.97
20260922,543670,83382,89.29
20260922,543671,5431,86.33
20260922,543677,6847,54.93
20260922,543678,2000,100.0
20260922,543686,3825,84.51
20260922,543687,4478,86.13
20260922,543688,63195,75.69
20260922,543689,2691,65.33
20260922,543699,397,99.25
20260922,543709,15250,73.49
20260922,543710,774,53.16
20260922,543711,8295,62.86
20260922,543712,213,100.0
20260922,543713,37000,68.52
20260922,543714,1767,48.07
20260922,543720,144139,85.97
20260922,543725,3149,67.59
20260922,543732,26869,95.91
20260922,543737,3109,100.0
20260922,543743,19,100.0
20260922,543745,18000,50.0
20260922,543746,21000,62.5
20260922,543747,59979,85.93
20260922,543748,58253,48.19
20260922,543766,2159,100.0
20260922,543767,14621,99.64
20260922,543768,154119,55.31
20260922,543774,253,62.78
20260922,543775,11728,70.32
20260922,543776,81398,84.45
20260922,543781,9960,69.2
20260922,543782,3960,91.67
20260922,543787,4620,82.35
20260922,543798,20000,100.0
20260922,543805,7500,90.91
20260922,543806,2600,37.14
20260922,543811,14122,89.74
20260922,543812,8517,73.62
20260922,543814,11000,100.0
20260922,543819,2044,82.99
20260922,543828,112000,70.0
20260922,543829,2357,84.66
20260922,543831,4500,100.0
20260922,543848,16000,80.0
20260922,543853,68,91.89
20260922,543860,545,100.0
20260922,543861,1582,88.78
20260922,543874,6000,75.0
20260922,543895,57000,89.06
20260922,543896,14020,47.26
20260922,543897,2000,100.0
20260922,543898,518,87.5
20260922,543899,2002580,99.96
20260922,543900,15026,60.11
20260922,543901,170,100.0
20260922,543902,12000,85.71
20260922,543903,27830,62.16
20260922,543904,77752,79.36
20260922,543911,90529,38.45
20260922,543912,1741,71.85
20260922,543913,3841,67.72
20260922,543914,14485,100.0
20260922,543915,9920,83.49
20260922,543916,126800,55.42
20260922,543917,4355,91.4
20260922,543918,25854,49.51
20260922,543919,7377,95.35
20260922,543920,16592,64.26
20260922,543922,2526,72.52
20260922,543923,22802,76.27
20260922,543924,4000,100.0
20260922,543926,18000,88.24
20260922,543927,121,99.18
20260922,543928,4100,74.55
20260922,543929,108347,40.68
20260922,543930,1246,100.0
20260922,543931,110600,69.3
20260922,543932,7319,57.97
20260922,543933,16068,67.37
20260922,543934,41,100.0
20260922,543935,184,100.0
20260922,543936,16356,49.84
20260922,543937,12000,100.0
20260922,543939,19000,73.08
20260922,543940,560369,63.28
20260922,543941,5600,100.0
20260922,543942,223152,48.29
20260922,543943,40000,64.52
20260922,543944,41,100.0
20260922,543945,30169,31.29
20260922,543946,28476,98.05
20260922,543947,2,100.0
20260922,543948,214,55.58
20260922,543949,4675,100.0
20260922,543950,15482,36.96
20260922,543952,1944,65.08
20260922,543953,5250,19.81
20260922,543954,6263,63.93
20260922,543955,7790,75.14
20260922,543956,283,100.0
20260922,543957,57432,69.35
20260922,543958,23392,95.91
20260922,543959,88131,54.71
20260922,543960,11514,55.0
20260922,543962,145,100.0
20260922,543963,12000,80.0
20260922,543965,30938,65.76
20260922,543969,2142,85.17
20260922,543970,1500,100.0
20260922,543971,69400,59.93
20260922,543972,37821,48.16
20260922,543973,127,100.0
20260922,543974,9892,73.26
20260922,543975,19,100.0
20260922,543976,20660,73.89
20260922,543977,3631,63.77
20260922,543978,125739,38.9
20260922,543980,2084,68.08
20260922,543981,13469,62.78
20260922,543982,11600,79.45
20260922,543983,2901,63.2
20260922,543984,525539,95.83
20260922,543985,33272,62.82
20260922,543986,8097,62.2
20260922,543988,3261,53.39
20260922,543989,12101,74.85
20260922,543990,10539,26.22
20260922,543991,4000,100.0
20260922,543992,75989,71.32
20260922,543993,4260,77.78
20260922,543994,594870,47.08
20260922,543995,26351,51.53
20260922,543996,9312,70.24
20260922,543997,8100,16.67
20260922,543998,21112,100.0
20260922,543999,1619,93.26
20260922,544000,6000,100.0
20260922,544001,37875,100.0
20260922,544003,8185,85.07
20260922,544004,1464,68.19
20260922,544006,11889,68.68
20260922,544007,83209,96.12
20260922,544008,1663,52.71
20260922,544009,16405,56.01
20260922,544010,3,100.0
20260922,544011,0,0.0
20260922,544012,5522,66.87
20260922,544013,3000,100.0
20260922,544014,11851,42.16
20260922,544015,500,100.0
20260922,544020,25947,100.0
20260922,544021,417576,30.72
20260922,544022,9179,47.42
20260922,544023,10250,100.0
20260922,544025,600,100.0
20260922,544026,220400,50.33
20260922,544027,12225,49.19
20260922,544028,34692,59.13
20260922,544029,21500,66.34
20260922,544030,4397,32.72
20260922,544035,96000,93.75
20260922,544036,8800,100.0
20260922,544037,29300,43.73
20260922,544042,2803,62.93
20260922,544043,59,76.62
20260922,544044,742,56.17
20260922,544045,935,56.5
20260922,544046,4722,33.33
20260922,544047,21000,77.78
20260922,544053,1026002,45.12
20260922,544054,22582,55.27
20260922,544055,8076,51.42
20260922,544057,2894,55.58
20260922,544058,1255,84.17
20260922,544059,26000,72.22
20260922,544060,9254,100.0
20260922,544061,6282,43.59
20260922,544066,245,77.78
20260922,544067,1331,45.3
20260922,544072,800,100.0
20260922,544073,4000,100.0
20260922,544074,3600,100.0
20260922,544079,1582,98.14
20260922,544080,1,100.0
20260922,544081,21515,43.13
20260922,544082,10000,100.0
20260922,544083,1500,75.0
20260922,544088,7134,47.26
20260922,544089,147634,90.15
20260922,544090,23,85.19
20260922,544091,49600,100.0
20260922,544092,83,100.0
20260922,544093,926,97.99
20260922,544094,1200,100.0
20260922,544095,16581,62.86
20260922,544100,5910,92.98
20260922,544102,11,100.0
20260922,544104,7,100.0
20260922,544105,9000,85.71
20260922,544106,3600,100.0
20260922,544107,19776,55.26
20260922,544108,1200,100.0
20260922,544109,6394,100.0
20260922,544110,3459,72.12
20260922,544111,15096,85.65
20260922,544112,3532,86.59
20260922,544117,685,77.05
20260922,544118,12722,42.09
20260922,544119,27346,61.46
20260922,544120,101,94.39
20260922,544121,4000,100.0
20260922,544122,8465,73.32
20260922,544123,552,84.79
20260922,544124,305,91.59
20260922,544129,11607,71.69
20260922,544130,32044,75.22
20260922,544131,3184,70.65
20260922,544132,234729,69.77
20260922,544133,27960,49.39
20260922,544134,1406,92.99
20260922,544135,28076,100.0
20260922,544136,558,99.47
20260922,544137,1125,67.49
20260922,544138,8798,51.05
20260922,544139,4000,100.0
20260922,544140,681,10.0
20260922,544141,18400,92.0
20260922,544142,10615,66.82
20260922,544143,1000,100.0
20260922,544144,2896,81.65
20260922,544149,637,60.15
20260922,544150,41500,53.9
20260922,544151,12000,100.0
20260922,544156,6000,100.0
20260922,544158,2767,68.2
20260922,544159,51285,98.31
20260922,544160,134400,100.0
20260922,544161,1980,68.65
20260922,544162,51607,98.07
20260922,544164,10000,100.0
20260922,544165,10500,70.0
20260922,544166,6000,100.0
20260922,544167,2733,72.88
20260922,544169,14000,100.0
20260922,544170,22000,78.57
20260922,544171,4000,100.0
20260922,544172,11721,71.66
20260922,544173,5000,100.0
20260922,544174,98712,89.28
20260922,544175,14400,50.0
20260922,544176,11411,61.88
20260922,544177,2000,100.0
20260922,544179,25884,50.42
20260922,544180,4543,60.56
20260922,544181,10554,56.37
20260922,544182,300,97.4
20260922,544184,8069,57.24
20260922,544185,11472,90.43
20260922,544186,19147,94.62
20260922,544187,13748,100.0
20260922,544188,8000,100.0
20260922,544189,5500,78.57
20260922,544190,6000,75.0
20260922,544191,35068,75.3
20260922,544192,21155,52.87
20260922,544193,21068,82.42
20260922,544194,9301,99.98
20260922,544196,12,75.0
20260922,544197,130,87.25
20260922,544198,9516,60.48
20260922,544199,4000,100.0
20260922,544200,22544,71.03
20260922,544201,96000,90.57
20260922,544202,3863,59.21
20260922,544203,93647,80.59
20260922,544204,6114,91.91
20260922,544205,594,100.0
20260922,544206,22109,52.2
20260922,544207,1505,81.97
20260922,544209,1303,69.2
20260922,544210,5656,72.99
20260922,544212,7510,54.81
20260922,544213,10800,72.0
20260922,544214,4000,100.0
20260922,544215,1573,80.5
20260922,544216,193968,95.67
20260922,544217,8024,52.76
20260922,544218,110,88.0
20260922,544219,6000,76.92
20260922,544221,3000,100.0
20260922,544222,6892,55.05
20260922,544223,5675,56.69
20260922,544224,53640,64.22
20260922,544225,2747002,55.39
20260922,544226,189238,25.72
20260922,544227,120405,44.0
20260922,544229,273839,82.82
20260922,544230,23274,51.48
20260922,544232,611,58.19
20260922,544233,53,100.0
20260922,544234,1,100.0
20260922,544235,6435,62.99
20260922,544236,1200,100.0
20260922,544238,22128,56.3
20260922,544239,2134,84.82
20260922,544240,7456,52.65
20260922,544241,2291,53.82
20260922,544243,121314,58.45
20260922,544244,1311,72.91
20260922,544245,3200,100.0
20260922,544247,8400,74.77
20260922,544248,3600,100.0
20260922,544249,2202,87.0
20260922,544250,198,58.58
20260922,544251,9600,100.0
20260922,544252,74322,60.47
20260922,544253,51348,55.66
20260922,544254,1391,87.76
20260922,544256,2316,36.77
20260922,544257,5500,100.0
20260922,544258,6923,71.36
20260922,544259,6000,50.0
20260922,544260,19082,45.61
20260922,544261,13874,73.56
20260922,544262,7516,41.44
20260922,544263,5334,65.06
20260922,544264,10802,78.38
20260922,544265,3600,75.0
20260922,544266,59,100.0
20260922,544267,35200,74.58
20260922,544268,328344,78.47
20260922,544271,43836,69.16
20260922,544272,4000,83.33
20260922,544273,40758,71.53
20260922,544274,6171,45.74
20260922,544275,17479,96.57
20260922,544276,22881,93.1
20260922,544277,30177,40.97
20260922,544278,3294,100.0
20260922,544279,5289,75.41
20260922,544280,826087,95.38
20260922,544281,53836,100.0
20260922,544282,146924,43.18
20260922,544283,314396,61.59
20260922,544284,1840,78.63
20260922,544285,1178244,72.81
20260922,544286,38504,68.25
20260922,544288,61896,41.48
20260922,544289,329054,45.24
20260922,544290,25921,64.9
20260922,544291,19200,77.11
20260922,544292,3366,52.16
20260922,544293,10467,63.31
20260922,544294,13817,44.3
20260922,544296,10400,72.22
20260922,544301,5882,96.9
20260922,544302,374,4.15
20260922,544303,1800,85.71
20260922,544304,1600,100.0
20260922,544305,26441,27.34
20260922,544306,5469,52.03
20260922,544307,244230,59.12
20260922,544308,6285,92.49
20260922,544309,69269,84.71
20260922,544310,56000,58.64
20260922,544311,19426,59.05
20260922,544312,4000,100.0
20260922,544313,8000,50.0
20260922,544314,8275,79.32
20260922,544315,1114,54.66
20260922,544316,12007,65.39
20260922,544317,446210,28.98
20260922,544318,2086,63.6
20260922,544319,163001,54.64
20260922,544320,7435,64.32
20260922,544321,261,88.18
20260922,544322,17645,36.33
20260922,544323,18925,91.35
20260922,544325,122577,58.6
20260922,544326,1644,86.75
20260922,544327,6000,100.0
20260922,544328,5260,60.04
20260922,544329,4000,100.0
20260922,544330,26000,100.0
20260922,544331,20000,100.0
20260922,544332,34800,63.5
20260922,544333,24405,49.38
20260922,544334,33000,100.0
20260922,544335,2000,100.0
20260922,544336,20541,33.12
20260922,544338,14540,79.53
20260922,544339,2058,62.04
20260922,544340,100800,75.9
20260922,544341,9600,66.67
20260922,544342,55073,100.0
20260922,544343,4000,90.91
20260922,544344,1551,50.46
20260922,544345,3145,60.53
20260922,544346,20,68.97
20260922,544347,5400,100.0
20260922,544348,9600,72.73
20260922,544349,3200,100.0
20260922,544350,6784,65.72
20260922,544353,6000,62.5
20260922,544354,37800,84.0
20260922,544355,176,81.86
20260922,544356,1682,81.73
20260922,544361,2947,52.38
20260922,544362,10245,63.29
20260922,544363,8,88.89
20260922,544364,2022,61.37
20260922,544365,2000,50.0
20260922,544367,11197,63.71
20260922,544368,6000,62.5
20260922,544369,4800,100.0
20260922,544370,600,100.0
20260922,544371,29073,74.21
20260922,544372,6000,100.0
20260922,544373,9600,100.0
20260922,544374,200000,100.0
20260922,544375,2279,84.34
20260922,544376,337,81.4
20260922,544377,685,68.16
20260922,544379,5627,57.66
20260922,544380,1866,99.47
20260922,544381,1200,50.0
20260922,544382,11459,97.73
20260922,544383,21600,100.0
20260922,544384,219814,67.48
20260922,544385,3499,88.76
20260922,544386,3147,100.0
20260922,544387,14000,84.85
20260922,544389,388,53.44
20260922,544390,18003,51.27
20260922,544391,9000,100.0
20260922,544392,10000,83.33
20260922,544394,4606,32.43
20260922,544395,385635,60.63
20260922,544396,5381,60.77
20260922,544397,163141,51.45
20260922,544398,24000,100.0
20260922,544399,12000,83.33
20260922,544400,18000,69.23
20260922,544401,20,64.52
20260922,544402,76169,49.6
20260922,544403,30802,76.61
20260922,544404,534,100.0
20260922,544405,136535,55.73
20260922,544406,153200,67.55
20260922,544407,155386,50.13
20260922,544408,99822,89.56
20260922,544409,2000,50.0
20260922,544410,2892,60.19
20260922,544411,5977,76.25
20260922,544412,3000,100.0
20260922,544413,11727,77.68
20260922,544414,10789,58.74
20260922,544415,50,100.0
20260922,544416,1735,97.2
20260922,544417,3600,100.0
20260922,544418,16018,68.3
20260922,544419,58273,47.31
20260922,544420,15641,41.73
20260922,544421,191491,66.74
20260922,544422,1200,100.0
20260922,544423,585,72.76
20260922,544424,5720,89.98
20260922,544425,4800,100.0
20260922,544426,4800,100.0
20260922,544427,13347,95.81
20260922,544428,3600,60.0
20260922,544429,4240,51.97
20260922,544430,161613,48.74
20260922,544431,1000,100.0
20260922,544432,2139,63.98
20260922,544433,3600,100.0
20260922,544434,107200,100.0
20260922,544435,38400,80.0
20260922,544436,2400,100.0
20260922,544437,4800,100.0
20260922,544438,35438,85.06
20260922,544439,6242,52.51
20260922,544440,7500,100.0
20260922,544441,10400,100.0
20260922,544442,40800,66.02
20260922,544443,2068,79.72
20260922,544444,20400,100.0
20260922,544445,5000,100.0
20260922,544446,4707,67.71
20260922,544447,1521,72.81
20260922,544448,4798,69.57
20260922,544449,20989,53.79
20260922,544450,670,100.0
20260922,544451,43600,99.09
20260922,544452,2000,100.0
20260922,544453,3600,75.0
20260922,544454,964,86.61
20260922,544455,9636,35.88
20260922,544456,21784,100.0
20260922,544457,887171,99.84
20260922,544458,62500,53.19
20260922,544459,74502,58.07
20260922,544460,44800,100.0
20260922,544461,636,89.83
20260922,544462,1,100.0
20260922,544463,16800,100.0
20260922,544464,182000,61.9
20260922,544465,7058,60.59
20260922,544466,36046,64.5
20260922,544467,266209,68.74
20260922,544468,183600,100.0
20260922,544469,25201,100.0
20260922,544470,4755,55.56
20260922,544471,4000,100.0
20260922,544472,1600,50.0
20260922,544473,51072,90.43
20260922,544475,4000,100.0
20260922,544476,26415,64.49
20260922,544477,1182,72.65
20260922,544478,100,62.11
20260922,544479,1556,85.87
20260922,544480,114786,62.58
20260922,544481,455582,99.32
20260922,544482,16000,94.12
20260922,544484,80740,41.26
20260922,544485,343686,52.43
20260922,544486,52553,100.0
20260922,544487,645,75.0
20260922,544488,56502,65.95
20260922,544489,2400,100.0
20260922,544490,54142,59.07
20260922,544491,3146,76.62
20260922,544492,1428,69.62
20260922,544493,215,93.48
20260922,544495,10800,100.0
20260922,544496,40924,59.4
20260922,544497,6172160,47.47
20260922,544498,4800,75.0
20260922,544499,73,48.99
20260922,544500,2000,100.0
20260922,544501,85000,100.0
20260922,544502,1730,100.0
20260922,544503,28000,93.33
20260922,544504,2400,100.0
20260922,544505,22000,73.33
20260922,544507,53051,75.27
20260922,544509,1600,100.0
20260922,544510,3200,100.0
20260922,544511,19200,66.67
20260922,544512,7904,65.72
20260922,544513,1773,91.11
20260922,544514,3200,100.0
20260922,544515,219785,44.39
20260922,544516,32000,65.98
20260922,544517,3661,77.53
20260922,544518,14400,100.0
20260922,544519,9299,66.73
20260922,544520,24000,100.0
20260922,544521,892,83.68
20260922,544522,2,100.0
20260922,544523,4554,45.93
20260922,544524,18400,67.65
20260922,544525,31292,46.17
20260922,544526,6175,48.53
20260922,544527,2184,47.09
20260922,544528,2982,58.16
20260922,544529,11600,100.0
20260922,544530,3846,64.86
20260922,544531,12000,80.0
20260922,544532,223499,96.08
20260922,544533,2007,51.17
20260922,544534,6865,44.92
20260922,544535,19200,54.55
20260922,544536,37,100.0
20260922,544537,277741,30.78
20260922,544538,42000,100.0
20260922,544539,4800,100.0
20260922,544540,59046,60.63
20260922,544541,14400,70.59
20260922,544542,6000,100.0
20260922,544543,5964,73.34
20260922,544544,39600,100.0
20260922,544545,8693,52.68
20260922,544546,15600,92.86
20260922,544547,1211,97.74
20260922,544548,11200,87.5
20260922,544550,319777,29.72
20260922,544551,5000,100.0
20260922,544553,5600,43.75
20260922,544554,32000,100.0
20260922,544555,3600,100.0
20260922,544557,1781,87.13
20260922,544558,5905,89.91
20260922,544559,11200,100.0
20260922,544560,6000,75.0
20260922,544561,60000,76.92
20260922,544562,3872,94.26
20260922,544563,1500,100.0
20260922,544564,194,100.0
20260922,544565,78000,100.0
20260922,544567,400,100.0
20260922,544568,22800,95.0
20260922,544569,216178,59.0
20260922,544570,475,63.67
20260922,544571,1000,100.0
20260922,544572,1075,57.7
20260922,544574,18066,54.09
20260922,544575,2000,100.0
20260922,544576,58589,87.53
20260922,544577,1,100.0
20260922,544578,8419,51.16
20260922,544579,197,84.91
20260922,544580,9363,65.07
20260922,544581,15938,98.46
20260922,544582,4800,50.0
20260922,544583,43877,59.33
20260922,544584,20000,100.0
20260922,544586,202255,75.13
20260922,544587,1129,68.01
20260922,544594,14400,100.0
20260922,544595,967,74.73
20260922,544596,1200,100.0
20260922,544597,5377,52.58
20260922,544598,12534,100.0
20260922,544599,2824,76.78
20260922,544600,711089,81.38
20260922,544602,27902,27.48
20260922,544603,515280,54.11
20260922,544604,34247,88.84
20260922,544605,8135,62.94
20260922,544606,51222733,92.15
20260922,544607,36000,65.22
20260922,544608,111039,51.25
20260922,544609,1800995,82.14
20260922,544610,18000,42.25
20260922,544611,805200,81.83
20260922,544612,98500,61.43
20260922,544613,7544,55.34
20260922,544614,219178,86.12
20260922,544615,1166,100.0
20260922,544616,5000,100.0
20260922,544617,24023,49.64
20260922,544619,22042,72.57
20260922,544621,3000,75.0
20260922,544622,184653,42.1
20260922,544623,1200,100.0
20260922,544624,3000,100.0
20260922,544625,7200,54.55
20260922,544626,7000,100.0
20260922,544627,2000,100.0
20260922,544628,2000,100.0
20260922,544629,9000,100.0
20260922,544630,1200,100.0
20260922,544631,1041,76.04
20260922,544632,2229716,33.32
20260922,544633,43496,60.7
20260922,544634,215710,44.83
20260922,544635,22400,87.5
20260922,544637,34800,100.0
20260922,544638,144,42.86
20260922,544639,20,100.0
20260922,544641,2400,100.0
20260922,544642,11923,29.57
20260922,544644,1021,69.88
20260922,544645,8223,53.7
20260922,544646,60000,75.0
20260922,544647,5686,45.26
20260922,544654,4138,93.94
20260922,544655,2319,100.0
20260922,544656,2800,77.78
20260922,544657,1800,100.0
20260922,544658,19716,72.02
20260922,544659,4000,100.0
20260922,544660,6362,82.14
20260922,544661,2621,93.14
20260922,544662,13,100.0
20260922,544663,7000,100.0
20260922,544664,11289,66.85
20260922,544665,20800,81.25
20260922,544666,8276,29.71
20260922,544667,31200,100.0
20260922,544668,7800,72.22
20260922,544669,9600,100.0
20260922,544670,31200,100.0
20260922,544671,18000,60.0
20260922,544672,11,91.67
20260922,544673,33600,72.41
20260922,544674,6,100.0
20260922,544675,12800,100.0
20260922,544676,4000,100.0
20260922,544677,3200,100.0
20260922,544678,327607,61.66
20260922,544679,21323,53.35
20260922,544681,27000,67.5
20260922,544682,64800,93.1
20260922,544683,9000,60.0
20260922,544684,38400,100.0
20260922,544685,462163,57.89
20260922,544687,10000,83.33
20260922,544693,9600,66.67
20260922,544694,2000,100.0
20260922,544695,70000,100.0
20260922,544698,22400,77.78
20260922,544699,44342,61.39
20260922,544700,2917,38.9
20260922,544701,3105,99.04
20260922,544702,6410,70.04
20260922,544703,68228,93.71
20260922,544704,8696,89.88
20260922,544705,1707,65.15
20260922,544708,3600,75.0
20260922,544709,27709,71.43
20260922,544710,27000,64.29
20260922,544711,4000,100.0
20260922,544716,3204,92.28
20260922,544717,9704,56.71
20260922,544718,9965,45.21
20260922,544719,192,100.0
20260922,544720,43799,52.76
20260922,544721,4469,86.89
20260922,544722,148,97.37
20260922,544723,151126,93.46
20260922,544724,3000,50.0
20260922,544726,28484,100.0
20260922,544731,17576,61.85
20260922,544732,770,74.68
20260922,544733,1957,61.19
20260922,544734,1234,96.48
20260922,544735,220000,73.58
20260922,544736,2281,100.0
20260922,544737,1124,100.0
20260922,544738,4000,100.0
20260922,544739,17361,45.55
20260922,544740,155200,100.0
20260922,544741,2400,100.0
20260922,544742,3566,68.09
20260922,544743,71174,62.06
20260922,544744,2470,26.02
20260922,544745,362,58.48
20260922,544746,3200,66.67
20260922,544748,304994,53.16
20260922,544750,10435,81.54
20260922,544751,76800,100.0
20260922,544752,2,100.0
20260922,544753,4401,86.67
20260922,544754,70279,47.22
20260922,544755,23200,100.0
20260922,544756,2407,75.57
20260922,544757,600,99.83
20260922,544758,6220,58.92
20260922,544759,9000,75.0
20260922,544760,11,100.0
20260922,544762,277,100.0
20260922,544763,3595,84.83
20260922,544764,10288,81.22
20260922,544765,60800,100.0
20260922,544766,120,100.0
20260922,544767,12000,100.0
20260922,544768,2000,100.0
20260922,544769,1200,100.0
20260922,544770,243200,80.0
20260922,544771,18000,69.23
20260922,544772,66000,82.5
20260922,544773,69000,58.97
20260922,544774,4000,80.0
20260922,544777,23749,54.41
20260922,544779,4800,75.0
20260922,544780,249739,50.25
20260922,544781,669912,46.62
20260922,544782,1406208,46.34
20260922,544783,44612,100.0
20260922,544784,2994409,82.94
20260922,544785,16864,100.0
20260922,544786,2720,78.57
20260922,544793,43000,100.0
20260922,544794,120000,83.33
20260922,544795,763,99.74
20260922,544796,2800,100.0
20260922,544799,69295,51.79
20260922,544800,57600,92.31
20260922,544802,34014,52.01
20260922,544803,27434,55.12
20260922,544805,4800,100.0
20260922,544806,36265,64.15
20260922,544807,3000,100.0
20260922,544808,308986,80.37
20260922,544809,296000,89.7
20260922,544810,52800,73.33
20260922,544811,28000,90.32
20260922,544812,74000,74.0
20260922,544814,17040,57.16
20260922,544821,11733,48.3
20260922,544822,7027,46.96
20260922,544823,50400,100.0
20260922,544825,15552,65.2
20260922,544826,65600,56.94
20260922,544827,58,98.3
20260922,544829,29788,78.6
20260922,544830,8788,91.87
20260922,544831,3819,57.14
20260922,544832,4800,72.73
20260922,544833,31864,51.78
20260922,544834,7200,85.71
20260922,544835,6000,75.0
20260922,544837,145240,31.92
20260922,544838,189172,50.49
20260922,544839,19947,45.34
20260922,544840,8000,66.67
20260922,544841,591,53.2
20260922,544842,33,100.0
20260922,544843,20400,100.0
20260922,544844,87600,64.79
20260922,544845,21863,87.87
20260922,544847,332103,86.85
20260922,544848,65600,97.62
20260922,544849,1,100.0
20260922,544850,390,100.0
20260922,544851,89640,43.51
20260922,544852,4800,100.0
20260922,544853,12654,62.54
20260922,544854,30000,73.53
20260922,544855,3111,55.96
20260922,544856,5600,100.0
20260922,544858,9600,80.0
20260922,544859,26000,70.27
20260922,544860,374299,43.24
20260922,544861,9149,100.0
20260922,544862,3890,60.97
20260922,544863,14400,85.71
20260922,544864,101095,66.63
20260922,544865,82336,42.68
20260922,544866,62641,39.42
20260922,544867,137438,42.88
20260922,544868,944803,60.7
20260922,544869,24000,85.71
20260922,544870,100319,64.07
20260922,544871,295433,61.21
20260922,544872,75600,63.0
20260922,544873,5639,84.23
20260922,544874,318,66.25
20260922,544875,1,100.0
20260922,544876,4800,80.0
20260922,544877,280000,100.0
20260922,544878,4,100.0
20260922,544879,46164,77.31
20260922,544880,77778,38.46
20260922,544881,7236,61.37
20260922,544882,149496,60.01
20260922,544883,11000,100.0
20260922,544884,154800,40.82
20260922,544885,77531,38.19
20260922,544886,79494,49.69
20260922,544887,1000,100.0
20260922,544888,18715,33.2
20260922,544889,107367,52.63
20260922,544890,348736,43.64
20260922,544891,112796,49.26
20260922,544892,1037,100.0
20260922,544893,125064,40.09
20260922,544894,1030791,54.94
20260922,544895,120000,70.75
20260922,544897,132000,62.86
20260922,544898,999,100.0
20260922,544899,20237,78.35
20260922,544900,72000,64.29
20260922,544901,5332,65.19
20260922,544902,18000,69.23
20260922,544903,55053,36.04
20260922,544904,4800,100.0
20260922,544906,4609,100.0
20260922,544908,4865,99.79
20260922,544909,193388,44.07
20260922,544910,12000,100.0
20260922,544911,225229,42.48
20260922,544912,9805,41.7
20260922,544913,2037765,39.73
20260922,544914,471139,34.15
20260922,544915,166333,45.81
20260922,544916,25931,45.52
20260922,544917,180999,35.21
20260922,544918,217360,39.2
20260922,544919,58800,100.0
20260922,544920,182400,100.0
20260922,544921,271280,70.85
20260922,544922,73600,100.0
20260922,544923,35251,100.0
20260922,544924,366400,100.0
20260922,544925,87600,100.0
20260922,544927,355,100.0
20260922,544928,115200,100.0
20260922,544929,149456,100.0
20260922,544930,61200,100.0
20260922,544931,227200,100.0
20260922,544932,1086000,100.0
20260922,544933,2140000,100.0
20260922,555555,631,88.38
20260922,570002,100,100.0
20260922,570004,15278,55.92
20260922,570005,155351,100.0
20260922,590003,54508,47.75
20260922,590005,1937,81.15
20260922,590006,1228,62.43
20260922,590013,1404,59.49
20260922,590018,131,76.61
20260922,590021,1916,64.62
20260922,590022,600,100.0
20260922,590024,6390,53.17
20260922,590025,2500,100.0
20260922,590030,15885,70.06
20260922,590031,185,95.85
20260922,590041,34354,100.0
20260922,590051,9994,62.14
20260922,590056,164,53.59
20260922,590057,16758,100.0
20260922,590062,18044,62.72
20260922,590065,107,90.68
20260922,590066,1749,65.78
20260922,590068,158,61.24
20260922,590070,201,100.0
20260922,590071,822,51.31
20260922,590072,2,100.0
20260922,590073,2717,41.73
20260922,590075,585,84.05
20260922,590078,1480,66.22
20260922,590086,422,73.65
20260922,590095,316174,63.93
20260922,590096,702529,92.54
20260922,590097,13671,61.87
20260922,590098,65934,66.21
20260922,590099,888,31.74
20260922,590101,7888,69.73
20260922,590103,142195,71.05
20260922,590104,3420,61.96
20260922,590106,4485,47.82
20260922,590107,1841,64.55
20260922,590108,12418,64.74
20260922,590109,676,67.0
20260922,590110,724,88.62
20260922,590113,6125,76.73
20260922,590115,528,96.53
20260922,590134,1650,95.54
20260922,590136,12545,90.06
20260922,590137,172,66.41
20260922,590138,12718,68.32
20260922,590139,1910,88.59
20260922,590140,984735,51.13
20260922,590141,138268,51.04
20260922,590142,85515,78.91
20260922,590143,369192,99.88
20260922,590144,15374,84.75
20260922,590145,419884,57.05
20260922,590146,737833,99.88
20260922,590147,259,91.2
20260922,590148,14335,91.09
20260922,590149,21211,76.51
20260922,590150,9227,90.24
20260922,590151,21709,84.18
20260922,590152,34736,86.81
20260922,590153,20991,95.49
20260922,590154,13030,65.08
20260922,590155,27587,23.57
20260922,590156,72203,92.8
20260922,590157,1734,74.17
20260922,590158,18626,74.11
20260922,590159,2682,60.58
20260922,590160,169,88.02
20260922,590161,1137682,67.2
20260922,710058,99,100.0
20260922,751131,8000,100.0
20260922,751132,14000,100.0
20260922,751141,13659,100.0
20260922,751142,36042,100.0
20260922,800177,135,100.0
20260922,800289,14,100.0
20260922,800290,5,100.0
20260922,800291,2,33.33
20260922,800295,2,100.0
20260922,800296,1,100.0
20260922,800297,33,100.0
20260922,800301,1,100.0
20260922,800312,3,100.0
20260922,800318,3,100.0
20260922,800322,3,100.0
20260922,800324,2,100.0
20260922,800325,294,99.32
20260922,800326,1,50.0
20260922,800327,26,100.0
20260922,800331,28,100.0
20260922,800333,10,100.0
20260922,800334,2310,100.0
20260922,800339,46,93.88
20260922,800340,100,99.01
20260922,800341,1,100.0
20260922,800342,5,100.0
20260922,800367,14,93.33
20260922,800385,14,100.0
20260922,800386,18,78.26
20260922,800434,22,100.0
20260922,800438,15,60.0
20260922,800439,6,100.0
20260922,800441,1133,100.0
20260922,800443,10,100.0
20260922,800488,17,100.0
20260922,800573,20,86.96
20260922,800575,46,100.0
20260922,800580,69,90.79
20260922,800588,18819,90.39
20260922,800596,47,95.92
20260922,800598,6,100.0
20260922,800603,196,96.55
20260922,800605,67,85.9
20260922,800607,10542,99.98
20260922,800656,1026600,100.0
20260922,800665,400000,100.0
20260922,800682,1566600,100.0
20260922,800695,1541400,100.0
20260922,800708,1000000,100.0
20260922,800807,104,50.73
20260922,800808,1203,88.91
20260922,800809,703,99.58
20260922,800812,539346,100.0
20260922,800815,2913,100.0
20260922,800816,10603,100.0
20260922,805129,7499,100.0
20260922,805247,100,100.0
20260922,805253,25000,100.0
20260922,805259,401,100.0
20260922,890217,729,99.05
20260922,890226,7452,100.0
20260922,890228,206,100.0
20260922,890234,2720,100.0
20260922,890238,14050,100.0
20260922,935510,69,100.0
20260922,935584,1,100.0
20260922,935620,110,84.62
20260922,935674,496,100.0
20260922,936048,33,67.35
20260922,936130,340,100.0
20260922,936224,130,100.0
20260922,936226,100,100.0
20260922,936254,1,100.0
20260922,936294,200,99.01
20260922,936320,30,50.0
20260922,936398,13,100.0
20260922,936412,960,88.97
20260922,936532,4,100.0
20260922,936656,25,100.0
20260922,936722,50,100.0
20260922,936744,149,100.0
20260922,937017,35,100.0
20260922,937057,1,100.0
20260922,937345,25,100.0
20260922,937347,171,100.0
20260922,937385,1,100.0
20260922,937399,606,100.0
20260922,937409,51,100.0
20260922,937455,10,100.0
20260922,937469,156,100.0
20260922,937501,823,100.0
20260922,937503,158,100.0
20260922,937581,40,100.0
20260922,937621,175,100.0
20260922,937721,52,100.0
20260922,937745,25,100.0
20260922,937773,60,100.0
20260922,937799,2350,100.0
20260922,937805,1,100.0
20260922,937807,24,100.0
20260922,937831,54,75.0
20260922,938005,105,100.0
20260922,938021,99,100.0
20260922,938105,410,100.0
20260922,938111,30,66.67
20260922,938214,49,100.0
20260922,938220,100,100.0
20260922,938222,277,100.0
20260922,938224,277,100.0
20260922,938226,277,100.0
20260922,938364,70,100.0
20260922,938366,95,100.0
20260922,938368,520,99.24
20260922,938370,144,100.0
20260922,938372,1000,89.13
20260922,938382,100,100.0
20260922,938512,5,100.0
20260922,938526,1000,80.0
20260922,938570,300,75.0
20260922,938604,20,100.0
20260922,938632,113,100.0
20260922,938634,53,100.0
20260922,938658,350,100.0
20260922,938660,400,62.02
20260922,938662,100,100.0
20260922,938664,140,100.0
20260922,938706,1,100.0
20260922,938742,3,100.0
20260922,938790,45,100.0
20260922,938850,6,100.0
20260922,938870,626,100.0
20260922,938898,100,100.0
20260922,938906,200,100.0
20260922,938908,100,66.67
20260922,938958,1,100.0
20260922,938990,9,100.0
20260922,938994,1,100.0
20260922,938998,12,100.0
20260922,939050,1,100.0
20260922,939056,15,100.0
20260922,939090,69,100.0
20260922,939124,128,76.65
20260922,939140,12,100.0
20260922,939184,50,100.0
20260922,939190,22,100.0
20260922,939194,178,100.0
20260922,939196,1,100.0
20260922,939198,500,100.0
20260922,939212,300,98.04
20260922,939276,399,100.0
20260922,939301,214,100.0
20260922,939305,1000,66.67
20260922,939337,1001,100.0
20260922,939425,1000,100.0
20260922,939449,400,100.0
20260922,939461,750,100.0
20260922,939473,25,100.0
20260922,939477,50,100.0
20260922,939483,50,100.0
20260922,939529,30,50.0
20260922,939565,250,100.0
20260922,939617,51,100.0
20260922,939629,200,65.57
20260922,939633,1,33.33
20260922,939651,107,100.0
20260922,939657,66,100.0
20260922,939719,2,100.0
20260922,939727,19,100.0
20260922,939733,51,100.0
20260922,939735,74,100.0
20260922,939743,5,100.0
20260922,939749,50,100.0
20260922,939809,1000,100.0
20260922,939817,50,100.0
20260922,939829,28,50.0
20260922,939843,3,100.0
20260922,939851,300,100.0
20260922,939857,5,100.0
20260922,939863,200,100.0
20260922,939899,4,100.0
20260922,940037,1,100.0
20260922,940045,501,100.0
20260922,940077,25,100.0
20260922,940085,100,100.0
20260922,940103,10,100.0
20260922,940165,510,100.0
20260922,940227,9,100.0
20260922,940235,85,100.0
20260922,940239,66,100.0
20260922,940253,100,100.0
20260922,940287,261,100.0
20260922,940319,1,100.0
20260922,940325,125,100.0
20260922,940341,600,100.0
20260922,940347,10,90.91
20260922,940357,96,100.0
20260922,940361,32,100.0
20260922,940419,10,50.0
20260922,940433,7,100.0
20260922,940435,1200,67.76
20260922,940443,50,100.0
20260922,940457,31,100.0
20260922,940467,46,100.0
20260922,940503,110,100.0
20260922,940511,1200,80.0
20260922,940517,1,50.0
20260922,940519,330,100.0
20260922,940555,425,67.03
20260922,940637,13,100.0
20260922,940641,749,100.0
20260922,940643,200,100.0
20260922,940649,7,100.0
20260922,940651,10,100.0
20260922,940655,50,100.0
20260922,940657,501,51.28
20260922,940663,1,100.0
20260922,940673,103,67.32
20260922,940675,105,100.0
20260922,940681,1,100.0
20260922,940683,313,100.0
20260922,940693,50,100.0
20260922,940701,6,100.0
20260922,940703,125,100.0
20260922,940705,280,100.0
20260922,940709,5,100.0
20260922,940713,176,95.65
20260922,940715,87,100.0
20260922,940721,50,100.0
20260922,940731,70,100.0
20260922,940739,3,50.0
20260922,940751,715,100.0
20260922,940757,8,100.0
20260922,940759,25,50.0
20260922,940765,135,100.0
20260922,940781,200,100.0
20260922,940791,501,100.0
20260922,940801,150,100.0
20260922,940813,500,86.06
20260922,940837,37,100.0
20260922,940841,36,100.0
20260922,940843,131,100.0
20260922,940845,50,100.0
20260922,940847,40,40.0
20260922,940853,22,88.0
20260922,940855,1,100.0
20260922,940859,150,100.0
20260922,940870,604,100.0
20260922,940874,140,100.0
20260922,940886,69,68.32
20260922,940908,1,100.0
20260922,940933,56,100.0
20260922,940939,100,100.0
20260922,940949,202,100.0
20260922,940951,10,100.0
20260922,940955,53,92.98
20260922,940967,10,100.0
20260922,940969,13,100.0
20260922,940983,1160,100.0
20260922,940995,10,100.0
20260922,941007,55,100.0
20260922,941009,20,100.0
20260922,941021,120,100.0
20260922,941035,219,100.0
20260922,941037,3,100.0
20260922,941043,501,91.09
20260922,941047,100,100.0
20260922,941051,5,100.0
20260922,941061,1,100.0
20260922,941065,10,100.0
20260922,941075,50,100.0
20260922,941085,10,100.0
20260922,941087,10,100.0
20260922,941105,31,100.0
20260922,941111,21,100.0
20260922,941113,1413,66.62
20260922,941125,10,100.0
20260922,941127,151,100.0
20260922,941129,277,99.28
20260922,941135,61,66.3
20260922,941141,155,83.78
20260922,941143,60,100.0
20260922,941153,52,100.0
20260922,941159,200,100.0
20260922,941165,64,100.0
20260922,941173,160,100.0
20260922,941185,436,79.56
20260922,941189,28,100.0
20260922,941193,217,100.0
20260922,941195,195,99.49
20260922,941203,382,97.2
20260922,941223,50,100.0
20260922,941231,600,100.0
20260922,961728,354,71.81
20260922,961730,100,100.0
20260922,961734,2500,99.96
20260922,961765,63,45.32
20260922,961803,50,100.0
20260922,961804,50,84.75
20260922,961826,87,100.0
20260922,961830,25,100.0
20260922,961839,15,100.0
20260922,961845,10,100.0
20260922,961851,300,100.0
20260922,961863,1000,83.33
20260922,961885,249,100.0
20260922,961895,450,100.0
20260922,961897,11,100.0
20260922,961910,1,100.0
20260922,961921,572,100.0
20260922,972721,24,100.0
20260922,973491,1537,99.81
20260922,973881,1,100.0
20260922,974634,16,100.0
20260922,974749,8,100.0
20260922,975251,3,100.0
20260922,975375,11,91.67
20260922,975520,1,100.0
20260922,975572,1,33.33
20260922,975684,1,100.0
20260922,975690,2,100.0
20260922,975790,3,100.0
20260922,975897,1,100.0
20260922,976146,1,100.0
20260922,976228,10,100.0
20260922,976248,39,100.0
20260922,976275,1,100.0
20260922,976325,79,100.0
20260922,976411,6,85.71
20260922,976421,15,100.0
20260922,976427,14,100.0
20260922,976437,17,100.0
20260922,976560,10,100.0
20260922,976597,2,100.0
20260922,976675,2,100.0
20260922,976685,5,100.0
20260922,976708,1,100.0
20260922,976712,98,100.0
20260922,976730,1,100.0
20260922,976778,8,100.0
20260922,976808,591,86.15
20260922,976831,2,100.0
20260922,976855,1,100.0
20260922,976872,1,100.0
20260922,976905,44,100.0
20260922,976985,4,100.0
20260922,977000,1,100.0
20260922,977008,2,100.0
20260922,977017,26,89.66
20260922,977029,2,100.0
20260922,977038,24,100.0
20260922,977044,117,95.9
20260922,977071,0,0.0
20260922,977093,7,100.0
20260922,977117,2,100.0
20260922,977123,2,100.0
20260922,977128,19,100.0
20260922,977132,3,100.0
20260922,977134,6,100.0
20260922,977160,1,100.0
20260922,977182,1,100.0
20260922,977186,1,100.0
20260922,977187,4,100.0
20260922,977200,1,100.0
20260922,977205,2,100.0
20260922,977226,9,81.82
20260922,977227,11,100.0
20260922,977228,5,100.0
20260922,977241,5,100.0
20260922,977250,73,100.0
20260922,977260,19,100.0
20260922,977298,17,100.0
20260922,977309,35,100.0
20260922,977334,276,100.0
20260922,977344,1,100.0
20260922,977356,9,100.0
20260922,977367,8,100.0
20260922,977382,14,87.5
20260922,977383,15,100.0
20260922,977397,3,100.0
20260922,977411,3,100.0
20260922,977419,1,100.0
20260922,977440,21,100.0
20260922,977445,32,100.0
20260922,977453,1,100.0
20260922,977471,3,75.0
20260922,977477,11,100.0
20260922,977488,2,100.0
20260922,977508,20,100.0
20260922,977532,308,100.0
20260922,977534,32,100.0
20260922,977541,15,100.0
20260922,977546,17,100.0
20260922,977564,51,100.0
20260922,977576,24,100.0
20260922,977583,2,100.0
20260922,977596,15,100.0
20260922,977623,9,100.0
20260922,977633,1,100.0
20260922,977642,10,100.0
20260922,977643,10,100.0
20260922,977648,7,100.0
20260922,977662,3,100.0
20260922,977671,9,90.0
20260922,977680,1,100.0
20260922,977700,30,100.0
20260922,977710,6,100.0
20260922,977725,90,100.0
20260922,977730,140,87.5
20260922,977732,133,86.93
20260922,977735,23,100.0
20260922,977738,1,100.0
20260922,977740,98,97.03
20260922,977753,15,83.33
20260922,977773,5,100.0
20260922,977774,1,100.0
20260922,977788,142,100.0
20260922,977801,30,96.77
20260922,977815,4,80.0
20260922,977846,3,100.0
20260922,977859,2,100.0
20260922,977868,104,52.0
20260922,977869,19,86.36
20260922,977877,9,100.0
20260922,977880,200,100.0
20260922,977892,1,100.0
20260922,977907,3,100.0
20260922,977913,4,100.0
20260922,977932,1,100.0
20260922,977933,2,100.0
20260922,977935,854,99.77
20260922,977979,1,100.0
20260922,977984,17,100.0
20260922,977986,10,90.91
20260922,978007,10,100.0
20260922,978013,1,100.0
20260922,978024,23,88.46
20260922,978025,1,100.0
20260922,978034,2,100.0
20260922,978035,20,100.0
20260922,978039,15,93.75
20260922,978051,16,88.89
20260922,978068,10,100.0
20260922,978075,158,100.0
20260922,978086,17,54.84
20260922,978094,169,100.0
20260922,978096,0,0.0
20260922,978115,1,100.0
20260922,978169,41,89.13
