DATE,SYMBOL,DELIV_QTY,DELIV_PER
20260917,543285,800,100.0
20260917,543287,20383,47.88
20260917,543288,5198,47.44
20260917,543290,128827,81.52
20260917,543291,44187,59.62
20260917,543292,1515,72.87
20260917,543298,15151,99.99
20260917,543299,5013,33.42
20260917,543300,132274,68.77
20260917,543306,455,69.47
20260917,543308,21788,60.31
20260917,543311,46092,59.07
20260917,543317,1514,38.79
20260917,543318,7264,51.84
20260917,543320,831485,60.97
20260917,543321,2902,56.77
20260917,543322,1932,60.66
20260917,543323,13097,53.2
20260917,543324,3283,9.42
20260917,543325,17108,55.91
20260917,543326,41841,63.25
20260917,543327,8770,88.14
20260917,543328,65197,35.18
20260917,543329,3394,52.5
20260917,543330,78340,69.85
20260917,543331,33813,51.22
20260917,543332,2518,84.9
20260917,543333,1492,29.38
20260917,543334,10128,81.34
20260917,543335,122106,73.32
20260917,543336,3789,61.51
20260917,543341,1556,79.79
20260917,543347,203,100.0
20260917,543348,11,100.0
20260917,543349,3096,43.46
20260917,543350,2093,45.17
20260917,543351,6000,100.0
20260917,543358,3867,68.02
20260917,543363,5600,70.0
20260917,543364,4842,30.56
20260917,543365,79595,56.2
20260917,543366,9600,100.0
20260917,543367,32601,38.39
20260917,543372,5000,100.0
20260917,543373,15512,100.0
20260917,543374,15035,62.96
20260917,543376,1083,95.93
20260917,543377,10000,100.0
20260917,543378,15500,91.18
20260917,543383,649,76.17
20260917,543384,608603,86.76
20260917,543386,3879,65.79
20260917,543387,412,36.56
20260917,543388,611,100.0
20260917,543389,494608,42.42
20260917,543390,356378,60.52
20260917,543391,15000,100.0
20260917,543396,99361,38.53
20260917,543397,29523,54.81
20260917,543398,8041,47.39
20260917,543399,2401,70.16
20260917,543400,4000,100.0
20260917,543401,656,55.03
20260917,543410,1950,100.0
20260917,543411,15394,69.42
20260917,543412,572607,97.21
20260917,543413,72137,40.61
20260917,543414,26865,63.02
20260917,543415,4021,66.04
20260917,543416,3281,88.58
20260917,543417,1774,41.9
20260917,543418,17,100.0
20260917,543419,10817,69.62
20260917,543420,11321,55.83
20260917,543425,4738,65.98
20260917,543426,737,53.48
20260917,543427,3222,82.57
20260917,543428,28867,37.43
20260917,543433,838,70.96
20260917,543434,4595,56.08
20260917,543437,141063,55.13
20260917,543438,1760,97.24
20260917,543440,175,92.11
20260917,543441,32489,50.67
20260917,543442,110,91.67
20260917,543449,13137,50.38
20260917,543450,23855,91.11
20260917,543451,20793,100.0
20260917,543452,22985,56.77
20260917,543453,11250,90.91
20260917,543454,285,78.95
20260917,543458,41054,30.17
20260917,543461,5000,50.0
20260917,543462,2891,91.75
20260917,543463,6685,60.13
20260917,543464,19000,70.37
20260917,543465,481,96.01
20260917,543470,5,100.0
20260917,543471,17139,58.83
20260917,543472,817,99.03
20260917,543473,2830,81.04
20260917,543474,13523,86.9
20260917,543481,27660,80.58
20260917,543482,4340,42.72
20260917,543489,32757,76.55
20260917,543490,14654,46.95
20260917,543497,8000,71.43
20260917,543498,147217,55.69
20260917,543499,23835,100.0
20260917,543500,20000,100.0
20260917,543501,18,100.0
20260917,543512,42574,78.34
20260917,543513,5,100.0
20260917,543514,4018,45.59
20260917,543515,6750,100.0
20260917,543516,100800,100.0
20260917,543517,1686,65.63
20260917,543519,1500,100.0
20260917,543520,38000,79.17
20260917,543522,6000,72.73
20260917,543523,5467,57.5
20260917,543524,4074,67.37
20260917,543525,11354,15.99
20260917,543526,142466,43.72
20260917,543527,22983,98.87
20260917,543528,23806,44.19
20260917,543529,119964,80.99
20260917,543530,202551,69.21
20260917,543531,7474,79.1
20260917,543532,294,66.22
20260917,543533,125107,36.86
20260917,543534,4834,51.95
20260917,543535,373,100.0
20260917,543539,767,86.96
20260917,543540,600,100.0
20260917,543542,200,1.42
20260917,543543,2600,76.47
20260917,543544,4500,100.0
20260917,543545,16700,100.0
20260917,543546,20000,62.5
20260917,543547,1657,67.47
20260917,543563,3461,85.39
20260917,543568,14805,64.43
20260917,543569,24,100.0
20260917,543570,1584,86.32
20260917,543571,1223,81.48
20260917,543572,14534,71.42
20260917,543573,120415,32.53
20260917,543574,1371,87.94
20260917,543575,2699,92.27
20260917,543576,4146,76.0
20260917,543577,45,95.74
20260917,543578,925,100.0
20260917,543590,35647,100.0
20260917,543591,3895,85.06
20260917,543592,54021,60.13
20260917,543593,3615,72.75
20260917,543596,1580,42.63
20260917,543597,2469,39.85
20260917,543599,1010,61.62
20260917,543600,6586,77.56
20260917,543605,454,99.56
20260917,543606,4000,100.0
20260917,543607,55,50.93
20260917,543608,607,97.43
20260917,543613,16000,44.44
20260917,543614,40,81.63
20260917,543615,800,100.0
20260917,543616,58800,76.56
20260917,543618,4500,100.0
20260917,543619,3950,76.7
20260917,543620,34364,64.86
20260917,543626,46403,61.22
20260917,543628,1701,62.95
20260917,543635,41321,30.19
20260917,543636,11291,55.94
20260917,543637,14400,75.0
20260917,543638,6091,81.44
20260917,543643,13020,99.18
20260917,543644,3884,56.01
20260917,543645,6,100.0
20260917,543650,13995,61.08
20260917,543652,110303,86.05
20260917,543653,2676,47.85
20260917,543654,4150,52.45
20260917,543656,4000,100.0
20260917,543657,6409,35.33
20260917,543663,4362,36.92
20260917,543664,52013,44.0
20260917,543665,3261,68.39
20260917,543666,8504,95.28
20260917,543667,11801,45.23
20260917,543668,589,91.18
20260917,543669,490,68.44
20260917,543670,37723,96.15
20260917,543671,5435,65.79
20260917,543677,4950,66.07
20260917,543678,18000,85.71
20260917,543686,33340,83.8
20260917,543687,250,100.0
20260917,543688,129534,80.69
20260917,543689,2021,49.93
20260917,543700,8,100.0
20260917,543709,4500,69.23
20260917,543710,120,9.49
20260917,543711,8846,78.72
20260917,543712,1107,100.0
20260917,543713,15000,88.24
20260917,543714,3079,54.0
20260917,543720,23640,45.06
20260917,543725,2581,71.95
20260917,543732,16264,67.53
20260917,543743,254,100.0
20260917,543745,6000,100.0
20260917,543746,1200,11.76
20260917,543747,13479,94.19
20260917,543748,31827,70.4
20260917,543754,800,100.0
20260917,543766,64,100.0
20260917,543767,75659,24.38
20260917,543768,116045,47.9
20260917,543769,8000,100.0
20260917,543774,299,100.0
20260917,543775,23125,66.15
20260917,543776,27472,75.91
20260917,543781,10517,64.84
20260917,543782,4140,88.46
20260917,543787,3960,72.73
20260917,543798,16000,80.0
20260917,543799,750,100.0
20260917,543805,750,100.0
20260917,543806,5600,43.08
20260917,543811,9613,81.77
20260917,543812,1909,66.08
20260917,543813,251,100.0
20260917,543814,1000,100.0
20260917,543819,3976,81.39
20260917,543828,116000,82.86
20260917,543829,1620,99.63
20260917,543848,44000,91.67
20260917,543853,97,97.0
20260917,543860,2557,99.96
20260917,543861,2430,93.68
20260917,543874,8000,66.67
20260917,543875,1,100.0
20260917,543895,8500,59.65
20260917,543896,6793,39.35
20260917,543897,3000,100.0
20260917,543898,1034,77.34
20260917,543899,10723,99.28
20260917,543900,3547,51.36
20260917,543901,3,100.0
20260917,543902,14000,87.5
20260917,543903,23623,77.71
20260917,543904,3435,63.99
20260917,543910,177,100.0
20260917,543911,162213,43.31
20260917,543912,566,73.89
20260917,543913,3812,70.89
20260917,543914,31407,100.0
20260917,543915,3455,98.46
20260917,543916,9200,74.19
20260917,543917,9854,57.74
20260917,543918,29787,71.82
20260917,543919,33192,96.84
20260917,543920,85992,59.1
20260917,543921,7000,100.0
20260917,543922,2786,59.05
20260917,543923,5107,62.1
20260917,543924,2000,50.0
20260917,543926,73200,48.03
20260917,543927,504,100.0
20260917,543928,8600,71.07
20260917,543929,59987,55.59
20260917,543930,54,100.0
20260917,543931,17800,70.63
20260917,543932,4607,52.61
20260917,543933,17271,31.0
20260917,543934,14,100.0
20260917,543935,261,100.0
20260917,543936,16016,47.88
20260917,543938,1280,100.0
20260917,543939,1500,100.0
20260917,543940,772553,71.67
20260917,543941,800,100.0
20260917,543942,288695,59.66
20260917,543943,49000,83.05
20260917,543944,313,100.0
20260917,543945,45793,38.78
20260917,543946,100283,98.04
20260917,543947,60,100.0
20260917,543948,874,74.32
20260917,543949,1114,71.23
20260917,543950,58652,32.87
20260917,543952,2004,52.65
20260917,543953,3250,16.88
20260917,543954,4086,62.19
20260917,543955,27015,75.67
20260917,543956,1058,88.39
20260917,543957,17340,37.44
20260917,543958,346110,99.63
20260917,543959,48614,69.94
20260917,543960,1967,53.95
20260917,543962,69,100.0
20260917,543963,51000,65.38
20260917,543965,24875,66.14
20260917,543969,158,95.18
20260917,543970,1500,100.0
20260917,543971,28400,58.68
20260917,543972,39515,36.16
20260917,543973,185,77.73
20260917,543974,23387,59.24
20260917,543975,69,63.3
20260917,543976,13145,77.59
20260917,543977,7376,58.9
20260917,543978,287747,44.71
20260917,543979,6400,100.0
20260917,543980,3010,75.7
20260917,543981,6513,40.29
20260917,543982,25000,94.7
20260917,543983,3973,66.13
20260917,543984,49582,53.5
20260917,543985,24917,63.05
20260917,543986,10777,69.87
20260917,543988,4487,50.88
20260917,543989,28719,77.04
20260917,543990,9968,25.62
20260917,543991,6400,94.12
20260917,543992,20402,45.63
20260917,543993,185,74.6
20260917,543994,1977079,95.92
20260917,543995,27971,48.8
20260917,543996,6779,68.31
20260917,543997,66600,64.91
20260917,543998,1973,100.0
20260917,543999,2295,92.73
20260917,544000,6000,100.0
20260917,544001,19500,100.0
20260917,544003,3504,63.7
20260917,544004,955,70.64
20260917,544006,11333,64.64
20260917,544007,8186,66.37
20260917,544008,2099,60.47
20260917,544009,8810,43.08
20260917,544010,571,53.31
20260917,544012,6964,53.78
20260917,544013,3000,100.0
20260917,544014,19242,54.82
20260917,544015,1000,100.0
20260917,544020,21566,100.0
20260917,544021,9990,63.71
20260917,544022,285072,97.4
20260917,544023,20250,90.0
20260917,544025,1200,100.0
20260917,544026,219712,55.17
20260917,544027,10802,48.79
20260917,544028,14463,43.06
20260917,544029,27415,54.98
20260917,544030,1982,21.16
20260917,544035,115200,98.63
20260917,544036,800,100.0
20260917,544037,11700,66.48
20260917,544042,9064,80.85
20260917,544043,232,95.47
20260917,544044,1654,56.78
20260917,544045,1408,70.19
20260917,544046,11358,43.1
20260917,544047,28500,63.33
20260917,544052,4000,66.67
20260917,544053,2893575,55.08
20260917,544054,11745,67.14
20260917,544055,4358,66.15
20260917,544057,4757,62.15
20260917,544058,5075,54.71
20260917,544059,4000,100.0
20260917,544060,11546,100.0
20260917,544061,6923,34.94
20260917,544066,152,92.12
20260917,544067,1033,48.98
20260917,544073,12000,85.71
20260917,544074,5400,100.0
20260917,544079,648,99.39
20260917,544080,447,97.81
20260917,544081,7893,33.07
20260917,544082,2000,100.0
20260917,544083,1000,66.67
20260917,544088,203045,99.62
20260917,544089,693432,73.66
20260917,544090,216,100.0
20260917,544091,33600,93.33
20260917,544092,46,100.0
20260917,544093,176,77.53
20260917,544095,10690,55.35
20260917,544100,1610,88.95
20260917,544102,6,100.0
20260917,544105,4500,100.0
20260917,544106,1200,100.0
20260917,544107,2868,55.64
20260917,544108,8400,100.0
20260917,544109,40,100.0
20260917,544110,317,46.08
20260917,544111,4081,68.89
20260917,544112,762,93.96
20260917,544117,13675,80.23
20260917,544118,18966,30.74
20260917,544119,4479,47.14
20260917,544120,1283,89.35
20260917,544121,2000,100.0
20260917,544122,341689,82.46
20260917,544123,255,98.84
20260917,544124,474,98.34
20260917,544129,14297,77.84
20260917,544130,28152,72.08
20260917,544131,12680,91.57
20260917,544132,195300,64.73
20260917,544133,23672,40.51
20260917,544134,1076,81.58
20260917,544135,88840,100.0
20260917,544136,3919,94.16
20260917,544137,894,57.71
20260917,544138,4602,41.37
20260917,544139,26000,100.0
20260917,544140,2178,21.21
20260917,544141,3200,22.22
20260917,544142,6999,84.48
20260917,544144,499,85.15
20260917,544149,6300,73.31
20260917,544150,56750,78.28
20260917,544151,7000,100.0
20260917,544156,28500,100.0
20260917,544158,3039,72.24
20260917,544159,42715,98.98
20260917,544160,115200,100.0
20260917,544161,84,80.77
20260917,544162,18973,96.17
20260917,544163,3000,100.0
20260917,544165,9000,100.0
20260917,544166,16800,100.0
20260917,544167,4464,82.87
20260917,544169,10000,83.33
20260917,544170,10000,71.43
20260917,544171,4800,100.0
20260917,544172,4326,48.57
20260917,544173,4000,66.67
20260917,544174,2208,51.87
20260917,544175,1200,100.0
20260917,544176,7693,82.98
20260917,544177,4000,80.0
20260917,544179,9469,63.38
20260917,544180,4277,61.61
20260917,544181,9496,50.98
20260917,544184,2700,89.34
20260917,544185,2898,87.18
20260917,544186,25774,76.59
20260917,544187,9293,100.0
20260917,544189,4500,90.0
20260917,544191,35581,96.36
20260917,544192,13789,47.04
20260917,544193,8217,74.65
20260917,544194,45533,94.21
20260917,544196,112,100.0
20260917,544197,2565,100.0
20260917,544198,5926,41.05
20260917,544199,800,100.0
20260917,544200,25259,80.03
20260917,544201,62000,75.61
20260917,544202,2855,59.0
20260917,544203,549024,92.19
20260917,544204,7373,82.71
20260917,544205,703,100.0
20260917,544206,13328,47.84
20260917,544207,73,97.33
20260917,544209,1748,77.28
20260917,544210,2981,60.81
20260917,544212,6028,52.76
20260917,544213,18600,75.61
20260917,544215,2106,94.23
20260917,544216,12017,68.23
20260917,544217,9483,62.76
20260917,544218,10168,95.54
20260917,544219,7800,92.86
20260917,544221,18000,100.0
20260917,544222,1938,54.51
20260917,544223,6428,64.65
20260917,544224,45360,73.54
20260917,544225,1299095,51.16
20260917,544226,706684,91.64
20260917,544227,7527,63.57
20260917,544229,175936,85.81
20260917,544230,1930,70.31
20260917,544232,662,48.22
20260917,544233,2850,100.0
20260917,544234,1872,100.0
20260917,544235,5007,67.74
20260917,544237,1600,100.0
20260917,544238,20496,37.97
20260917,544239,2359,63.98
20260917,544240,4589,60.46
20260917,544241,86073,87.86
20260917,544243,43905,53.37
20260917,544244,248,81.05
20260917,544247,1436,77.71
20260917,544248,9600,53.33
20260917,544249,1158,92.71
20260917,544250,142,55.91
20260917,544251,17600,100.0
20260917,544252,57428,57.83
20260917,544253,51477,57.88
20260917,544254,982,87.21
20260917,544256,5730,56.01
20260917,544257,28000,96.55
20260917,544258,26963,74.54
20260917,544259,3000,100.0
20260917,544260,90927,61.4
20260917,544261,8545,33.93
20260917,544262,2470,22.45
20260917,544263,19247,45.32
20260917,544264,2608,59.91
20260917,544266,1006,97.67
20260917,544267,3200,100.0
20260917,544268,41910,46.71
20260917,544271,5965,43.01
20260917,544272,5600,100.0
20260917,544273,1315778,98.53
20260917,544274,153922,91.34
20260917,544275,258,99.61
20260917,544276,77638,92.27
20260917,544277,33059,57.59
20260917,544278,859,100.0
20260917,544279,55673,44.82
20260917,544280,86482,32.69
20260917,544281,6589,100.0
20260917,544282,203102,44.88
20260917,544283,23869,43.44
20260917,544284,304,99.67
20260917,544285,69033,31.85
20260917,544286,8270,34.15
20260917,544288,6736,28.98
20260917,544289,41586,52.21
20260917,544290,33928,52.2
20260917,544291,16200,75.35
20260917,544292,1667,40.45
20260917,544293,2409,84.85
20260917,544294,20391,34.04
20260917,544295,2,100.0
20260917,544296,12400,75.61
20260917,544301,4358,87.16
20260917,544302,295,2.75
20260917,544303,900,75.0
20260917,544304,4800,100.0
20260917,544305,120504,39.12
20260917,544306,12714,47.46
20260917,544307,164263,52.77
20260917,544308,26638,75.42
20260917,544309,3333,57.67
20260917,544310,113750,49.95
20260917,544311,15228,74.08
20260917,544312,8000,66.67
20260917,544313,4000,100.0
20260917,544314,79144,92.08
20260917,544315,3158,47.61
20260917,544316,6563,62.36
20260917,544317,19668,32.47
20260917,544318,1575,67.63
20260917,544319,7766,34.76
20260917,544320,252325,99.32
20260917,544321,436,73.65
20260917,544322,7790,57.36
20260917,544323,1217,75.08
20260917,544324,4000,100.0
20260917,544325,62077,64.65
20260917,544326,1782,92.28
20260917,544327,16000,100.0
20260917,544328,9975,58.28
20260917,544329,6000,100.0
20260917,544330,5000,100.0
20260917,544331,34000,68.0
20260917,544332,2400,66.67
20260917,544333,86581,52.75
20260917,544334,5250,100.0
20260917,544335,3000,100.0
20260917,544336,65933,47.79
20260917,544337,5000,100.0
20260917,544338,14077,80.45
20260917,544339,1822,78.4
20260917,544340,22400,82.35
20260917,544341,4800,75.0
20260917,544342,21449,100.0
20260917,544343,6800,68.0
20260917,544344,1299,63.06
20260917,544345,18718,93.11
20260917,544346,148,100.0
20260917,544347,5200,100.0
20260917,544350,2134,37.34
20260917,544351,22400,77.78
20260917,544352,51,86.44
20260917,544353,3600,100.0
20260917,544354,12600,68.85
20260917,544355,374,68.62
20260917,544356,665,61.35
20260917,544361,2283,86.97
20260917,544362,3876,62.64
20260917,544363,31,86.11
20260917,544364,851,98.84
20260917,544365,6000,60.0
20260917,544367,15005,46.42
20260917,544368,1200,100.0
20260917,544369,101600,100.0
20260917,544370,600,50.0
20260917,544371,1222,99.11
20260917,544372,3000,100.0
20260917,544373,54400,97.14
20260917,544375,239,66.39
20260917,544376,1947,84.87
20260917,544377,271,71.88
20260917,544378,2000,100.0
20260917,544379,4858,53.62
20260917,544380,200,98.04
20260917,544381,3600,100.0
20260917,544382,2283,64.82
20260917,544383,4800,100.0
20260917,544384,144142,56.55
20260917,544385,640,97.41
20260917,544386,317,100.0
20260917,544387,28500,78.08
20260917,544389,147,84.97
20260917,544390,127103,94.07
20260917,544392,4000,50.0
20260917,544394,12348,68.13
20260917,544395,254724,60.33
20260917,544396,8067,39.8
20260917,544397,53246,34.12
20260917,544398,96000,84.21
20260917,544399,6000,100.0
20260917,544400,8000,80.0
20260917,544401,63,100.0
20260917,544402,4935,59.04
20260917,544403,13654,36.48
20260917,544404,1380,91.21
20260917,544405,51906,41.92
20260917,544406,54400,78.61
20260917,544407,148861,43.98
20260917,544408,209493,98.44
20260917,544409,24000,68.57
20260917,544410,5855,69.66
20260917,544411,3545,64.26
20260917,544412,9000,50.0
20260917,544413,10161,69.16
20260917,544414,4904,34.39
20260917,544415,2,100.0
20260917,544416,2504,97.39
20260917,544418,15020,59.13
20260917,544419,352720,91.67
20260917,544420,19322,58.36
20260917,544421,16835,38.85
20260917,544422,7200,100.0
20260917,544423,892,41.43
20260917,544424,1503,90.54
20260917,544425,15600,100.0
20260917,544426,9600,88.89
20260917,544427,5097,91.57
20260917,544428,3600,100.0
20260917,544429,6984,60.82
20260917,544430,40131,70.28
20260917,544431,5000,100.0
20260917,544432,857,62.83
20260917,544433,2400,100.0
20260917,544434,117600,100.0
20260917,544435,8000,83.33
20260917,544436,2400,100.0
20260917,544438,5005,71.77
20260917,544439,5764,55.07
20260917,544440,11250,100.0
20260917,544441,9600,100.0
20260917,544442,15600,72.22
20260917,544443,468,57.07
20260917,544444,10800,100.0
20260917,544445,7000,100.0
20260917,544446,3153,65.21
20260917,544447,323,47.02
20260917,500002,181339,95.83
20260917,500003,19680,49.03
20260917,500008,29101,58.34
20260917,500009,14894,100.0
20260917,500012,13930,68.5
20260917,500013,2000,100.0
20260917,500014,6738,73.93
20260917,500016,2737,97.23
20260917,500020,9688,60.74
20260917,500023,97,65.99
20260917,500027,19828,97.42
20260917,500028,23980,89.31
20260917,500031,2681,60.02
20260917,500032,351733,42.39
20260917,500033,1687,46.78
20260917,500034,155775,59.99
20260917,500038,13190,19.48
20260917,500039,4035,43.96
20260917,500040,10130,77.57
20260917,500041,6,75.0
20260917,500042,585,51.63
20260917,500043,6611,60.41
20260917,500048,11230,43.12
20260917,500049,502103,49.49
20260917,500051,23805,100.0
20260917,500052,102775,73.26
20260917,500058,6978,84.36
20260917,500059,613,100.0
20260917,500060,75263,73.64
20260917,500067,24318,55.91
20260917,500068,30,57.69
20260917,500069,72,59.02
20260917,500074,2728,77.97
20260917,500078,1249,78.41
20260917,500083,11141,57.29
20260917,500084,27033,43.11
20260917,500085,4812,39.37
20260917,500086,34119,53.47
20260917,500087,12405,61.94
20260917,500089,91,98.91
20260917,500092,352,53.41
20260917,500093,89134,37.39
20260917,500096,28588,42.71
20260917,500097,6583,60.8
20260917,500101,10562,33.6
20260917,500103,174732,39.43
20260917,500104,69020,50.81
20260917,500106,3286946,31.28
20260917,500108,7351,67.63
20260917,500109,131498,40.84
20260917,500110,24391,30.76
20260917,500112,302822,54.84
20260917,500113,75377,39.25
20260917,500114,17105,54.11
20260917,500116,139245,45.34
20260917,500117,28650,35.99
20260917,500119,16298,59.77
20260917,500120,118,96.72
20260917,500123,108,72.48
20260917,500124,102580,67.54
20260917,500125,3679,47.3
20260917,500126,84,64.62
20260917,500128,23468,51.79
20260917,500133,54,72.97
20260917,500135,507825,84.74
20260917,500136,689,69.6
20260917,500142,736,100.0
20260917,500143,1155,100.0
20260917,500144,29652,40.81
20260917,500147,237,53.5
20260917,500148,2363,42.82
20260917,500150,3241,37.9
20260917,500151,1894,100.0
20260917,500153,12053,100.0
20260917,500159,148,100.0
20260917,500160,11029,81.67
20260917,500163,6087,53.12
20260917,500164,2162,56.73
20260917,500165,10007,69.51
20260917,500166,6982,90.57
20260917,500168,1049,63.89
20260917,500170,225,95.34
20260917,500171,2290,77.73
20260917,500173,1903,97.94
20260917,500174,2001,94.25
20260917,500178,122,100.0
20260917,500179,28568,91.4
20260917,500180,2041597,80.3
20260917,500182,12456,51.22
20260917,500183,442571,100.0
20260917,500184,47262,47.14
20260917,500185,609629,52.25
20260917,500186,14838,38.26
20260917,500187,1724,38.16
20260917,500188,68858,52.67
20260917,500189,1,100.0
20260917,500191,2814,100.0
20260917,500192,20889,94.53
20260917,500193,25965,88.29
20260917,500199,1338,32.18
20260917,500201,55397,52.27
20260917,500202,1539,100.0
20260917,500206,2544,69.0
20260917,500207,72521,52.87
20260917,500209,236115,62.66
20260917,500210,478,70.19
20260917,500213,403,98.53
20260917,500214,6521,55.23
20260917,500215,616,97.16
20260917,500219,162319,39.18
20260917,500220,815,100.0
20260917,500227,1436,65.87
20260917,500228,7434,34.29
20260917,500233,752,68.36
20260917,500234,21,100.0
20260917,500235,6341,48.66
20260917,500236,808,100.0
20260917,500238,21461,68.78
20260917,500239,1133,88.24
20260917,500240,17399,100.0
20260917,500241,1229,63.22
20260917,500243,212,74.91
20260917,500245,7569,78.02
20260917,500246,1019,100.0
20260917,500247,184708,82.29
20260917,500249,1294,59.91
20260917,500250,1047,62.47
20260917,500251,11472,55.42
20260917,500252,132,44.44
20260917,500253,17095,35.76
20260917,500257,6031,48.6
20260917,500259,11237,100.0
20260917,500260,1066,69.36
20260917,500262,602,100.0
20260917,500264,742,71.07
20260917,500265,6969,47.98
20260917,500266,112,73.68
20260917,500267,465,100.0
20260917,500268,30285,52.65
20260917,500270,235,89.02
20260917,500271,7549,31.47
20260917,500277,952,75.26
20260917,500279,49103,52.58
20260917,500280,3055,66.76
20260917,500282,306,87.93
20260917,500284,236,98.74
20260917,500285,2413194,67.69
20260917,500288,648616,49.04
20260917,500290,124,50.2
20260917,500292,6405,71.12
20260917,500294,57870,47.51
20260917,500295,202017,53.73
20260917,500296,5034,84.28
20260917,500298,168,93.85
20260917,500300,4890,67.31
20260917,500304,6257,51.87
20260917,500306,13132,65.87
20260917,500307,29,85.29
20260917,500312,161574,56.38
20260917,500313,20275,100.0
20260917,500314,5402,73.74
20260917,500317,1405,99.86
20260917,500319,633,77.1
20260917,500325,538597,63.83
20260917,500327,6300,78.95
20260917,500330,83763,40.28
20260917,500331,5624,55.64
20260917,500333,186,63.7
20260917,500335,878,71.56
20260917,500336,4633,52.98
20260917,500337,599,70.89
20260917,500338,14542,77.13
20260917,500339,63247,37.84
20260917,500342,1114,100.0
20260917,500343,122,92.42
20260917,500346,419,95.66
20260917,500350,1542,100.0
20260917,500354,82,100.0
20260917,500355,7464,48.26
20260917,500356,4745,42.37
20260917,500357,430,100.0
20260917,500358,1230,100.0
20260917,500360,4619,100.0
20260917,500365,41923,46.38
20260917,500367,569,3.55
20260917,500368,64165,43.09
20260917,500370,17,60.71
20260917,500371,5842,100.0
20260917,500378,44302,39.69
20260917,500380,2707,66.19
20260917,500387,120,45.11
20260917,500388,11,100.0
20260917,500390,55556,100.0
20260917,500399,10021,100.0
20260917,500400,182311,52.08
20260917,500402,9164,86.64
20260917,500403,5903,70.55
20260917,500404,4100,60.45
20260917,500405,2034,46.91
20260917,500407,171,54.46
20260917,500408,3846,53.01
20260917,500410,1968,34.59
20260917,500411,2879,73.07
20260917,500412,6866,57.93
20260917,500413,29312,69.75
20260917,500414,13617,49.14
20260917,500418,207,100.0
20260917,500420,1685,26.96
20260917,500421,138739,100.0
20260917,500422,4875,100.0
20260917,500425,53092,55.28
20260917,500426,4710,67.77
20260917,500440,45897,56.5
20260917,500444,11137,59.25
20260917,500449,16550,72.53
20260917,500456,22147,91.24
20260917,500458,50,90.91
20260917,500459,234,63.76
20260917,500460,3019,82.51
20260917,500463,12314,41.75
20260917,500464,1041,100.0
20260917,500467,484,83.74
20260917,500469,120316,58.6
20260917,500470,401698,54.55
20260917,500472,1390,69.26
20260917,500477,345726,54.95
20260917,500480,3230,45.27
20260917,500483,4931,47.99
20260917,500488,3340,96.2
20260917,500490,82,51.9
20260917,500493,24641,69.96
20260917,500495,1302,64.71
20260917,500500,133109,86.53
20260917,500510,112381,71.53
20260917,500520,61567,59.33
20260917,500530,246,50.1
20260917,500540,4206,100.0
20260917,500547,24954,44.34
20260917,500550,9383,71.59
20260917,500570,631099,56.43
20260917,500575,311014,96.04
20260917,500620,54351,70.1
20260917,500645,2487,46.82
20260917,500650,1013,74.87
20260917,500655,11661,88.81
20260917,500660,358,47.92
20260917,500670,139797,38.29
20260917,500672,5218,41.13
20260917,500674,695,73.7
20260917,500680,460,35.83
20260917,500690,25278,28.35
20260917,500696,21375,52.64
20260917,500710,79,57.66
20260917,500730,25201,45.14
20260917,500770,461086,41.68
20260917,500777,24226,51.28
20260917,500780,2682,70.17
20260917,500790,6213,49.06
20260917,500800,25749,49.21
20260917,500820,10894,61.76
20260917,500825,22648,79.9
20260917,500830,5999,40.25
20260917,500840,14304,61.5
20260917,500850,25546,53.47
20260917,500870,74103,45.22
20260917,500875,826311,75.66
20260917,500877,16910,51.64
20260917,500878,6827,56.97
20260917,500890,49,100.0
20260917,500940,28500,77.59
20260917,501148,10,100.0
20260917,501150,4345,49.83
20260917,501151,4,100.0
20260917,501242,5103,94.73
20260917,501261,323173,100.0
20260917,501295,6719,98.3
20260917,501298,2,100.0
20260917,501301,74758,36.62
20260917,501314,13975,58.0
20260917,501343,1107,84.44
20260917,501370,161,95.83
20260917,501391,2,66.67
20260917,501421,283,89.27
20260917,501423,1728,34.33
20260917,501425,2522,62.66
20260917,501455,21222,67.96
20260917,501700,1157,74.45
20260917,501831,15387,80.41
20260917,501833,2167,94.01
20260917,501848,21849,77.33
20260917,501945,4385,100.0
20260917,502015,7674,86.21
20260917,502090,3942,96.15
20260917,502137,411,81.39
20260917,502157,3765,46.45
20260917,502168,344,48.79
20260917,502175,7855,95.07
20260917,502180,4692,92.91
20260917,502219,16496,40.62
20260917,502250,4,100.0
20260917,502281,5808,100.0
20260917,502294,25,100.0
20260917,502330,31490,50.39
20260917,502355,4261,56.06
20260917,502420,13117,75.53
20260917,502445,1656,76.81
20260917,502448,17987,100.0
20260917,502450,772,80.25
20260917,502587,4422,99.66
20260917,502865,6167,52.78
20260917,502873,781,100.0
20260917,502893,191,98.96
20260917,502901,225,100.0
20260917,502937,61726,100.0
20260917,502958,16,88.89
20260917,502986,3174,64.84
20260917,503031,24957,70.76
20260917,503092,194,100.0
20260917,503100,2076,47.22
20260917,503101,4143,77.83
20260917,503127,9,100.0
20260917,503162,224,70.22
20260917,503169,871,74.25
20260917,503229,15,100.0
20260917,503310,33449,57.9
20260917,503349,116,100.0
20260917,503624,1567,69.09
20260917,503635,439,100.0
20260917,503639,252,100.0
20260917,503641,59899,96.14
20260917,503657,3697,73.67
20260917,503663,776722,89.32
20260917,503675,12977,93.33
20260917,503681,1,50.0
20260917,503685,157,100.0
20260917,503722,1132,77.11
20260917,503776,41,100.0
20260917,503804,12,100.0
20260917,503806,13414,32.78
20260917,503811,442,67.79
20260917,503816,1905,85.43
20260917,503837,7989,100.0
20260917,503960,267,63.27
20260917,504000,59,98.33
20260917,504028,40357,100.0
20260917,504036,563,63.12
20260917,504058,200,92.59
20260917,504067,50869,45.15
20260917,504076,35229,78.23
20260917,504080,4,100.0
20260917,504084,140,77.35
20260917,504092,2795,63.74
20260917,504093,1942,80.92
20260917,504112,5843,46.51
20260917,504132,544,76.19
20260917,504176,3662,69.17
20260917,504180,12465,56.99
20260917,504212,3550,55.79
20260917,504220,3563,82.31
20260917,504240,6863,100.0
20260917,504258,629,83.75
20260917,504273,35475,100.0
20260917,504286,101,100.0
20260917,504340,1178,74.51
20260917,504341,3420,72.23
20260917,504351,9965190,70.27
20260917,504356,1106,99.1
20260917,504369,4190,100.0
20260917,504378,37542,83.78
20260917,504380,28,100.0
20260917,504392,31359,100.0
20260917,504397,7,100.0
20260917,504605,650,65.92
20260917,504614,37163,51.96
20260917,504646,1914,100.0
20260917,504648,314,100.0
20260917,504697,71,100.0
20260917,504731,1662,73.38
20260917,504741,614,54.1
20260917,504746,4302,100.0
20260917,504786,2013,100.0
20260917,504810,54,100.0
20260917,504840,6,100.0
20260917,504879,3037,92.82
20260917,504882,1845,77.33
20260917,504903,26685,100.0
20260917,504908,561,100.0
20260917,504918,45439,71.18
20260917,504959,195,83.69
20260917,504973,1821,38.06
20260917,504988,28,100.0
20260917,505010,109,93.97
20260917,505029,498,87.99
20260917,505036,88,89.8
20260917,505075,4036,100.0
20260917,505160,11064,70.44
20260917,505163,533,75.07
20260917,505192,1381,44.95
20260917,505196,828,100.0
20260917,505200,13229,78.01
20260917,505212,68,57.63
20260917,505216,18,90.0
20260917,505232,206,100.0
20260917,505242,3932,86.63
20260917,505250,22,100.0
20260917,505255,19575,70.73
20260917,505283,37411,96.55
20260917,505299,1125,65.29
20260917,505302,56,82.35
20260917,505324,96,100.0
20260917,505336,1029111,100.0
20260917,505343,464137,80.32
20260917,505355,708,82.81
20260917,505358,1776,55.52
20260917,505400,1602,62.77
20260917,505412,355,65.14
20260917,505502,7753,100.0
20260917,505504,3331,100.0
20260917,505509,3144,48.14
20260917,505515,16212,100.0
20260917,505523,202605,62.5
20260917,505526,4514,87.55
20260917,505533,372,43.11
20260917,505537,311201,40.97
20260917,505590,1601,79.81
20260917,505650,7516,75.74
20260917,505681,75,98.68
20260917,505688,3238,100.0
20260917,505690,54,98.18
20260917,505693,283428,73.79
20260917,505700,7747,61.7
20260917,505710,63898,69.51
20260917,505712,13529,100.0
20260917,505714,5231,55.94
20260917,505720,9143,76.89
20260917,505725,130797,24.25
20260917,505726,1594,70.28
20260917,505729,8034,93.35
20260917,505737,431,70.66
20260917,505744,11247,65.78
20260917,505750,4075,82.02
20260917,505790,1140,54.57
20260917,505797,19962,90.47
20260917,505800,231,92.77
20260917,505827,5916,74.48
20260917,505840,6130,100.0
20260917,505850,2148,73.99
20260917,505854,1198,92.58
20260917,505872,3603,85.24
20260917,505890,1084,50.61
20260917,505893,1231,91.25
20260917,505978,499,88.16
20260917,506003,1910,99.95
20260917,506022,13288,65.33
20260917,506074,15852,100.0
20260917,506076,80,40.0
20260917,506079,501,100.0
20260917,506105,539,99.08
20260917,506109,70119,53.67
20260917,506122,25840,100.0
20260917,506128,50,53.76
20260917,506134,1812,100.0
20260917,506146,50536,93.14
20260917,506166,6982,56.95
20260917,506180,98,100.0
20260917,506184,20256,78.5
20260917,506186,6006,85.32
20260917,506197,11202,100.0
20260917,506222,356,57.61
20260917,506235,29791,37.43
20260917,506248,188,100.0
20260917,506260,24564,54.32
20260917,506261,6772,100.0
20260917,506285,752,79.16
20260917,506365,107,98.17
20260917,506390,214,97.27
20260917,506395,2264,71.17
20260917,506401,4571,47.04
20260917,506405,923,62.83
20260917,506414,2355,75.22
20260917,506480,30299,47.45
20260917,506520,7507,81.63
20260917,506525,7900,100.0
20260917,506528,875,100.0
20260917,506530,8,100.0
20260917,506532,1515,48.78
20260917,506543,1,100.0
20260917,506579,1048,82.2
20260917,506590,25593,43.63
20260917,506597,1551,60.42
20260917,506605,18,90.0
20260917,506618,97,96.04
20260917,506640,244,100.0
20260917,506642,224132,100.0
20260917,506655,4126,52.1
20260917,506680,2571,46.66
20260917,506685,3257,51.86
20260917,506687,35,100.0
20260917,506690,1763,35.93
20260917,506734,227,100.0
20260917,506767,960,49.87
20260917,506808,4462,73.92
20260917,506820,126,50.6
20260917,506852,23336,90.39
20260917,506854,19712,49.66
20260917,506858,484,48.06
20260917,506863,562,77.41
20260917,506879,11527,41.46
20260917,506906,703,100.0
20260917,506919,517,99.23
20260917,506935,89,100.0
20260917,506947,778,100.0
20260917,506975,1600,100.0
20260917,506979,41412,87.4
20260917,506981,25,100.0
20260917,507155,53472,73.01
20260917,507180,308599,100.0
20260917,507205,25982,56.79
20260917,507265,449,100.0
20260917,507300,64,100.0
20260917,507315,3139,77.97
20260917,507410,8973,42.87
20260917,507438,54,91.53
20260917,507474,6,100.0
20260917,507486,64,100.0
20260917,507488,2627,71.15
20260917,507490,3759,95.16
20260917,507498,1969,79.24
20260917,507514,7066,52.35
20260917,507515,360,96.0
20260917,507526,816,62.01
20260917,507552,2695,82.72
20260917,507580,1528,100.0
20260917,507598,3341,96.95
20260917,507609,44,100.0
20260917,507621,1636,64.59
20260917,507663,15,100.0
20260917,507685,191003,51.0
20260917,507690,1166,60.04
20260917,507717,334,71.37
20260917,507747,820,71.62
20260917,507753,16314,63.05
20260917,507759,6,100.0
20260917,507779,169,94.94
20260917,507789,1004,74.93
20260917,507794,2862,76.54
20260917,507813,378,100.0
20260917,507815,168,46.03
20260917,507828,29575,98.9
20260917,507833,7933,65.78
20260917,507836,6021,98.16
20260917,507852,6,85.71
20260917,507864,273,100.0
20260917,507872,7779,99.76
20260917,507878,424150,67.37
20260917,507880,7521,61.69
20260917,507910,33,100.0
20260917,507912,421,82.23
20260917,507944,1086,76.86
20260917,507946,278,97.2
20260917,507948,262,63.28
20260917,507960,1390,89.97
20260917,507962,34986,100.0
20260917,507966,1,100.0
20260917,507968,1008,100.0
20260917,507970,191,100.0
20260917,507981,674,86.52
20260917,507998,11210,75.66
20260917,508486,17,68.0
20260917,508494,1103,65.62
20260917,508571,2,66.67
20260917,508664,1144,100.0
20260917,508670,50,98.04
20260917,508807,3977,98.76
20260917,508814,965,80.89
20260917,508869,55221,94.28
20260917,508875,585,76.57
20260917,508905,1087,100.0
20260917,508906,915,100.0
20260917,508918,269,54.79
20260917,508933,898,54.52
20260917,508941,3886,93.03
20260917,508954,2232,76.54
20260917,508956,1275,65.32
20260917,508961,672,100.0
20260917,508969,14977,67.96
20260917,508980,222,100.0
20260917,508989,506,95.65
20260917,509009,72,96.0
20260917,509015,2000,100.0
20260917,509020,4108,86.9
20260917,509024,1031,56.68
20260917,509026,150,50.0
20260917,509038,509,100.0
20260917,509040,5470,96.47
20260917,509048,6235,100.0
20260917,509051,1948306,65.69
20260917,509053,22031,88.12
20260917,509055,10119,71.08
20260917,509069,799,98.28
20260917,509073,504,100.0
20260917,509079,2736,70.48
20260917,509152,100,75.76
20260917,509162,2924,100.0
20260917,509196,4083,97.33
20260917,509220,2267,86.63
20260917,509243,275,58.26
20260917,509423,4096,93.99
20260917,509438,20,48.78
20260917,509449,960,96.0
20260917,509470,10,100.0
20260917,509472,41,93.18
20260917,509480,300066,97.99
20260917,509486,1789,100.0
20260917,509488,236244,69.54
20260917,509496,8603,68.32
20260917,509525,283,79.27
20260917,509546,2636,100.0
20260917,509557,20002,95.1
20260917,509563,6868,81.13
20260917,509567,1305,64.13
20260917,509597,15,65.22
20260917,509631,176096,100.0
20260917,509635,1733,88.6
20260917,509675,66,58.93
20260917,509709,1395,68.85
20260917,509715,1300,99.24
20260917,509732,2151,54.24
20260917,509760,151,100.0
20260917,509762,8890,100.0
20260917,509820,2735,76.23
20260917,509835,285,100.0
20260917,509874,2935,100.0
20260917,509895,43,95.56
20260917,509930,1309,61.4
20260917,509953,10,100.0
20260917,509966,5983,72.58
20260917,510245,33305,80.48
20260917,511000,941,99.79
20260917,511012,585577,100.0
20260917,511016,3215,100.0
20260917,511018,29321,85.08
20260917,511034,8482,61.09
20260917,511066,14380,89.23
20260917,511076,87178,69.96
20260917,511092,1509,100.0
20260917,511110,1560,92.31
20260917,511116,371963,100.0
20260917,511122,313,98.43
20260917,511131,1,100.0
20260917,511144,14658,100.0
20260917,511147,3289,70.62
20260917,511153,1350,100.0
20260917,511169,10,100.0
20260917,511176,20,100.0
20260917,511187,4897,100.0
20260917,511194,166,100.0
20260917,511196,2611,43.97
20260917,511208,20289,75.04
20260917,511218,42144,40.29
20260917,511243,32135,73.36
20260917,511260,942,82.7
20260917,511355,9995,100.0
20260917,511359,557,98.93
20260917,511377,139,100.0
20260917,511391,381,99.22
20260917,511401,2,100.0
20260917,511411,65,94.2
20260917,511413,21,100.0
20260917,511431,63494,91.31
20260917,511447,1446868,59.16
20260917,511451,336,100.0
20260917,511463,18799,95.43
20260917,511473,2004,99.31
20260917,511493,4361,100.0
20260917,511501,1214,99.84
20260917,511505,19384,100.0
20260917,511507,29,100.0
20260917,511509,14828,99.98
20260917,511523,68265,100.0
20260917,511525,57648,88.49
20260917,511535,4,100.0
20260917,511539,1910,100.0
20260917,511543,3041,100.0
20260917,511549,310,98.73
20260917,511551,3201,70.35
20260917,511557,1358705,100.0
20260917,511559,23,67.65
20260917,511571,1513,88.74
20260917,511577,13126,92.91
20260917,511589,70475,84.59
20260917,511593,96,100.0
20260917,511601,2972,94.32
20260917,511605,8690,63.57
20260917,511609,1108,99.64
20260917,511611,8464,99.94
20260917,511626,1285,100.0
20260917,511628,158161,59.36
20260917,511630,2900,96.89
20260917,511644,130094,100.0
20260917,511654,109,98.2
20260917,511658,17078,97.1
20260917,511664,5966,67.82
20260917,511672,11149,100.0
20260917,511676,787,69.71
20260917,511692,9421,96.64
20260917,511696,3,75.0
20260917,511700,5453932,55.36
20260917,511702,1,100.0
20260917,511710,9257,100.0
20260917,511712,1259,99.06
20260917,511714,10,100.0
20260917,511716,4324,100.0
20260917,511724,4309,97.29
20260917,511726,130,100.0
20260917,511728,5,83.33
20260917,511734,11,100.0
20260917,511742,4988,68.57
20260917,511754,1119,89.74
20260917,511756,1,100.0
20260917,511758,381,100.0
20260917,511764,2228,53.76
20260917,511766,320,69.87
20260917,511768,19754,48.19
20260917,512008,5543,65.35
20260917,512014,749,62.99
20260917,512018,56260,86.89
20260917,512020,10,100.0
20260917,512025,34417,37.04
20260917,512026,240,100.0
20260917,512036,874,100.0
20260917,512038,34526,41.63
20260917,512047,82856,84.29
20260917,512048,156644,66.32
20260917,512062,1361,100.0
20260917,512064,5,100.0
20260917,512065,5492,100.0
20260917,512068,66304,46.32
20260917,512070,259772,89.7
20260917,512093,69727,100.0
20260917,512097,83981,100.0
20260917,512099,1,100.0
20260917,512103,226,100.0
20260917,512115,1988,68.01
20260917,512131,1803,100.0
20260917,512149,1583237,69.28
20260917,512161,399,93.66
20260917,512165,256,71.31
20260917,512169,401345,100.0
20260917,512175,8982,89.3
20260917,512179,6058,76.38
20260917,512197,26,100.0
20260917,512217,2536,96.02
20260917,512229,4220,100.0
20260917,512237,3151,44.89
20260917,512247,29144,84.28
20260917,512257,35439,79.83
20260917,512267,1185,97.05
20260917,512277,1387,93.21
20260917,512296,36851,91.01
20260917,512301,5664,100.0
20260917,512329,4950,41.29
20260917,512344,256,100.0
20260917,512345,113,100.0
20260917,512359,53481,100.0
20260917,512361,81676,80.87
20260917,512379,55193,100.0
20260917,512393,1457,100.0
20260917,512399,53157,59.59
20260917,512415,28648,73.68
20260917,512425,10,100.0
20260917,512437,4088,100.0
20260917,512441,1747903,59.81
20260917,512443,82590,96.6
20260917,512453,50,100.0
20260917,512455,11681,83.06
20260917,512463,28364,40.52
20260917,512477,4,100.0
20260917,512485,1,100.0
20260917,512489,44342,100.0
20260917,512493,544,74.22
20260917,512499,1247729,100.0
20260917,512519,777,90.03
20260917,512527,432,100.0
20260917,512529,56489,41.43
20260917,512531,1125,98.94
20260917,512553,30,100.0
20260917,512559,11119,55.75
20260917,512565,1,100.0
20260917,512573,4356,50.89
20260917,512587,7363,73.97
20260917,512589,2064,93.69
20260917,512591,3167083,70.49
20260917,512595,6922,96.1
20260917,512599,13668,36.97
20260917,512600,6093,95.91
20260917,512608,28817,89.19
20260917,512618,309,100.0
20260917,512624,13424,88.51
20260917,512626,1279,100.0
20260917,512634,4764,97.34
20260917,513005,384,78.53
20260917,513023,13480,60.91
20260917,513043,626,83.36
20260917,513059,8050,100.0
20260917,513063,186,98.41
20260917,513097,4125,31.95
20260917,513108,185,70.88
20260917,513117,794,48.41
20260917,513119,1452,100.0
20260917,513121,214,93.45
20260917,513149,20,100.0
20260917,513173,7465,73.85
20260917,513228,16064,84.6
20260917,513250,136296,64.28
20260917,513252,75,96.15
20260917,513262,14520,53.77
20260917,513269,21340,31.07
20260917,513295,447,62.52
20260917,513303,2259,82.36
20260917,513307,3607,97.43
20260917,513337,900698,51.89
20260917,513343,729,100.0
20260917,513349,13286,43.9
20260917,513353,10144,77.98
20260917,513361,94600,60.39
20260917,513369,2359,100.0
20260917,513375,3433,43.56
20260917,513377,26513,43.61
20260917,513397,27,100.0
20260917,513418,29287,100.0
20260917,513436,3781,100.0
20260917,513456,1227,100.0
20260917,513460,307,100.0
20260917,513472,123652,62.61
20260917,513488,855,100.0
20260917,513496,1482,93.5
20260917,513498,714,82.73
20260917,513502,109399,88.0
20260917,513509,155,100.0
20260917,513511,176,71.54
20260917,513513,14,100.0
20260917,513517,13923,83.51
20260917,513519,3706,57.97
20260917,513528,5643,100.0
20260917,513532,2755,100.0
20260917,513536,5768,48.34
20260917,513544,1294,100.0
20260917,513554,100,100.0
20260917,513566,44855,89.56
20260917,513575,1380,93.5
20260917,513579,214,100.0
20260917,513599,203596,50.15
20260917,513629,371,67.33
20260917,513642,313,95.72
20260917,513683,56839,59.93
20260917,513687,107,100.0
20260917,513693,1634,72.72
20260917,513699,412,67.21
20260917,513709,62,57.94
20260917,513713,17797,80.85
20260917,513721,29,100.0
20260917,513729,63,100.0
20260917,514010,158064,100.0
20260917,514028,460,61.01
20260917,514030,4225,81.08
20260917,514043,20186,66.32
20260917,514045,2,100.0
20260917,514060,85319,100.0
20260917,514087,13,92.86
20260917,514113,221,67.79
20260917,514138,23,100.0
20260917,514142,27625,90.15
20260917,514162,156863,46.31
20260917,514165,6469,92.41
20260917,514167,2642,50.37
20260917,514171,799,74.88
20260917,514175,26286,88.38
20260917,514183,13822,100.0
20260917,514197,7817,90.93
20260917,514211,117929,73.39
20260917,514223,2260,100.0
20260917,514234,316,75.06
20260917,514238,1806,70.49
20260917,514240,4315,58.96
20260917,514248,100,100.0
20260917,514260,393,100.0
20260917,514264,661,100.0
20260917,514266,2007,99.95
20260917,514272,6000,96.68
20260917,514274,4390,55.41
20260917,514280,2542,83.81
20260917,514286,2282,88.14
20260917,514300,697,99.15
20260917,514302,1518,61.61
20260917,514312,313,0.97
20260917,514316,6394,77.14
20260917,514318,1,100.0
20260917,514324,2813,74.89
20260917,514326,5811,82.5
20260917,514330,693,76.66
20260917,514332,1033,94.17
20260917,514336,1076,100.0
20260917,514354,7118,68.85
20260917,514358,2,100.0
20260917,514360,65447,82.08
20260917,514378,910,98.91
20260917,514386,609175,75.31
20260917,514400,1406,58.08
20260917,514402,12983,59.41
20260917,514414,81,100.0
20260917,514418,208,93.69
20260917,514428,312,93.13
20260917,514440,39977,63.74
20260917,514442,4658,100.0
20260917,514448,2450,67.03
20260917,514450,515,100.0
20260917,514454,629,100.0
20260917,514460,370,100.0
20260917,514470,355,73.5
20260917,515008,22162,100.0
20260917,515018,2250,99.47
20260917,515030,1889,61.21
20260917,515037,2001,99.75
20260917,515043,7824,86.7
20260917,515055,70549,43.09
20260917,515059,811,100.0
20260917,515085,2958,63.61
20260917,515147,9359,100.0
20260917,516003,639,70.61
20260917,516016,50,83.33
20260917,516022,3003,64.3
20260917,516030,657,73.08
20260917,516032,133388,99.79
20260917,516038,2469,68.47
20260917,516062,2682,100.0
20260917,516064,1830,56.39
20260917,516072,4710,65.65
20260917,516078,1000,100.0
20260917,516082,306,57.95
20260917,516092,531,100.0
20260917,516096,5,100.0
20260917,516098,2706,71.29
20260917,516106,5003,64.51
20260917,516108,2590,71.76
20260917,516110,21367,88.36
20260917,517015,893,32.71
20260917,517035,762265,44.0
20260917,517041,1017,56.63
20260917,517059,2424,75.47
20260917,517063,5937,54.39
20260917,517096,2064,68.89
20260917,517119,1373,97.38
20260917,517146,156752,87.01
20260917,517168,1103,71.76
20260917,517170,7688,61.93
20260917,517172,250,100.0
20260917,517174,78,29.1
20260917,517201,1084,100.0
20260917,517206,225,60.81
20260917,517214,2340,65.62
20260917,517230,591,100.0
20260917,517236,81,100.0
20260917,517238,389,96.53
20260917,517246,16714,100.0
20260917,517258,1083,100.0
20260917,517264,258,61.28
20260917,517271,164639,40.4
20260917,517286,149806,100.0
20260917,517288,3304,100.0
20260917,517300,33201,74.04
20260917,517320,2701,99.26
20260917,517334,169116,47.14
20260917,517336,3500,100.0
20260917,517344,830,63.99
20260917,517354,110084,88.97
20260917,517356,152126,100.0
20260917,517360,322,99.38
20260917,517370,520,100.0
20260917,517372,17323,80.01
20260917,517380,1744,47.1
20260917,517385,936,63.24
20260917,517393,421232,100.0
20260917,517397,1125,71.43
20260917,517399,83269,99.99
20260917,517411,1070,74.72
20260917,517415,20518,100.0
20260917,517417,86418,75.49
20260917,517421,1040,83.33
20260917,517429,932,98.94
20260917,517431,51978,91.52
20260917,517437,565,84.96
20260917,517447,808,100.0
20260917,517449,680,86.96
20260917,517467,49213,55.17
20260917,517477,3459,99.63
20260917,517494,4669,87.81
20260917,517498,99615,60.79
20260917,517500,21059,68.19
20260917,517506,781,67.5
20260917,517514,1710,92.48
20260917,517522,6543,64.46
20260917,517530,2025,89.05
20260917,517536,2221,72.56
20260917,517544,1506,45.31
20260917,517546,14285,82.77
20260917,517554,40346067,100.0
20260917,517556,123446,53.43
20260917,517562,318,100.0
20260917,517569,7442,46.89
20260917,518011,107,100.0
20260917,518053,16453,67.79
20260917,518075,453,100.0
20260917,518091,376,100.0
20260917,519003,207,100.0
20260917,519031,280,100.0
20260917,519091,59,74.68
20260917,519097,13863,100.0
20260917,519105,3079,69.98
20260917,519126,402307,99.71
20260917,519136,3375,95.96
20260917,519152,5101,99.86
20260917,519156,279,67.55
20260917,519174,183,100.0
20260917,519183,6736,64.95
20260917,519191,4200,100.0
20260917,519214,4254,100.0
20260917,519216,9879,73.02
20260917,519230,3361,83.73
20260917,519238,1175,85.27
20260917,519242,13716,76.35
20260917,519260,4467,100.0
20260917,519262,977,100.0
20260917,519285,1,100.0
20260917,519287,13059,57.43
20260917,519295,206,72.28
20260917,519299,6008,100.0
20260917,519307,87850,100.0
20260917,519331,2,100.0
20260917,519359,126,97.67
20260917,519367,10,100.0
20260917,519383,202,99.51
20260917,519397,2071,96.96
20260917,519413,200,100.0
20260917,519421,7013,89.09
20260917,519457,574,88.72
20260917,519463,1439,96.38
20260917,519471,116,100.0
20260917,519475,1495,55.31
20260917,519477,20527,40.92
20260917,519479,1127,100.0
20260917,519483,3112,83.25
20260917,519494,302,74.94
20260917,519500,1026,63.1
20260917,519528,115,100.0
20260917,519532,940,92.25
20260917,519552,10355,44.49
20260917,519566,739,71.75
20260917,519574,334,99.7
20260917,519600,1620,56.17
20260917,519602,90863,43.03
20260917,519604,100,100.0
20260917,519606,1856,100.0
20260917,519612,721,98.1
20260917,520008,26767,50.24
20260917,520021,13640,82.49
20260917,520043,1389,85.01
20260917,520051,17231,39.41
20260917,520056,29,53.7
20260917,520057,5030,81.26
20260917,520059,7739,71.63
20260917,520066,19809,80.43
20260917,520073,2705,36.36
20260917,520075,1744,98.14
20260917,520086,1721,100.0
20260917,520111,300,39.27
20260917,520113,1720,54.76
20260917,520119,209,69.21
20260917,520121,1267,100.0
20260917,520123,28,96.55
20260917,520127,2785,100.0
20260917,520131,200,100.0
20260917,520141,1258,73.18
20260917,520151,50,100.0
20260917,520155,148,85.55
20260917,521005,2180999,71.9
20260917,521014,1000,100.0
20260917,521016,12018,46.3
20260917,521018,655,98.5
20260917,521034,138,90.2
20260917,521036,201,100.0
20260917,521054,271,73.05
20260917,521062,3907,100.0
20260917,521064,214034,71.14
20260917,521070,2134151,54.5
20260917,521080,515,100.0
20260917,521097,100,100.0
20260917,521105,6714,91.37
20260917,521109,837,92.69
20260917,521113,5684,77.98
20260917,521137,17547,100.0
20260917,521141,416,63.61
20260917,521149,675,82.32
20260917,521167,106621,100.0
20260917,521178,6494,53.63
20260917,521180,2200,100.0
20260917,521194,9,100.0
20260917,521200,1309,96.75
20260917,521206,5536,98.54
20260917,521222,132,100.0
20260917,521226,17,94.44
20260917,521228,39054,77.9
20260917,521232,2600,100.0
20260917,521234,6,60.0
20260917,521238,41023,60.44
20260917,521240,491,100.0
20260917,521244,819,99.15
20260917,521246,8173,94.4
20260917,521248,15816,67.49
20260917,522001,4950,100.0
20260917,522004,8352,73.41
20260917,522005,31,57.41
20260917,522014,3368,90.15
20260917,522017,909,85.67
20260917,522027,487,100.0
20260917,522029,1455,60.55
20260917,522034,2913,74.2
20260917,522064,229,95.42
20260917,522073,4,100.0
20260917,522074,30680,51.66
20260917,522091,10131,85.01
20260917,522101,2107,42.2
20260917,522105,13211,100.0
20260917,522108,753,68.52
20260917,522113,939,54.82
20260917,522122,18,100.0
20260917,522134,7900,61.68
20260917,522152,202,46.98
20260917,522163,67654,100.0
20260917,522165,2233,76.42
20260917,522195,1910,70.77
20260917,522205,15102,49.01
20260917,522207,9239,98.67
20260917,522209,41,100.0
20260917,522215,7617,54.43
20260917,522217,424,86.71
20260917,522229,919,71.85
20260917,522231,14196,86.71
20260917,522235,1257,100.0
20260917,522237,43,35.54
20260917,522241,2387,57.34
20260917,522249,1243,46.59
20260917,522251,5030,81.46
20260917,522257,57188,100.0
20260917,522261,3608,45.95
20260917,522267,6,100.0
20260917,522273,551,41.55
20260917,522275,11574,43.02
20260917,522281,23475,78.77
20260917,522285,27879,39.36
20260917,522287,133548,97.43
20260917,522289,3002,49.38
20260917,522292,11848,100.0
20260917,522294,505,70.33
20260917,522295,2555,64.37
20260917,522650,4760,65.61
20260917,523007,173,64.07
20260917,523019,24880,92.96
20260917,523021,1146,75.35
20260917,523023,770,82.8
20260917,523025,499,52.53
20260917,523062,8,100.0
20260917,523100,2971,76.14
20260917,523105,2275091,100.0
20260917,523116,11,100.0
20260917,523120,1869,100.0
20260917,523127,1197,93.01
20260917,523144,5198,81.87
20260917,523160,4382,73.68
20260917,523186,50,100.0
20260917,523204,3551,100.0
20260917,523207,47,97.92
20260917,523222,5550,100.0
20260917,523229,5759,64.31
20260917,523232,10,100.0
20260917,523242,18800,100.0
20260917,523248,371,97.38
20260917,523261,2013,64.44
20260917,523269,2320,86.28
20260917,523277,1510652,84.38
20260917,523283,429,100.0
20260917,523289,1417,77.22
20260917,523301,1515,84.97
20260917,523309,8056,62.32
20260917,523319,4045,71.18
20260917,523323,335,52.43
20260917,523329,2,100.0
20260917,523367,1517,70.13
20260917,523369,4947,64.2
20260917,523371,11474,81.95
20260917,523373,76910,40.77
20260917,523384,50,100.0
20260917,523385,794,53.94
20260917,523387,82566,80.06
20260917,523391,361,89.14
20260917,523395,79,58.09
20260917,523398,537,75.21
20260917,523405,105969,56.68
20260917,523411,791,100.0
20260917,523419,6117,100.0
20260917,523425,10485,100.0
20260917,523445,3576,54.69
20260917,523457,700,65.91
20260917,523465,182,100.0
20260917,523467,90863,100.0
20260917,523475,415,59.63
20260917,523483,6,100.0
20260917,523489,329,98.5
20260917,523519,723,88.71
20260917,523537,1929,75.8
20260917,523539,9309,35.47
20260917,523550,5305,87.93
20260917,523558,18243,100.0
20260917,523566,54,91.53
20260917,523574,1015,100.0
20260917,523586,9481,91.9
20260917,523594,823,95.03
20260917,523598,45641,48.59
20260917,523606,2395,74.38
20260917,523610,4909,63.74
20260917,523618,1232,62.44
20260917,523620,620,100.0
20260917,523630,23260,68.22
20260917,523638,3,60.0
20260917,523642,5239,50.87
20260917,523648,346,96.92
20260917,523650,106128,96.36
20260917,523660,18327,98.69
20260917,523672,3047,60.83
20260917,523676,1654,79.75
20260917,523694,2767,62.49
20260917,523696,7553,70.03
20260917,523704,1503,41.65
20260917,523708,644,57.76
20260917,523710,182,100.0
20260917,523716,193,62.26
20260917,523722,6095,100.0
20260917,523732,16792,86.07
20260917,523736,532,92.84
20260917,523752,37140,100.0
20260917,523754,119,100.0
20260917,523782,8176,82.21
20260917,523792,5956,100.0
20260917,523796,14956,100.0
20260917,523826,1481,96.11
20260917,523828,2591,100.0
20260917,523832,980,100.0
20260917,523836,929,84.45
20260917,523838,1568,65.55
20260917,523840,3502,62.5
20260917,523842,13943,100.0
20260917,523850,324,96.72
20260917,523862,212,98.15
20260917,523874,9655,100.0
20260917,523888,6132,100.0
20260917,524000,45222,60.29
20260917,524019,83,61.03
20260917,524031,50,100.0
20260917,524037,1729,88.58
20260917,524038,210,100.0
20260917,524051,566,74.38
20260917,524075,104,93.69
20260917,524080,279,81.58
20260917,524091,1039,59.44
20260917,524109,12395,70.5
20260917,524129,497,96.69
20260917,524136,1446,100.0
20260917,524156,30582,89.16
20260917,524164,79060,35.93
20260917,524174,33270,80.28
20260917,524200,922,51.94
20260917,524202,8187,97.56
20260917,524204,909,88.34
20260917,524208,25425,58.68
20260917,524210,1218,89.36
20260917,524212,18378,84.55
20260917,524218,16461,100.0
20260917,524226,12688,60.75
20260917,524230,22112,45.78
20260917,524238,327376,100.0
20260917,524280,76927,41.97
20260917,524288,4012,92.06
20260917,524314,209,66.35
20260917,524322,39698,61.85
20260917,524324,1,100.0
20260917,524330,1488,93.12
20260917,524332,19332,60.1
20260917,524336,9793,100.0
20260917,524342,1896,56.89
20260917,524348,5131,69.88
20260917,524370,135031,76.8
20260917,524372,5548,67.02
20260917,524394,4771,58.78
20260917,524396,948,89.43
20260917,524400,103,100.0
20260917,524404,73523,61.99
20260917,524408,239,100.0
20260917,524412,29683,92.7
20260917,524414,4479,99.62
20260917,524434,5646,98.33
20260917,524440,2156,74.22
20260917,524444,18968971,68.15
20260917,524458,145,96.67
20260917,524470,181701,40.02
20260917,524480,115,92.0
20260917,524488,53259,96.42
20260917,524494,9322,44.02
20260917,524500,664,100.0
20260917,524502,51,100.0
20260917,524506,670,100.0
20260917,524514,200,100.0
20260917,524516,107739,67.17
20260917,524520,161806,36.33
20260917,524522,584,100.0
20260917,524534,889,72.34
20260917,524542,341,96.6
20260917,524548,184,69.17
20260917,524558,578,42.63
20260917,524564,1259,100.0
20260917,524570,10,100.0
20260917,524572,4750,78.47
20260917,524576,4978,79.87
20260917,524580,134,100.0
20260917,524582,424,83.46
20260917,524592,18691,100.0
20260917,524594,149,96.75
20260917,524598,391,100.0
20260917,524602,101,89.38
20260917,524604,100,100.0
20260917,524606,362,51.94
20260917,524614,6455,92.2
20260917,524622,7492,82.18
20260917,524624,253,79.06
20260917,524628,1336,100.0
20260917,524632,102581,75.22
20260917,524634,877,78.8
20260917,524636,6214,100.0
20260917,524640,11250,100.0
20260917,524648,1611,100.0
20260917,524654,207,100.0
20260917,524661,2032024,67.94
20260917,524663,26468,69.4
20260917,524667,7310,70.52
20260917,524669,277,88.78
20260917,524675,5488,97.67
20260917,524687,11605,73.75
20260917,524703,1903,99.79
20260917,524709,12241,65.12
20260917,524711,19941,98.24
20260917,524715,64656,70.99
20260917,524717,8794,72.98
20260917,524723,433,100.0
20260917,524727,1,100.0
20260917,524731,231,86.84
20260917,524735,13788,54.29
20260917,524742,2793,51.54
20260917,524743,7493,61.51
20260917,524748,471,72.57
20260917,524752,4037,93.08
20260917,524768,106,74.65
20260917,524774,106,47.75
20260917,524790,696,96.94
20260917,524804,5014,51.75
20260917,524808,226,81.59
20260917,524816,5281,45.73
20260917,524818,7346,60.32
20260917,524820,119696,96.56
20260917,524824,2341,70.85
20260917,524828,1171,88.71
20260917,526001,3594,99.42
20260917,526025,95630,84.03
20260917,526027,12312,66.23
20260917,526043,1830,100.0
20260917,526071,1521,100.0
20260917,526073,512,100.0
20260917,526075,51,100.0
20260917,526081,7831,100.0
20260917,526095,204,100.0
20260917,526113,2,100.0
20260917,526115,101,100.0
20260917,526125,208,67.31
20260917,526133,50,100.0
20260917,526137,845,75.78
20260917,526139,14957,75.65
20260917,526143,166,100.0
20260917,526159,15600,69.6
20260917,526161,450,100.0
20260917,526169,2700,87.66
20260917,526173,28807,68.55
20260917,526179,775,71.3
20260917,526187,15,100.0
20260917,526193,6619,70.4
20260917,526211,2262,69.13
20260917,526217,7,100.0
20260917,526227,196484,45.19
20260917,526231,64637,100.0
20260917,526237,1208,99.75
20260917,526241,14402,100.0
20260917,526247,8834,78.56
20260917,526251,20666,100.0
20260917,526263,6417,100.0
20260917,526269,4007,58.9
20260917,526299,2563,48.91
20260917,526315,751,100.0
20260917,526331,10,100.0
20260917,526335,10680,76.05
20260917,526345,10003,81.84
20260917,526355,465,97.28
20260917,526365,2282,76.94
20260917,526367,447,65.16
20260917,526371,201502,56.86
20260917,526373,736,100.0
20260917,526381,11108,100.0
20260917,526397,642,100.0
20260917,526407,3115,98.17
20260917,526409,8159,94.47
20260917,526415,58489,81.83
20260917,526423,2293,91.35
20260917,526433,19587,50.94
20260917,526435,360,99.72
20260917,526439,4,100.0
20260917,526441,22192,90.2
20260917,526443,56250,56.98
20260917,526445,97670,81.14
20260917,526468,3786,100.0
20260917,526471,3096,68.18
20260917,526473,13113,94.51
20260917,526479,1583,85.89
20260917,526481,1245,92.56
20260917,526488,29965,46.11
20260917,526490,26110,89.15
20260917,526492,1989,100.0
20260917,526494,38694,100.0
20260917,526500,4,100.0
20260917,526506,6810,100.0
20260917,526508,6839,94.11
20260917,526519,877,100.0
20260917,526525,10,100.0
20260917,526530,13121,100.0
20260917,526532,631,89.76
20260917,526544,3580,65.6
20260917,526546,26304,100.0
20260917,526550,1529,100.0
20260917,526570,1463,54.39
20260917,526574,11,100.0
20260917,526582,3427,80.96
20260917,526588,379,100.0
20260917,526596,741,50.24
20260917,526604,8588,100.0
20260917,526608,4,80.0
20260917,526612,534,67.17
20260917,526614,9560,100.0
20260917,526616,2844,69.79
20260917,526622,603390,52.63
20260917,526638,2828,74.5
20260917,526640,2638,88.67
20260917,526642,3317,82.84
20260917,526650,51585,45.8
20260917,526654,1,100.0
20260917,526666,980,80.72
20260917,526668,2309,78.54
20260917,526675,2064,92.43
20260917,526677,4876,98.62
20260917,526703,467,89.29
20260917,526705,1243,96.51
20260917,526709,10751,65.62
20260917,526711,591,100.0
20260917,526717,5898,100.0
20260917,526721,329,100.0
20260917,526723,59,96.72
20260917,526727,450,53.89
20260917,526729,7440,25.81
20260917,526731,928,72.39
20260917,526739,5921,88.61
20260917,526747,3771,80.63
20260917,526751,3878,81.08
20260917,526755,23743,100.0
20260917,526761,126,100.0
20260917,526775,8158,65.28
20260917,526783,151,90.96
20260917,526797,7982,75.02
20260917,526807,1605,55.31
20260917,526813,7425,100.0
20260917,526817,62,82.67
20260917,526821,11,100.0
20260917,526823,95,100.0
20260917,526827,13410,100.0
20260917,526829,65259,62.43
20260917,526839,1828,91.04
20260917,526841,293972,80.53
20260917,526847,2940,75.04
20260917,526849,202,99.51
20260917,526851,1,50.0
20260917,526853,41907,100.0
20260917,526859,24686,83.72
20260917,526861,3534,78.99
20260917,526865,2,100.0
20260917,526869,2953,100.0
20260917,526871,3778,58.57
20260917,526873,35337,99.53
20260917,526877,30,100.0
20260917,526881,8400,42.15
20260917,526885,2881,84.71
20260917,526887,13390,100.0
20260917,526891,2,100.0
20260917,526899,11166,88.99
20260917,526901,122,96.06
20260917,526905,985,100.0
20260917,526921,1235,92.37
20260917,526931,167,58.19
20260917,526935,9402245,72.28
20260917,526941,800,100.0
20260917,526947,3390,53.54
20260917,526951,1869,56.88
20260917,526953,1151,100.0
20260917,526961,18094,97.97
20260917,526965,345,100.0
20260917,526971,3885,100.0
20260917,526981,531,98.88
20260917,526987,106337,65.09
20260917,527001,5413,53.6
20260917,527005,1953,81.99
20260917,530001,8446,54.22
20260917,530005,13748,24.44
20260917,530007,19038,61.65
20260917,530017,8970,80.88
20260917,530019,3692,48.82
20260917,530023,1279,69.66
20260917,530025,2668,64.04
20260917,530037,1695,88.98
20260917,530043,543,96.11
20260917,530045,2060,7.42
20260917,530053,9056,76.15
20260917,530057,39040,87.42
20260917,530063,432,100.0
20260917,530065,1401,65.65
20260917,530067,2020,52.05
20260917,530073,10350,72.4
20260917,530075,24245,40.66
20260917,530077,31565,89.66
20260917,530079,386,73.52
20260917,530109,28015,68.43
20260917,530111,10013,74.12
20260917,530117,551,51.79
20260917,530119,141,56.85
20260917,530125,342,100.0
20260917,530127,110,99.1
20260917,530129,97,83.62
20260917,530135,12759,59.83
20260917,530139,6954,100.0
20260917,530141,424,100.0
20260917,530145,23425,100.0
20260917,530163,7668,84.45
20260917,530167,3806,100.0
20260917,530169,21,95.45
20260917,530171,172,51.81
20260917,530175,1460,91.48
20260917,530177,29517,99.99
20260917,530179,9767,100.0
20260917,530185,20851,77.99
20260917,530187,131249,100.0
20260917,530197,55,100.0
20260917,530199,2111,55.44
20260917,530201,26685,100.0
20260917,530207,660,100.0
20260917,530213,1058,99.53
20260917,530215,11089,71.18
20260917,530217,12811,68.79
20260917,530233,692,47.96
20260917,530239,13240,50.85
20260917,530245,97,95.1
20260917,530249,477147,75.07
20260917,530251,91729,84.43
20260917,530253,12369,100.0
20260917,530255,1631,97.14
20260917,530259,363,100.0
20260917,530263,126513,57.2
20260917,530265,12336,55.78
20260917,530267,8717,99.14
20260917,530271,6,66.67
20260917,530281,1685,100.0
20260917,530289,168,100.0
20260917,530291,4,100.0
20260917,530299,258,96.63
20260917,530305,4652,57.8
20260917,530307,2428,70.97
20260917,530309,409,100.0
20260917,530313,2753,96.36
20260917,530315,1728,70.59
20260917,530317,6455,73.03
20260917,530331,21,100.0
20260917,530343,17781,49.64
20260917,530355,12640,57.08
20260917,530357,22168,91.52
20260917,530361,6308,100.0
20260917,530363,9001,51.34
20260917,530365,894,86.04
20260917,530367,5845,54.45
20260917,530369,501,73.57
20260917,530377,2843,77.17
20260917,530393,3710,100.0
20260917,530401,610,100.0
20260917,530405,1867,97.49
20260917,530407,1689,83.04
20260917,530419,8950,95.71
20260917,530421,2250,68.58
20260917,530427,3161,79.42
20260917,530429,132,81.48
20260917,530433,1,100.0
20260917,530439,1793,100.0
20260917,530443,2000,100.0
20260917,530445,1578,99.94
20260917,530449,197,100.0
20260917,530457,88986,50.58
20260917,530459,101,100.0
20260917,530461,6492,61.11
20260917,530469,77,100.0
20260917,530475,814,55.72
20260917,530477,11734,100.0
20260917,530495,1009,99.7
20260917,530499,510,81.08
20260917,530517,6795,61.59
20260917,530521,1236,70.43
20260917,530525,75658,100.0
20260917,530533,269,100.0
20260917,530545,2561,99.26
20260917,530547,1114,100.0
20260917,530549,22232,49.95
20260917,530555,16629,53.72
20260917,530557,376867,100.0
20260917,530565,14153,100.0
20260917,530577,2223,100.0
20260917,530579,26215,100.0
20260917,530585,2055,100.0
20260917,530589,881,74.22
20260917,530595,18478,100.0
20260917,530615,8422,53.01
20260917,530617,98608,66.41
20260917,530621,5115,100.0
20260917,530627,2546,90.73
20260917,530643,2371,77.08
20260917,530655,6162,38.38
20260917,530663,30373,100.0
20260917,530665,3122,48.06
20260917,530675,610,72.19
20260917,530677,1820,69.73
20260917,530689,3393,73.17
20260917,530695,1201,52.33
20260917,530697,2457,51.24
20260917,530699,2497,100.0
20260917,530705,113,99.12
20260917,530709,784,100.0
20260917,530711,291,68.79
20260917,530723,2901,96.6
20260917,530735,488,100.0
20260917,530741,8685,100.0
20260917,530745,70563,100.0
20260917,530747,96,100.0
20260917,530755,1,100.0
20260917,530759,534,100.0
20260917,530789,774,99.23
20260917,530795,32,100.0
20260917,530799,1561,99.74
20260917,530803,18262,100.0
20260917,530805,194791,50.33
20260917,530809,209,96.31
20260917,530813,3341,57.4
20260917,530821,32,100.0
20260917,530825,146,100.0
20260917,530829,780,87.84
20260917,530839,9454,100.0
20260917,530843,232531,50.53
20260917,530845,681,80.78
20260917,530853,225,100.0
20260917,530855,120,100.0
20260917,530871,442,78.93
20260917,530879,138952,68.43
20260917,530881,186422,92.43
20260917,530883,157413,100.0
20260917,530889,175,100.0
20260917,530897,2957,80.35
20260917,530907,734931,100.0
20260917,530919,1048,63.28
20260917,530925,427,100.0
20260917,530943,44636,74.02
20260917,530951,3431,77.85
20260917,530953,662,99.85
20260917,530959,4371,82.91
20260917,530961,42627,55.26
20260917,530965,134587,67.39
20260917,530977,50897,97.6
20260917,530979,11902,98.73
20260917,530991,2423,84.57
20260917,530993,557,99.82
20260917,530997,1100,76.66
20260917,530999,6239,61.19
20260917,531003,203,100.0
20260917,531015,9200,87.79
20260917,531017,86,96.63
20260917,531025,204111,78.79
20260917,531027,3000,100.0
20260917,531033,152000,97.33
20260917,531035,19243,100.0
20260917,531039,1,100.0
20260917,531041,50,100.0
20260917,531043,1004,76.99
20260917,531049,1000,100.0
20260917,531051,52,100.0
20260917,531067,2290,85.96
20260917,531069,36,90.0
20260917,531080,1,100.0
20260917,531082,5826,43.3
20260917,531083,12162,98.72
20260917,531092,2578,87.51
20260917,531099,2264,100.0
20260917,531109,11588,82.96
20260917,531111,1900,100.0
20260917,531112,23341,54.64
20260917,531119,274,100.0
20260917,531120,78385,53.98
20260917,531126,152832,94.68
20260917,531127,47759,100.0
20260917,531129,1168,96.21
20260917,531137,50821,61.58
20260917,531144,10828,99.07
20260917,531146,5705,62.51
20260917,531147,213,46.41
20260917,531153,61530,74.87
20260917,531155,104,100.0
20260917,531156,72305,100.0
20260917,531157,429,99.77
20260917,531158,1401,69.22
20260917,531161,424,100.0
20260917,531162,276528,41.67
20260917,531163,1241,69.25
20260917,531169,2068,91.95
20260917,531173,8557,96.8
20260917,531176,3075,77.34
20260917,531178,71,57.26
20260917,531179,992,52.93
20260917,531191,934,95.6
20260917,531199,416,80.62
20260917,531201,327,53.52
20260917,531205,2457786,61.6
20260917,531209,64,90.14
20260917,531210,155,100.0
20260917,531212,2326,100.0
20260917,531213,22617,48.83
20260917,531215,799,68.17
20260917,531216,22643,76.62
20260917,531221,110,100.0
20260917,531223,10171,80.42
20260917,531225,1757,80.78
20260917,531227,1,50.0
20260917,531233,15790,85.38
20260917,531234,942,82.13
20260917,531235,4,100.0
20260917,531237,1804,89.44
20260917,531241,1899,93.0
20260917,531246,450,99.56
20260917,531253,1567,91.37
20260917,531254,15761,82.97
20260917,531255,708,87.3
20260917,531257,6799,62.31
20260917,531259,168,100.0
20260917,531266,422,63.55
20260917,531268,4921,68.76
20260917,531272,115,100.0
20260917,531273,54987,84.65
20260917,531274,10,100.0
20260917,531278,1296,90.69
20260917,531279,7794,100.0
20260917,531280,6384,100.0
20260917,531281,34587,100.0
20260917,531283,554,100.0
20260917,531286,8,100.0
20260917,531287,2145,62.77
20260917,531289,45277,100.0
20260917,531297,1538,93.72
20260917,531301,8,88.89
20260917,531304,2,100.0
20260917,531306,288,98.29
20260917,531307,12881,96.81
20260917,531310,1287,92.52
20260917,531314,1053,100.0
20260917,531319,2035,71.83
20260917,531322,6014,75.03
20260917,531323,2,100.0
20260917,531324,1134,100.0
20260917,531328,717548,67.3
20260917,531334,1501,99.34
20260917,531335,85480,96.83
20260917,531338,237,100.0
20260917,531340,18,100.0
20260917,531341,19,100.0
20260917,531344,22791,56.25
20260917,531346,131,98.5
20260917,531349,1581,69.19
20260917,531352,1140,85.07
20260917,531357,66143,46.3
20260917,531358,5936,64.19
20260917,531359,2652,86.95
20260917,531364,5447,92.34
20260917,531370,4893,80.15
20260917,531373,937,100.0
20260917,531380,124,84.93
20260917,531381,23,92.0
20260917,531387,4522,100.0
20260917,531390,97277,78.04
20260917,531395,372152,100.0
20260917,531396,2326,79.49
20260917,531397,360,100.0
20260917,531398,357,82.07
20260917,531399,1372,90.38
20260917,531400,12445,63.49
20260917,531402,7246,98.01
20260917,531406,5,100.0
20260917,531411,1228399,75.23
20260917,531412,312,100.0
20260917,531416,2865,100.0
20260917,531417,14472,68.15
20260917,531420,2600,100.0
20260917,531426,6334,52.06
20260917,531431,29377,60.28
20260917,531432,519,100.0
20260917,531433,410,100.0
20260917,531436,2662,98.89
20260917,531437,1167,88.61
20260917,531439,2467,100.0
20260917,531441,50,100.0
20260917,531449,102906,28.43
20260917,531453,1558,100.0
20260917,531454,7089,84.73
20260917,531456,5475,100.0
20260917,531458,95750,84.92
20260917,531460,800,100.0
20260917,531463,1,100.0
20260917,531465,248946,100.0
20260917,531471,3214,100.0
20260917,531472,7348,88.47
20260917,531486,51580,98.09
20260917,531489,1432,99.86
20260917,531494,272308,100.0
20260917,531495,200,100.0
20260917,531497,3154,100.0
20260917,531500,21029,100.0
20260917,531502,71921,83.52
20260917,531503,3244,96.95
20260917,531505,6819,100.0
20260917,531508,840,50.09
20260917,531512,71983,44.93
20260917,531515,90,100.0
20260917,531518,93701,100.0
20260917,531525,21831,100.0
20260917,531529,80259,100.0
20260917,531530,4044,92.82
20260917,531531,10113,76.03
20260917,531533,4083,83.11
20260917,531537,1564,100.0
20260917,531539,10669,99.99
20260917,531540,19444,87.04
20260917,531541,2623,100.0
20260917,531543,161127,32.08
20260917,531548,2997,72.34
20260917,531550,18189,75.17
20260917,531552,9799,34.18
20260917,531553,40678,100.0
20260917,531556,4,100.0
20260917,531557,43,84.31
20260917,531569,1365,77.69
20260917,531572,1,100.0
20260917,531574,101,100.0
20260917,531578,28,100.0
20260917,531583,7741,76.34
20260917,531585,1,100.0
20260917,531591,1444,65.67
20260917,531592,101562,83.01
20260917,531594,112,100.0
20260917,531595,50290,46.74
20260917,531599,1456,52.32
20260917,531608,434,95.59
20260917,531609,101,99.02
20260917,531613,302,100.0
20260917,531624,10694,100.0
20260917,531626,34299,100.0
20260917,531628,4509,100.0
20260917,531633,977,76.75
20260917,531635,391,99.49
20260917,531637,10991,93.79
20260917,531638,1,100.0
20260917,531642,23793,56.59
20260917,531644,536,84.28
20260917,531652,396,97.54
20260917,531658,4434,72.65
20260917,531661,11650,100.0
20260917,531663,22008,86.28
20260917,531667,1048,100.0
20260917,531668,730,100.0
20260917,531671,17724,70.21
20260917,531673,353,67.11
20260917,531676,3392,100.0
20260917,531680,33059,100.0
20260917,531681,3910,100.0
20260917,531688,106,51.46
20260917,531692,358,100.0
20260917,531694,1614,99.69
20260917,531716,46056,100.0
20260917,531717,365,71.85
20260917,531719,213,82.56
20260917,531723,20360804,100.0
20260917,531726,5381,89.07
20260917,531727,3786,100.0
20260917,531737,113919,73.72
20260917,531739,105944,81.56
20260917,531744,1277,99.84
20260917,531746,1029,11.85
20260917,531752,773844,52.65
20260917,531758,103,50.24
20260917,531761,4298,49.52
20260917,531762,3329,100.0
20260917,531768,2888,60.17
20260917,531769,800,100.0
20260917,531771,1093,81.57
20260917,531778,101,100.0
20260917,531779,3123,100.0
20260917,531780,21018,89.73
20260917,531784,154681,78.98
20260917,531794,3039,100.0
20260917,531795,1387,60.28
20260917,531802,6568,77.28
20260917,531810,104,90.43
20260917,531812,33752,69.61
20260917,531814,638,81.79
20260917,531822,1429,100.0
20260917,531832,1,100.0
20260917,531834,3317,100.0
20260917,531840,83354,99.83
20260917,531841,4900,100.0
20260917,531845,2828,94.36
20260917,531846,78,100.0
20260917,531847,682,90.93
20260917,531859,4556,60.32
20260917,531861,401,99.26
20260917,531862,11798,90.23
20260917,531867,8083,100.0
20260917,531869,21016,75.5
20260917,531870,3,100.0
20260917,531878,331,100.0
20260917,531888,5363,62.45
20260917,531889,177086,72.18
20260917,531893,190821,63.17
20260917,531900,230,99.14
20260917,531902,11,100.0
20260917,531909,11581,100.0
20260917,531910,65505,100.0
20260917,531911,1326,100.0
20260917,531913,9394,96.19
20260917,531918,3,100.0
20260917,531921,801,77.77
20260917,531923,5160,77.56
20260917,531925,4338,100.0
20260917,531930,3,100.0
20260917,531931,96,50.26
20260917,531944,50,100.0
20260917,531950,6942,100.0
20260917,531952,3229,100.0
20260917,531959,50881,95.87
20260917,531962,246,92.48
20260917,531968,5,100.0
20260917,531971,1,100.0
20260917,531977,100172,100.0
20260917,531978,166,63.85
20260917,531979,2007,78.77
20260917,531982,1964,83.4
20260917,531989,36,100.0
20260917,531991,7563,100.0
20260917,531994,198,100.0
20260917,531996,20002,69.12
20260917,531997,57672,100.0
20260917,532001,817,99.76
20260917,532011,16649,99.99
20260917,532015,21872,65.37
20260917,532016,10,100.0
20260917,532019,25293,99.12
20260917,532022,302999,100.0
20260917,532029,22048,76.95
20260917,532039,2594,72.89
20260917,532041,22347,100.0
20260917,532042,1136,100.0
20260917,532051,88,34.78
20260917,532053,101,100.0
20260917,532054,394,79.28
20260917,532057,25,86.21
20260917,532067,1085,76.62
20260917,532070,11136,99.99
20260917,532090,21094,73.66
20260917,532092,50825,91.06
20260917,532100,1613,99.94
20260917,532102,8857,99.97
20260917,532113,6929,100.0
20260917,532123,62459,73.77
20260917,532124,10207,100.0
20260917,532131,37,75.51
20260917,532134,127585,52.64
20260917,532140,123897,87.44
20260917,532141,2809,75.82
20260917,532143,10487,59.44
20260917,532144,21783,36.94
20260917,532145,161,100.0
20260917,532149,115113,49.46
20260917,532150,10687,56.19
20260917,532154,291715,71.39
20260917,532155,85381,73.38
20260917,532156,4400,58.0
20260917,532159,43203,85.97
20260917,532160,2042,78.09
20260917,532162,56032,50.88
20260917,532163,8203,56.86
20260917,532167,860,100.0
20260917,532172,1403,82.38
20260917,532173,2142,100.0
20260917,532174,433034,75.61
20260917,532175,6684,25.32
20260917,532178,31386,47.69
20260917,532180,25485,57.18
20260917,532181,53486,61.13
20260917,532183,243100,76.55
20260917,532187,329518,83.48
20260917,532189,2398,39.11
20260917,532209,34374,39.44
20260917,532210,114423,57.96
20260917,532212,561,100.0
20260917,532215,160871,79.44
20260917,532216,136,100.0
20260917,532217,2643,100.0
20260917,532218,516373,64.27
20260917,532219,1575,69.97
20260917,532221,15583,48.89
20260917,532230,18,94.74
20260917,532234,39052,48.25
20260917,532240,3282,46.72
20260917,532256,24,82.76
20260917,532259,2245,52.49
20260917,532268,63,63.64
20260917,532271,534208,87.74
20260917,532275,10937,92.69
20260917,532281,32681,49.43
20260917,532284,110,99.1
20260917,532285,2558,60.36
20260917,532286,16673,61.78
20260917,532290,5578,94.7
20260917,532296,1394,49.07
20260917,532300,9308,39.99
20260917,532303,100,100.0
20260917,532304,368,97.61
20260917,532305,27280,51.53
20260917,532309,4668,61.68
20260917,532310,1075,95.39
20260917,532313,2198,50.41
20260917,532315,3292,96.0
20260917,532320,1060,98.7
20260917,532321,5668,34.81
20260917,532323,13542,77.81
20260917,532324,540,96.6
20260917,532326,3,75.0
20260917,532329,8989,100.0
20260917,532331,3626,83.22
20260917,532332,2,100.0
20260917,532333,589,95.15
20260917,532334,688,99.57
20260917,532335,480,100.0
20260917,532339,4894,70.67
20260917,532340,390,71.56
20260917,532341,11111,59.74
20260917,532343,114282,82.68
20260917,532344,1412,70.07
20260917,532348,467168,53.02
20260917,532349,825,66.11
20260917,532350,7936,100.0
20260917,532351,26105,100.0
20260917,532354,31447,100.0
20260917,532355,1719,77.47
20260917,532356,21309,31.42
20260917,532357,1,100.0
20260917,532359,5601,72.56
20260917,532362,783,84.1
20260917,532365,580,70.22
20260917,532366,7550,56.5
20260917,532368,343898,72.44
20260917,532369,2172,53.34
20260917,532370,1353,67.08
20260917,532371,87491,39.56
20260917,532372,2877,80.77
20260917,532373,16848,43.64
20260917,532374,114768,100.0
20260917,532375,3406,61.34
20260917,532376,509,71.29
20260917,532378,3429,100.0
20260917,532379,7473,79.44
20260917,532380,1092,81.55
20260917,532382,50645,83.27
20260917,532384,1949,76.88
20260917,532386,35600,100.0
20260917,532387,39030,27.29
20260917,532388,89621,52.5
20260917,532390,1823,77.18
20260917,532392,6222,92.75
20260917,532395,30720,62.02
20260917,532397,2893,100.0
20260917,532398,8621,77.14
20260917,532400,28873,51.02
20260917,532402,269,100.0
20260917,532404,646,82.93
20260917,532406,43945,59.05
20260917,532407,116641,40.19
20260917,532408,30022,100.0
20260917,532410,2257,63.87
20260917,532416,5184,99.96
20260917,532419,919,100.0
20260917,532424,26313,44.05
20260917,532425,30450,100.0
20260917,532430,1645,60.46
20260917,532432,12680,73.27
20260917,532435,25579,100.0
20260917,532439,4547,50.19
20260917,532440,628,65.55
20260917,532443,73,64.6
20260917,532444,32268,85.73
20260917,532454,232721,69.29
20260917,532455,553,89.48
20260917,532456,3053,100.0
20260917,532457,3155,54.26
20260917,532460,357,78.81
20260917,532461,260094,39.94
20260917,532466,1954,44.96
20260917,532467,35238,76.0
20260917,532468,447,56.23
20260917,532475,3176,100.0
20260917,532477,77120,36.45
20260917,532478,2705,54.06
20260917,532481,21745,27.92
20260917,532482,70720,81.88
20260917,532483,250362,40.85
20260917,532485,16090,84.32
20260917,532486,1187,65.69
20260917,532488,22563,84.04
20260917,532493,5079,60.73
20260917,532497,1728,46.53
20260917,532500,7212,53.5
20260917,532503,12,100.0
20260917,532504,20300,90.02
20260917,532505,154002,64.15
20260917,532507,24761,72.25
20260917,532508,127946,84.93
20260917,532509,796,44.52
20260917,532513,2347,90.69
20260917,532514,19902,46.5
20260917,532515,1815,78.95
20260917,532521,371,99.73
20260917,532522,17276,70.42
20260917,532523,20902,39.75
20260917,532524,39544,43.52
20260917,532525,150586,26.95
20260917,532527,8094,46.86
20260917,532528,1126,63.87
20260917,532529,5917,82.93
20260917,532531,5096,35.13
20260917,532538,14014,84.34
20260917,532539,65132,81.58
20260917,532540,81082,37.98
20260917,532541,16197,43.99
20260917,532543,5870,100.0
20260917,532548,375,49.87
20260917,532553,5327,63.08
20260917,532555,222820,77.5
20260917,532604,9305,57.89
20260917,532605,5469,45.03
20260917,532610,42818,60.69
20260917,532612,4679,45.6
20260917,532613,2299,53.06
20260917,532616,1697,77.59
20260917,532624,186,70.72
20260917,532626,23520,54.91
20260917,532627,1387100,44.61
20260917,532628,38098,100.0
20260917,532629,353,100.0
20260917,532630,131905,95.77
20260917,532633,373,82.16
20260917,532636,195858,85.44
20260917,532637,2126,73.21
20260917,532638,11787,48.54
20260917,532640,1738,100.0
20260917,532641,63642,72.22
20260917,532642,57,35.4
20260917,532644,1215,51.46
20260917,532645,3313,86.89
20260917,532648,1787736,52.08
20260917,532649,12342,89.47
20260917,532650,4113,59.41
20260917,532652,11092,33.4
20260917,532654,29076,81.6
20260917,532656,100641,100.0
20260917,532660,100,100.0
20260917,532661,2414,67.11
20260917,532662,2187,56.28
20260917,532663,1188,84.56
20260917,532666,374934,81.98
20260917,532667,754152,40.29
20260917,532668,2280,61.94
20260917,532670,174459,40.64
20260917,532673,6591,80.61
20260917,532674,5906,100.0
20260917,532676,2719,100.0
20260917,532683,1180,56.59
20260917,532684,3698,66.69
20260917,532686,5872,55.41
20260917,532687,1546,91.16
20260917,532689,18189,49.3
20260917,532694,30189,100.0
20260917,532695,10,100.0
20260917,532698,1792,46.76
20260917,532699,170,88.08
20260917,532700,246,99.6
20260917,532701,20278,100.0
20260917,532705,4017,69.73
20260917,532707,11,100.0
20260917,532708,194349,100.0
20260917,532710,32559,90.28
20260917,532712,252465,100.0
20260917,532713,163331,72.86
20260917,532714,37535,58.13
20260917,532716,325,100.0
20260917,532717,876,63.57
20260917,532719,21873,72.01
20260917,532720,26457,55.29
20260917,532721,7504,97.03
20260917,532722,9401,74.76
20260917,532725,17545,47.83
20260917,532726,3903,68.5
20260917,532728,976,94.76
20260917,532729,4117,80.03
20260917,532730,3983,88.16
20260917,532732,291,73.86
20260917,532733,5365,45.74
20260917,532734,25653,47.31
20260917,532735,5385,56.76
20260917,532737,1470,93.87
20260917,532738,124640,100.0
20260917,532740,3266,90.62
20260917,532741,34249,100.0
20260917,532742,959,69.49
20260917,532744,58,100.0
20260917,532748,112806,49.87
20260917,532749,190414,53.75
20260917,532754,55747,38.06
20260917,532755,107103,77.16
20260917,532756,9213,66.27
20260917,532757,311,65.89
20260917,532759,3354,92.83
20260917,532761,822,100.0
20260917,532762,74127,66.86
20260917,532764,16,100.0
20260917,532767,212624,68.33
20260917,532768,4062,67.72
20260917,532771,147,58.57
20260917,532772,24112,55.76
20260917,532773,815,95.66
20260917,532774,3511,95.51
20260917,532775,3292237,59.51
20260917,532776,1889,93.05
20260917,532777,108987,86.39
20260917,532779,6164,54.23
20260917,532780,22242,100.0
20260917,532782,2970,100.0
20260917,532783,4162,42.83
20260917,532784,1379,53.35
20260917,532785,3045,72.52
20260917,532790,7489,52.33
20260917,532794,38087,62.17
20260917,532795,11618,100.0
20260917,532796,9525,50.28
20260917,532797,3289,69.17
20260917,532798,164892,59.09
20260917,532799,14311,92.5
20260917,532801,301,100.0
20260917,532804,323,49.39
20260917,532805,103784,38.09
20260917,532806,16700,100.0
20260917,532807,5,62.5
20260917,532808,7395,40.47
20260917,532809,24654,39.83
20260917,532810,143556,70.67
20260917,532811,3192,60.97
20260917,532812,573,100.0
20260917,532814,9482,31.94
20260917,532815,15882,42.6
20260917,532817,3111,93.76
20260917,532820,19,65.52
20260917,532822,6403584,55.29
20260917,532825,2121,100.0
20260917,532826,5235,97.27
20260917,532827,318,53.27
20260917,532828,4758,64.09
20260917,532829,4794,35.85
20260917,532830,8304,41.56
20260917,532832,37679,55.04
20260917,532834,32469,57.5
20260917,532835,476,83.51
20260917,532839,175012,64.78
20260917,532841,104,90.43
20260917,532842,366,61.2
20260917,532843,31618,59.85
20260917,532845,123,45.05
20260917,532847,32170,81.8
20260917,532848,16930,33.42
20260917,532850,39987,100.0
20260917,532851,163,81.5
20260917,532853,930,100.0
20260917,532855,15,71.43
20260917,532856,33440,46.8
20260917,532859,1308,80.94
20260917,532864,1655,74.65
20260917,532867,15684,47.31
20260917,532868,40518,44.98
20260917,532869,1069,95.79
20260917,532870,2678,100.0
20260917,532872,28041,59.91
20260917,532873,7166,100.0
20260917,532875,14262,77.64
20260917,532878,2692,78.26
20260917,532880,9586,32.78
20260917,532884,20668,78.89
20260917,532885,136210,62.84
20260917,532887,4360,100.0
20260917,532888,32715,77.26
20260917,532889,4456,45.84
20260917,532890,20002,77.99
20260917,532891,21793,52.64
20260917,532892,5586,30.62
20260917,532893,6146,58.94
20260917,532894,2762,83.93
20260917,532895,4588,93.61
20260917,532896,55756,90.61
20260917,532898,539279,84.25
20260917,532899,1695,68.99
20260917,532900,574548,37.12
20260917,532902,21964,70.48
20260917,532904,112,99.12
20260917,532906,14105,84.2
20260917,532907,2208,100.0
20260917,532911,205350,100.0
20260917,532915,12599,67.46
20260917,532916,3697,98.56
20260917,532918,1729,70.17
20260917,532921,49976,74.07
20260917,532922,84319,44.73
20260917,532923,21396,59.79
20260917,532924,750,78.53
20260917,532926,14042,71.62
20260917,532927,4593,33.08
20260917,532928,59143,67.52
20260917,532929,4336,35.19
20260917,532930,4635,100.0
20260917,532931,2591,100.0
20260917,532932,3470,76.82
20260917,532933,3454,97.21
20260917,532934,693,100.0
20260917,532935,702,100.0
20260917,532937,1518,60.38
20260917,532939,935882,53.34
20260917,532940,458,68.15
20260917,532941,6952,61.47
20260917,532942,149804,45.83
20260917,532944,32515,100.0
20260917,532945,287490,59.8
20260917,532946,411,100.0
20260917,532947,791431,79.55
20260917,532951,9036,98.84
20260917,532953,8202,76.52
20260917,532955,76420,62.19
20260917,532957,9330,63.6
20260917,532966,32757,51.26
20260917,532967,14696,47.93
20260917,532974,3336,90.11
20260917,532975,22162,100.0
20260917,532976,7970,64.29
20260917,532977,38268,92.37
20260917,532978,168013,91.31
20260917,532980,19319,82.38
20260917,532983,645,68.98
20260917,532985,666,63.01
20260917,532986,400,100.0
20260917,532989,3225,100.0
20260917,532992,5660,96.9
20260917,532993,7728,80.44
20260917,532994,321,94.69
20260917,532998,349,100.0
20260917,533001,4428,55.47
20260917,533006,42318,100.0
20260917,533007,126837,100.0
20260917,533012,2882,99.97
20260917,533014,706,96.84
20260917,533019,26,100.0
20260917,533022,1121,47.78
20260917,533023,5592,95.07
20260917,533029,1075,98.26
20260917,533033,1068,61.17
20260917,533047,1861,66.35
20260917,533048,324060,100.0
20260917,533056,8590,86.86
20260917,533080,1434,63.65
20260917,533088,1360,39.3
20260917,533090,118698,61.9
20260917,533093,5,100.0
20260917,533095,15,65.22
20260917,533096,450899,56.62
20260917,533098,86267,49.35
20260917,533100,1627,56.18
20260917,533104,1178,63.78
20260917,533106,160806,68.9
20260917,533107,917,100.0
20260917,533110,21,100.0
20260917,533121,450,58.98
20260917,533122,475516,55.96
20260917,533137,16589,87.0
20260917,533138,8799,47.73
20260917,533146,2375,66.21
20260917,533148,812305,97.17
20260917,533149,1114,87.58
20260917,533150,6490,47.21
20260917,533151,657,89.27
20260917,533152,1233,71.69
20260917,533155,11831,48.94
20260917,533156,15377,81.21
20260917,533158,2959,59.3
20260917,533160,15849,70.89
20260917,533161,104,100.0
20260917,533162,94536,65.75
20260917,533164,41436,57.75
20260917,533166,36303,82.14
20260917,533167,4896,94.54
20260917,533168,2097,96.72
20260917,533169,48989,35.13
20260917,533170,373,100.0
20260917,533172,0,0.0
20260917,533177,3404,100.0
20260917,533179,2372,35.69
20260917,533181,16030,86.57
20260917,533192,3740,100.0
20260917,533193,13012,89.07
20260917,533202,43157,94.21
20260917,533203,4140,91.78
20260917,533206,66387,64.7
20260917,533208,1097,100.0
20260917,533210,1110,89.59
20260917,533212,55,100.0
20260917,533217,174,100.0
20260917,533218,1091,99.91
20260917,533229,11317,59.78
20260917,533230,42652,54.77
20260917,533239,15385,84.53
20260917,533244,52796,56.2
20260917,533248,30979,59.45
20260917,533252,125,100.0
20260917,533257,6780,78.75
20260917,533259,1,100.0
20260917,533260,229,82.37
20260917,533262,2262,84.72
20260917,533263,206256,84.7
20260917,533267,5629,75.2
20260917,533268,207,100.0
20260917,533269,10897,43.25
20260917,533271,27216,50.46
20260917,533272,16863,52.32
20260917,533273,5533,40.04
20260917,533274,4952,47.01
20260917,533275,73050,63.33
20260917,533278,182403,80.82
20260917,533282,3024,51.6
20260917,533284,4658,78.08
20260917,533285,107720,72.97
20260917,533286,18961,58.64
20260917,533287,35832,68.61
20260917,533289,5220,78.72
20260917,533292,7276,96.05
20260917,533293,11342,46.2
20260917,533294,353,100.0
20260917,533295,98448,75.86
20260917,533296,12456,99.92
20260917,533298,4453,86.57
20260917,533301,25423,100.0
20260917,533302,27,96.43
20260917,533303,631,98.9
20260917,533306,102,89.47
20260917,533316,378,90.21
20260917,533326,46656,45.63
20260917,533329,2921,76.81
20260917,533333,331517,35.66
20260917,533336,33,100.0
20260917,533339,5097,38.72
20260917,533343,1566,84.74
20260917,533344,24079,81.23
20260917,533385,40361,49.97
20260917,533398,15639,53.18
20260917,533407,10281,100.0
20260917,533408,2560,81.22
20260917,533427,6587,79.71
20260917,533451,16366,61.57
20260917,533452,28625,100.0
20260917,533470,110471,63.16
20260917,533477,1043,95.34
20260917,533482,34112,98.14
20260917,533506,256440,71.0
20260917,533519,70676,45.15
20260917,533520,774428,41.48
20260917,533540,2747,96.96
20260917,533543,3287,86.09
20260917,533552,1958,63.9
20260917,533553,155549,65.14
20260917,533570,12305,78.4
20260917,533573,6010,30.68
20260917,533576,936,99.79
20260917,533581,6467,35.73
20260917,533602,109510,84.19
20260917,533605,2120,100.0
20260917,533608,674,44.69
20260917,533629,21617,100.0
20260917,533632,52283,100.0
20260917,533638,14064,100.0
20260917,533644,7378,74.38
20260917,533655,8638,42.95
20260917,533676,502854,69.75
20260917,533704,34363,83.58
20260917,533719,8042,86.14
20260917,533758,3684,34.5
20260917,533761,8741,89.43
20260917,533896,15035,99.99
20260917,533941,2703,85.13
20260917,533982,3714,90.06
20260917,534060,254558,91.98
20260917,534063,231,100.0
20260917,534064,123447,100.0
20260917,534076,2432,75.57
20260917,534091,19668,33.97
20260917,534139,47145,90.51
20260917,534190,236,98.33
20260917,534309,86731,50.95
20260917,534312,670,100.0
20260917,534328,78,100.0
20260917,534338,1,100.0
20260917,534369,20293,91.75
20260917,534392,18337,62.62
20260917,534422,28284,100.0
20260917,534425,3421,100.0
20260917,534532,5233,85.28
20260917,534535,2374414,100.0
20260917,534597,74869,49.74
20260917,534598,933,54.63
20260917,534600,72968,59.62
20260917,534612,4445,90.27
20260917,534615,5880,100.0
20260917,534618,5822,52.87
20260917,534623,8461,57.9
20260917,534674,6364317,58.96
20260917,534675,12961,94.3
20260917,534680,196175,97.0
20260917,534691,158,94.61
20260917,534708,6000,100.0
20260917,534732,2362,88.4
20260917,534733,59069,100.0
20260917,534741,111930,100.0
20260917,534742,1747,62.66
20260917,534748,304200,58.13
20260917,534755,267108,100.0
20260917,534796,485,99.39
20260917,534804,794,79.0
20260917,534809,4565925,45.62
20260917,534816,56471,59.24
20260917,534920,110,100.0
20260917,534976,496,44.33
20260917,535136,1267,62.51
20260917,535204,166782,100.0
20260917,535205,19617,78.81
20260917,535267,41211,83.26
20260917,535276,1949,63.59
20260917,535322,3043,69.92
20260917,535387,685,73.18
20260917,535431,9723,77.58
20260917,535458,2916,99.12
20260917,535566,6,50.0
20260917,535601,8039,100.0
20260917,535602,3415,65.32
20260917,535620,100,100.0
20260917,535621,11,45.83
20260917,535648,1704,53.35
20260917,535657,9846,71.62
20260917,535667,47,100.0
20260917,535693,1242,83.58
20260917,535719,10038,78.85
20260917,535730,671463,65.56
20260917,535754,5913,66.33
20260917,535755,101212,55.18
20260917,535789,113514,46.54
20260917,535910,127022,84.43
20260917,535916,1293,60.2
20260917,535958,401782,62.54
20260917,536073,85135,85.07
20260917,536264,8048,74.95
20260917,536493,2711,94.69
20260917,536507,11985,100.0
20260917,536565,800,100.0
20260917,536659,881356,57.47
20260917,536672,8212,100.0
20260917,536709,25383,100.0
20260917,536710,30000,100.0
20260917,536737,1200,100.0
20260917,536773,465,85.16
20260917,536846,291,70.8
20260917,536960,11735,65.88
20260917,536974,3510,92.47
20260917,537007,16282,72.54
20260917,537008,856,94.38
20260917,537069,15178,100.0
20260917,537254,478,100.0
20260917,537259,99,75.0
20260917,537291,786,98.62
20260917,537292,79,100.0
20260917,537326,6358,77.56
20260917,537392,2591,100.0
20260917,537483,1113,60.13
20260917,537536,39349,84.7
20260917,537669,500,100.0
20260917,537707,328277,66.3
20260917,537708,3626,70.09
20260917,537709,9816,100.0
20260917,537750,2059,99.95
20260917,537766,36699,55.71
20260917,537785,2131,99.77
20260917,537800,2441353,50.51
20260917,537820,51608,100.0
20260917,537839,3118,85.64
20260917,537985,114,100.0
20260917,538057,11204,67.3
20260917,538081,6345,98.31
20260917,538092,10,100.0
20260917,538119,16571,100.0
20260917,538212,33490,100.0
20260917,538268,2162,73.91
20260917,538351,36922,100.0
20260917,538365,1209,99.51
20260917,538395,109,100.0
20260917,538401,2517,54.78
20260917,538422,155259,62.77
20260917,538446,5032,100.0
20260917,538451,4638602,89.22
20260917,538464,178,99.44
20260917,538476,16027,100.0
20260917,538496,3000,100.0
20260917,538520,2861,86.07
20260917,538521,411,34.25
20260917,538539,125487,74.45
20260917,538540,36433,100.0
20260917,538542,211,100.0
20260917,538546,8084,55.96
20260917,538556,638,79.75
20260917,538562,18471,40.06
20260917,538563,154,81.91
20260917,538564,766,78.32
20260917,538565,12374,64.06
20260917,538567,1599,75.04
20260917,538568,10,100.0
20260917,538569,3822,95.26
20260917,538576,9600,100.0
20260917,538596,55,100.0
20260917,538597,1653,82.12
20260917,538598,44315,85.41
20260917,538607,740463,95.85
20260917,538609,872,69.32
20260917,538610,830391,100.0
20260917,538611,2,100.0
20260917,538634,2026,100.0
20260917,538635,5693,85.0
20260917,538646,5110,89.51
20260917,538647,472,90.77
20260917,538666,1542,65.95
20260917,538668,29229,51.68
20260917,538674,2604,100.0
20260917,538683,2639,55.0
20260917,538706,117679,64.8
20260917,538707,6,100.0
20260917,538708,1591,95.21
20260917,538713,1521,66.13
20260917,538714,934,91.12
20260917,538715,2024,100.0
20260917,538716,24,72.73
20260917,538730,671,60.07
20260917,538732,2038,80.62
20260917,538734,4435,38.51
20260917,538742,1393,81.13
20260917,538743,2660,100.0
20260917,538770,794,100.0
20260917,538772,13965,62.89
20260917,538777,101,100.0
20260917,538778,10042,78.45
20260917,538786,866,84.57
20260917,538787,26492,89.83
20260917,538788,176,85.02
20260917,538794,4000,100.0
20260917,538812,50,100.0
20260917,538817,54093,67.93
20260917,538833,1872,100.0
20260917,538834,3445,90.83
20260917,538835,2865,39.52
20260917,538836,3821,68.11
20260917,538837,9565,92.04
20260917,538838,348,100.0
20260917,538857,1224,100.0
20260917,538860,98892,100.0
20260917,538862,1030,97.17
20260917,538868,563254,100.0
20260917,538874,9697,100.0
20260917,538881,26,100.0
20260917,538882,15092,63.61
20260917,538890,26736,82.31
20260917,538891,23557,55.73
20260917,538894,7,100.0
20260917,538895,386,49.81
20260917,538896,119,89.47
20260917,538897,2741,100.0
20260917,538902,3550,100.0
20260917,538918,2327,100.0
20260917,538920,43310,46.64
20260917,538922,159,100.0
20260917,538923,80500,100.0
20260917,538926,8015,74.7
20260917,538928,6700,97.65
20260917,538935,4,100.0
20260917,538952,14704,99.99
20260917,538961,3975,88.0
20260917,538962,3308,50.18
20260917,538965,3333,77.86
20260917,538970,64216,61.0
20260917,538975,384457,100.0
20260917,538979,1952,82.89
20260917,538987,622,66.67
20260917,538992,1242,100.0
20260917,539006,488,34.13
20260917,539011,2367,87.18
20260917,539012,34,100.0
20260917,539013,122,100.0
20260917,539014,114,100.0
20260917,539016,382,97.45
20260917,539017,74595,86.75
20260917,539018,383,100.0
20260917,539026,12000,75.0
20260917,539031,126,9.78
20260917,539032,5133,98.52
20260917,539040,12643,69.94
20260917,539041,3750,100.0
20260917,539042,9493,66.84
20260917,539044,3460,100.0
20260917,539045,2665,97.37
20260917,539046,26497,68.06
20260917,539056,26225,47.82
20260917,539083,84724,42.5
20260917,539090,252,100.0
20260917,539091,196422,100.0
20260917,539097,90708,100.0
20260917,539110,1,100.0
20260917,539113,1,50.0
20260917,539115,2300,100.0
20260917,539117,9759,22.69
20260917,539118,5023,63.29
20260917,539120,815,100.0
20260917,539121,1514,90.33
20260917,539122,4441,100.0
20260917,539123,2981,100.0
20260917,539126,65177,100.0
20260917,539132,201331,49.63
20260917,539141,1434,70.36
20260917,539143,22671,80.78
20260917,539148,5055,59.21
20260917,539149,6315,70.47
20260917,539150,94013,33.31
20260917,539151,36929,61.13
20260917,539167,6,100.0
20260917,539174,2116,97.42
20260917,539176,681,100.0
20260917,539177,2794,51.64
20260917,539189,3,100.0
20260917,539190,28,90.32
20260917,539195,6033,44.18
20260917,539196,7851,63.45
20260917,539199,4182,56.85
20260917,539200,19555,100.0
20260917,539201,817,65.46
20260917,539206,20,100.0
20260917,539216,294174,98.14
20260917,539217,1845710,58.56
20260917,539219,14080,78.3
20260917,539220,119,100.0
20260917,539221,11817,70.54
20260917,539222,3319377,62.43
20260917,539224,11,100.0
20260917,539225,2,100.0
20260917,539226,1,100.0
20260917,539227,5413,72.9
20260917,539228,82838,100.0
20260917,539251,332,95.4
20260917,539252,901,100.0
20260917,539254,25330,54.11
20260917,539255,2725,86.76
20260917,539265,1200,100.0
20260917,539267,2390,100.0
20260917,539268,6841,64.7
20260917,539276,1,100.0
20260917,539278,10536,99.7
20260917,539287,285,99.65
20260917,539289,1402,78.59
20260917,539290,25339,91.58
20260917,539300,1174,92.22
20260917,539301,1560,80.33
20260917,539302,576,49.96
20260917,539309,466307,100.0
20260917,539310,143243,100.0
20260917,539312,3,100.0
20260917,539313,1095,96.14
20260917,539314,1237,92.52
20260917,539331,10830,100.0
20260917,539332,24107,63.61
20260917,539334,1396,24.24
20260917,539335,169,100.0
20260917,539336,134897,87.2
20260917,539337,2975,60.71
20260917,539346,30645,80.99
20260917,539353,120,73.62
20260917,539359,28357,100.0
20260917,539383,581,100.0
20260917,539391,48,100.0
20260917,539398,225,67.16
20260917,539399,2,50.0
20260917,539400,20,100.0
20260917,539402,22538,100.0
20260917,539404,5299,88.61
20260917,539405,1,100.0
20260917,539406,1,100.0
20260917,539407,8482,99.73
20260917,539408,48594,100.0
20260917,539428,135,100.0
20260917,539435,2798,84.84
20260917,539436,15367,62.85
20260917,539437,174898,40.41
20260917,539448,12260,47.75
20260917,539449,24391,92.75
20260917,539450,21247,41.64
20260917,539455,9506,89.21
20260917,539468,150,100.0
20260917,539469,23962,84.59
20260917,539470,367044,60.69
20260917,539479,75351,73.81
20260917,539480,35,77.78
20260917,539492,6237,98.07
20260917,539494,18176,96.11
20260917,539495,100,100.0
20260917,539506,137531,100.0
20260917,539515,1025,89.52
20260917,539516,661,75.11
20260917,539517,960,58.32
20260917,539518,864,82.84
20260917,539519,2510969,100.0
20260917,539522,5705,100.0
20260917,539523,3860,69.1
20260917,539524,7129,65.89
20260917,539526,213109,92.01
20260917,539527,587,79.86
20260917,539528,27231,76.78
20260917,539533,97625,100.0
20260917,539542,2650,80.25
20260917,539544,200,100.0
20260917,539545,5,100.0
20260917,539546,1519,39.64
20260917,539551,6038,61.57
20260917,539552,23703,86.64
20260917,539559,250663,100.0
20260917,539561,1492250,100.0
20260917,539562,493,100.0
20260917,539593,4021,100.0
20260917,539594,1112695,76.14
20260917,539596,98,100.0
20260917,539598,53328,60.32
20260917,539599,12,100.0
20260917,539607,154273,72.3
20260917,539620,3711,71.88
20260917,539621,51892,100.0
20260917,539636,3846,59.55
20260917,539658,152,67.86
20260917,539659,28151,68.07
20260917,539660,15232,53.74
20260917,539661,17480,41.9
20260917,539662,1261,92.11
20260917,539669,226898,74.9
20260917,539673,895,100.0
20260917,539678,4935,59.6
20260917,539679,568959,100.0
20260917,539682,2449,13.46
20260917,539686,9736,60.51
20260917,539692,32048,53.97
20260917,539697,22822,100.0
20260917,539724,1608,100.0
20260917,539725,4053,54.69
20260917,539730,20425,62.92
20260917,539742,1,100.0
20260917,539760,3446,67.56
20260917,539761,891964,74.44
20260917,539762,24425,62.3
20260917,539767,36127,68.39
20260917,539770,1136,100.0
20260917,539773,166882,60.36
20260917,539784,76,100.0
20260917,539785,19369,68.8
20260917,539787,4468,59.77
20260917,539798,1641,79.93
20260917,539799,7964,57.37
20260917,539800,9883,95.18
20260917,539807,1031749,57.99
20260917,539814,454,81.22
20260917,539834,2178,93.92
20260917,539835,5124,100.0
20260917,539837,3065,40.29
20260917,539841,35062,75.03
20260917,539843,35,76.09
20260917,539854,100,98.04
20260917,539871,3528,43.43
20260917,539872,3848,59.75
20260917,539875,51,100.0
20260917,539876,95167,75.18
20260917,539883,56,68.29
20260917,539884,5612,81.49
20260917,539889,702935,91.3
20260917,539894,62840,91.05
20260917,539895,639427,39.79
20260917,539900,175,100.0
20260917,539911,25,100.0
20260917,539921,16138,63.73
20260917,539922,208,100.0
20260917,539938,7111,88.8
20260917,539939,2740,99.71
20260917,539945,4695,49.9
20260917,539946,1966,100.0
20260917,539947,39,100.0
20260917,539956,597,60.3
20260917,539957,705,44.54
20260917,539963,35047,75.24
20260917,539978,10462,58.85
20260917,539979,325,100.0
20260917,539980,232,61.21
20260917,539986,5276,80.43
20260917,539991,4011,100.0
20260917,539992,110250,40.98
20260917,539997,987,49.45
20260917,540005,25979,75.05
20260917,540006,41413,54.88
20260917,540008,55,98.21
20260917,540023,3778,70.59
20260917,540025,1759,40.67
20260917,540026,614,100.0
20260917,540047,5835,65.53
20260917,540048,843,49.3
20260917,540061,932,77.73
20260917,540065,23614,41.73
20260917,540066,2,100.0
20260917,540073,29788,56.12
20260917,540078,23074,77.81
20260917,540079,174422,79.52
20260917,540080,8840,93.35
20260917,540083,3367,100.0
20260917,540097,17414,47.13
20260917,540115,1569,64.59
20260917,540124,4432,55.51
20260917,540125,15999,100.0
20260917,540132,1230,100.0
20260917,540133,78026,50.83
20260917,540135,882796,55.66
20260917,540136,3358,60.65
20260917,540143,224,100.0
20260917,540145,1016,100.0
20260917,540147,90494,89.16
20260917,540150,750,100.0
20260917,540153,1451,42.76
20260917,540154,2,100.0
20260917,540159,3024,83.19
20260917,540168,3553,79.49
20260917,540173,121928,71.86
20260917,540174,1438,93.13
20260917,540175,23262,100.0
20260917,540180,42182,43.78
20260917,540181,1359,100.0
20260917,540190,1146356,80.14
20260917,540192,1863,94.38
20260917,540198,4890,81.51
20260917,540199,48,100.0
20260917,540203,3656,64.65
20260917,540204,2712,69.57
20260917,540205,2142,59.24
20260917,540210,300,100.0
20260917,540212,1158,76.59
20260917,540222,25814,50.09
20260917,540243,48946,100.0
20260917,540252,36904,65.69
20260917,540254,338593,100.0
20260917,540259,734491,58.32
20260917,540266,12182,83.64
20260917,540267,55,91.67
20260917,540268,20052,98.91
20260917,540269,30000,100.0
20260917,540293,7836,56.13
20260917,540310,13596,94.55
20260917,540311,319,56.46
20260917,540332,1000,100.0
20260917,540358,12857,54.87
20260917,540360,321940,100.0
20260917,540361,71719,100.0
20260917,540366,367,100.0
20260917,540376,6147,59.77
20260917,540377,1144419,66.36
20260917,540386,3481,100.0
20260917,540393,130,100.0
20260917,540395,2023,86.97
20260917,540396,1608,19.09
20260917,540401,210828,95.39
20260917,540403,2623,74.43
20260917,540404,2253,76.17
20260917,540405,415,88.11
20260917,540425,985,97.14
20260917,540455,627,57.16
20260917,540481,422,99.76
20260917,540492,150600,65.44
20260917,540497,439,88.87
20260917,540519,23703,67.81
20260917,540526,18868,83.43
20260917,540530,62063,47.85
20260917,540544,1336,75.82
20260917,540545,22827,74.04
20260917,540565,26074,80.54
20260917,540570,28407,67.82
20260917,540575,3429,73.71
20260917,540590,1469,99.8
20260917,540595,50400,43.83
20260917,540596,6076,88.29
20260917,540597,3666,54.56
20260917,540602,3684,97.59
20260917,540611,7440,37.09
20260917,540612,8277,67.52
20260917,540615,88473,100.0
20260917,540642,277117,73.18
20260917,540647,5,100.0
20260917,540648,11,100.0
20260917,540649,947,46.93
20260917,540650,640,79.5
20260917,540652,750,100.0
20260917,540654,25148,87.32
20260917,540669,3766,90.73
20260917,540673,22738,56.28
20260917,540678,42878,54.98
20260917,540680,3269,52.83
20260917,540686,5694,68.83
20260917,540691,38749,43.92
20260917,540692,2246,46.52
20260917,540693,509113,56.06
20260917,540694,19570,100.0
20260917,540696,6375,100.0
20260917,540699,11137,46.16
20260917,540700,6370,84.39
20260917,540701,4576,58.03
20260917,540703,47229,99.24
20260917,540704,1666,81.79
20260917,540709,72517,100.0
20260917,540710,3264,57.99
20260917,540716,17244,49.65
20260917,540717,29647,73.32
20260917,540718,78875,78.68
20260917,540719,179962,87.52
20260917,540724,258,87.16
20260917,540725,465881,39.29
20260917,540726,21109,69.63
20260917,540727,3149,84.67
20260917,540728,7,100.0
20260917,540730,296281,86.01
20260917,540735,695,83.43
20260917,540737,955,70.53
20260917,540738,10249,89.18
20260917,540743,1640,43.77
20260917,540749,436,55.12
20260917,540750,64828,52.46
20260917,540755,13084,42.99
20260917,540757,540,100.0
20260917,540762,2730,40.64
20260917,540767,477185,96.5
20260917,540768,1456,77.94
20260917,540769,328269,23.91
20260917,540774,684,94.87
20260917,540775,626,100.0
20260917,540776,3067,81.98
20260917,540777,337923,55.34
20260917,540786,59331,100.0
20260917,540787,12193,60.96
20260917,540788,245,98.79
20260917,540789,15776,70.24
20260917,540795,12929,53.07
20260917,540797,3339,57.28
20260917,540809,63990,90.16
20260917,540811,220000,100.0
20260917,540821,27192,83.48
20260917,540824,3617,100.0
20260917,540829,13732,100.0
20260917,540874,9253,75.15
20260917,540879,112151,35.08
20260917,540900,7435,48.07
20260917,540901,19355,70.75
20260917,540902,1034,45.49
20260917,540904,1022,100.0
20260917,540914,56694,96.74
20260917,540923,11570,76.98
20260917,540935,983,61.02
20260917,540936,8272,96.15
20260917,540937,12198,56.09
20260917,540952,112212,94.77
20260917,540953,12153,69.78
20260917,540954,3521,99.97
20260917,540955,2372,100.0
20260917,540956,302148,84.01
20260917,540975,5478,41.92
20260917,540980,5,100.0
20260917,541019,2714,59.21
20260917,541083,2250,75.0
20260917,541096,9,69.23
20260917,541097,5095,90.22
20260917,541112,6000,100.0
20260917,541143,19617,40.54
20260917,541144,2278,76.14
20260917,541152,6589,83.36
20260917,541153,62354,43.83
20260917,541154,15492,47.21
20260917,541161,440637,100.0
20260917,541163,2691,50.92
20260917,541167,431,49.2
20260917,541195,24234,47.35
20260917,541206,326,95.04
20260917,541228,9192,100.0
20260917,541233,57829,61.73
20260917,541269,173,90.1
20260917,541276,14670,49.66
20260917,541301,4764,71.36
20260917,541302,743,71.17
20260917,541303,11737,100.0
20260917,541304,214,95.54
20260917,541313,362,70.02
20260917,541336,765,76.73
20260917,541337,30000,100.0
20260917,541338,38455,92.58
20260917,541347,7789,100.0
20260917,541352,8,80.0
20260917,541353,37600,36.43
20260917,541358,4549,100.0
20260917,541400,11960,69.45
20260917,541402,2076,74.95
20260917,541403,1140,37.51
20260917,541418,4006,100.0
20260917,541444,395,100.0
20260917,541445,3200,100.0
20260917,541450,14524,41.8
20260917,541540,9060,42.58
20260917,541546,21792,95.61
20260917,541556,15489,55.41
20260917,541557,607,80.4
20260917,541578,4671,48.22
20260917,541601,2252683,48.82
20260917,541627,24441,100.0
20260917,541634,1630,100.0
20260917,541701,0,0.0
20260917,541702,596443,100.0
20260917,541703,1600,100.0
20260917,541729,59217,86.98
20260917,541735,47779,65.18
20260917,541741,14940,100.0
20260917,541770,1481,35.72
20260917,541771,41865,100.0
20260917,541778,19421,75.68
20260917,541809,19303,81.78
20260917,541865,7265,76.26
20260917,541890,57236,100.0
20260917,541929,48,90.57
20260917,541946,80361,100.0
20260917,541956,163837,52.79
20260917,541967,12229,53.72
20260917,541972,270,58.44
20260917,541974,3217,43.03
20260917,541988,43583,96.87
20260917,542011,18490,50.19
20260917,542012,432929,99.98
20260917,542013,995,63.38
20260917,542019,4976,63.43
20260917,542020,34673,100.0
20260917,542025,528000,68.75
20260917,542034,78015,52.7
20260917,542046,31853,54.81
20260917,542057,1018,81.57
20260917,542066,11321,50.33
20260917,542123,54,72.97
20260917,542131,1617,76.67
20260917,542141,11208,54.92
20260917,542155,2000,100.0
20260917,542176,179,51.14
20260917,542206,6769,100.0
20260917,542216,680,63.85
20260917,542230,81,94.19
20260917,542231,196890,65.3
20260917,542232,1088,98.91
20260917,542233,1926,98.57
20260917,542248,12915,100.0
20260917,542285,58385,82.71
20260917,542323,17857,56.28
20260917,542332,701,100.0
20260917,542333,683,87.12
20260917,542337,360,99.72
20260917,542351,1,100.0
20260917,542367,838,90.2
20260917,542383,228,69.3
20260917,542399,772,54.37
20260917,542437,13482,100.0
20260917,542446,87178,93.33
20260917,542459,3216,85.94
20260917,542460,1800,73.59
20260917,542484,5164,64.4
20260917,542513,127,76.05
20260917,542524,6251,100.0
20260917,542543,150000,75.0
20260917,542579,641731,55.32
20260917,542580,1095,100.0
20260917,542597,6170,48.74
20260917,542602,6492,73.75
20260917,542627,1381,100.0
20260917,542628,1988,77.84
20260917,542649,135542,60.91
20260917,542650,2056,25.51
20260917,542651,32581,33.87
20260917,542652,7574,58.07
20260917,542654,1558,92.19
20260917,542655,197321,64.77
20260917,542665,8977,42.46
20260917,542666,45640,89.78
20260917,542668,7000,100.0
20260917,542669,78566,71.44
20260917,542670,3418,84.27
20260917,542677,316,100.0
20260917,542678,137,100.0
20260917,542679,1,100.0
20260917,542682,274,95.47
20260917,542684,262,100.0
20260917,542685,1525,100.0
20260917,542694,10,100.0
20260917,542721,18351,100.0
20260917,542725,396187,78.88
20260917,542726,4254,67.51
20260917,542727,2500,100.0
20260917,542729,50,100.0
20260917,542730,2197,71.66
20260917,542747,2239,75.87
20260917,542752,1776,59.62
20260917,542758,17635,84.85
20260917,542759,5158,74.37
20260917,542760,39587,50.04
20260917,542770,4810,70.58
20260917,542772,2772,31.8
20260917,542773,4341,88.68
20260917,542774,11757,50.08
20260917,542802,362497,73.23
20260917,542803,2010,56.41
20260917,542812,2394,50.23
20260917,542830,46210,57.83
20260917,542850,4000,100.0
20260917,542851,8320,100.0
20260917,542852,9704,97.96
20260917,542857,153990,90.57
20260917,542862,3578,98.13
20260917,542863,13,56.52
20260917,542865,1541,96.8
20260917,542867,44409,43.83
20260917,542904,1017839,90.59
20260917,542905,5009,74.28
20260917,542906,39,100.0
20260917,542907,3404,51.22
20260917,542909,6,54.55
20260917,542918,8937,100.0
20260917,542919,6087,44.69
20260917,542920,1364,39.21
20260917,542921,20691,87.14
20260917,542922,797,88.36
20260917,542933,45,100.0
20260917,542934,4000,100.0
20260917,543064,26811,50.21
20260917,543066,48269,64.6
20260917,543071,79,98.75
20260917,543079,4,57.14
20260917,543092,1,100.0
20260917,543110,7,100.0
20260917,543144,1697,55.04
20260917,543150,5715,65.27
20260917,543167,1154,99.83
20260917,543171,18257,84.69
20260917,543172,2125,100.0
20260917,543173,106,91.38
20260917,543174,5590,98.12
20260917,543175,2473,100.0
20260917,543176,41,97.62
20260917,543177,2176,96.58
20260917,543178,49,63.64
20260917,543182,75,93.75
20260917,543184,1,50.0
20260917,543186,2535,62.32
20260917,543187,3613,39.98
20260917,543193,4932,59.09
20260917,543207,115011,75.33
20260917,543208,14244,82.14
20260917,543209,18000,100.0
20260917,543210,2001,100.0
20260917,543211,4785,61.29
20260917,543212,55458,93.4
20260917,543213,2420,75.58
20260917,543214,1409,63.16
20260917,543216,19,73.08
20260917,543217,6669,61.92
20260917,543218,22900,58.8
20260917,543219,6734,88.56
20260917,543220,15163,49.65
20260917,543221,7117,82.96
20260917,543223,2763,94.3
20260917,543224,2025,81.03
20260917,543226,25453,99.48
20260917,543227,12910,60.96
20260917,543228,4494,59.65
20260917,543229,30,66.67
20260917,543230,1854,72.25
20260917,543231,147,100.0
20260917,543232,30475,50.47
20260917,543233,1644,100.0
20260917,543234,1,100.0
20260917,543235,29940,36.63
20260917,543236,4617,66.96
20260917,543237,43793,40.55
20260917,543238,2330,57.77
20260917,543240,5978,66.44
20260917,543241,2194,100.0
20260917,543242,16179,68.87
20260917,543243,37423,55.48
20260917,543245,297389,92.3
20260917,543246,23,100.0
20260917,543248,40193,36.58
20260917,543249,3350,51.49
20260917,543250,23,29.11
20260917,543251,257,96.25
20260917,543252,6,100.0
20260917,543253,13840,43.07
20260917,543254,75011,46.19
20260917,543255,359,57.62
20260917,543256,19188,98.97
20260917,543257,526981,56.86
20260917,543258,861,53.95
20260917,543259,125636,93.95
20260917,543260,2087,62.92
20260917,543261,4650,89.77
20260917,543263,17480,56.56
20260917,543264,1919,100.0
20260917,543265,55638,40.81
20260917,543266,865,89.08
20260917,543267,526494,54.35
20260917,543268,4415,73.6
20260917,543270,5387,100.0
20260917,543271,5679,58.93
20260917,543272,467005,43.65
20260917,543273,1372,44.02
20260917,543275,2273,64.65
20260917,543276,6543,86.52
20260917,543277,46675,50.0
20260917,543278,103516,37.02
20260917,543279,6645,70.73
20260917,543280,10330,46.77
20260917,543281,60610,89.61
20260917,543283,2100,100.0
20260917,543284,749,67.3
20260917,544448,11846,71.5
20260917,544449,31155,44.11
20260917,544450,1270,100.0
20260917,544452,10000,100.0
20260917,544453,17400,85.29
20260917,544454,29272,97.73
20260917,544455,19078,65.52
20260917,544456,2549,100.0
20260917,544457,17580,85.51
20260917,544458,80000,51.78
20260917,544459,29902,57.11
20260917,544460,102400,100.0
20260917,544463,16800,100.0
20260917,544464,6000,100.0
20260917,544465,5573,58.75
20260917,544466,36650,88.87
20260917,544467,266577,48.46
20260917,544468,58800,100.0
20260917,544469,28043,100.0
20260917,544470,15835,62.95
20260917,544471,4000,100.0
20260917,544473,48836,88.54
20260917,544474,6400,100.0
20260917,544475,10000,55.56
20260917,544476,9829,56.67
20260917,544477,17665,77.17
20260917,544478,647,100.0
20260917,544479,389,36.05
20260917,544480,41243,54.58
20260917,544481,14516,79.68
20260917,544482,23000,82.14
20260917,544483,3600,75.0
20260917,544484,20668,49.16
20260917,544485,2316,45.46
20260917,544486,33110,67.72
20260917,544487,1272,78.04
20260917,544488,45103,49.64
20260917,544489,4800,100.0
20260917,544490,6329,16.84
20260917,544491,8264,84.67
20260917,544492,1865,64.89
20260917,544495,12000,100.0
20260917,544496,13190,53.83
20260917,544497,1135428,58.52
20260917,544498,12800,72.73
20260917,544499,333,98.23
20260917,544501,53000,68.83
20260917,544502,4241,100.0
20260917,544503,19000,100.0
20260917,544504,5200,100.0
20260917,544507,75959,79.49
20260917,544508,6000,100.0
20260917,544510,1600,100.0
20260917,544511,56800,68.93
20260917,544512,1944,65.21
20260917,544513,1462,91.66
20260917,544515,155238,50.41
20260917,544516,56500,47.88
20260917,544517,1736,69.8
20260917,544518,18400,100.0
20260917,544519,9148,81.45
20260917,544520,2400,100.0
20260917,544521,4662,72.62
20260917,544522,1269,95.92
20260917,544523,1467,63.34
20260917,544524,28000,72.92
20260917,544525,7589,51.05
20260917,544526,5347,59.68
20260917,544527,2927,58.17
20260917,544528,1570,63.46
20260917,544529,18400,100.0
20260917,544530,7699,62.95
20260917,544531,57600,90.57
20260917,544532,5733,47.52
20260917,544533,3160,61.63
20260917,544534,3735,34.9
20260917,544535,3200,100.0
20260917,544536,76,100.0
20260917,544537,14314,48.77
20260917,544538,74000,100.0
20260917,544540,13454,63.49
20260917,544541,30000,81.97
20260917,544543,17172,93.13
20260917,544544,15600,100.0
20260917,544545,6213,47.08
20260917,544546,18000,75.0
20260917,544547,10,100.0
20260917,544548,6400,66.67
20260917,544550,13103,49.6
20260917,544551,3000,75.0
20260917,544554,76000,100.0
20260917,544555,15600,100.0
20260917,544557,996,96.79
20260917,544558,3591,74.47
20260917,544559,9600,100.0
20260917,544560,4000,100.0
20260917,544561,6000,100.0
20260917,544562,35660,90.93
20260917,544563,17000,100.0
20260917,544564,78,100.0
20260917,544565,2000,100.0
20260917,544566,1500,100.0
20260917,544567,1200,60.0
20260917,544568,28800,92.31
20260917,544569,83437,48.05
20260917,544570,601,36.69
20260917,544572,788,65.02
20260917,544573,2,66.67
20260917,544574,30611,54.25
20260917,544575,7000,100.0
20260917,544576,7468,35.92
20260917,544577,1735,100.0
20260917,544578,3585,35.81
20260917,544579,87,97.75
20260917,544580,5125,57.25
20260917,544581,1455,95.79
20260917,544582,9600,80.0
20260917,544583,209710,85.91
20260917,544584,15000,100.0
20260917,544586,73619,77.17
20260917,544587,3164,74.41
20260917,544594,2400,66.67
20260917,544595,461,60.1
20260917,544596,1200,100.0
20260917,544597,48738,62.16
20260917,544598,13864,100.0
20260917,544599,1929,70.45
20260917,544600,95794,56.81
20260917,544601,1,100.0
20260917,544602,75853,37.45
20260917,544603,823135,51.01
20260917,544604,8824,61.05
20260917,544605,17816,82.87
20260917,544606,816835,28.35
20260917,544607,51600,91.49
20260917,544608,75719,56.28
20260917,544609,108082,47.23
20260917,544610,13800,48.94
20260917,544611,4800,66.67
20260917,544612,434730,95.22
20260917,544613,6493,45.74
20260917,544614,240417,96.77
20260917,544615,2998,61.21
20260917,544617,20689,71.91
20260917,544619,9285,50.31
20260917,544620,41,85.42
20260917,544621,18000,81.82
20260917,544622,591930,55.98
20260917,544624,24000,100.0
20260917,544626,15500,100.0
20260917,544627,2000,100.0
20260917,544628,28000,58.33
20260917,544629,10000,90.91
20260917,544631,220,70.97
20260917,544632,243574,52.75
20260917,544633,18145,58.82
20260917,544634,117196,38.95
20260917,544635,6400,66.67
20260917,544637,19800,68.75
20260917,544638,127,61.65
20260917,544639,249,93.61
20260917,544641,3000,83.33
20260917,544642,13252,45.25
20260917,544643,2000,100.0
20260917,544644,3779,76.67
20260917,544645,8292,84.36
20260917,544647,1398,54.12
20260917,544654,277,72.32
20260917,544655,4282,86.82
20260917,544656,2000,62.5
20260917,544657,3600,100.0
20260917,544658,82010,87.88
20260917,544660,22194,100.0
20260917,544661,2335,100.0
20260917,544662,1,33.33
20260917,544664,23815,53.46
20260917,544665,19200,100.0
20260917,544666,7794,59.88
20260917,544667,22800,95.0
20260917,544668,16200,87.1
20260917,544669,3600,100.0
20260917,544670,19800,100.0
20260917,544671,6000,66.67
20260917,544672,57,89.06
20260917,544673,32000,76.92
20260917,544674,957,65.68
20260917,544675,68800,100.0
20260917,544676,4800,100.0
20260917,544677,1600,100.0
20260917,544678,200633,52.04
20260917,544679,3517,38.63
20260917,544681,12000,63.16
20260917,544682,13200,73.33
20260917,544683,6000,66.67
20260917,544684,16800,100.0
20260917,544685,74638,48.56
20260917,544686,11000,100.0
20260917,544687,50000,83.33
20260917,544688,2000,100.0
20260917,544694,63000,100.0
20260917,544695,69000,100.0
20260917,544699,41851,67.82
20260917,544700,9279,46.89
20260917,544701,23489,97.87
20260917,544702,6375,76.97
20260917,544703,2985,100.0
20260917,544704,6291,94.22
20260917,544705,5600,20.77
20260917,544707,4200,87.5
20260917,544708,13200,84.62
20260917,544709,9083,50.32
20260917,544710,33000,68.75
20260917,544711,27000,87.1
20260917,544716,5587,70.58
20260917,544717,2814,44.89
20260917,544718,4402,52.79
20260917,544719,102,99.03
20260917,544720,23086,53.46
20260917,544721,13857,91.61
20260917,544722,1294,98.4
20260917,544723,10229,39.87
20260917,544724,6000,100.0
20260917,544725,182,87.08
20260917,544726,9859,100.0
20260917,544731,15424,47.74
20260917,544732,409,81.8
20260917,544733,4129,36.82
20260917,544734,312,100.0
20260917,544735,13000,86.67
20260917,544736,240,70.38
20260917,544737,249,99.2
20260917,544738,5000,83.33
20260917,544739,25579,28.96
20260917,544740,73600,100.0
20260917,544741,9600,100.0
20260917,544742,794,71.73
20260917,544743,5878,64.77
20260917,544744,9279,59.17
20260917,544745,3254,100.0
20260917,544746,20800,68.42
20260917,544748,40120,61.6
20260917,544750,12035,88.03
20260917,544751,12000,100.0
20260917,544752,2,100.0
20260917,544753,59,92.19
20260917,544754,53823,38.41
20260917,544755,11200,100.0
20260917,544756,11011,90.42
20260917,544757,497,71.31
20260917,544758,9245,70.79
20260917,544760,76,100.0
20260917,544762,49,65.33
20260917,544763,437,96.68
20260917,544764,18034,51.05
20260917,544765,28800,100.0
20260917,544766,515,100.0
20260917,544767,21000,100.0
20260917,544768,2000,100.0
20260917,544769,2400,100.0
20260917,544770,14400,75.0
20260917,544771,14000,87.5
20260917,544772,90000,44.12
20260917,544773,52000,54.74
20260917,544774,17000,77.27
20260917,544777,10979,3.09
20260917,544779,4000,45.45
20260917,544780,93548,42.34
20260917,544781,263293,53.13
20260917,544782,774771,47.68
20260917,544783,41565,100.0
20260917,544784,1058957,48.04
20260917,544785,53645,100.0
20260917,544786,4933,80.91
20260917,544793,101000,100.0
20260917,544794,12000,83.33
20260917,544795,541,66.87
20260917,544796,2400,66.67
20260917,544797,30000,62.5
20260917,544799,50857,49.74
20260917,544800,9600,85.71
20260917,544802,56350,60.65
20260917,544803,8211,44.47
20260917,544804,7200,100.0
20260917,544806,44283,38.17
20260917,544807,3000,100.0
20260917,544808,19744,63.56
20260917,544809,8000,57.14
20260917,544810,9600,100.0
20260917,544811,11000,84.62
20260917,544812,44000,59.46
20260917,544814,12679,44.72
20260917,544821,2253,39.54
20260917,544822,17961,43.1
20260917,544823,31200,100.0
20260917,544825,10002,52.61
20260917,544826,101200,51.74
20260917,544827,1401,96.82
20260917,544829,669510,94.76
20260917,544830,42823,74.91
20260917,544831,2560,50.13
20260917,544832,42600,87.65
20260917,544833,27268,73.2
20260917,544834,1200,100.0
20260917,544835,4000,100.0
20260917,544837,33794,36.95
20260917,544838,97340,44.52
20260917,544839,11596,55.35
20260917,544840,3000,100.0
20260917,544841,405,97.59
20260917,544842,120,57.97
20260917,544843,40800,100.0
20260917,544844,33200,81.37
20260917,544845,101793,58.12
20260917,544846,50,100.0
20260917,544847,15833,50.93
20260917,544848,190400,95.2
20260917,544849,300,100.0
20260917,544850,58,100.0
20260917,544851,37757,35.3
20260917,544852,7200,66.67
20260917,544853,23691,45.18
20260917,544854,19200,84.21
20260917,544855,10776,90.75
20260917,544856,3200,80.0
20260917,544857,1,100.0
20260917,544858,25200,77.78
20260917,544859,23000,95.83
20260917,544860,204077,45.12
20260917,544861,1386,100.0
20260917,544862,2685,70.05
20260917,544863,8400,63.64
20260917,544864,31836,48.54
20260917,544865,78274,33.9
20260917,544866,153652,34.41
20260917,544867,112162,49.35
20260917,544868,269439,52.2
20260917,544869,2000,100.0
20260917,544870,10005,35.75
20260917,544871,234112,58.18
20260917,544872,2400,100.0
20260917,544873,4766,74.26
20260917,544876,8400,100.0
20260917,544877,57000,100.0
20260917,544878,10,100.0
20260917,544879,390771,75.97
20260917,544880,124344,55.95
20260917,544881,84708,52.39
20260917,544882,129352,47.82
20260917,544883,3000,100.0
20260917,544884,25200,91.3
20260917,544885,38060,59.37
20260917,544886,68332,32.29
20260917,544887,2701,99.96
20260917,544888,19107,42.86
20260917,544889,7040,27.99
20260917,544890,201775,60.65
20260917,544891,183770,43.47
20260917,544892,7234,96.97
20260917,544893,319114,43.21
20260917,544894,599848,49.06
20260917,544895,209600,100.0
20260917,544897,54000,100.0
20260917,544898,15542,100.0
20260917,544899,21754,100.0
20260917,544900,82000,100.0
20260917,544901,16624,72.87
20260917,544902,12000,100.0
20260917,544903,66778,44.36
20260917,544904,1200,100.0
20260917,544906,1334,100.0
20260917,544908,8681,99.99
20260917,544909,307832,31.72
20260917,544910,60000,100.0
20260917,544911,686659,34.41
20260917,544912,124740,46.76
20260917,544913,1606675,45.6
20260917,544914,4228165,50.26
20260917,544915,2617998,55.1
20260917,544916,387669,50.88
20260917,544917,1476559,75.8
20260917,544918,1639502,59.25
20260917,544919,2320800,100.0
20260917,544920,1249600,100.0
20260917,544921,1283674,61.79
20260917,555555,2382,92.36
20260917,570002,2801,100.0
20260917,570004,3203,81.13
20260917,570005,125425,100.0
20260917,590003,24701,60.11
20260917,590005,813,49.45
20260917,590006,992,78.17
20260917,590013,702,72.75
20260917,590018,25,100.0
20260917,590021,756,79.83
20260917,590022,163,100.0
20260917,590024,5563,50.63
20260917,590030,9488,59.68
20260917,590031,33,97.06
20260917,590041,36493,49.44
20260917,590051,6777,58.27
20260917,590056,96,72.18
20260917,590057,1720,100.0
20260917,590062,10823,74.67
20260917,590065,149,98.03
20260917,590066,656,67.91
20260917,590068,53,100.0
20260917,590070,2124,98.2
20260917,590071,274,65.24
20260917,590073,4613,44.97
20260917,590075,510,95.33
20260917,590078,4014,45.15
20260917,590086,172,66.15
20260917,590095,417497,52.62
20260917,590096,47879,64.4
20260917,590097,17101,61.81
20260917,590098,71914,69.58
20260917,590099,2148,45.97
20260917,590101,12510,81.18
20260917,590103,194870,75.48
20260917,590104,8412,49.95
20260917,590106,7526,43.0
20260917,590107,1448,64.18
20260917,590108,23639,56.87
20260917,590109,433,91.74
20260917,590110,543,65.74
20260917,590113,2100,70.38
20260917,590115,146,100.0
20260917,590134,1460,40.71
20260917,590136,11829,96.2
20260917,590137,5266,98.69
20260917,590138,19584,71.76
20260917,590139,362,49.05
20260917,590140,1406916,47.83
20260917,590141,286578,63.26
20260917,590142,177440,67.64
20260917,590143,39722,83.17
20260917,590144,18241,72.27
20260917,590145,334843,59.05
20260917,590146,818,53.64
20260917,590147,468945,99.84
20260917,590148,71027,62.67
20260917,590149,8207,73.86
20260917,590150,36902,91.08
20260917,590151,39105,73.26
20260917,590152,72114,69.57
20260917,590153,4117,73.27
20260917,590154,43612,91.59
20260917,590155,4516,68.04
20260917,590156,41200,85.38
20260917,590157,14440,75.05
20260917,590158,28889,90.66
20260917,590159,31829,86.49
20260917,590160,223,67.58
20260917,590161,649279,65.04
20260917,751132,6000,100.0
20260917,751141,19351,100.0
20260917,751142,35978,100.0
20260917,800173,1,100.0
20260917,800295,2,33.33
20260917,800314,1,100.0
20260917,800315,2,100.0
20260917,800318,52,50.49
20260917,800320,28,100.0
20260917,800322,6,100.0
20260917,800324,10,100.0
20260917,800325,147,91.88
20260917,800327,46,100.0
20260917,800329,2,100.0
20260917,800332,10,100.0
20260917,800333,5,100.0
20260917,800334,1222,100.0
20260917,800339,28,93.33
20260917,800340,6,100.0
20260917,800341,7,100.0
20260917,800342,12,75.0
20260917,800367,20,64.52
20260917,800385,39,92.86
20260917,800386,9,100.0
20260917,800437,28,90.32
20260917,800438,27,87.1
20260917,800439,8,100.0
20260917,800441,40821,98.85
20260917,800443,11,100.0
20260917,800452,41,100.0
20260917,800488,17,100.0
20260917,800489,3373,99.94
20260917,800573,30,83.33
20260917,800574,106,100.0
20260917,800575,1,100.0
20260917,800580,7,70.0
20260917,800588,2000,100.0
20260917,800596,425,98.15
20260917,800598,7804,100.0
20260917,800603,229,83.27
20260917,800605,284,87.65
20260917,800607,10797,72.56
20260917,800618,11604,100.0
20260917,800807,6586,100.0
20260917,800808,11072,99.1
20260917,800809,1379,93.24
20260917,800815,5689,79.13
20260917,800816,10105,99.8
20260917,805132,100,50.0
20260917,805135,800,100.0
20260917,805238,200,100.0
20260917,805247,600,100.0
20260917,805248,100,100.0
20260917,805259,900,100.0
20260917,811126,110,100.0
20260917,890217,420,93.96
20260917,890226,1574,96.92
20260917,890228,625,96.15
20260917,890234,8248,100.0
20260917,890238,4491,100.0
20260917,935514,146,100.0
20260917,935544,21,100.0
20260917,935584,1780,100.0
20260917,935642,759,100.0
20260917,935666,1939,92.86
20260917,935670,35000,100.0
20260917,935674,688,96.49
20260917,936048,112,91.8
20260917,936130,60,100.0
20260917,936224,527,100.0
20260917,936226,15,100.0
20260917,936254,1,100.0
20260917,936384,1210,100.0
20260917,936412,978,100.0
20260917,936528,73,100.0
20260917,936532,3,100.0
20260917,936574,155,100.0
20260917,936656,3,100.0
20260917,936722,50,100.0
20260917,936724,100,50.0
20260917,936744,110,100.0
20260917,937017,520,99.43
20260917,937037,4,100.0
20260917,937057,148,100.0
20260917,937091,1500,100.0
20260917,937373,200,100.0
20260917,937419,6,100.0
20260917,937453,20,100.0
20260917,937541,10,100.0
20260917,937551,3,100.0
20260917,937581,1000,99.8
20260917,937619,1777,100.0
20260917,937621,30,100.0
20260917,937623,10,100.0
20260917,937637,105,100.0
20260917,937709,20,100.0
20260917,937721,10,100.0
20260917,937773,40,100.0
20260917,937803,15,100.0
20260917,937805,29,100.0
20260917,937829,125,100.0
20260917,937831,200,100.0
20260917,937835,2,50.0
20260917,937899,110,100.0
20260917,937999,25,100.0
20260917,938005,50,100.0
20260917,938007,5,100.0
20260917,938071,149,100.0
20260917,938077,52,100.0
20260917,938091,10,76.92
20260917,938105,21,100.0
20260917,938111,100,100.0
20260917,938212,25,100.0
20260917,938218,247,100.0
20260917,938364,135,100.0
20260917,938368,135,100.0
20260917,938370,5,100.0
20260917,938382,63,75.9
20260917,938466,162,100.0
20260917,938484,500,100.0
20260917,938486,1,100.0
20260917,938524,1325,100.0
20260917,938526,282,99.65
20260917,938530,1,100.0
20260917,938570,200,100.0
20260917,938588,50,100.0
20260917,938632,800,100.0
20260917,938634,418,100.0
20260917,938658,100,100.0
20260917,938664,150,100.0
20260917,938742,50,100.0
20260917,938784,10,100.0
20260917,938850,136,53.54
20260917,938862,10,100.0
20260917,938868,10,100.0
20260917,938874,143,100.0
20260917,938882,3,100.0
20260917,938898,10,100.0
20260917,938904,55,100.0
20260917,939052,5,100.0
20260917,939212,6,100.0
20260917,939250,5,100.0
20260917,939335,490,96.08
20260917,939355,343,100.0
20260917,939407,100,50.0
20260917,939473,6,100.0
20260917,939481,250,83.33
20260917,939555,50,100.0
20260917,939575,41,100.0
20260917,939583,150,100.0
20260917,939627,135,100.0
20260917,939649,1,100.0
20260917,939657,94,100.0
20260917,939661,50,100.0
20260917,939711,104,100.0
20260917,939725,42,100.0
20260917,939727,54,100.0
20260917,939731,101,100.0
20260917,939743,1,100.0
20260917,939813,113,53.3
20260917,939841,55,100.0
20260917,939859,210,42.86
20260917,939861,12,100.0
20260917,940037,10,100.0
20260917,940057,150,100.0
20260917,940077,50,100.0
20260917,940101,302,100.0
20260917,940103,233,100.0
20260917,940107,102,100.0
20260917,940161,30,100.0
20260917,940173,50,100.0
20260917,940181,1,100.0
20260917,940227,387,100.0
20260917,940251,300,100.0
20260917,940269,1,100.0
20260917,940311,18,100.0
20260917,940315,300,100.0
20260917,940325,273,100.0
20260917,940329,170,100.0
20260917,940339,20,100.0
20260917,940347,301,100.0
20260917,940357,30,100.0
20260917,940385,130,100.0
20260917,940393,150,100.0
20260917,940415,6,100.0
20260917,940427,62,100.0
20260917,940501,394,100.0
20260917,940517,395,100.0
20260917,940519,50,100.0
20260917,940611,1,100.0
20260917,940649,66,100.0
20260917,940655,490,100.0
20260917,940661,32,50.0
20260917,940675,10,100.0
20260917,940685,10,100.0
20260917,940699,15,100.0
20260917,940703,1,100.0
20260917,940705,300,50.0
20260917,940709,10,90.91
20260917,940713,234,100.0
20260917,940715,26,100.0
20260917,940723,40,100.0
20260917,940745,10,100.0
20260917,940767,30,90.91
20260917,940787,60,100.0
20260917,940789,94,100.0
20260917,940817,5,100.0
20260917,940835,23,100.0
20260917,940837,65,100.0
20260917,940841,9,100.0
20260917,940843,5,100.0
20260917,940855,16,94.12
20260917,940857,30,100.0
20260917,940859,21,100.0
20260917,940866,20,100.0
20260917,940870,10,100.0
20260917,940874,100,100.0
20260917,940886,26,100.0
20260917,940904,7,100.0
20260917,940945,26,100.0
20260917,940949,20,100.0
20260917,940955,339,100.0
20260917,940963,10,100.0
20260917,940969,30,100.0
20260917,940975,83,100.0
20260917,940983,60,100.0
20260917,940987,185,61.26
20260917,940989,10,100.0
20260917,940991,200,100.0
20260917,940993,30,100.0
20260917,940999,35,100.0
20260917,941013,80,100.0
20260917,941019,46,100.0
20260917,941023,30,100.0
20260917,941033,1,100.0
20260917,941037,71,100.0
20260917,941043,10,100.0
20260917,941047,25,100.0
20260917,941051,175,100.0
20260917,941055,100,100.0
20260917,941057,50,100.0
20260917,941061,1,100.0
20260917,941079,10,100.0
20260917,941085,21,100.0
20260917,941093,100,92.59
20260917,941115,36,100.0
20260917,941117,215,100.0
20260917,941119,110,100.0
20260917,941125,492,100.0
20260917,941127,110,100.0
20260917,941129,36,100.0
20260917,941133,12,100.0
20260917,941135,127,100.0
20260917,941143,35,100.0
20260917,941149,110,100.0
20260917,941151,21,100.0
20260917,941157,61,100.0
20260917,941159,70,100.0
20260917,941165,45,100.0
20260917,941169,25,100.0
20260917,941171,30,100.0
20260917,941173,714,97.28
20260917,941185,108,97.3
20260917,941189,294,96.71
20260917,941193,491,100.0
20260917,941195,25,96.15
20260917,941201,1,100.0
20260917,941203,66,100.0
20260917,941205,3,100.0
20260917,941223,100,100.0
20260917,941231,400,100.0
20260917,941233,48,100.0
20260917,957810,1,100.0
20260917,961728,110,100.0
20260917,961734,50,100.0
20260917,961792,105,100.0
20260917,961796,400,100.0
20260917,961798,200,100.0
20260917,961803,120,100.0
20260917,961809,256,100.0
20260917,961810,100,99.01
20260917,961816,576,93.51
20260917,961822,640,97.12
20260917,961826,307,100.0
20260917,961830,25,100.0
20260917,961839,1,100.0
20260917,961851,500,100.0
20260917,961875,17,100.0
20260917,961895,50,100.0
20260917,972706,4,100.0
20260917,972715,67,100.0
20260917,972721,1,100.0
20260917,972773,32,88.89
20260917,973491,7354,100.0
20260917,973990,1,100.0
20260917,973993,1,100.0
20260917,974152,1,100.0
20260917,974450,1,100.0
20260917,975010,0,0.0
20260917,975375,11,100.0
20260917,975506,1,100.0
20260917,975572,1,100.0
20260917,975684,5,100.0
20260917,975790,15,100.0
20260917,975848,5,100.0
20260917,975872,82,100.0
20260917,976020,812,100.0
20260917,976086,1,100.0
20260917,976228,20,100.0
20260917,976230,1,100.0
20260917,976233,1,100.0
20260917,976248,1,100.0
20260917,976275,15,100.0
20260917,976290,10,100.0
20260917,976292,10,100.0
20260917,976325,79,90.8
20260917,976364,1,100.0
20260917,976376,1,100.0
20260917,976411,5,100.0
20260917,976437,33,100.0
20260917,976448,2,100.0
20260917,976535,10,100.0
20260917,976675,7,100.0
20260917,976685,23,74.19
20260917,976708,131,100.0
20260917,976712,60,100.0
20260917,976730,1,100.0
20260917,976757,10,100.0
20260917,976767,19,100.0
20260917,976776,11,100.0
20260917,976808,137,96.48
20260917,976859,10,100.0
20260917,976924,20,100.0
20260917,976929,9,100.0
20260917,976933,10,100.0
20260917,977001,1,100.0
20260917,977009,12,80.0
20260917,977017,79,79.8
20260917,977023,3,100.0
20260917,977044,8,100.0
20260917,977089,2,100.0
20260917,977107,5,100.0
20260917,977117,1,100.0
20260917,977128,11,100.0
20260917,977134,1,100.0
20260917,977172,2,100.0
20260917,977173,1,100.0
20260917,977176,1,100.0
20260917,977186,1,100.0
20260917,977200,1,100.0
20260917,977241,7,100.0
20260917,977249,6,100.0
20260917,977250,21,100.0
20260917,977260,1,100.0
20260917,977309,4,100.0
20260917,977315,2,100.0
20260917,977330,31,100.0
20260917,977367,41,91.11
20260917,977382,9,90.0
20260917,977383,5,100.0
20260917,977396,1,50.0
20260917,977410,1,100.0
20260917,977424,84,100.0
20260917,977431,1,100.0
20260917,977440,2,100.0
20260917,977470,10,100.0
20260917,977477,1,100.0
20260917,977488,1,100.0
20260917,977495,6,100.0
20260917,977515,20,100.0
20260917,977534,13,100.0
20260917,977535,5,100.0
20260917,977541,64,98.46
20260917,977558,20,100.0
20260917,977564,21,58.33
20260917,977575,10,100.0
20260917,977576,8,100.0
20260917,977596,9,100.0
20260917,977598,2,100.0
20260917,977622,1,100.0
20260917,977623,1,100.0
20260917,977637,1,100.0
20260917,977640,10,100.0
20260917,977642,6,100.0
20260917,977649,37,97.37
20260917,977657,57,100.0
20260917,977662,5,100.0
20260917,977700,71,100.0
20260917,977710,12,100.0
20260917,977725,1,100.0
20260917,977729,0,0.0
20260917,977730,1,100.0
20260917,977732,66,100.0
20260917,977735,24,100.0
20260917,977740,64,96.97
20260917,977753,26,53.06
20260917,977773,21,100.0
20260917,977788,68,100.0
20260917,977801,62,100.0
20260917,977803,5,100.0
20260917,977806,10,90.91
20260917,977815,5,100.0
20260917,977818,12,100.0
20260917,977839,2,100.0
20260917,977846,11,100.0
20260917,977852,2,100.0
20260917,977859,1,100.0
20260917,977868,118,100.0
20260917,977869,53,100.0
20260917,977874,2,100.0
20260917,977875,10,100.0
20260917,977892,1,100.0
20260917,977922,4,100.0
20260917,977935,193,100.0
20260917,977948,1500,100.0
20260917,977950,3,100.0
20260917,977965,1,100.0
20260917,977979,2,100.0
20260917,977984,19,100.0
20260917,977986,5,100.0
20260917,977987,150,100.0
20260917,977993,7,100.0
20260917,977994,6,100.0
20260917,978007,6,100.0
20260917,978008,2,100.0
20260917,978019,11,100.0
20260917,978024,15,100.0
20260917,978025,40,100.0
20260917,978039,2,100.0
20260917,978051,54,96.43
20260917,978055,32,100.0
20260917,978068,26,83.87
20260917,978075,9,100.0
20260917,978086,41,100.0
20260917,978087,10,100.0
20260917,978094,53,100.0
20260917,978132,1,100.0
