DATE,SYMBOL,DELIV_QTY,DELIV_PER
20260929,500002,1969,43.93
20260929,500003,22551,48.66
20260929,500008,15325,56.77
20260929,500009,312,100.0
20260929,500012,55056,69.89
20260929,500014,16523,75.68
20260929,500016,3130,87.09
20260929,500020,18921,53.01
20260929,500023,343,74.4
20260929,500027,787,57.36
20260929,500028,21420,84.85
20260929,500031,10017,69.37
20260929,500032,291482,45.71
20260929,500033,1796,52.44
20260929,500034,538038,79.53
20260929,500038,17305,29.65
20260929,500039,3564,63.95
20260929,500040,1683,35.82
20260929,500041,7,87.5
20260929,500042,495,63.46
20260929,500043,8368,62.95
20260929,500048,6436,44.53
20260929,500049,398839,53.47
20260929,500051,102376,100.0
20260929,500052,14312,34.27
20260929,500058,26221,89.52
20260929,500060,52051,53.23
20260929,500067,4561,37.0
20260929,500069,82,100.0
20260929,500074,18017,60.8
20260929,500078,1206,68.44
20260929,500083,7068,86.18
20260929,500084,97285,52.63
20260929,500085,21293,60.36
20260929,500086,73262,51.54
20260929,500087,27470,50.76
20260929,500089,286,97.61
20260929,500092,523,50.34
20260929,500093,94244,56.06
20260929,500096,32954,58.53
20260929,500097,5909,53.44
20260929,500101,4107,51.2
20260929,500103,156369,53.72
20260929,500104,62837,29.04
20260929,500106,1368847,42.3
20260929,500108,51427,66.82
20260929,500109,418377,41.4
20260929,500110,39342,31.06
20260929,500112,229627,55.46
20260929,500113,365686,45.02
20260929,500114,9038,42.08
20260929,500116,341385,42.17
20260929,500117,83687,66.81
20260929,500119,12532,46.53
20260929,500120,440,99.32
20260929,500123,130,56.03
20260929,500124,129431,49.61
20260929,500125,8177,40.82
20260929,500126,1770,42.88
20260929,500128,212562,35.91
20260929,500133,40,74.07
20260929,500135,22380,58.35
20260929,500136,1934,89.04
20260929,500142,210,100.0
20260929,500143,8176,100.0
20260929,500144,26446,41.44
20260929,500147,123,41.14
20260929,500148,4294,60.95
20260929,500150,448,60.54
20260929,500151,834,100.0
20260929,500153,34590,100.0
20260929,500159,31,100.0
20260929,500160,52055,83.8
20260929,500163,12713,56.65
20260929,500164,3016,54.74
20260929,500165,18156,54.18
20260929,500166,2285,79.81
20260929,500168,633,54.9
20260929,500170,10488,99.99
20260929,500171,10069,58.84
20260929,500173,5031,87.71
20260929,500174,1286,85.51
20260929,500178,141,100.0
20260929,500179,15613,70.9
20260929,500180,1027077,71.23
20260929,500182,17292,80.44
20260929,500183,239124,100.0
20260929,500184,66365,67.2
20260929,500185,341506,32.29
20260929,500186,27776,61.87
20260929,500187,4055,54.65
20260929,500188,87611,43.24
20260929,500189,310,99.36
20260929,500191,347,100.0
20260929,500192,11761,82.03
20260929,500193,3419,74.41
20260929,500199,1041,46.64
20260929,500201,6420,36.67
20260929,500202,1007,100.0
20260929,500206,22,100.0
20260929,500207,66779,54.41
20260929,500209,224156,56.81
20260929,500210,98,36.84
20260929,500213,240,71.86
20260929,500214,4084,50.37
20260929,500215,1469,86.82
20260929,500219,42860,54.8
20260929,500220,2332,100.0
20260929,500227,1742,83.51
20260929,500228,15312,45.8
20260929,500233,8487,48.78
20260929,500234,13,100.0
20260929,500235,756,41.15
20260929,500236,18,100.0
20260929,500238,17886,24.31
20260929,500239,13529,85.18
20260929,500240,25388,100.0
20260929,500241,10838,48.74
20260929,500243,213,41.85
20260929,500245,9756,82.77
20260929,500246,529,100.0
20260929,500247,353685,59.58
20260929,500248,230,100.0
20260929,500249,12901,38.6
20260929,500250,742,59.55
20260929,500251,97806,83.77
20260929,500252,115,63.54
20260929,500253,62256,66.8
20260929,500257,6560,42.71
20260929,500259,2,100.0
20260929,500260,1458,37.39
20260929,500262,768,98.21
20260929,500264,3739,82.1
20260929,500265,33215,73.37
20260929,500266,475,55.88
20260929,500267,672,100.0
20260929,500268,42074,49.02
20260929,500270,429,99.31
20260929,500271,142696,91.43
20260929,500277,644,99.84
20260929,500279,11949,44.04
20260929,500280,2565,69.83
20260929,500282,12,100.0
20260929,500284,2596,79.17
20260929,500285,1913525,32.52
20260929,500288,306806,41.52
20260929,500290,209,68.52
20260929,500292,9954,55.05
20260929,500294,484499,37.55
20260929,500295,240589,50.62
20260929,500296,571,84.34
20260929,500298,896,85.09
20260929,500300,11555,74.52
20260929,500304,6701,70.69
20260929,500306,22250,50.97
20260929,500307,288,84.96
20260929,500312,683348,73.94
20260929,500313,5197,100.0
20260929,500314,6072,70.84
20260929,500317,4419,99.44
20260929,500319,1511,90.7
20260929,500322,1929,100.0
20260929,500325,524852,60.56
20260929,500327,1884,88.74
20260929,500330,26418,27.29
20260929,500331,366711,97.78
20260929,500333,572,78.79
20260929,500335,1101,68.47
20260929,500336,6565,63.89
20260929,500337,1014,100.0
20260929,500338,40583,72.63
20260929,500339,34331,34.87
20260929,500342,110,100.0
20260929,500343,46,100.0
20260929,500346,385,54.61
20260929,500350,1380,62.96
20260929,500354,2268,94.38
20260929,500355,19048,64.8
20260929,500356,303,100.0
20260929,500357,16285,100.0
20260929,500360,11342,100.0
20260929,500365,41077,70.32
20260929,500367,1396,7.98
20260929,500368,372935,75.39
20260929,500370,100,43.86
20260929,500371,22283,100.0
20260929,500378,16879,40.38
20260929,500380,5803,50.34
20260929,500387,2545,69.08
20260929,500388,90,100.0
20260929,500390,235152,100.0
20260929,500399,510,100.0
20260929,500400,317673,58.17
20260929,500402,1353,46.07
20260929,500403,8953,57.92
20260929,500404,66064,38.51
20260929,500405,11599,42.02
20260929,500407,349,82.31
20260929,500408,16124,56.02
20260929,500410,6441,47.85
20260929,500411,3027,47.19
20260929,500412,18889,55.47
20260929,500413,27447,59.1
20260929,500414,37988,41.95
20260929,500418,140,100.0
20260929,500420,2421,39.56
20260929,500421,1529,100.0
20260929,500422,12907,100.0
20260929,500425,69830,51.39
20260929,500426,6332,92.68
20260929,500429,2,0.09
20260929,500439,59,93.65
20260929,500440,53198,46.28
20260929,500444,9582,71.46
20260929,500449,72846,58.41
20260929,500450,161,100.0
20260929,500456,10516,29.91
20260929,500458,2550,100.0
20260929,500459,1641,62.61
20260929,500460,44409,49.96
20260929,500463,43187,52.21
20260929,500464,85,100.0
20260929,500467,519,99.81
20260929,500469,694208,82.52
20260929,500470,270853,40.81
20260929,500472,637,49.11
20260929,500477,1261312,79.49
20260929,500480,50537,80.68
20260929,500483,5361,63.82
20260929,500488,1353,63.61
20260929,500490,565,58.73
20260929,500493,8240,42.46
20260929,500495,1570,58.41
20260929,500500,184575,78.54
20260929,500510,78997,66.48
20260929,500520,94863,57.9
20260929,500530,429,56.15
20260929,500540,258,100.0
20260929,500547,75550,57.53
20260929,500550,3651,37.84
20260929,500570,677263,51.01
20260929,500575,108099,86.53
20260929,500620,45225,36.93
20260929,500645,4884,47.62
20260929,500650,135,77.14
20260929,500655,2184,71.49
20260929,500660,2276,61.65
20260929,500670,19529,44.87
20260929,500672,1365,45.98
20260929,500674,3430,86.14
20260929,500680,5177,70.45
20260929,500690,43431,66.34
20260929,500696,46467,60.3
20260929,500710,6061,63.35
20260929,500730,41361,43.72
20260929,500770,105363,43.67
20260929,500777,21569,44.24
20260929,500780,957,70.42
20260929,500790,15110,60.74
20260929,500800,148441,86.79
20260929,500820,6615,36.43
20260929,500825,8194,68.23
20260929,500830,2401,54.3
20260929,500840,24248,31.96
20260929,500850,944575,87.5
20260929,500870,198388,49.48
20260929,500875,429058,75.76
20260929,500877,117065,49.23
20260929,500878,2970,53.6
20260929,500890,4,50.0
20260929,500940,8422,55.02
20260929,501150,21569,72.48
20260929,501151,13,100.0
20260929,501242,11417,73.46
20260929,501261,15894007,100.0
20260929,501270,1,100.0
20260929,501295,7015,94.96
20260929,501298,35,100.0
20260929,501301,25899,45.42
20260929,501314,88065,96.15
20260929,501343,952,85.61
20260929,501370,1,50.0
20260929,501391,10,100.0
20260929,501421,136,87.74
20260929,501423,2652,52.55
20260929,501425,6289,58.04
20260929,501430,4,100.0
20260929,501455,54815,36.26
20260929,501700,10551,87.01
20260929,501831,1553,73.57
20260929,501833,3236,99.42
20260929,501848,63342,89.67
20260929,501945,28356,100.0
20260929,502015,3756,87.57
20260929,502090,6189,95.49
20260929,502137,513,83.96
20260929,502157,1474,59.65
20260929,502168,1322,78.97
20260929,502175,4362,63.35
20260929,502180,1980,96.59
20260929,502219,12364,54.22
20260929,502250,106,100.0
20260929,502281,4891,100.0
20260929,502330,19565,65.94
20260929,502355,840,30.96
20260929,502420,9596,86.12
20260929,502448,6772,100.0
20260929,502450,989,98.6
20260929,502587,933,94.24
20260929,502820,41,97.62
20260929,502865,6757,77.69
20260929,502873,1556,76.05
20260929,502893,1,50.0
20260929,502901,322,100.0
20260929,502933,195,100.0
20260929,502937,80587,69.15
20260929,502958,15,100.0
20260929,502986,4939,43.57
20260929,503031,11776,87.3
20260929,503092,1101,100.0
20260929,503100,7960,50.84
20260929,503101,722,59.13
20260929,503127,1,100.0
20260929,503162,540,98.9
20260929,503169,838,71.87
20260929,503310,28451,54.59
20260929,503349,21,100.0
20260929,503624,1589,100.0
20260929,503635,190,100.0
20260929,503639,101,100.0
20260929,503641,40002,75.89
20260929,503657,5087,90.87
20260929,503659,1,100.0
20260929,503663,581850,74.0
20260929,503675,1479,100.0
20260929,503681,2,66.67
20260929,503685,142,100.0
20260929,503722,189,90.43
20260929,503776,200,100.0
20260929,503804,769,100.0
20260929,503806,23102,91.74
20260929,503811,623,60.02
20260929,503816,2475,73.46
20260929,503837,3400,98.27
20260929,503960,844,61.34
20260929,504000,1233,99.76
20260929,504028,20107,100.0
20260929,504036,1621,64.15
20260929,504058,107,100.0
20260929,504067,30888,45.49
20260929,504076,16133,74.76
20260929,504080,2,100.0
20260929,504084,107,68.15
20260929,504092,639,64.61
20260929,504093,1823,81.64
20260929,504112,6027,47.31
20260929,504132,2926,92.01
20260929,504176,2617,64.6
20260929,504180,497,79.9
20260929,504212,2406,44.42
20260929,504220,3327,100.0
20260929,504240,9154,100.0
20260929,504258,406,81.53
20260929,504273,14948,100.0
20260929,504286,57,100.0
20260929,504340,1704,64.62
20260929,504341,5726,66.01
20260929,504351,801134,100.0
20260929,504356,5,83.33
20260929,504369,117830,100.0
20260929,504375,350,100.0
20260929,504378,27402,59.97
20260929,504380,100,71.43
20260929,504392,25895,100.0
20260929,504397,5010,100.0
20260929,504605,135,80.36
20260929,504614,9874,56.39
20260929,504646,1759,100.0
20260929,504648,37,100.0
20260929,504697,52,100.0
20260929,504731,14297,43.17
20260929,504741,1204,71.2
20260929,504746,4038,91.01
20260929,504786,654,100.0
20260929,504810,16,100.0
20260929,504840,1619,99.82
20260929,504879,1993,91.09
20260929,504882,1394,76.34
20260929,504903,116344,100.0
20260929,504908,579,96.34
20260929,504918,34876,69.63
20260929,504959,163,60.15
20260929,504973,14471,75.44
20260929,505010,370,85.65
20260929,505029,2762,75.8
20260929,505036,789,79.38
20260929,505075,6531,100.0
20260929,505160,7516,46.95
20260929,505163,449,88.39
20260929,505192,1122,50.98
20260929,505196,14140,100.0
20260929,505200,26082,68.86
20260929,505212,1132,100.0
20260929,505216,4,80.0
20260929,505232,54,100.0
20260929,505242,831,74.8
20260929,505250,3327,87.92
20260929,505255,6384,53.32
20260929,505283,2019,43.63
20260929,505299,2363,70.14
20260929,505302,87,100.0
20260929,505324,369,100.0
20260929,505336,2294542,100.0
20260929,505343,401397,69.98
20260929,505355,4169,66.14
20260929,505358,13605,72.32
20260929,505368,99,100.0
20260929,505400,3845,89.07
20260929,505412,539,60.9
20260929,505502,51136,100.0
20260929,505504,1587,100.0
20260929,505509,46499,64.36
20260929,505515,318545,56.39
20260929,505523,257346,62.74
20260929,505526,5749,64.95
20260929,505533,267029,96.6
20260929,505537,319150,40.35
20260929,505590,1594,99.87
20260929,505650,16449,93.42
20260929,505681,501,97.28
20260929,505688,1696,100.0
20260929,505690,236,76.13
20260929,505693,62314,74.5
20260929,505700,26689,36.01
20260929,505710,33554,45.16
20260929,505712,11557,100.0
20260929,505714,7173,50.71
20260929,505720,6200,71.34
20260929,505725,151655,21.78
20260929,505726,375,52.67
20260929,505729,13296,87.07
20260929,505737,667,79.88
20260929,505744,5386,57.5
20260929,505750,1364,52.26
20260929,505790,99949,98.93
20260929,505797,6190,85.36
20260929,505800,395,60.96
20260929,505827,756,80.68
20260929,505840,10292,100.0
20260929,505850,64,78.05
20260929,505854,137,76.97
20260929,505872,5796,66.07
20260929,505890,2730,71.11
20260929,505893,461,67.89
20260929,505978,396,65.89
20260929,506003,11003,71.92
20260929,506022,23519,52.1
20260929,506074,59421,100.0
20260929,506076,537,58.82
20260929,506105,102,100.0
20260929,506109,10117,45.63
20260929,506122,152835,100.0
20260929,506128,2744,69.19
20260929,506134,17312,100.0
20260929,506146,27578,79.45
20260929,506166,43456,28.79
20260929,506180,13,100.0
20260929,506184,5292,55.83
20260929,506186,6632,80.92
20260929,506194,71,100.0
20260929,506196,1,100.0
20260929,506197,61372,100.0
20260929,506222,1040,72.17
20260929,506235,66228,52.47
20260929,506248,154,99.35
20260929,506260,14881,75.02
20260929,506261,8778,100.0
20260929,506285,2153,55.32
20260929,506390,283,94.02
20260929,506395,204206,95.42
20260929,506401,7698,59.71
20260929,506405,7827,63.44
20260929,506414,51837,33.03
20260929,506480,8303,74.39
20260929,506520,5707,57.01
20260929,506525,3058,100.0
20260929,506528,545,100.0
20260929,506532,443,77.31
20260929,506579,2983,85.97
20260929,506590,24715,38.99
20260929,506597,2439,64.66
20260929,506605,11,100.0
20260929,506618,1014,96.85
20260929,506642,856456,100.0
20260929,506655,1542,35.46
20260929,506685,2812,75.86
20260929,506687,17,100.0
20260929,506690,68975,35.77
20260929,506734,17,100.0
20260929,506767,757,53.38
20260929,506808,1607,63.29
20260929,506820,279,69.23
20260929,506852,115777,46.46
20260929,506854,3253,54.26
20260929,506858,35,70.0
20260929,506863,2273,88.17
20260929,506879,6085,47.0
20260929,506919,662,92.07
20260929,506935,237,99.58
20260929,506947,867,100.0
20260929,506979,442,63.32
20260929,506981,417,98.58
20260929,507155,7935,58.93
20260929,507180,206977,100.0
20260929,507205,31258,57.13
20260929,507265,1001,100.0
20260929,507300,27,87.1
20260929,507315,4751,65.97
20260929,507410,34294,58.08
20260929,507438,307,66.02
20260929,507474,971,100.0
20260929,507486,2,100.0
20260929,507488,5326,82.95
20260929,507490,9276,79.01
20260929,507498,8870,80.29
20260929,507514,93996,55.52
20260929,507526,4895,78.7
20260929,507552,1529,69.44
20260929,507580,683,100.0
20260929,507598,7593,87.81
20260929,507609,50,92.59
20260929,507621,7240,86.02
20260929,507645,2,100.0
20260929,507685,1150457,67.53
20260929,507690,1099,78.11
20260929,507717,511,68.41
20260929,507747,348,72.2
20260929,507753,39942,29.93
20260929,507759,84252,99.52
20260929,507779,1758,66.79
20260929,507789,3563,68.8
20260929,507794,4165,67.36
20260929,507813,2058,89.67
20260929,507815,766,59.7
20260929,507817,1,100.0
20260929,507828,46046,81.42
20260929,507833,6942,54.28
20260929,507836,153,88.44
20260929,507852,46,75.41
20260929,507864,43,100.0
20260929,507872,342,100.0
20260929,507878,385228,67.37
20260929,507880,6467,53.94
20260929,507910,909,69.76
20260929,507912,8290,83.34
20260929,507944,2471,90.91
20260929,507946,250,83.33
20260929,507948,147,70.33
20260929,507960,1672,87.82
20260929,507962,6107,100.0
20260929,507966,459,97.66
20260929,507968,127,100.0
20260929,507970,4,57.14
20260929,507981,642,56.51
20260929,507998,6248,71.9
20260929,508136,20,100.0
20260929,508486,163,64.94
20260929,508494,948,90.89
20260929,508571,4,40.0
20260929,508664,223,100.0
20260929,508807,72,96.0
20260929,508814,439,61.4
20260929,508867,1592,100.0
20260929,508869,6811,62.74
20260929,508875,288,100.0
20260929,508905,1426,66.45
20260929,508906,266,100.0
20260929,508918,20271,64.47
20260929,508933,2166,64.22
20260929,508941,1682,96.5
20260929,508954,968,57.76
20260929,508956,606,100.0
20260929,508961,125,100.0
20260929,508963,1,100.0
20260929,508969,10086,91.8
20260929,508980,959,100.0
20260929,508989,6349,99.44
20260929,509009,547,91.62
20260929,509015,10268,100.0
20260929,509020,5885,86.48
20260929,509024,7039,83.74
20260929,509038,1,100.0
20260929,509040,148,81.77
20260929,509046,182,100.0
20260929,509048,6829,100.0
20260929,509051,882894,52.01
20260929,509053,10609,93.38
20260929,509055,20141,100.0
20260929,509069,5124,96.28
20260929,509073,688,100.0
20260929,509079,4178,47.01
20260929,509084,36,100.0
20260929,509152,42,93.33
20260929,509162,6762,100.0
20260929,509196,650,100.0
20260929,509220,2159,98.49
20260929,509243,188,60.84
20260929,509423,5,100.0
20260929,509438,70,83.33
20260929,509449,282,64.24
20260929,509470,19,76.0
20260929,509472,26,100.0
20260929,509480,210903,94.05
20260929,509486,1529,100.0
20260929,509488,16748,31.41
20260929,509496,8343,66.54
20260929,509525,20,32.79
20260929,509546,108,100.0
20260929,509557,462,62.94
20260929,509563,5941,78.51
20260929,509567,204,95.77
20260929,509597,143,79.44
20260929,509631,47487,56.05
20260929,509635,378,99.21
20260929,509675,325,67.43
20260929,509692,533,99.44
20260929,509709,8253,98.36
20260929,509715,7691,92.14
20260929,509732,1350,97.68
20260929,509760,4,100.0
20260929,509762,1079,100.0
20260929,509820,3147,60.33
20260929,509835,1359,100.0
20260929,509874,22073,100.0
20260929,509895,101,49.27
20260929,509930,539,33.21
20260929,509953,4,100.0
20260929,509960,31,96.88
20260929,509966,5760,75.99
20260929,510245,33407,75.5
20260929,511000,1624,94.14
20260929,511012,232867,100.0
20260929,511016,1159,100.0
20260929,511018,1004640,84.51
20260929,511034,13445,44.82
20260929,511066,3152,67.39
20260929,511076,12781,58.46
20260929,511092,3524,100.0
20260929,511116,113019,100.0
20260929,511131,1,100.0
20260929,511144,1258,100.0
20260929,511147,305,93.27
20260929,511153,940,100.0
20260929,511176,11,100.0
20260929,511187,1422,100.0
20260929,511194,93,100.0
20260929,511196,3603,51.37
20260929,511208,8989,73.64
20260929,511218,84829,64.63
20260929,511243,110349,86.06
20260929,511246,600,100.0
20260929,511260,7271,70.91
20260929,511333,697,97.89
20260929,511355,6361,100.0
20260929,511359,795,100.0
20260929,511391,1608,76.24
20260929,511411,4679,91.74
20260929,511413,1,50.0
20260929,511431,100910,79.09
20260929,511447,3470101,59.16
20260929,511451,13,100.0
20260929,511463,254,94.42
20260929,511473,2941,80.27
20260929,511493,3105,100.0
20260929,511501,2633,94.88
20260929,511505,659,100.0
20260929,511509,5280,96.51
20260929,511523,31192,100.0
20260929,511525,51911,76.46
20260929,511533,235,100.0
20260929,511535,1204,95.18
20260929,511539,6,100.0
20260929,511543,481,100.0
20260929,511549,696,71.6
20260929,511551,689,55.08
20260929,511557,2043313,100.0
20260929,511559,41,97.62
20260929,511571,2378,78.38
20260929,511577,104,97.2
20260929,511589,2299,52.67
20260929,511593,1112,94.88
20260929,511601,8791,41.77
20260929,511605,12272,64.73
20260929,511609,500,98.62
20260929,511611,4108,96.32
20260929,511626,228,100.0
20260929,511628,100912,47.61
20260929,511630,1862,100.0
20260929,511644,673165,66.2
20260929,511654,11,100.0
20260929,511658,46889,69.53
20260929,511664,1927,95.07
20260929,511672,930,100.0
20260929,511676,2540,66.61
20260929,511692,6359,67.33
20260929,511696,40,76.92
20260929,511700,4602561,60.78
20260929,511702,178,99.44
20260929,511710,13528,100.0
20260929,511712,352,100.0
20260929,511714,63,94.03
20260929,511716,5157,100.0
20260929,511724,10837,87.35
20260929,511726,13601,100.0
20260929,511734,2100,100.0
20260929,511740,600,100.0
20260929,511742,32838,91.27
20260929,511754,2101,78.51
20260929,511756,239,100.0
20260929,511758,1150,99.91
20260929,511764,5417,95.88
20260929,511766,1584,88.25
20260929,511768,7701,88.02
20260929,512008,6676,76.38
20260929,512014,68,62.96
20260929,512018,124406,92.81
20260929,512025,38063,67.0
20260929,512036,8,100.0
20260929,512038,11447,29.26
20260929,512047,26727,86.69
20260929,512048,155867,92.98
20260929,512062,7555,100.0
20260929,512064,1,100.0
20260929,512065,674,100.0
20260929,512068,78591,52.61
20260929,512070,28903,59.34
20260929,512093,303440,100.0
20260929,512097,859715,100.0
20260929,512099,2,100.0
20260929,512103,2127,97.3
20260929,512109,77,100.0
20260929,512115,3804,51.99
20260929,512131,3183,100.0
20260929,512149,1685799,59.92
20260929,512161,3483,97.75
20260929,512165,508,99.8
20260929,512169,192109,100.0
20260929,512175,111689,62.86
20260929,512179,12700,60.81
20260929,512197,3817,100.0
20260929,512217,2312,87.54
20260929,512229,2555,100.0
20260929,512237,10198,59.26
20260929,512247,16555,55.85
20260929,512257,47085,94.12
20260929,512267,3184,91.73
20260929,512277,170,80.19
20260929,512296,6207,57.97
20260929,512301,2543,100.0
20260929,512329,12979,60.58
20260929,512345,2236,100.0
20260929,512359,2998871,61.66
20260929,512361,129900,87.11
20260929,512377,2681130,100.0
20260929,512379,151994,100.0
20260929,512381,6384,50.7
20260929,512393,1491,100.0
20260929,512399,40454,69.7
20260929,512415,9124,95.66
20260929,512425,2,100.0
20260929,512437,604,100.0
20260929,512441,7025950,72.05
20260929,512443,140110,98.03
20260929,512453,204,92.73
20260929,512455,25855,68.08
20260929,512463,84970,34.37
20260929,512477,51,89.47
20260929,512489,4731,100.0
20260929,512493,2251,61.69
20260929,512499,2295393,100.0
20260929,512519,4,100.0
20260929,512527,190,100.0
20260929,512529,89545,53.5
20260929,512531,492,92.48
20260929,512553,1,100.0
20260929,512559,16392,78.33
20260929,512565,524,100.0
20260929,512573,17000,40.35
20260929,512587,24075,93.63
20260929,512589,111,58.42
20260929,512591,2427712,39.0
20260929,512595,983,92.21
20260929,512597,19,100.0
20260929,512599,61186,62.65
20260929,512600,7212,92.24
20260929,512604,4,100.0
20260929,512608,28606,92.63
20260929,512618,41,62.12
20260929,512624,12785,90.35
20260929,512626,2176,97.71
20260929,512634,4887,85.96
20260929,513005,117,91.41
20260929,513023,17538,78.43
20260929,513043,3689,89.87
20260929,513059,6337,100.0
20260929,513063,2631,80.61
20260929,513097,12120,75.4
20260929,513108,904,65.51
20260929,513117,2360,99.96
20260929,513119,41949,80.03
20260929,513121,642,75.09
20260929,513149,20,80.0
20260929,513173,1517,99.87
20260929,513228,24268,45.58
20260929,513250,350148,58.75
20260929,513252,20,100.0
20260929,513262,62662,41.08
20260929,513269,19151,32.68
20260929,513295,229,79.51
20260929,513303,482,74.38
20260929,513307,13617,65.23
20260929,513337,1583458,53.62
20260929,513343,4550,100.0
20260929,513349,12611,67.46
20260929,513353,10558,72.76
20260929,513361,364294,85.73
20260929,513369,6063,100.0
20260929,513375,7062,55.37
20260929,513377,82836,67.3
20260929,513397,12,100.0
20260929,513418,2468,100.0
20260929,513422,682,87.21
20260929,513436,474,100.0
20260929,513452,500,100.0
20260929,513456,2155,77.94
20260929,513460,500,100.0
20260929,513472,78963,78.44
20260929,513488,564,100.0
20260929,513496,952,100.0
20260929,513498,25,89.29
20260929,513502,88455,69.52
20260929,513507,1200,100.0
20260929,513509,276,100.0
20260929,513511,180,100.0
20260929,513513,2117,100.0
20260929,513517,7944,59.5
20260929,513519,1259,54.1
20260929,513528,2859,100.0
20260929,513532,1791,100.0
20260929,513536,4213,27.66
20260929,513544,488,100.0
20260929,513548,20,100.0
20260929,513554,67,100.0
20260929,513566,3141,100.0
20260929,513575,12579,88.17
20260929,513599,313404,48.05
20260929,513629,775,96.39
20260929,513642,535,98.53
20260929,513683,27607,38.55
20260929,513687,369,100.0
20260929,513693,3727,87.96
20260929,513699,510,99.8
20260929,513709,570,72.89
20260929,513713,37851,88.23
20260929,513721,3200,100.0
20260929,513729,325,86.67
20260929,514010,49203,100.0
20260929,514028,77,98.72
20260929,514030,9499,68.19
20260929,514043,12826,49.08
20260929,514045,474,78.35
20260929,514060,24245,100.0
20260929,514087,2,66.67
20260929,514113,171,100.0
20260929,514138,103,95.37
20260929,514142,8948,74.73
20260929,514162,94217,51.0
20260929,514165,16033,79.95
20260929,514167,3069,72.06
20260929,514171,128,98.46
20260929,514175,12780,98.64
20260929,514177,1764,100.0
20260929,514183,4724,71.31
20260929,514197,5294,81.76
20260929,514211,48441,77.59
20260929,514223,12950,100.0
20260929,514234,10571,65.54
20260929,514238,449,72.77
20260929,514240,746,49.73
20260929,514248,200,100.0
20260929,514260,1219,100.0
20260929,514266,34475,63.18
20260929,514272,1417,71.6
20260929,514274,11865,94.56
20260929,514280,349,67.64
20260929,514286,2127,94.28
20260929,514300,249,100.0
20260929,514312,0,0.0
20260929,514316,174,100.0
20260929,514318,9,100.0
20260929,514322,18,51.43
20260929,514324,1600,68.23
20260929,514326,10205,89.88
20260929,514330,809,57.29
20260929,514332,6332,76.08
20260929,514336,17564,90.22
20260929,514354,12706,57.36
20260929,514358,398,79.76
20260929,514360,31338,71.38
20260929,514378,3779,87.01
20260929,514386,273119,93.96
20260929,514400,737,70.66
20260929,514402,5497,95.65
20260929,514414,679,100.0
20260929,514418,130,100.0
20260929,514428,26,100.0
20260929,514440,16457,60.63
20260929,514442,1221,100.0
20260929,514448,3347,56.39
20260929,514450,1787,100.0
20260929,514454,13,100.0
20260929,514470,4236,72.68
20260929,515008,21092,100.0
20260929,515018,75789,83.51
20260929,515030,6537,42.46
20260929,515037,2629,100.0
20260929,515043,5967,71.84
20260929,515055,64345,54.7
20260929,515085,19518,87.32
20260929,515093,5,100.0
20260929,515147,10463,67.41
20260929,516003,3015,82.94
20260929,516020,19584,100.0
20260929,516022,37,100.0
20260929,516030,1886,70.53
20260929,516032,120513,91.49
20260929,516038,6177,72.65
20260929,516062,7234,100.0
20260929,516064,2293,63.19
20260929,516072,4115,72.46
20260929,516078,6156,100.0
20260929,516082,977,59.18
20260929,516092,15,100.0
20260929,516096,620,91.18
20260929,516098,1939,66.43
20260929,516106,2919,79.97
20260929,516108,3467,83.32
20260929,516110,150286,46.03
20260929,517015,1319,49.85
20260929,517035,36540,43.09
20260929,517041,1462,61.87
20260929,517059,1310,61.16
20260929,517063,4104,54.66
20260929,517077,147,100.0
20260929,517096,1741,71.56
20260929,517119,4008,45.56
20260929,517146,20350,58.6
20260929,517168,1810,55.59
20260929,517170,5995,81.45
20260929,517172,3640,100.0
20260929,517174,187,48.95
20260929,517201,6888,100.0
20260929,517206,324,57.96
20260929,517214,12103,81.42
20260929,517230,14,100.0
20260929,517236,753,93.54
20260929,517238,5,50.0
20260929,517246,19074,100.0
20260929,517258,288,100.0
20260929,517264,2361,74.9
20260929,517271,110670,47.68
20260929,517273,598,100.0
20260929,517286,127829,100.0
20260929,517288,1328,96.3
20260929,517300,6477,47.59
20260929,517320,91167,91.75
20260929,517334,312623,54.75
20260929,517336,600,100.0
20260929,517344,1567,89.75
20260929,517354,43891,51.75
20260929,517356,84297,100.0
20260929,517360,2376,99.37
20260929,517370,315,100.0
20260929,517372,1570,64.72
20260929,517380,1457,78.04
20260929,517385,2328,62.97
20260929,517393,185463,100.0
20260929,517397,215,85.32
20260929,517399,30916,100.0
20260929,517411,174,99.43
20260929,517415,4489,100.0
20260929,517417,12599,61.36
20260929,517421,99,74.44
20260929,517429,522,100.0
20260929,517431,38427,79.85
20260929,517447,792,98.63
20260929,517449,1432,79.03
20260929,517467,43405,50.35
20260929,517477,7225,99.57
20260929,517494,2636,81.56
20260929,517498,130232,64.83
20260929,517500,15955,55.33
20260929,517506,5293,47.69
20260929,517514,2243,69.44
20260929,517522,1639,56.34
20260929,517530,2631,76.8
20260929,517536,2554,63.93
20260929,517544,3197,29.0
20260929,517546,8596,75.83
20260929,517554,14874936,100.0
20260929,517556,241338,68.52
20260929,517562,1623,92.69
20260929,517569,8037,47.64
20260929,518011,1640,60.03
20260929,518053,13,68.42
20260929,518075,2453,90.35
20260929,518091,29,53.7
20260929,519003,290,98.98
20260929,519014,200,100.0
20260929,519091,40,74.07
20260929,519097,3274,100.0
20260929,519105,29403,68.13
20260929,519126,12481,34.36
20260929,519136,1785,99.11
20260929,519152,7,100.0
20260929,519156,316,67.67
20260929,519183,3874,86.17
20260929,519191,16312,100.0
20260929,519214,4531,100.0
20260929,519216,17827,62.58
20260929,519224,2537,99.49
20260929,519230,2309,89.98
20260929,519234,11,100.0
20260929,519238,1020,100.0
20260929,519242,313,100.0
20260929,519260,117,100.0
20260929,519262,12,100.0
20260929,519285,17,100.0
20260929,519287,58161,100.0
20260929,519295,150,58.82
20260929,519299,8792,100.0
20260929,519307,270364,100.0
20260929,519331,316,86.1
20260929,519353,100,100.0
20260929,519359,360,99.45
20260929,519367,447,100.0
20260929,519383,366,70.79
20260929,519397,11659,61.61
20260929,519413,200,100.0
20260929,519421,3449,87.98
20260929,519457,139,99.29
20260929,519463,4279,93.31
20260929,519471,153,100.0
20260929,519475,133,100.0
20260929,519477,21207,48.97
20260929,519479,1274,100.0
20260929,519483,1538,55.87
20260929,519494,110,100.0
20260929,519500,1975,97.43
20260929,519528,35,100.0
20260929,519532,534,98.34
20260929,519552,5933,43.01
20260929,519566,221,96.51
20260929,519574,352,100.0
20260929,519600,6068,77.98
20260929,519602,211644,61.12
20260929,519604,4333,100.0
20260929,519606,55381,100.0
20260929,519612,7850,76.3
20260929,520008,21009,54.08
20260929,520021,2088,59.1
20260929,520043,1607,72.03
20260929,520051,74841,63.83
20260929,520056,302,62.53
20260929,520057,2900,66.36
20260929,520059,7183,67.06
20260929,520066,60603,67.58
20260929,520073,1133,55.48
20260929,520075,2912,98.11
20260929,520086,1111,100.0
20260929,520111,1073,43.96
20260929,520113,51255,44.31
20260929,520119,643,79.48
20260929,520121,4678,99.79
20260929,520123,17,44.74
20260929,520127,52296,89.71
20260929,520141,306,81.38
20260929,520151,673,100.0
20260929,521005,5262013,74.9
20260929,521016,10212,40.04
20260929,521018,855,100.0
20260929,521034,7041,98.52
20260929,521036,3196,100.0
20260929,521048,261,100.0
20260929,521062,213,97.71
20260929,521064,153901,64.23
20260929,521070,734476,62.09
20260929,521080,820,100.0
20260929,521097,87,100.0
20260929,521105,3427,99.16
20260929,521109,1642,63.54
20260929,521113,18776,76.69
20260929,521131,1001,61.87
20260929,521133,300,100.0
20260929,521137,16726,100.0
20260929,521141,306,54.74
20260929,521149,1824,93.11
20260929,521151,3,100.0
20260929,521163,545,95.61
20260929,521167,7893,100.0
20260929,521178,1231,93.19
20260929,521180,51,100.0
20260929,521194,55,100.0
20260929,521200,30,100.0
20260929,521206,19869,98.31
20260929,521210,150,100.0
20260929,521216,1039,74.8
20260929,521220,130,100.0
20260929,521226,6,100.0
20260929,521228,27881,72.75
20260929,521238,38483,68.17
20260929,521240,212,100.0
20260929,521244,449,100.0
20260929,521246,13237,85.08
20260929,521248,16127,55.82
20260929,522001,1827,100.0
20260929,522004,5236,78.08
20260929,522005,2332,93.39
20260929,522014,3483,89.58
20260929,522017,865,67.63
20260929,522027,1966,100.0
20260929,522029,2324,89.63
20260929,522034,7153,80.63
20260929,522036,8,88.89
20260929,522064,221,77.54
20260929,522073,421,100.0
20260929,522074,26234,85.06
20260929,522091,5504,69.13
20260929,522101,7018,48.84
20260929,522105,4161,100.0
20260929,522108,586,72.7
20260929,522113,1857,71.67
20260929,522122,111,99.11
20260929,522134,10117,79.54
20260929,522152,679,65.99
20260929,522163,60880,100.0
20260929,522165,5327,81.29
20260929,522183,7,100.0
20260929,522195,7347,66.89
20260929,522205,18315,55.2
20260929,522207,70,100.0
20260929,522209,4355,99.95
20260929,522215,18639,66.34
20260929,522217,821,67.57
20260929,522229,15048,62.48
20260929,522231,10286,71.04
20260929,522235,338,100.0
20260929,522237,22343,85.39
20260929,522241,2063,86.32
20260929,522249,3449,69.4
20260929,522251,2900,89.64
20260929,522257,30413,100.0
20260929,522261,1135,50.76
20260929,522267,139,100.0
20260929,522273,3046,93.18
20260929,522275,316759,95.05
20260929,522281,15646,61.17
20260929,522285,125219,48.2
20260929,522287,33639,83.31
20260929,522289,25307,85.95
20260929,522292,2927,100.0
20260929,522294,551,90.33
20260929,522295,4019,89.63
20260929,522650,7591,66.33
20260929,523007,1000,63.49
20260929,523011,15,100.0
20260929,523019,9661,84.21
20260929,523021,1976,79.55
20260929,523023,58,100.0
20260929,523025,1012,66.36
20260929,523054,2,100.0
20260929,523062,3,100.0
20260929,523100,3507,91.14
20260929,523105,10196293,100.0
20260929,523116,248,100.0
20260929,523120,29,100.0
20260929,523127,3991,93.51
20260929,523144,2063,100.0
20260929,523160,3697,82.03
20260929,523186,305,96.52
20260929,523204,4440,100.0
20260929,523207,1197,99.58
20260929,523222,3313,100.0
20260929,523229,1715,41.69
20260929,523232,2032,66.58
20260929,523242,1800,100.0
20260929,523248,431,83.85
20260929,523260,100,100.0
20260929,523261,24570,94.73
20260929,523269,19216,90.88
20260929,523277,4102071,55.24
20260929,523283,11,100.0
20260929,523289,398,56.78
20260929,523301,242,41.58
20260929,523309,4422,72.65
20260929,523319,4235,61.82
20260929,523323,173,62.68
20260929,523367,5180,50.16
20260929,523369,8294,63.51
20260929,523371,5053,49.77
20260929,523373,103151,59.31
20260929,523384,123,100.0
20260929,523385,1678,50.44
20260929,523387,213747,81.27
20260929,523395,165,49.85
20260929,523398,6345,48.1
20260929,523405,42042,53.84
20260929,523411,1307,100.0
20260929,523419,169478,74.75
20260929,523425,237,100.0
20260929,523445,753,47.3
20260929,523457,652,55.3
20260929,523465,120,95.24
20260929,523467,141928,100.0
20260929,523475,690,62.11
20260929,523483,21,95.45
20260929,523489,1202,100.0
20260929,523519,9480,90.5
20260929,523537,10534,100.0
20260929,523539,22453,37.58
20260929,523550,3747,76.64
20260929,523558,34575,100.0
20260929,523566,370,92.5
20260929,523574,23712,100.0
20260929,523586,2465,77.27
20260929,523594,663,94.31
20260929,523598,60268,57.1
20260929,523606,4107,66.07
20260929,523610,8111,53.0
20260929,523618,2513,60.39
20260929,523620,424,100.0
20260929,523630,18110,38.75
20260929,523638,607,73.13
20260929,523642,1956,43.97
20260929,523648,2341,79.36
20260929,523650,11423,79.81
20260929,523660,6739,63.78
20260929,523672,2623,71.3
20260929,523676,1775,79.52
20260929,523694,3829,72.03
20260929,523696,6646,78.35
20260929,523704,2049,69.01
20260929,523708,348,47.54
20260929,523716,914,64.78
20260929,523722,81837,99.0
20260929,523732,3978,90.12
20260929,523736,565,98.09
20260929,523752,25785,93.08
20260929,523754,290,95.71
20260929,523782,8503,69.43
20260929,523792,4392,100.0
20260929,523796,38766,100.0
20260929,523826,460,91.45
20260929,523828,2799,63.17
20260929,523832,202,100.0
20260929,523838,3511,60.75
20260929,523840,1685,73.74
20260929,523842,93901,100.0
20260929,523844,10775,98.18
20260929,523850,159,56.38
20260929,523862,1321,68.95
20260929,523874,104187,100.0
20260929,523888,4104,27.74
20260929,523890,37,100.0
20260929,524000,20477,59.31
20260929,524019,936,73.76
20260929,524037,3661,97.7
20260929,524038,944,100.0
20260929,524051,524,58.55
20260929,524075,1468,91.52
20260929,524080,151,97.42
20260929,524091,2243,56.48
20260929,524109,20608,68.47
20260929,524129,1702,99.59
20260929,524136,1641,100.0
20260929,524156,894,89.85
20260929,524164,69349,51.29
20260929,524174,54672,79.27
20260929,524200,4879,57.21
20260929,524202,4209,70.92
20260929,524204,5,100.0
20260929,524208,9856,46.61
20260929,524210,1,50.0
20260929,524212,9304,62.65
20260929,524218,8517,100.0
20260929,524226,7293,44.88
20260929,524230,38745,43.68
20260929,524238,71591,100.0
20260929,524280,24426,48.19
20260929,524288,2943,98.76
20260929,524314,1613,99.81
20260929,524322,89090,72.48
20260929,524324,1080,100.0
20260929,524330,3646,99.67
20260929,524332,10904,59.65
20260929,524336,15921,100.0
20260929,524342,39796,42.5
20260929,524348,9779,41.94
20260929,524370,45278,100.0
20260929,524372,3973,42.22
20260929,524394,8474,68.0
20260929,524396,1580,92.94
20260929,524400,1630,100.0
20260929,524404,104346,37.71
20260929,524408,99,100.0
20260929,524412,1293,83.37
20260929,524414,600,99.83
20260929,524434,2308,74.5
20260929,524440,15323,69.59
20260929,524444,10923280,52.66
20260929,524458,4000,99.45
20260929,524470,3303193,39.3
20260929,524480,303,72.66
20260929,524488,294534,74.49
20260929,524494,5028,50.24
20260929,524500,2916,100.0
20260929,524502,8,100.0
20260929,524506,713,100.0
20260929,524514,800,100.0
20260929,524516,78020,100.0
20260929,524518,301,100.0
20260929,524520,16484,53.08
20260929,524522,78,97.5
20260929,524534,1775,87.1
20260929,524542,1101,87.17
20260929,524548,24,82.76
20260929,524558,27359,93.14
20260929,524564,14223,100.0
20260929,524570,303,91.82
20260929,524572,3365,78.7
20260929,524576,3463,61.4
20260929,524580,30,100.0
20260929,524582,1282,96.25
20260929,524592,7310,100.0
20260929,524594,1813,100.0
20260929,524598,594,100.0
20260929,524602,4871,75.67
20260929,524606,6156,68.45
20260929,524614,27577,71.56
20260929,524622,30343,79.51
20260929,524624,3677,85.51
20260929,524628,215,100.0
20260929,524632,290369,42.64
20260929,524634,4147,68.08
20260929,524636,13250,100.0
20260929,524640,11966,100.0
20260929,524648,31961,41.9
20260929,524654,221,100.0
20260929,524661,5479222,79.03
20260929,524663,131480,87.07
20260929,524667,7413,45.71
20260929,524669,287,72.47
20260929,524675,2205,96.67
20260929,524687,9229,90.22
20260929,524703,1158,91.54
20260929,524709,33176,58.7
20260929,524711,35222,73.99
20260929,524715,217490,78.68
20260929,524717,7419,59.68
20260929,524723,25,100.0
20260929,524727,135,100.0
20260929,524731,2053,95.05
20260929,524735,31494,48.7
20260929,524742,2681,45.13
20260929,524743,66850,21.8
20260929,524748,12,100.0
20260929,524752,827,100.0
20260929,524768,1863,90.44
20260929,524774,1365,80.77
20260929,524790,3099,77.34
20260929,524804,15531,61.95
20260929,524808,209,47.18
20260929,524816,13803,44.59
20260929,524818,438,90.31
20260929,524820,7586,73.87
20260929,524824,13157,61.01
20260929,524828,75,57.69
20260929,526001,21350,98.14
20260929,526025,10665,69.28
20260929,526027,85926,100.0
20260929,526043,2476,60.75
20260929,526071,1421,100.0
20260929,526073,788,100.0
20260929,526075,1911,100.0
20260929,526081,17494,100.0
20260929,526095,90,97.83
20260929,526113,3,100.0
20260929,526117,36,94.74
20260929,526125,13,92.86
20260929,526133,454,76.56
20260929,526137,2101,89.86
20260929,526139,32273,79.5
20260929,526143,2465,100.0
20260929,526159,13685,78.19
20260929,526161,400,100.0
20260929,526169,4304,82.67
20260929,526173,20321,77.14
20260929,526179,991,79.41
20260929,526187,440,100.0
20260929,526193,11098,80.81
20260929,526211,3396,98.66
20260929,526217,5205,100.0
20260929,526227,141217,42.4
20260929,526231,2225,100.0
20260929,526237,1386,99.78
20260929,526241,1805,100.0
20260929,526247,4525,73.55
20260929,526251,6010,91.56
20260929,526263,7868,100.0
20260929,526269,1728,69.71
20260929,526299,5464,58.7
20260929,526315,3694,100.0
20260929,526325,155,100.0
20260929,526331,30,100.0
20260929,526335,1577988,99.85
20260929,526345,2590,76.33
20260929,526355,216,100.0
20260929,526365,1323,80.82
20260929,526367,1330,61.46
20260929,526371,229669,43.12
20260929,526373,333,100.0
20260929,526381,18336,65.18
20260929,526397,2187,100.0
20260929,526407,8308,73.41
20260929,526409,105365,92.74
20260929,526415,104322,70.13
20260929,526423,646,98.63
20260929,526433,5416,41.74
20260929,526435,2595,100.0
20260929,526439,1265,100.0
20260929,526441,15173,72.94
20260929,526443,40711,61.26
20260929,526445,76766,100.0
20260929,526468,5480,100.0
20260929,526471,4842,64.47
20260929,526473,10118,52.93
20260929,526479,4618,81.95
20260929,526488,730,100.0
20260929,526490,23343,52.74
20260929,526492,3544,80.18
20260929,526494,18256,100.0
20260929,526500,1034,100.0
20260929,526506,1750,100.0
20260929,526508,1374,67.19
20260929,526519,612,100.0
20260929,526530,20119,100.0
20260929,526532,115,100.0
20260929,526544,4135,100.0
20260929,526546,976,100.0
20260929,526550,373,95.64
20260929,526570,41400,65.81
20260929,526582,3465,65.85
20260929,526588,1795,100.0
20260929,526596,2812,90.77
20260929,526604,1006,100.0
20260929,526608,444,64.82
20260929,526612,1600,40.69
20260929,526614,6986,100.0
20260929,526616,8112,86.97
20260929,526622,292310,60.34
20260929,526628,400,100.0
20260929,526638,5917,61.58
20260929,526640,1978,96.68
20260929,526642,4282,81.39
20260929,526650,132635,53.16
20260929,526666,12,44.44
20260929,526668,4851,94.3
20260929,526675,17516,99.38
20260929,526677,1446,99.93
20260929,526703,744,93.47
20260929,526705,52,55.32
20260929,526709,56179,87.15
20260929,526711,2521,95.96
20260929,526717,4873,100.0
20260929,526721,840,100.0
20260929,526723,153,73.21
20260929,526725,8,80.0
20260929,526727,3295,87.26
20260929,526729,26082,51.71
20260929,526731,364,80.53
20260929,526739,4747,75.15
20260929,526747,3296,93.5
20260929,526755,22342,81.56
20260929,526761,1,100.0
20260929,526775,60265,63.16
20260929,526783,51,89.47
20260929,526797,6843,72.7
20260929,526807,2201,68.52
20260929,526813,100,62.5
20260929,526817,30,100.0
20260929,526821,123,100.0
20260929,526823,1638,100.0
20260929,526827,20021,90.08
20260929,526829,45803,33.8
20260929,526839,14,100.0
20260929,526841,106549,80.95
20260929,526847,1944,71.5
20260929,526849,485,68.12
20260929,526853,5240,100.0
20260929,526859,16183,100.0
20260929,526861,33873,95.03
20260929,526869,110,100.0
20260929,526871,3904,99.62
20260929,526873,6516,100.0
20260929,526877,11,100.0
20260929,526881,5501,41.23
20260929,526885,2295,86.38
20260929,526899,12247,77.4
20260929,526901,3038,55.45
20260929,526905,250,55.56
20260929,526921,1102,100.0
20260929,526931,1,33.33
20260929,526935,4138764,46.04
20260929,526945,10,100.0
20260929,526947,2775,65.0
20260929,526951,1166,51.62
20260929,526953,8687,73.86
20260929,526961,18110,69.43
20260929,526965,348,100.0
20260929,526967,1072,81.09
20260929,526971,1060,100.0
20260929,526981,716,78.42
20260929,526987,84593,76.61
20260929,527001,7722,62.84
20260929,527005,4506,91.6
20260929,530001,5114,58.14
20260929,530005,7286,49.13
20260929,530007,42789,50.51
20260929,530017,726,74.23
20260929,530019,7403,40.23
20260929,530023,2051,90.19
20260929,530025,2937,92.16
20260929,530027,31,100.0
20260929,530037,749,98.68
20260929,530043,238,98.76
20260929,530045,3698,69.98
20260929,530053,53387,99.27
20260929,530057,35325,98.59
20260929,530063,7094,100.0
20260929,530065,520,99.81
20260929,530067,744,70.99
20260929,530073,10166,51.58
20260929,530075,26382,27.24
20260929,530077,4301,84.14
20260929,530079,759,94.05
20260929,530109,134686,76.67
20260929,530111,7515,99.17
20260929,530117,12119,69.29
20260929,530119,867,100.0
20260929,530125,1056,100.0
20260929,530127,55,100.0
20260929,530129,2504,72.47
20260929,530133,200,100.0
20260929,530135,19019,43.91
20260929,530139,1334,100.0
20260929,530141,6,100.0
20260929,530145,21276,100.0
20260929,530163,17927,78.92
20260929,530167,10533,100.0
20260929,530169,602,83.73
20260929,530171,456,98.7
20260929,530175,425,71.07
20260929,530177,2380,92.61
20260929,530179,1655,100.0
20260929,530185,31997,69.6
20260929,530187,23057,100.0
20260929,530197,200,100.0
20260929,530199,6636,53.85
20260929,530201,4078,100.0
20260929,530207,880,100.0
20260929,530213,9,81.82
20260929,530215,7535,86.22
20260929,530217,1139,99.91
20260929,530233,2046,82.17
20260929,530235,351,99.72
20260929,530239,28128,42.42
20260929,530245,185,100.0
20260929,530249,52465,56.69
20260929,530251,11227,100.0
20260929,530253,9588,83.7
20260929,530255,10735,94.99
20260929,530259,1920,100.0
20260929,530263,64679,95.0
20260929,530265,3136,99.27
20260929,530267,4170,94.69
20260929,530271,1,100.0
20260929,530281,365,100.0
20260929,530289,159,98.76
20260929,530299,215,100.0
20260929,530305,4717,51.9
20260929,530307,4114,86.87
20260929,530309,5738,91.3
20260929,530313,1876,83.68
20260929,530315,14988,86.31
20260929,530317,3573,62.63
20260929,530343,30203,42.5
20260929,530355,11741,59.48
20260929,530357,29727,88.42
20260929,530361,10348,100.0
20260929,530363,61291,64.56
20260929,530365,2237,77.32
20260929,530367,7765,40.23
20260929,530369,221,96.51
20260929,530377,8922,95.72
20260929,530393,25,100.0
20260929,530401,103,99.04
20260929,530405,960,89.72
20260929,530407,27795,93.56
20260929,530419,9259,99.45
20260929,530421,1965,99.95
20260929,530427,751,89.83
20260929,530429,5,41.67
20260929,530433,612,98.39
20260929,530439,8865,85.53
20260929,530445,4041,96.58
20260929,530449,214,95.96
20260929,530457,3704,77.42
20260929,530459,2000,100.0
20260929,530461,14505,64.32
20260929,530469,1300,100.0
20260929,530475,1413,49.28
20260929,530477,14690,72.85
20260929,530495,380,99.48
20260929,530499,52,54.17
20260929,530517,8400,64.46
20260929,530521,5220,69.24
20260929,530525,31650,100.0
20260929,530545,266,92.04
20260929,530547,136,100.0
20260929,530549,12991,31.66
20260929,530555,34613,45.65
20260929,530557,7414363,100.0
20260929,530565,101,100.0
20260929,530571,56,100.0
20260929,530577,392,100.0
20260929,530579,68773,100.0
20260929,530581,1,100.0
20260929,530585,2287,100.0
20260929,530589,1312,89.56
20260929,530595,14539,100.0
20260929,530601,204,100.0
20260929,530615,34579,100.0
20260929,530617,72443,82.63
20260929,530621,2144,100.0
20260929,530627,1930,88.17
20260929,530643,3916,74.75
20260929,530655,10153,39.79
20260929,530663,22472,99.12
20260929,530665,17500,73.98
20260929,530669,5,100.0
20260929,530677,6120,93.64
20260929,530689,2710,71.22
20260929,530695,478,53.11
20260929,530697,416,97.65
20260929,530699,1453,100.0
20260929,530705,795,100.0
20260929,530709,1988,100.0
20260929,530711,828,80.47
20260929,530723,5,33.33
20260929,530735,1,100.0
20260929,530741,2580,100.0
20260929,530745,1988,100.0
20260929,530747,28,100.0
20260929,530755,200,100.0
20260929,530759,620,69.43
20260929,530765,610,100.0
20260929,530787,1483,100.0
20260929,530789,1,100.0
20260929,530795,251,100.0
20260929,530799,21,75.0
20260929,530803,7065,53.28
20260929,530805,30752,82.27
20260929,530809,1,100.0
20260929,530813,6177,41.69
20260929,530821,1074,80.87
20260929,530825,1837,100.0
20260929,530829,2087,65.59
20260929,530839,10702,100.0
20260929,530843,3519713,67.27
20260929,530845,125,60.39
20260929,530853,1624,100.0
20260929,530855,100,100.0
20260929,530871,1580,85.59
20260929,530879,92908,85.93
20260929,530881,107109,89.99
20260929,530883,67632,100.0
20260929,530889,164,100.0
20260929,530897,14,100.0
20260929,530907,2709,100.0
20260929,530919,26557,53.82
20260929,530925,1425,92.29
20260929,530943,68745,58.33
20260929,530951,566,87.62
20260929,530953,15,100.0
20260929,530959,771,99.61
20260929,530961,381477,68.6
20260929,530965,217392,30.95
20260929,530973,378,54.62
20260929,530977,204,81.93
20260929,530979,7131,83.38
20260929,530991,1503,76.72
20260929,530993,16,100.0
20260929,530997,235,76.3
20260929,530999,3978,53.46
20260929,531003,11,100.0
20260929,531015,1116,95.47
20260929,531017,4770,97.03
20260929,531025,862734,57.77
20260929,531033,2940,61.38
20260929,531035,17900,100.0
20260929,531039,1010,100.0
20260929,531041,302,48.09
20260929,531043,631,100.0
20260929,531049,2708,100.0
20260929,531067,716,95.72
20260929,531069,8,100.0
20260929,531080,155,99.36
20260929,531082,20397,93.61
20260929,531083,5750,95.04
20260929,531091,642,100.0
20260929,531092,1794,75.89
20260929,531099,864,100.0
20260929,531109,1265,74.41
20260929,531112,8696,45.1
20260929,531119,885,100.0
20260929,531120,76040,55.2
20260929,531126,61820,79.85
20260929,531127,33387,100.0
20260929,531129,3120,88.69
20260929,531137,48210,79.98
20260929,531144,525547,88.0
20260929,531146,1505,100.0
20260929,531147,4534,68.87
20260929,531153,32917,86.17
20260929,531155,55,100.0
20260929,531156,5922,100.0
20260929,531157,8071,99.94
20260929,531158,552,85.98
20260929,531161,4,100.0
20260929,531162,32598,62.42
20260929,531163,564,64.6
20260929,531168,86,100.0
20260929,531169,730,72.64
20260929,531173,17412,66.4
20260929,531176,1347,70.78
20260929,531178,287,100.0
20260929,531179,1589,64.67
20260929,531190,1001,100.0
20260929,531191,102,94.44
20260929,531199,3,100.0
20260929,531201,1450,63.24
20260929,531205,2036886,58.67
20260929,531209,1047,72.86
20260929,531210,1319,100.0
20260929,531212,291,100.0
20260929,531213,88303,30.46
20260929,531215,43679,52.6
20260929,531216,336370,86.74
20260929,531221,432,99.77
20260929,531223,10631,99.47
20260929,531225,992,97.93
20260929,531228,14,100.0
20260929,531233,11524,79.97
20260929,531237,890,83.26
20260929,531241,1168,84.58
20260929,531246,175,98.87
20260929,531253,4078,92.45
20260929,531254,19686,87.09
20260929,531255,70,100.0
20260929,531257,13678,78.4
20260929,531259,203,100.0
20260929,531262,1000,100.0
20260929,531266,422,73.52
20260929,531268,5712,74.21
20260929,531272,4,66.67
20260929,531273,123129,76.84
20260929,531274,91,100.0
20260929,531278,21,67.74
20260929,531279,37140,100.0
20260929,531280,6160,100.0
20260929,531281,2523,100.0
20260929,531287,353,76.08
20260929,531288,3,100.0
20260929,531289,18749,100.0
20260929,531297,6990,91.84
20260929,531301,1299,61.77
20260929,531306,50,92.59
20260929,531307,4998,100.0
20260929,531310,1080,98.54
20260929,531319,3168,71.24
20260929,531322,6214,96.07
20260929,531323,2,100.0
20260929,531324,20,100.0
20260929,531328,824440,74.75
20260929,531334,247,100.0
20260929,531335,5640,54.53
20260929,531338,7,100.0
20260929,531340,7,100.0
20260929,531341,83,100.0
20260929,531344,52991,59.26
20260929,531346,529,92.16
20260929,531349,2724,60.13
20260929,531357,20129,75.27
20260929,531358,4096,58.56
20260929,531359,16020,75.14
20260929,531360,1,100.0
20260929,531364,41905,98.95
20260929,531370,1032,55.19
20260929,531373,22993,98.13
20260929,531387,27,100.0
20260929,531390,79088,98.02
20260929,531395,459438,100.0
20260929,531397,415,100.0
20260929,531398,896,85.5
20260929,531399,10494,53.18
20260929,531400,22594,100.0
20260929,531402,70738,77.91
20260929,531406,2455,100.0
20260929,531411,5323523,100.0
20260929,531412,52,100.0
20260929,531417,16140,62.99
20260929,531420,5,100.0
20260929,531426,12125,82.69
20260929,531431,11916,52.17
20260929,531433,3141,78.0
20260929,531436,4118,93.61
20260929,531437,4614,89.57
20260929,531439,1078,100.0
20260929,531449,64289,21.56
20260929,531454,2986,98.91
20260929,531456,42927,91.0
20260929,531458,12045,100.0
20260929,531460,204,100.0
20260929,531465,262406,100.0
20260929,531471,19654,100.0
20260929,531472,357,98.89
20260929,531486,6925,76.77
20260929,531489,607,85.61
20260929,531494,57180,91.86
20260929,531495,616,74.31
20260929,531497,7615,99.91
20260929,531500,20998,100.0
20260929,531502,381202,97.12
20260929,531503,763,100.0
20260929,531506,150,100.0
20260929,531508,594,64.22
20260929,531512,40119,53.16
20260929,531515,5292,100.0
20260929,531518,104733,100.0
20260929,531525,66369,100.0
20260929,531529,7899,100.0
20260929,531530,37592,54.52
20260929,531531,2427,78.19
20260929,531533,515,81.88
20260929,531539,6034,88.14
20260929,531540,27745,92.31
20260929,531541,2641,100.0
20260929,531543,89828,42.53
20260929,531548,5635,62.4
20260929,531550,461,98.09
20260929,531552,245,99.19
20260929,531553,12045,100.0
20260929,531556,2075,89.36
20260929,531569,1353,96.3
20260929,531572,149,100.0
20260929,531574,16327,100.0
20260929,531578,102,100.0
20260929,531582,30,78.95
20260929,531583,6705,92.51
20260929,531591,345,100.0
20260929,531592,190413,85.8
20260929,531594,32,100.0
20260929,531595,188648,80.43
20260929,531599,1618,56.73
20260929,531608,841,75.63
20260929,531613,636,100.0
20260929,531624,14333,100.0
20260929,531626,21785,84.65
20260929,531628,2177,100.0
20260929,531633,610,76.83
20260929,531635,129,100.0
20260929,531637,4873,62.41
20260929,531638,80,68.97
20260929,531642,24886,68.49
20260929,531644,2098,89.39
20260929,531651,149,98.68
20260929,531652,4001,56.59
20260929,531658,31300,75.62
20260929,531661,3331,100.0
20260929,531663,463710,80.5
20260929,531667,24526,100.0
20260929,531668,1066,100.0
20260929,531671,18941,85.18
20260929,531673,512469,99.55
20260929,531676,2233,100.0
20260929,531680,7366,100.0
20260929,531681,7394,100.0
20260929,531688,4911,84.91
20260929,531692,3959,94.42
20260929,531694,1045,64.55
20260929,531716,2311,100.0
20260929,531717,668,86.53
20260929,531719,461,96.24
20260929,531723,1174797,100.0
20260929,531726,1611,85.28
20260929,531727,1708,100.0
20260929,531737,140386,80.88
20260929,531739,224063,81.11
20260929,531744,650,100.0
20260929,531746,652,78.08
20260929,531752,2539624,76.59
20260929,531758,4439,99.75
20260929,531761,2721,46.74
20260929,531762,479,100.0
20260929,531768,979,39.22
20260929,531769,7083,100.0
20260929,531771,1615,82.82
20260929,531778,1980,84.98
20260929,531779,29,100.0
20260929,531780,26744,56.91
20260929,531784,209486,79.66
20260929,531795,1853,59.03
20260929,531797,9,81.82
20260929,531802,3719,72.24
20260929,531810,510,100.0
20260929,531812,19685,100.0
20260929,531814,10518,72.53
20260929,531821,19,100.0
20260929,531822,239,97.95
20260929,531832,1382,100.0
20260929,531834,93,100.0
20260929,531840,335,90.3
20260929,531841,1721,100.0
20260929,531842,76,85.39
20260929,531845,6236,87.35
20260929,531846,1,100.0
20260929,531847,8,100.0
20260929,531859,5117,64.49
20260929,531861,972,88.28
20260929,531862,4060,98.5
20260929,531867,3283,100.0
20260929,531869,193555,65.13
20260929,531870,48,100.0
20260929,531878,710,100.0
20260929,531888,16300,67.01
20260929,531889,137980,63.09
20260929,531892,1052,100.0
20260929,531893,545646,68.32
20260929,531900,2372,95.95
20260929,531902,22,100.0
20260929,531909,19529,100.0
20260929,531910,100213,100.0
20260929,531911,1492,100.0
20260929,531913,944,95.93
20260929,531918,15,100.0
20260929,531921,841,61.39
20260929,531923,4584,64.73
20260929,531925,1602,93.57
20260929,531928,11,50.0
20260929,531929,101,100.0
20260929,531930,6,50.0
20260929,531931,50,100.0
20260929,531944,926,100.0
20260929,531950,10292,99.92
20260929,531952,640,100.0
20260929,531959,61590,90.34
20260929,531962,3021,75.49
20260929,531968,1,100.0
20260929,531977,324862,100.0
20260929,531978,319,80.56
20260929,531979,276,85.98
20260929,531982,63566,100.0
20260929,531991,17480,100.0
20260929,531994,1,100.0
20260929,531996,24,85.71
20260929,531997,91243,100.0
20260929,532001,141,91.56
20260929,532005,2126,100.0
20260929,532011,1660,69.22
20260929,532015,18484,82.71
20260929,532016,305,100.0
20260929,532019,9159,63.8
20260929,532022,513727,100.0
20260929,532029,9962,86.19
20260929,532039,2823,59.95
20260929,532041,8652,100.0
20260929,532042,266,100.0
20260929,532051,222,70.7
20260929,532053,2,50.0
20260929,532054,761,59.78
20260929,532056,330,76.74
20260929,532057,644,80.5
20260929,532067,3154,59.19
20260929,532070,122917,55.56
20260929,532090,11100,59.73
20260929,532092,95612,92.21
20260929,532100,692,69.55
20260929,532102,1422,83.75
20260929,532113,500,65.79
20260929,532123,39178,72.8
20260929,532124,3005,100.0
20260929,532131,3320,99.94
20260929,532134,188040,47.83
20260929,532140,6002,92.17
20260929,532141,6464,94.53
20260929,532143,22394,53.7
20260929,532144,41307,36.66
20260929,532145,24,100.0
20260929,532149,188945,49.71
20260929,532150,10166,57.55
20260929,532154,589587,67.94
20260929,532155,72571,47.41
20260929,532156,8099,40.25
20260929,532159,7155,77.58
20260929,532160,9078,70.05
20260929,532162,6098,54.48
20260929,532163,9968,46.56
20260929,532167,1043,100.0
20260929,532172,96990,76.91
20260929,532173,745,100.0
20260929,532174,403952,88.43
20260929,532175,6026,37.14
20260929,532178,63314,22.96
20260929,532180,50027,71.28
20260929,532181,38223,51.23
20260929,532183,31077,75.12
20260929,532187,17610,57.54
20260929,532189,3440,48.19
20260929,532209,102368,45.0
20260929,532210,86380,56.08
20260929,532212,4004,94.68
20260929,532215,37764,54.14
20260929,532216,1120,99.82
20260929,532217,322,100.0
20260929,532218,485265,50.52
20260929,532219,1769,86.42
20260929,532221,414016,92.98
20260929,532230,22,100.0
20260929,532234,62688,46.65
20260929,532240,4839,62.75
20260929,532256,50,81.97
20260929,532259,2020,14.45
20260929,532262,1,100.0
20260929,532268,817,89.19
20260929,532271,57140,92.91
20260929,532275,20340,55.46
20260929,532281,28729,47.92
20260929,532284,10436,99.8
20260929,532285,12289,52.26
20260929,532286,5646,56.95
20260929,532290,7095,55.2
20260929,532296,21939,60.09
20260929,532300,20654,36.42
20260929,532304,487,66.08
20260929,532305,25250,58.41
20260929,532309,16534,73.04
20260929,532310,3018,81.86
20260929,532313,2473,61.62
20260929,532315,1491,99.4
20260929,532320,442,77.27
20260929,532321,29332,40.07
20260929,532323,32025,86.53
20260929,532324,1207,100.0
20260929,532326,1103,99.91
20260929,532329,3127,100.0
20260929,532331,2197,64.92
20260929,532332,1,100.0
20260929,532333,222,68.94
20260929,532334,545,71.99
20260929,532335,13,100.0
20260929,532339,2511,99.8
20260929,532340,3093,100.0
20260929,532341,1868,46.78
20260929,532343,130664,93.87
20260929,532344,578,93.08
20260929,532348,453805,54.18
20260929,532349,6748,40.84
20260929,532350,100,100.0
20260929,532351,33375,100.0
20260929,532354,2527,100.0
20260929,532355,204,53.54
20260929,532356,14113,57.2
20260929,532357,204,100.0
20260929,532359,106455,76.37
20260929,532362,5245,71.16
20260929,532365,1287,57.05
20260929,532366,6886,53.03
20260929,532368,209955,65.64
20260929,532369,3486,61.02
20260929,532370,2137,70.09
20260929,532371,134373,21.91
20260929,532372,25419,93.98
20260929,532373,1662,69.05
20260929,532374,93059,100.0
20260929,532375,4740,64.2
20260929,532376,705,85.04
20260929,532378,211,100.0
20260929,532379,21989,100.0
20260929,532380,126408,37.07
20260929,532382,2302,80.91
20260929,532384,1611,46.03
20260929,532386,64739,100.0
20260929,532387,1100,100.0
20260929,532388,152466,46.31
20260929,532390,1475,64.78
20260929,532392,566,100.0
20260929,532395,106878,60.06
20260929,532397,400,100.0
20260929,532398,217,95.59
20260929,532400,22837,34.62
20260929,532402,3812,58.79
20260929,532404,2087,65.77
20260929,532406,51765,58.72
20260929,532407,52014,41.44
20260929,532408,23027,100.0
20260929,532410,895,74.9
20260929,532416,3448,92.59
20260929,532419,3862,100.0
20260929,532424,164912,75.34
20260929,532425,34951,100.0
20260929,532430,1906,64.15
20260929,532432,253730,70.29
20260929,532435,1288,61.33
20260929,532439,13228,54.52
20260929,532440,370,52.33
20260929,532443,463,81.51
20260929,532444,2521,100.0
20260929,532454,367634,79.63
20260929,532455,3766,75.49
20260929,532456,4483,100.0
20260929,532457,6690,67.24
20260929,532460,1481,72.42
20260929,532461,303759,40.43
20260929,532466,1939,48.23
20260929,532467,17903,71.27
20260929,532468,281,66.12
20260929,532475,5734,59.43
20260929,532477,215366,40.01
20260929,532478,61710,95.02
20260929,532481,77331,27.05
20260929,532482,15259,39.26
20260929,532483,566679,56.33
20260929,532485,31572,94.18
20260929,532486,1255,47.45
20260929,532488,14587,61.49
20260929,532493,11652,42.99
20260929,532497,6657,65.18
20260929,532500,13541,50.01
20260929,532503,2,66.67
20260929,532504,3070,56.56
20260929,532505,286506,60.31
20260929,532507,25637,86.08
20260929,532508,36069,75.3
20260929,532509,2195,35.69
20260929,532513,2369,80.52
20260929,532514,47439,40.0
20260929,532515,581,88.16
20260929,532521,51,100.0
20260929,532522,31633,65.57
20260929,532523,73854,50.43
20260929,532524,69631,61.8
20260929,532525,402652,20.27
20260929,532527,13582,48.04
20260929,532528,4140,43.25
20260929,532529,12466,85.68
20260929,532531,3449,21.48
20260929,532538,3599,62.78
20260929,532539,7963,40.29
20260929,532540,104624,56.09
20260929,532541,22211,36.49
20260929,532543,5942,100.0
20260929,532548,2947,52.63
20260929,532553,5411,57.25
20260929,532555,480596,80.37
20260929,532604,49651,49.03
20260929,532605,16097,49.74
20260929,532610,38558,38.76
20260929,532612,313275,49.32
20260929,532613,6346,84.02
20260929,532614,2601,100.0
20260929,532616,4652,94.46
20260929,532624,37,90.24
20260929,532626,13735,53.94
20260929,532627,1524213,49.47
20260929,532628,31393,100.0
20260929,532629,17,100.0
20260929,532630,8402,48.04
20260929,532633,300,91.74
20260929,532636,43403,51.26
20260929,532637,2347,80.21
20260929,532638,3623,59.29
20260929,532640,1321,100.0
20260929,532641,113719,63.18
20260929,532642,218,68.99
20260929,532644,441,61.08
20260929,532645,1110,96.1
20260929,532648,3498784,53.33
20260929,532649,11980,76.5
20260929,532650,26642,70.96
20260929,532651,5,62.5
20260929,532652,42972,47.66
20260929,532654,12628,59.09
20260929,532656,72025,62.67
20260929,532660,650,100.0
20260929,532661,2410,50.25
20260929,532662,6837,97.17
20260929,532663,704,61.86
20260929,532666,514853,77.7
20260929,532667,3463800,48.81
20260929,532668,7235,60.84
20260929,532670,289643,55.61
20260929,532673,27329,66.49
20260929,532674,2328,100.0
20260929,532676,26128,80.22
20260929,532683,558,61.93
20260929,532684,14330,67.77
20260929,532686,3447,52.34
20260929,532687,2812,56.8
20260929,532689,93326,78.93
20260929,532694,41743,77.93
20260929,532695,67,100.0
20260929,532698,7369,88.54
20260929,532699,2135,94.97
20260929,532700,133,100.0
20260929,532701,8637,100.0
20260929,532705,17819,91.33
20260929,532707,38,65.52
20260929,532708,283456,100.0
20260929,532710,32855,75.01
20260929,532712,482420,100.0
20260929,532713,225301,71.59
20260929,532714,41513,54.41
20260929,532716,1131,86.73
20260929,532717,735,46.52
20260929,532719,7659,55.33
20260929,532720,18976,57.69
20260929,532721,13859,70.98
20260929,532722,11165,48.43
20260929,532723,624,100.0
20260929,532725,4743,33.09
20260929,532726,4308,57.89
20260929,532728,777,92.28
20260929,532729,5304,62.34
20260929,532730,1721,100.0
20260929,532732,634,76.66
20260929,532733,450231,79.74
20260929,532734,80694,64.86
20260929,532735,1975207,39.19
20260929,532737,2437,43.19
20260929,532738,102832,100.0
20260929,532740,3176,78.42
20260929,532741,24133,63.02
20260929,532742,569,69.99
20260929,532744,577,94.44
20260929,532748,133243,72.42
20260929,532749,546030,85.68
20260929,532754,40724,23.98
20260929,532755,88925,87.89
20260929,532756,6784,49.16
20260929,532757,1123,72.5
20260929,532759,39242,31.16
20260929,532761,908,100.0
20260929,532762,27797,65.61
20260929,532764,1,100.0
20260929,532767,64276,53.83
20260929,532768,1719,59.85
20260929,532771,143369,69.54
20260929,532772,16289,41.94
20260929,532773,111,100.0
20260929,532774,302,96.49
20260929,532775,3625019,59.81
20260929,532776,5555,75.37
20260929,532777,222979,92.22
20260929,532779,194999,97.77
20260929,532780,46238,100.0
20260929,532782,935,100.0
20260929,532783,21290,54.32
20260929,532784,2135,62.61
20260929,532785,420,88.98
20260929,532790,3835,21.07
20260929,532794,113100,74.15
20260929,532795,1679,100.0
20260929,532796,2667,51.84
20260929,532797,5762,78.16
20260929,532798,40902,53.73
20260929,532799,3473,44.59
20260929,532801,2319,100.0
20260929,532804,494,60.39
20260929,532805,29178,29.39
20260929,532806,1640,71.74
20260929,532807,435,97.75
20260929,532808,4216,41.04
20260929,532809,17633,54.33
20260929,532810,671304,57.35
20260929,532811,3593,67.12
20260929,532812,572,85.12
20260929,532814,17576,43.46
20260929,532815,6910,31.63
20260929,532817,18491,93.88
20260929,532820,2799,92.04
20260929,532822,12250424,48.39
20260929,532825,7089,100.0
20260929,532826,2374,94.73
20260929,532827,2007,83.31
20260929,532828,4393,100.0
20260929,532829,1955,18.36
20260929,532830,5729,40.03
20260929,532832,59021,68.26
20260929,532834,54490,70.42
20260929,532835,315,68.03
20260929,532839,187432,95.99
20260929,532841,521,95.07
20260929,532842,2234,74.07
20260929,532843,101986,61.72
20260929,532845,39196,97.02
20260929,532847,20425,95.18
20260929,532848,420122,51.54
20260929,532850,38413,100.0
20260929,532851,399,67.86
20260929,532853,923,100.0
20260929,532855,646,98.48
20260929,532856,46596,48.37
20260929,532859,630,70.95
20260929,532864,18003,60.94
20260929,532866,34318,97.17
20260929,532867,27168,56.36
20260929,532868,39482,41.69
20260929,532869,2351,90.46
20260929,532870,22328,100.0
20260929,532872,83169,52.19
20260929,532873,28468,100.0
20260929,532875,26640,48.08
20260929,532878,1004,100.0
20260929,532880,8788,29.61
20260929,532884,12329,74.82
20260929,532885,367748,57.67
20260929,532887,10118,100.0
20260929,532888,42580,42.4
20260929,532889,5237,63.61
20260929,532890,21224,100.0
20260929,532891,7856,71.05
20260929,532892,11813,52.39
20260929,532893,14821,57.98
20260929,532894,15306,85.52
20260929,532895,571,92.39
20260929,532896,1006,100.0
20260929,532898,380753,67.34
20260929,532899,10349,54.24
20260929,532900,254607,34.84
20260929,532902,42446,86.27
20260929,532904,1072,79.82
20260929,532906,4413,79.7
20260929,532907,240,100.0
20260929,532911,87368,93.79
20260929,532915,18271,55.1
20260929,532916,628,93.04
20260929,532918,3803,78.03
20260929,532921,51587,65.93
20260929,532922,109792,44.58
20260929,532923,16040,49.37
20260929,532924,467,71.41
20260929,532926,53265,63.78
20260929,532927,8345,48.84
20260929,532928,30684,40.38
20260929,532929,8828,52.09
20260929,532930,7447,100.0
20260929,532931,10041,100.0
20260929,532932,3013,94.13
20260929,532933,13185,59.13
20260929,532934,333,100.0
20260929,532935,790,100.0
20260929,532937,928,58.55
20260929,532939,1234140,55.95
20260929,532940,1027,60.38
20260929,532941,14337,100.0
20260929,532942,41000,45.83
20260929,532944,7878,100.0
20260929,532945,323922,62.47
20260929,532946,1,100.0
20260929,532947,837741,63.55
20260929,532951,4657,77.75
20260929,532952,140,96.55
20260929,532953,3442,53.26
20260929,532955,1311950,61.07
20260929,532957,385,96.49
20260929,532966,26319,47.39
20260929,532967,9912,39.06
20260929,532974,2332,83.55
20260929,532975,561,100.0
20260929,532976,4545,42.57
20260929,532977,3053,56.07
20260929,532978,51578,79.45
20260929,532980,14427,64.36
20260929,532983,1822,57.17
20260929,532985,2011,60.88
20260929,532986,3034,99.35
20260929,532989,2995,100.0
20260929,532992,537,100.0
20260929,532993,2128,99.12
20260929,532994,655,68.37
20260929,532998,1306,73.49
20260929,533001,704,75.46
20260929,533006,24574,100.0
20260929,533007,102216,100.0
20260929,533012,888,85.38
20260929,533014,2281,72.55
20260929,533022,1635,48.59
20260929,533023,2190,43.65
20260929,533029,1763,100.0
20260929,533033,3236,83.7
20260929,533047,3890,59.99
20260929,533048,117812,100.0
20260929,533056,7036,75.59
20260929,533080,4296,68.39
20260929,533088,2237,56.16
20260929,533090,5633284,79.11
20260929,533093,55,100.0
20260929,533095,91,91.0
20260929,533096,1182319,38.21
20260929,533098,210820,54.12
20260929,533100,3482,94.31
20260929,533101,200,100.0
20260929,533104,2697,73.01
20260929,533106,17777,55.12
20260929,533107,1026,100.0
20260929,533108,79,100.0
20260929,533110,12,100.0
20260929,533121,446,73.72
20260929,533122,1351471,58.97
20260929,533137,4117,76.11
20260929,533138,1780,73.74
20260929,533146,6395,67.03
20260929,533148,519540,90.84
20260929,533149,3499,99.15
20260929,533150,10615,52.14
20260929,533151,9046,83.14
20260929,533152,14298,85.79
20260929,533155,138757,74.56
20260929,533156,44170,61.82
20260929,533158,1353,33.35
20260929,533160,26305,54.97
20260929,533162,148272,35.0
20260929,533164,25214,81.13
20260929,533166,90980,71.26
20260929,533167,11077,95.11
20260929,533168,4381,96.12
20260929,533169,79143,62.84
20260929,533170,1355,100.0
20260929,533172,911,99.89
20260929,533177,30988,100.0
20260929,533179,5737,43.41
20260929,533181,1216,100.0
20260929,533192,10881,100.0
20260929,533193,12098,80.64
20260929,533202,109208,82.67
20260929,533203,5691,95.28
20260929,533206,232735,48.24
20260929,533208,1884,100.0
20260929,533210,1806,82.02
20260929,533212,1567,99.37
20260929,533217,4931,100.0
20260929,533218,601,99.67
20260929,533221,105,100.0
20260929,533227,100,100.0
20260929,533229,11497,32.27
20260929,533230,52427,46.97
20260929,533239,33963,95.46
20260929,533244,119156,64.64
20260929,533248,76411,71.58
20260929,533252,28,100.0
20260929,533257,14908,61.12
20260929,533259,3041,99.93
20260929,533260,1847,92.72
20260929,533262,2505,72.82
20260929,533263,247043,64.21
20260929,533267,1056,68.22
20260929,533268,2719,100.0
20260929,533269,15029,41.48
20260929,533270,682,89.97
20260929,533271,36959,58.98
20260929,533272,49742,57.48
20260929,533273,1427,46.02
20260929,533274,1909,41.12
20260929,533275,136282,75.46
20260929,533278,70734,56.77
20260929,533282,4867,49.66
20260929,533284,1634,85.95
20260929,533285,58681,62.02
20260929,533286,15603,47.67
20260929,533287,78731,75.65
20260929,533292,3888,77.45
20260929,533293,95496,36.19
20260929,533294,882,98.22
20260929,533295,44317,76.31
20260929,533296,2742,97.79
20260929,533298,6300,91.11
20260929,533301,62014,100.0
20260929,533302,45,71.43
20260929,533303,1476,81.73
20260929,533306,202,84.17
20260929,533315,44626,100.0
20260929,533316,212,71.62
20260929,533326,134051,61.09
20260929,533329,10784,82.71
20260929,533333,549778,40.41
20260929,533336,45,97.83
20260929,533339,14258,48.01
20260929,533343,351,100.0
20260929,533344,76997,48.8
20260929,533385,20290,57.35
20260929,533398,23320,58.04
20260929,533407,1966,100.0
20260929,533408,4422,57.89
20260929,533427,22349,56.64
20260929,533451,864,90.47
20260929,533452,5232,100.0
20260929,533470,14827,82.6
20260929,533477,1,100.0
20260929,533482,3535,100.0
20260929,533506,111087,66.68
20260929,533519,139061,45.12
20260929,533520,517266,62.0
20260929,533540,3431,69.93
20260929,533543,2846,71.6
20260929,533552,3949,60.6
20260929,533553,87115,41.01
20260929,533570,19922,80.48
20260929,533573,4187,46.04
20260929,533576,15669,88.15
20260929,533581,27621,40.34
20260929,533602,53771,81.0
20260929,533608,3294,90.49
20260929,533629,4318,100.0
20260929,533632,23348,100.0
20260929,533638,4165,100.0
20260929,533644,1069,77.58
20260929,533655,10860,53.7
20260929,533676,62578,54.9
20260929,533704,79852,77.94
20260929,533719,13007,73.14
20260929,533758,6137,57.77
20260929,533761,4352,29.22
20260929,533941,2952,48.25
20260929,533982,4411,82.9
20260929,534060,1510143,78.91
20260929,534064,17429,100.0
20260929,534076,14046,37.12
20260929,534091,52418,42.62
20260929,534139,5575,47.68
20260929,534190,242,100.0
20260929,534309,319205,43.48
20260929,534312,3587,100.0
20260929,534328,26,100.0
20260929,534369,396663,100.0
20260929,534392,1728,54.29
20260929,534422,4722,93.15
20260929,534425,782,100.0
20260929,534532,16378,99.4
20260929,534535,1088369,100.0
20260929,534597,52596,45.14
20260929,534598,3398,88.24
20260929,534600,56904,47.51
20260929,534612,6841,64.33
20260929,534615,7675,100.0
20260929,534618,4771,42.31
20260929,534623,3380,94.97
20260929,534674,48327,100.0
20260929,534675,15405,87.91
20260929,534680,24,100.0
20260929,534691,20794,97.26
20260929,534732,1688,83.32
20260929,534733,116412,100.0
20260929,534741,15298,100.0
20260929,534742,4144,82.34
20260929,534748,204025,65.24
20260929,534755,102030,100.0
20260929,534796,4135,99.69
20260929,534804,831,54.53
20260929,534809,4888820,41.28
20260929,534816,72556,46.86
20260929,534920,2502,100.0
20260929,534976,1913,51.72
20260929,535136,2724,66.78
20260929,535204,8557,100.0
20260929,535205,20853,73.58
20260929,535267,187817,98.13
20260929,535276,7214,94.33
20260929,535322,632,68.47
20260929,535387,621,87.96
20260929,535431,64811,81.21
20260929,535458,518,97.19
20260929,535566,6,85.71
20260929,535601,621,100.0
20260929,535602,1843,64.71
20260929,535621,155,78.68
20260929,535648,1133,64.71
20260929,535657,1236,92.51
20260929,535667,1,50.0
20260929,535693,11912,91.17
20260929,535719,20729,75.81
20260929,535730,722717,53.31
20260929,535754,7766,78.79
20260929,535755,237309,37.98
20260929,535789,187778,44.55
20260929,535910,2254,100.0
20260929,535916,2160,73.49
20260929,535917,60000,100.0
20260929,535958,317886,83.32
20260929,536073,166708,72.5
20260929,536264,5503,74.35
20260929,536493,284,64.25
20260929,536507,13121,100.0
20260929,536565,1293,92.75
20260929,536659,2580478,65.98
20260929,536672,14272,89.31
20260929,536709,9868,100.0
20260929,536737,1200,100.0
20260929,536773,681,79.19
20260929,536846,11105,98.86
20260929,536960,27187,67.12
20260929,536974,1535,82.39
20260929,537007,52107,85.54
20260929,537008,6101,91.95
20260929,537069,1602,100.0
20260929,537254,115,100.0
20260929,537259,492,49.35
20260929,537291,323,86.36
20260929,537292,221,82.46
20260929,537326,6044,93.59
20260929,537392,3435,100.0
20260929,537483,3783,71.99
20260929,537536,762,84.67
20260929,537707,446639,82.76
20260929,537708,11247,35.27
20260929,537709,9269,100.0
20260929,537750,10261,77.86
20260929,537766,109424,70.9
20260929,537785,4714,91.77
20260929,537800,1782988,37.42
20260929,537820,10459,100.0
20260929,537839,2000,99.7
20260929,537985,4676,70.73
20260929,538057,35763,65.95
20260929,538081,716,100.0
20260929,538092,1,100.0
20260929,538119,11359,100.0
20260929,538212,16262,100.0
20260929,538268,1405,75.7
20260929,538351,20002,100.0
20260929,538365,700,100.0
20260929,538395,132,100.0
20260929,538401,98636,48.16
20260929,538422,114887,65.8
20260929,538446,16944,78.9
20260929,538451,1716037,91.72
20260929,538464,5685,89.75
20260929,538476,16866,100.0
20260929,538496,3000,100.0
20260929,538520,13311,99.91
20260929,538521,4826,68.85
20260929,538539,20988,71.17
20260929,538540,220059,87.74
20260929,538542,754,90.3
20260929,538546,7153,44.08
20260929,538556,1177,63.52
20260929,538562,8954,38.57
20260929,538563,55,98.21
20260929,538564,694,73.67
20260929,538565,3630,72.76
20260929,538567,1212,54.11
20260929,538568,17150,100.0
20260929,538569,3784,100.0
20260929,538596,659,100.0
20260929,538597,2543,100.0
20260929,538598,3824,69.69
20260929,538607,92606,92.27
20260929,538609,293,92.43
20260929,538610,1081233,100.0
20260929,538611,78,100.0
20260929,538634,450,81.82
20260929,538635,12448,85.24
20260929,538646,422,100.0
20260929,538666,5073,56.62
20260929,538668,5376,26.46
20260929,538674,3,100.0
20260929,538683,26895,89.2
20260929,538685,325,93.12
20260929,538706,125679,69.41
20260929,538707,12,100.0
20260929,538708,1176,100.0
20260929,538713,2232,86.98
20260929,538714,308,98.4
20260929,538715,5043,100.0
20260929,538716,3,100.0
20260929,538730,5103,61.73
20260929,538732,604,100.0
20260929,538734,3474,65.7
20260929,538742,2092,100.0
20260929,538743,1600,100.0
20260929,538770,13,100.0
20260929,538772,26993,67.81
20260929,538778,6055,78.07
20260929,538786,1335,100.0
20260929,538787,122355,76.96
20260929,538788,11399,78.82
20260929,538795,200,99.5
20260929,538812,3787,100.0
20260929,538817,71460,78.86
20260929,538833,1540,100.0
20260929,538834,14259,90.48
20260929,538835,14861,61.92
20260929,538836,2737,73.36
20260929,538837,6369,72.89
20260929,538838,32,100.0
20260929,538857,3268,100.0
20260929,538860,79635,100.0
20260929,538862,390,97.5
20260929,538868,115979,100.0
20260929,538874,3126,100.0
20260929,538881,461,100.0
20260929,538882,18163,71.8
20260929,538890,5851,81.63
20260929,538891,125020,36.75
20260929,538895,2901,100.0
20260929,538896,220,70.97
20260929,538897,155,100.0
20260929,538902,5305,100.0
20260929,538918,390,98.73
20260929,538920,60875,70.28
20260929,538922,969,87.69
20260929,538923,112367,100.0
20260929,538926,29835,66.03
20260929,538928,15246,73.4
20260929,538935,57,69.51
20260929,538952,26202,99.99
20260929,538961,83677,87.6
20260929,538962,14412,59.27
20260929,538964,38,100.0
20260929,538965,2789,59.61
20260929,538970,102528,78.77
20260929,538975,122570,100.0
20260929,538979,1113,66.09
20260929,538987,1763,70.92
20260929,538992,229,100.0
20260929,539006,943,57.5
20260929,539011,160,70.18
20260929,539012,240,93.75
20260929,539013,596,100.0
20260929,539014,14,100.0
20260929,539016,950,99.89
20260929,539017,35252,77.72
20260929,539018,757,97.43
20260929,539031,576,77.21
20260929,539032,11061,99.12
20260929,539040,33849,63.17
20260929,539041,5000,100.0
20260929,539042,15814,59.8
20260929,539044,10539,100.0
20260929,539045,6326,97.31
20260929,539046,6583,61.1
20260929,539056,69224,68.42
20260929,539083,235760,39.77
20260929,539090,16289,54.14
20260929,539091,7288139,100.0
20260929,539097,34095,100.0
20260929,539110,1,100.0
20260929,539111,103,100.0
20260929,539113,78,90.7
20260929,539115,8516,100.0
20260929,539117,1657,6.6
20260929,539118,2943,68.59
20260929,539120,881,100.0
20260929,539121,6668,86.44
20260929,539122,3666,91.72
20260929,539123,2846,73.96
20260929,539124,203,98.07
20260929,539126,11606,100.0
20260929,539132,948093,89.33
20260929,539141,4129,65.19
20260929,539143,27392,80.86
20260929,539148,4344,63.01
20260929,539149,7975,55.0
20260929,539150,57798,74.18
20260929,539151,143921,71.08
20260929,539167,4,100.0
20260929,539174,305,100.0
20260929,539176,6,100.0
20260929,539177,3655,57.64
20260929,539189,1005,99.5
20260929,539190,1800,99.89
20260929,539195,3681,68.98
20260929,539196,5019,68.84
20260929,539199,7967,43.81
20260929,539200,311569,100.0
20260929,539201,2634,67.54
20260929,539206,378,100.0
20260929,539216,178621,95.1
20260929,539217,2739372,43.82
20260929,539218,1,100.0
20260929,539219,13445,78.63
20260929,539220,2085,88.8
20260929,539221,3975,59.03
20260929,539222,1294513,63.02
20260929,539226,10991,82.54
20260929,539227,2003,81.96
20260929,539228,55023,100.0
20260929,539251,2597,56.53
20260929,539252,16585,100.0
20260929,539254,37271,42.73
20260929,539255,629,92.91
20260929,539265,1200,100.0
20260929,539267,2723,51.25
20260929,539268,13823,39.31
20260929,539273,2000,66.67
20260929,539276,148,100.0
20260929,539278,3797,78.99
20260929,539287,1410,82.46
20260929,539289,2385,89.59
20260929,539290,834,93.5
20260929,539300,845,72.53
20260929,539301,1057,35.99
20260929,539302,6263,51.24
20260929,539309,678952,100.0
20260929,539310,259538,100.0
20260929,539312,171,100.0
20260929,539313,4865,87.34
20260929,539314,416,49.94
20260929,539331,14628,74.29
20260929,539332,21558,71.92
20260929,539334,2676,75.74
20260929,539335,364,97.85
20260929,539336,71783,41.14
20260929,539337,1925,73.33
20260929,539346,6252,94.86
20260929,539353,1,100.0
20260929,539354,87,97.75
20260929,539359,62426,58.79
20260929,539383,350,100.0
20260929,539391,2753,100.0
20260929,539398,1359,75.75
20260929,539399,307,62.15
20260929,539402,6352,100.0
20260929,539404,14140,55.25
20260929,539405,2000,100.0
20260929,539406,34,100.0
20260929,539407,4506,87.16
20260929,539408,15751,100.0
20260929,539428,923,65.88
20260929,539435,61,54.95
20260929,539436,29209,56.93
20260929,539437,928357,53.77
20260929,539448,14538,47.31
20260929,539449,19303,82.43
20260929,539450,13825,51.6
20260929,539455,15902,93.1
20260929,539468,45837,100.0
20260929,539469,57106,44.59
20260929,539470,580508,79.12
20260929,539479,51754,55.62
20260929,539480,44,91.67
20260929,539487,20,100.0
20260929,539492,1110,86.72
20260929,539494,4062,71.35
20260929,539495,21,100.0
20260929,539506,136302,83.03
20260929,539515,435,100.0
20260929,539516,3858,72.07
20260929,539517,21598,73.49
20260929,539518,2218,82.64
20260929,539519,624903,100.0
20260929,539522,199,100.0
20260929,539523,1123,61.43
20260929,539524,3794,53.92
20260929,539526,206910,78.54
20260929,539527,123,86.62
20260929,539528,32881,71.81
20260929,539533,535165,71.22
20260929,539542,786,63.08
20260929,539545,167,100.0
20260929,539546,2795,32.51
20260929,539551,21171,62.48
20260929,539552,24658,97.19
20260929,539559,293802,100.0
20260929,539561,1231958,100.0
20260929,539562,714,100.0
20260929,539593,17499,100.0
20260929,539594,538643,69.05
20260929,539596,22918,99.99
20260929,539598,59179,74.02
20260929,539599,29,100.0
20260929,539607,779029,52.13
20260929,539620,530,100.0
20260929,539621,2020,100.0
20260929,539636,7892,72.84
20260929,539658,660,74.32
20260929,539659,7719,83.96
20260929,539660,56885,70.15
20260929,539661,38501,95.29
20260929,539662,3863,97.85
20260929,539669,22429,100.0
20260929,539673,8829,100.0
20260929,539678,6611,71.42
20260929,539679,5274058,100.0
20260929,539682,3740,17.66
20260929,539686,8661,50.14
20260929,539692,12321,95.01
20260929,539697,11567,100.0
20260929,539724,109234,100.0
20260929,539725,8704,53.54
20260929,539730,4752,43.87
20260929,539742,8581,100.0
20260929,539760,965,74.69
20260929,539761,249784,77.55
20260929,539762,12293,69.0
20260929,539767,70900,44.85
20260929,539770,3016,97.38
20260929,539773,48897,93.61
20260929,539784,18,100.0
20260929,539785,11033,64.3
20260929,539787,5825,69.03
20260929,539798,4540,60.25
20260929,539799,5669,63.54
20260929,539800,9868,96.47
20260929,539807,166376,42.81
20260929,539814,1671,70.12
20260929,539834,11,42.31
20260929,539835,22554,100.0
20260929,539837,1258,39.39
20260929,539841,17111,59.04
20260929,539843,178,90.82
20260929,539854,4072,99.78
20260929,539871,11683,79.89
20260929,539872,4465,51.71
20260929,539875,194,100.0
20260929,539876,43856,45.15
20260929,539883,127,81.94
20260929,539884,15039,75.08
20260929,539889,96055,50.24
20260929,539894,15846,84.92
20260929,539895,29260,100.0
20260929,539900,495,50.98
20260929,539921,14784,70.38
20260929,539922,297,100.0
20260929,539938,1515,84.83
20260929,539939,307,55.42
20260929,539945,43349,67.94
20260929,539946,200,100.0
20260929,539947,55,100.0
20260929,539956,5044,60.6
20260929,539957,2018,58.92
20260929,539963,18981,80.02
20260929,539978,9495,71.03
20260929,539980,9262,66.79
20260929,539984,168,100.0
20260929,539985,45000,100.0
20260929,539986,12169,57.76
20260929,539991,5776,100.0
20260929,539992,639510,34.46
20260929,539997,1350,57.45
20260929,540005,7696,43.87
20260929,540006,5592,100.0
20260929,540008,144,100.0
20260929,540023,776,93.95
20260929,540025,11878,77.65
20260929,540026,1340,78.36
20260929,540047,4864,65.86
20260929,540048,531,60.48
20260929,540061,5088,81.95
20260929,540062,2,100.0
20260929,540065,27188,24.5
20260929,540072,240000,100.0
20260929,540073,52266,53.93
20260929,540078,14343,88.15
20260929,540079,221437,39.14
20260929,540080,3237,99.08
20260929,540082,1800,100.0
20260929,540083,3885,100.0
20260929,540097,5686,68.64
20260929,540115,4611,76.03
20260929,540124,9673,41.45
20260929,540125,27640,100.0
20260929,540132,86396,100.0
20260929,540133,60894,55.6
20260929,540135,1764216,72.97
20260929,540136,2820,74.17
20260929,540143,1470,54.36
20260929,540145,3037,55.26
20260929,540146,1000,100.0
20260929,540147,55083,73.54
20260929,540151,750,100.0
20260929,540153,1231,43.76
20260929,540159,2011,98.43
20260929,540168,52109,82.28
20260929,540173,58890,69.05
20260929,540174,161,67.65
20260929,540175,54016,32.47
20260929,540180,599512,84.45
20260929,540181,174,92.06
20260929,540189,22,100.0
20260929,540190,1635696,52.4
20260929,540192,7473,82.37
20260929,540198,877,81.13
20260929,540199,39,92.86
20260929,540203,6123,59.14
20260929,540204,13958,75.69
20260929,540205,2475,48.1
20260929,540210,2064,99.04
20260929,540212,139522,38.12
20260929,540222,39501,58.9
20260929,540243,24430,100.0
20260929,540252,216215,46.05
20260929,540254,219584,100.0
20260929,540259,1189418,84.8
20260929,540266,16201,90.3
20260929,540267,14,100.0
20260929,540268,446,100.0
20260929,540269,20000,100.0
20260929,540293,4265,51.32
20260929,540310,8425,100.0
20260929,540311,2303,93.39
20260929,540358,3630,57.25
20260929,540360,296816,100.0
20260929,540361,46962,90.66
20260929,540366,1523,70.8
20260929,540376,8556,59.04
20260929,540377,1128620,95.86
20260929,540386,30440,100.0
20260929,540393,219,100.0
20260929,540395,400,100.0
20260929,540396,13202,49.18
20260929,540401,19662,62.42
20260929,540403,646,65.99
20260929,540404,6834,56.56
20260929,540405,195,99.49
20260929,540425,3743,91.67
20260929,540455,25,100.0
20260929,540481,100,100.0
20260929,540492,122676,81.91
20260929,540497,964,83.54
20260929,540515,51,100.0
20260929,540519,12896,68.29
20260929,540526,15371,67.36
20260929,540530,274748,71.83
20260929,540544,1088,42.99
20260929,540545,2684,100.0
20260929,540565,24574,72.47
20260929,540570,166786,56.42
20260929,540575,19838,71.0
20260929,540590,106,100.0
20260929,540595,20324,31.94
20260929,540596,4282,32.63
20260929,540597,2474,99.92
20260929,540602,1218,93.4
20260929,540611,19836,46.21
20260929,540612,9243,70.87
20260929,540615,13119,100.0
20260929,540642,821437,56.8
20260929,540648,90,50.0
20260929,540649,1189,38.29
20260929,540650,236,59.75
20260929,540651,0,0.0
20260929,540652,750,100.0
20260929,540654,11601,61.75
20260929,540669,1514,60.51
20260929,540673,16553,59.46
20260929,540678,135495,71.19
20260929,540679,3,100.0
20260929,540680,2951,48.83
20260929,540686,5901,76.52
20260929,540691,41503,42.85
20260929,540692,6218,60.34
20260929,540693,171240,52.6
20260929,540694,2430,100.0
20260929,540696,48626,100.0
20260929,540699,5257,27.7
20260929,540700,6657,85.96
20260929,540701,10356,70.73
20260929,540703,23971,100.0
20260929,540704,339,88.74
20260929,540709,138009,100.0
20260929,540710,20068,74.95
20260929,540716,438073,96.59
20260929,540717,60598,87.87
20260929,540718,43375,85.05
20260929,540719,4091,53.47
20260929,540724,295,86.26
20260929,540725,21206,34.22
20260929,540726,43877,78.69
20260929,540727,10700,69.46
20260929,540728,1010,99.8
20260929,540729,750,100.0
20260929,540730,1160729,85.42
20260929,540735,1233,77.5
20260929,540737,1708,55.96
20260929,540738,13535,61.17
20260929,540743,8468,58.54
20260929,540749,3731,59.53
20260929,540750,227593,61.28
20260929,540755,17496,56.74
20260929,540757,879,100.0
20260929,540762,57644,88.98
20260929,540767,17809,47.18
20260929,540768,9611,61.78
20260929,540769,137809,49.98
20260929,540774,988,91.57
20260929,540775,3921,100.0
20260929,540776,1791,83.73
20260929,540777,34969,37.45
20260929,540782,1000,100.0
20260929,540786,182238,76.18
20260929,540787,9517,57.14
20260929,540788,1766,99.66
20260929,540789,3739,87.1
20260929,540795,17249,66.24
20260929,540796,2,100.0
20260929,540797,3929,78.9
20260929,540809,140913,91.97
20260929,540811,5000,100.0
20260929,540821,17342,91.6
20260929,540824,2,100.0
20260929,540829,4385,100.0
20260929,540874,21875,62.82
20260929,540879,135798,41.91
20260929,540900,43642,32.72
20260929,540901,11334,78.18
20260929,540902,6553,47.55
20260929,540904,1144,100.0
20260929,540914,31808,60.25
20260929,540923,4479,88.78
20260929,540935,1225,71.18
20260929,540936,11492,59.66
20260929,540937,83730,71.83
20260929,540938,30000,100.0
20260929,540952,1521,96.14
20260929,540953,51569,69.11
20260929,540954,24101,29.31
20260929,540955,1159,100.0
20260929,540956,96462,72.34
20260929,540961,13,100.0
20260929,540975,25284,37.5
20260929,540980,4,100.0
20260929,541006,4000,100.0
20260929,541019,6496,50.98
20260929,541083,1500,85.71
20260929,541096,5362,69.33
20260929,541097,2544,72.91
20260929,541143,27965,45.15
20260929,541144,2301,80.2
20260929,541152,10123,99.31
20260929,541153,262661,53.39
20260929,541154,50867,60.93
20260929,541161,34064,100.0
20260929,541163,2630,52.34
20260929,541167,1562,64.76
20260929,541178,2000,100.0
20260929,541195,35628,57.14
20260929,541206,1485,99.73
20260929,541228,6466,100.0
20260929,541233,111287,57.24
20260929,541269,423,75.81
20260929,541276,19282,84.7
20260929,541301,9664,62.08
20260929,541302,15,100.0
20260929,541303,74545,44.17
20260929,541304,56,60.87
20260929,541313,6276,93.7
20260929,541336,3278,68.42
20260929,541337,3000,100.0
20260929,541338,55715,73.46
20260929,541347,19891,100.0
20260929,541352,1808,93.44
20260929,541353,2400,75.0
20260929,541358,4424,100.0
20260929,541400,4976,54.93
20260929,541402,3284,80.95
20260929,541403,6826,60.66
20260929,541418,15,100.0
20260929,541444,1375,100.0
20260929,541445,800,100.0
20260929,541450,46562,47.26
20260929,541540,14544,51.57
20260929,541546,27895,67.13
20260929,541556,32766,58.1
20260929,541557,65,60.19
20260929,541578,3877,47.34
20260929,541601,1059040,56.49
20260929,541634,656,100.0
20260929,541702,288946,100.0
20260929,541729,58133,66.71
20260929,541735,32355,76.92
20260929,541741,7209,100.0
20260929,541770,8826,56.24
20260929,541771,10442,100.0
20260929,541778,568,100.0
20260929,541809,85127,76.94
20260929,541865,8874,97.94
20260929,541890,65382,100.0
20260929,541929,700,91.5
20260929,541946,322714,81.31
20260929,541956,186279,62.35
20260929,541967,37886,55.66
20260929,541972,226,83.39
20260929,541973,1500,100.0
20260929,541974,5659,62.75
20260929,541988,44206,88.96
20260929,542011,29512,49.57
20260929,542012,997654,100.0
20260929,542013,793,63.14
20260929,542019,4572,78.49
20260929,542020,8161,100.0
20260929,542034,3390,57.0
20260929,542046,421528,48.01
20260929,542057,715,75.1
20260929,542066,38283,48.54
20260929,542131,6573,50.65
20260929,542141,9252,58.78
20260929,542146,1250,100.0
20260929,542155,4000,100.0
20260929,542176,94,100.0
20260929,542206,2870,100.0
20260929,542216,493,43.47
20260929,542230,22287,99.55
20260929,542231,30136,56.03
20260929,542232,807,94.17
20260929,542233,1519,85.48
20260929,542248,1488,94.42
20260929,542285,171532,44.14
20260929,542323,53898,39.64
20260929,542332,1000,100.0
20260929,542333,292,86.9
20260929,542337,6877,92.73
20260929,542351,78,98.73
20260929,542367,1484,67.33
20260929,542383,1972,85.74
20260929,542399,50135,79.87
20260929,542437,5207,100.0
20260929,542446,236626,80.85
20260929,542459,9583,93.68
20260929,542460,1326,60.08
20260929,542484,10705,59.15
20260929,542513,1201,98.36
20260929,542524,601,98.85
20260929,542543,400000,88.89
20260929,542579,436043,58.59
20260929,542580,680,100.0
20260929,542597,2498,59.82
20260929,542602,75296,86.47
20260929,542627,15156,100.0
20260929,542628,12365,86.12
20260929,542649,342124,48.57
20260929,542650,4441,61.96
20260929,542651,121756,52.83
20260929,542652,7181,51.34
20260929,542654,103,100.0
20260929,542655,170449,62.69
20260929,542665,3663,52.61
20260929,542666,5561,76.06
20260929,542668,1000,100.0
20260929,542669,149931,67.71
20260929,542670,2269,88.95
20260929,542677,25,100.0
20260929,542678,137,100.0
20260929,542679,1,100.0
20260929,542684,2168,100.0
20260929,542685,8131,95.07
20260929,542694,10,100.0
20260929,542721,27367,100.0
20260929,542725,437790,65.54
20260929,542726,1622,72.67
20260929,542727,75100,69.6
20260929,542729,122,90.37
20260929,542730,12230,75.39
20260929,542747,4894,73.14
20260929,542752,3724,48.61
20260929,542758,46756,78.18
20260929,542759,16565,84.57
20260929,542760,41849,57.55
20260929,542770,9521,81.43
20260929,542772,3643603,98.09
20260929,542773,12658,72.18
20260929,542774,45324,82.3
20260929,542802,77661,76.26
20260929,542803,9809,94.98
20260929,542812,2364,73.08
20260929,542830,79632,64.7
20260929,542851,21469,100.0
20260929,542852,5876,93.02
20260929,542857,4905,57.47
20260929,542862,9204,69.74
20260929,542863,2133,80.19
20260929,542865,2950,91.19
20260929,542867,4484,42.33
20260929,542904,567953,62.62
20260929,542905,1122,47.2
20260929,542907,2291,51.12
20260929,542909,12,54.55
20260929,542910,12000,100.0
20260929,542911,1,100.0
20260929,542918,6906,100.0
20260929,542919,17383,42.38
20260929,542920,8701,61.43
20260929,542921,26061,82.12
20260929,542922,6816,56.93
20260929,542933,6,100.0
20260929,543064,36233,48.06
20260929,543065,2000,100.0
20260929,543066,23654,50.88
20260929,543071,551,87.05
20260929,543083,1,100.0
20260929,543092,5010,99.76
20260929,543099,1,100.0
20260929,543110,1,50.0
20260929,543144,229,100.0
20260929,543150,7623,78.11
20260929,543153,1,50.0
20260929,543161,115,100.0
20260929,543167,1206,99.92
20260929,543171,27690,100.0
20260929,543173,3072,94.96
20260929,543174,4271,70.37
20260929,543175,655,100.0
20260929,543176,6,100.0
20260929,543177,36962,98.65
20260929,543178,1,50.0
20260929,543181,2,66.67
20260929,543182,13,92.86
20260929,543184,2,66.67
20260929,543186,111,40.81
20260929,543187,2480,43.05
20260929,543193,3170,63.53
20260929,543207,88798,95.12
20260929,543208,24134,54.17
20260929,543209,30000,100.0
20260929,543210,1543,100.0
20260929,543211,3,60.0
20260929,543212,7701,40.47
20260929,543213,2336,72.66
20260929,543214,2120,71.69
20260929,543216,302,89.09
20260929,543217,8477,76.23
20260929,543218,2747,79.9
20260929,543219,2415,68.24
20260929,543220,98767,80.75
20260929,543221,33318,81.22
20260929,543223,3060,86.17
20260929,543224,3126,68.84
20260929,543225,25000,100.0
20260929,543226,1181,82.7
20260929,543227,25644,56.7
20260929,543228,8266,55.7
20260929,543229,1,100.0
20260929,543230,2789,58.13
20260929,543232,40216,31.44
20260929,543233,1912,59.53
20260929,543235,71945,49.77
20260929,543236,1088,93.47
20260929,543237,46071,49.01
20260929,543238,3629,58.93
20260929,543240,2300,86.76
20260929,543241,5135,48.74
20260929,543242,15362,67.14
20260929,543243,51941,48.98
20260929,543244,4000,100.0
20260929,543245,14437,43.4
20260929,543246,1663,92.59
20260929,543248,58363,66.25
20260929,543249,15973,73.02
20260929,543250,86,72.27
20260929,543251,91,80.53
20260929,543252,547,100.0
20260929,543253,45843,54.08
20260929,543254,3869,63.72
20260929,543255,2045,86.29
20260929,543256,1517,75.21
20260929,543257,504633,47.1
20260929,543258,2095,68.58
20260929,543259,2096,38.42
20260929,543260,852,53.55
20260929,543261,123692,95.56
20260929,543262,1000,100.0
20260929,543263,426535,45.61
20260929,543264,1074,100.0
20260929,543265,13690,51.14
20260929,543266,3492,62.01
20260929,543267,782683,58.3
20260929,543268,9301,93.78
20260929,543270,11540,100.0
20260929,543271,10078,59.13
20260929,543272,670447,66.12
20260929,543273,12261,36.45
20260929,543275,1320,46.58
20260929,543276,4102,76.85
20260929,543277,38779,50.04
20260929,543278,163822,33.6
20260929,543279,4800,80.19
20260929,543280,30277,38.75
20260929,543281,28750,73.12
20260929,543283,1055,100.0
20260929,543284,50578,55.43
20260929,543287,74735,68.77
20260929,543288,9253,64.35
20260929,543289,6000,100.0
20260929,543290,84398,74.14
20260929,543291,24458,63.71
20260929,543292,2378,76.71
20260929,543298,26887,90.84
20260929,543299,4199,45.26
20260929,543300,62703,43.69
20260929,543306,266,57.7
20260929,543308,47870,85.13
20260929,543311,16635,66.96
20260929,543317,1017,63.8
20260929,543318,8787,44.42
20260929,543320,367377,53.37
20260929,543321,2191,60.28
20260929,543322,3044,49.67
20260929,543323,25430,83.01
20260929,543324,3700,25.03
20260929,543325,74083,49.46
20260929,543326,25656,56.81
20260929,543327,47070,97.72
20260929,543328,2627,52.86
20260929,543329,1123,37.7
20260929,543330,70422,47.29
20260929,543331,18736,42.64
20260929,543332,522,54.95
20260929,543333,2323,43.77
20260929,543334,9992,62.21
20260929,543335,57222,51.98
20260929,543336,6412,29.29
20260929,543341,681,87.2
20260929,543346,21000,77.78
20260929,543347,10,90.91
20260929,543348,61,98.39
20260929,543349,18516,50.4
20260929,543350,1593,53.98
20260929,543351,2400,100.0
20260929,543357,111,100.0
20260929,543358,10067,28.55
20260929,543363,8600,91.49
20260929,543364,1033,7.51
20260929,543365,45602,81.21
20260929,543366,9600,100.0
20260929,543367,33577,64.96
20260929,543373,16766,100.0
20260929,543374,36908,88.66
20260929,543375,2500,100.0
20260929,543376,156,97.5
20260929,543377,20000,100.0
20260929,543378,500,100.0
20260929,543383,104,100.0
20260929,543384,35530,41.12
20260929,543386,22746,85.84
20260929,543387,4200,61.25
20260929,543388,1439,54.12
20260929,543389,80180,33.35
20260929,543390,612345,50.19
20260929,543391,3750,83.33
20260929,543396,50374,34.87
20260929,543397,206376,75.91
20260929,543398,21447,54.52
20260929,543399,6484,50.7
20260929,543400,84000,84.0
20260929,543401,1669,36.89
20260929,543410,1950,100.0
20260929,543411,28094,49.7
20260929,543412,4979,45.12
20260929,543413,10917,40.76
20260929,543414,30527,71.39
20260929,543415,64895,76.64
20260929,543416,4629,85.94
20260929,543417,3338,60.67
20260929,543419,17117,57.44
20260929,543420,45783,96.19
20260929,543425,5685,52.54
20260929,543426,95237,97.36
20260929,543427,2029,57.09
20260929,543428,14568,44.64
20260929,543433,471,66.43
20260929,543434,17809,43.8
20260929,543435,4150,100.0
20260929,543437,47708,51.09
20260929,543438,8598,99.99
20260929,543440,525,100.0
20260929,543441,27307,69.74
20260929,543442,1077,98.09
20260929,543449,8611,64.27
20260929,543450,16052,61.51
20260929,543451,5267,100.0
20260929,543452,71399,46.08
20260929,543453,12375,78.57
20260929,543454,1324,88.68
20260929,543458,231298,40.18
20260929,543462,5061,47.36
20260929,543463,4950,52.6
20260929,543464,42000,80.77
20260929,543465,15573,88.88
20260929,543470,1097,99.64
20260929,543471,33753,74.07
20260929,543472,3375,73.04
20260929,543473,22343,96.22
20260929,543474,24543,62.58
20260929,543475,2400,100.0
20260929,543481,227889,76.11
20260929,543482,10509,53.37
20260929,543489,42654,79.3
20260929,543490,35291,49.47
20260929,543497,6400,53.33
20260929,543498,171350,56.04
20260929,543499,58466,80.59
20260929,543500,28000,100.0
20260929,543501,145399,46.84
20260929,543512,16720,84.56
20260929,543513,1102,100.0
20260929,543514,147493,81.97
20260929,543515,12375,68.75
20260929,543516,53200,100.0
20260929,543517,4305,56.14
20260929,543519,27000,100.0
20260929,543520,80000,100.0
20260929,543522,750,100.0
20260929,543523,11885,58.46
20260929,543524,2922,56.52
20260929,543525,24463,74.9
20260929,543526,137368,60.86
20260929,543527,9986,92.94
20260929,543528,3316,43.4
20260929,543529,2218825,92.65
20260929,543530,118540,55.21
20260929,543531,21288,75.2
20260929,543532,2170,61.61
20260929,543533,16620,49.62
20260929,543534,8050,49.61
20260929,543535,173,97.19
20260929,543538,4000,100.0
20260929,543539,590,71.52
20260929,543540,1200,66.67
20260929,543542,4200,27.81
20260929,543543,10000,81.97
20260929,543544,104250,84.24
20260929,543545,16700,100.0
20260929,543546,20000,76.92
20260929,543547,5203,64.73
20260929,543563,1766,74.64
20260929,543568,22472,57.86
20260929,543569,1885,98.07
20260929,543570,12343,90.5
20260929,543571,1434,69.54
20260929,543572,49224,56.19
20260929,543573,26976,51.17
20260929,543574,2578,98.55
20260929,543575,6114,93.73
20260929,543576,3032,70.17
20260929,543577,125,77.16
20260929,543578,4625,100.0
20260929,543590,1073466,77.93
20260929,543591,2913,88.54
20260929,543592,70118,67.13
20260929,543593,5805,53.43
20260929,543594,24000,80.0
20260929,543596,5481,56.02
20260929,543597,991,51.37
20260929,543599,1812,80.75
20260929,543600,1696,54.25
20260929,543605,1846,87.32
20260929,543606,11000,100.0
20260929,543607,726,55.42
20260929,543608,356,94.93
20260929,543613,8000,100.0
20260929,543614,985,85.73
20260929,543616,19800,82.5
20260929,543619,1900,95.0
20260929,543620,16039,61.62
20260929,543623,1500,100.0
20260929,543626,41970,43.11
20260929,543627,99,90.0
20260929,543628,66342,84.75
20260929,543635,158320,47.53
20260929,543636,3089,46.0
20260929,543637,2400,66.67
20260929,543638,21263,69.06
20260929,543643,26736,76.89
20260929,543644,7542,61.75
20260929,543645,63,54.78
20260929,543650,13771,54.04
20260929,543652,833710,51.88
20260929,543653,42970,60.31
20260929,543654,13131,68.63
20260929,543655,25000,100.0
20260929,543656,8000,100.0
20260929,543657,4249,29.97
20260929,543663,35848,53.48
20260929,543664,47276,42.93
20260929,543665,1781,81.66
20260929,543666,2018,75.89
20260929,543667,14544,35.0
20260929,543668,190,78.19
20260929,543669,1480,72.98
20260929,543670,35877,84.9
20260929,543671,1931,64.3
20260929,543677,9390,63.93
20260929,543678,8000,100.0
20260929,543686,5001,77.63
20260929,543687,1883,69.9
20260929,543688,305064,75.01
20260929,543689,2264,67.4
20260929,543699,140,88.05
20260929,543709,6500,63.41
20260929,543710,1209,68.77
20260929,543711,26663,58.41
20260929,543712,1168,100.0
20260929,543713,12000,100.0
20260929,543714,334487,41.96
20260929,543720,16759,37.18
20260929,543725,903,74.44
20260929,543732,11840,75.83
20260929,543737,367,100.0
20260929,543738,446,99.33
20260929,543743,2402,96.82
20260929,543746,6000,31.25
20260929,543747,31120,89.09
20260929,543748,20752,38.32
20260929,543754,1600,40.0
20260929,543766,62,100.0
20260929,543767,53173,98.74
20260929,543768,196730,52.01
20260929,543769,28000,100.0
20260929,543774,1130,61.78
20260929,543775,114791,86.37
20260929,543776,43422,66.61
20260929,543781,56277,55.95
20260929,543782,3420,90.48
20260929,543787,6765,71.93
20260929,543798,100000,96.15
20260929,543799,500,66.67
20260929,543805,3000,100.0
20260929,543806,6800,53.97
20260929,543811,9847,90.44
20260929,543812,2171,40.8
20260929,543813,165,100.0
20260929,543819,3076,62.99
20260929,543828,20000,100.0
20260929,543829,4055,91.12
20260929,543830,2000,100.0
20260929,543831,4125,78.57
20260929,543848,12000,100.0
20260929,543853,319,46.03
20260929,543860,3257,100.0
20260929,543861,4003,94.12
20260929,543874,24000,75.0
20260929,543875,1100,100.0
20260929,543895,40750,78.74
20260929,543896,3771,39.94
20260929,543897,21500,100.0
20260929,543898,395,87.58
20260929,543899,45003950,99.99
20260929,543900,11380,51.04
20260929,543901,1,50.0
20260929,543902,22000,40.74
20260929,543903,26717,59.77
20260929,543904,36789,44.1
20260929,543905,800,100.0
20260929,543910,1405,100.0
20260929,543911,568460,65.13
20260929,543912,2681,91.66
20260929,543913,13446,80.63
20260929,543914,16166,100.0
20260929,543915,5556,88.64
20260929,543916,17600,100.0
20260929,543917,2940,94.26
20260929,543918,13651,55.52
20260929,543919,23731,87.87
20260929,543920,25472,57.99
20260929,543921,1000,100.0
20260929,543922,3431,81.57
20260929,543923,7561,60.83
20260929,543924,14000,100.0
20260929,543926,39600,66.0
20260929,543927,1327,92.6
20260929,543928,5200,77.61
20260929,543929,94223,79.53
20260929,543930,101,100.0
20260929,543931,6200,79.49
20260929,543932,7774,62.15
20260929,543933,37199,70.73
20260929,543934,7,100.0
20260929,543935,493,99.6
20260929,543936,99717,51.2
20260929,543939,2000,100.0
20260929,543940,591604,61.87
20260929,543941,1600,100.0
20260929,543942,237126,54.77
20260929,543943,23000,76.67
20260929,543944,250,97.28
20260929,543945,19235,28.6
20260929,543946,81978,99.78
20260929,543947,1919,97.16
20260929,543948,955,61.06
20260929,543949,4450,99.55
20260929,543950,6322,30.48
20260929,543952,4070,72.77
20260929,543953,5000,20.83
20260929,543954,10400,81.68
20260929,543955,8026,67.11
20260929,543956,5758,94.97
20260929,543957,25697,54.35
20260929,543958,9108,99.01
20260929,543959,132041,53.89
20260929,543960,9078,54.15
20260929,543962,1203,100.0
20260929,543963,12000,66.67
20260929,543965,31497,55.63
20260929,543969,1401,78.66
20260929,543970,1500,100.0
20260929,543971,65200,58.95
20260929,543972,31327,46.88
20260929,543973,1356,99.93
20260929,543974,88993,52.89
20260929,543975,130,98.48
20260929,543976,12348,60.82
20260929,543977,5338,39.68
20260929,543978,48900,40.21
20260929,543979,12800,100.0
20260929,543980,20638,66.23
20260929,543981,14570,68.34
20260929,543982,30600,83.15
20260929,543983,4369,65.75
20260929,543984,36116,53.94
20260929,543985,29779,61.12
20260929,543986,4866,75.41
20260929,543988,6249,60.82
20260929,543989,19397,57.15
20260929,543990,8486,33.97
20260929,543991,7200,90.0
20260929,543992,20726,56.16
20260929,543993,356,87.47
20260929,543994,147575,62.57
20260929,543995,13464,55.62
20260929,543996,7233,66.09
20260929,543997,126000,80.46
20260929,543998,12046,100.0
20260929,543999,139690,98.34
20260929,544000,6000,100.0
20260929,544001,11000,100.0
20260929,544003,10067,70.04
20260929,544004,1931,57.9
20260929,544006,18177,84.18
20260929,544007,13310,63.81
20260929,544008,1103,33.9
20260929,544009,10324,57.45
20260929,544010,1002,100.0
20260929,544011,0,0.0
20260929,544012,11177,53.5
20260929,544013,6000,100.0
20260929,544014,378691,42.28
20260929,544020,54306,100.0
20260929,544021,24539,43.93
20260929,544022,16786,45.52
20260929,544023,6250,100.0
20260929,544025,600,100.0
20260929,544026,468181,53.49
20260929,544027,14160,40.13
20260929,544028,17647,50.48
20260929,544029,54667,64.25
20260929,544030,3952,35.12
20260929,544035,3200,100.0
20260929,544036,800,100.0
20260929,544037,6800,73.12
20260929,544042,7736,65.3
20260929,544043,138,99.28
20260929,544044,3027,61.25
20260929,544045,2269,47.92
20260929,544046,3100,35.31
20260929,544047,121500,74.31
20260929,544052,2000,100.0
20260929,544053,502227,45.52
20260929,544054,2128,57.73
20260929,544055,9340,62.98
20260929,544057,11452,91.03
20260929,544058,6362,77.54
20260929,544059,6000,60.0
20260929,544060,30701,100.0
20260929,544061,148991,33.79
20260929,544066,227,84.39
20260929,544067,3871,50.44
20260929,544074,3000,100.0
20260929,544079,166,91.71
20260929,544081,15304,34.6
20260929,544082,10000,100.0
20260929,544083,2000,100.0
20260929,544088,24806,90.33
20260929,544089,723996,80.82
20260929,544090,60,69.77
20260929,544091,11200,100.0
20260929,544092,132,100.0
20260929,544093,687,70.75
20260929,544095,17289,63.33
20260929,544100,917,99.89
20260929,544104,5,100.0
20260929,544105,1500,100.0
20260929,544106,2400,100.0
20260929,544107,9834,67.69
20260929,544108,30600,87.93
20260929,544109,3956,99.47
20260929,544110,1265,68.45
20260929,544111,6285,71.53
20260929,544112,313,96.01
20260929,544117,2373,93.39
20260929,544118,8476,42.98
20260929,544119,18338,53.85
20260929,544120,1103428,99.92
20260929,544121,5000,100.0
20260929,544122,3380,57.75
20260929,544123,266,75.78
20260929,544124,429,92.26
20260929,544129,6452,65.92
20260929,544130,60104,66.05
20260929,544131,1884,62.47
20260929,544132,393674,59.21
20260929,544133,56308,55.11
20260929,544134,1853,65.32
20260929,544135,31382,100.0
20260929,544136,354,99.72
20260929,544137,9785,56.28
20260929,544138,38975,50.2
20260929,544139,2000,100.0
20260929,544140,10858,54.42
20260929,544141,4000,29.41
20260929,544142,7300,86.4
20260929,544143,500,100.0
20260929,544144,302,96.18
20260929,544149,236,72.39
20260929,544150,32000,65.98
20260929,544151,8000,100.0
20260929,544156,6000,100.0
20260929,544157,9500,67.86
20260929,544158,1500,69.38
20260929,544159,10888,73.03
20260929,544160,54400,100.0
20260929,544161,22841,71.71
20260929,544162,2130,51.89
20260929,544163,2000,50.0
20260929,544164,30000,100.0
20260929,544165,12000,100.0
20260929,544166,93600,100.0
20260929,544167,15848,47.29
20260929,544168,1000,100.0
20260929,544169,8000,57.14
20260929,544170,4000,66.67
20260929,544171,3200,100.0
20260929,544172,39706,54.42
20260929,544173,1000,100.0
20260929,544174,1932,60.19
20260929,544175,2400,100.0
20260929,544176,12545,57.24
20260929,544179,146813,69.15
20260929,544180,15530,57.03
20260929,544181,16039,55.23
20260929,544182,0,0.0
20260929,544184,3436,78.99
20260929,544185,1456,70.13
20260929,544186,27844,89.78
20260929,544187,55296,100.0
20260929,544188,168000,72.41
20260929,544189,6500,61.9
20260929,544191,54830,83.51
20260929,544192,46590,63.36
20260929,544193,106770,85.3
20260929,544194,156294,90.26
20260929,544195,2000,100.0
20260929,544196,130,72.22
20260929,544197,4517,100.0
20260929,544198,3189,44.68
20260929,544199,14400,62.07
20260929,544200,698821,94.62
20260929,544201,152000,100.0
20260929,544202,15194,65.59
20260929,544203,17898,52.06
20260929,544204,3381,90.84
20260929,544205,508,100.0
20260929,544206,28098,40.9
20260929,544207,315,96.92
20260929,544209,2865,59.95
20260929,544210,2052,33.59
20260929,544212,47986,78.53
20260929,544213,12000,86.96
20260929,544214,2000,100.0
20260929,544215,1491,93.07
20260929,544216,46532,83.01
20260929,544217,5204,66.18
20260929,544218,12298,96.09
20260929,544219,24600,69.49
20260929,544221,12000,100.0
20260929,544222,3130,60.53
20260929,544223,10861,63.58
20260929,544224,165360,85.64
20260929,544225,2959959,40.91
20260929,544226,184960,24.03
20260929,544227,10522,76.21
20260929,544229,224001,65.42
20260929,544230,55047,74.41
20260929,544231,6000,100.0
20260929,544232,996,71.5
20260929,544233,3,75.0
20260929,544234,44,100.0
20260929,544235,3491,73.28
20260929,544236,2400,100.0
20260929,544237,800,100.0
20260929,544238,58342,40.59
20260929,544239,4764,74.37
20260929,544240,6500,56.04
20260929,544241,14485,48.88
20260929,544243,45441,50.69
20260929,544244,4488,56.96
20260929,544246,16,69.57
20260929,544247,4581,38.46
20260929,544248,9600,72.73
20260929,544249,947,87.36
20260929,544250,2752,88.43
20260929,544251,1600,100.0
20260929,544252,142495,48.99
20260929,544253,12991,32.82
20260929,544254,2025,94.1
20260929,544256,15840,59.05
20260929,544258,8020,74.95
20260929,544259,9000,100.0
20260929,544260,25218,55.61
20260929,544261,6712,58.42
20260929,544262,4781,35.92
20260929,544263,9191,57.63
20260929,544264,2366,59.16
20260929,544266,960,75.18
20260929,544267,8000,71.43
20260929,544268,103621,48.29
20260929,544271,16515,63.52
20260929,544272,6800,85.0
20260929,544273,6677,69.7
20260929,544274,9357,48.74
20260929,544275,17142,77.91
20260929,544276,15055,72.1
20260929,544277,39337,56.15
20260929,544278,18413,100.0
20260929,544279,3503,62.64
20260929,544280,28574,53.09
20260929,544281,215242,100.0
20260929,544282,245498,48.24
20260929,544283,45131,53.55
20260929,544284,2701,99.93
20260929,544285,1056160,80.11
20260929,544286,45845,42.03
20260929,544288,35682,55.81
20260929,544289,65132,42.36
20260929,544290,25119,53.22
20260929,544291,20700,66.99
20260929,544292,6043,47.59
20260929,544293,6052,72.58
20260929,544294,8151,47.49
20260929,544296,11600,60.42
20260929,544301,878,94.71
20260929,544302,142,1.28
20260929,544303,1500,71.43
20260929,544304,8000,83.33
20260929,544305,22108,44.77
20260929,544306,3898,47.69
20260929,544307,209862,51.06
20260929,544308,2148,98.35
20260929,544309,3039,43.12
20260929,544310,30250,50.84
20260929,544311,22039,63.07
20260929,544312,12000,100.0
20260929,544313,4000,100.0
20260929,544314,1390,47.85
20260929,544315,2399,54.76
20260929,544316,150236,44.09
20260929,544317,19170,39.13
20260929,544318,2681,59.03
20260929,544319,10966,44.16
20260929,544320,1213,70.89
20260929,544321,679,63.52
20260929,544322,6321,32.22
20260929,544323,6096,61.73
20260929,544324,2000,100.0
20260929,544325,43914,37.84
20260929,544326,9679,88.93
20260929,544328,4537,68.97
20260929,544329,198000,95.19
20260929,544330,8000,100.0
20260929,544331,10000,71.43
20260929,544332,3200,72.73
20260929,544333,17115,38.35
20260929,544334,21750,100.0
20260929,544335,236000,100.0
20260929,544336,17611,36.38
20260929,544337,9000,100.0
20260929,544338,10662,80.82
20260929,544339,5318,72.62
20260929,544340,38400,88.89
20260929,544341,12800,80.0
20260929,544342,31688,100.0
20260929,544343,5600,66.67
20260929,544344,1311,29.9
20260929,544345,9409,77.93
20260929,544346,368,100.0
20260929,544347,2200,100.0
20260929,544349,1600,100.0
20260929,544350,6746,49.89
20260929,544352,95,100.0
20260929,544353,99600,100.0
20260929,544354,12300,69.49
20260929,544355,199,94.76
20260929,544356,3718,56.18
20260929,544361,2689,91.37
20260929,544362,289610,99.17
20260929,544363,59,100.0
20260929,544364,348,74.68
20260929,544365,2000,100.0
20260929,544367,14628,40.27
20260929,544368,1200,50.0
20260929,544369,8000,100.0
20260929,544370,600,100.0
20260929,544371,12066,100.0
20260929,544372,51000,53.12
20260929,544373,12800,100.0
20260929,544375,2396,86.59
20260929,544376,483,71.24
20260929,544377,9708,65.11
20260929,544378,2000,100.0
20260929,544379,3250,59.38
20260929,544380,199,100.0
20260929,544381,2400,50.0
20260929,544382,4467,89.3
20260929,544383,6000,100.0
20260929,544384,162073,47.68
20260929,544385,50851,90.22
20260929,544386,477,100.0
20260929,544387,4500,64.29
20260929,544389,240,69.36
20260929,544390,6592,42.4
20260929,544391,18000,100.0
20260929,544392,2000,100.0
20260929,544393,8000,100.0
20260929,544394,19340,68.23
20260929,544395,1076160,65.93
20260929,544396,1974,36.5
20260929,544397,345463,51.24
20260929,544399,7200,75.0
20260929,544400,22000,68.75
20260929,544401,35,100.0
20260929,544402,20052,46.87
20260929,544403,318323,37.61
20260929,544404,1129,90.61
20260929,544405,210404,67.53
20260929,544406,40800,70.83
20260929,544407,36017,63.58
20260929,544408,51487,64.04
20260929,544410,6221,52.59
20260929,544411,13696,81.19
20260929,544413,27140,89.9
20260929,544414,6214,43.39
20260929,544415,1358,94.7
20260929,544416,1598,100.0
20260929,544417,4800,100.0
20260929,544418,14865,65.44
20260929,544419,181185,80.27
20260929,544420,27326,44.05
20260929,544421,157151,49.56
20260929,544422,1200,50.0
20260929,544423,2814,69.65
20260929,544424,2594,96.75
20260929,544425,22800,100.0
20260929,544426,9600,88.89
20260929,544427,6486,98.29
20260929,544428,1200,100.0
20260929,544429,5747,55.17
20260929,544430,185927,52.28
20260929,544432,2227,84.01
20260929,544433,3600,75.0
20260929,544434,118400,100.0
20260929,544435,16000,83.33
20260929,544436,9600,72.73
20260929,544437,1200,100.0
20260929,544438,8513,49.14
20260929,544439,33436,69.61
20260929,544440,30750,100.0
20260929,544441,11200,87.5
20260929,544442,131400,93.99
20260929,544443,6181,62.17
20260929,544444,44400,100.0
20260929,544445,4000,100.0
20260929,544446,2245,58.36
20260929,544447,2082,90.01
20260929,544448,33701,71.91
20260929,544449,18257,50.4
20260929,544451,4000,66.67
20260929,544452,4000,100.0
20260929,544453,13800,88.46
20260929,544454,837,68.44
20260929,544455,10550,54.36
20260929,544456,15514,100.0
20260929,544457,11271,73.94
20260929,544458,102500,63.47
20260929,544459,87768,38.95
20260929,544460,32000,100.0
20260929,544461,10,100.0
20260929,544463,19200,94.12
20260929,544464,36000,100.0
20260929,544465,5048,62.21
20260929,544466,16197,80.81
20260929,544467,306627,62.1
20260929,544468,1200,100.0
20260929,544469,44194,100.0
20260929,544470,2233,46.6
20260929,544471,4000,100.0
20260929,544473,93600,80.43
20260929,544476,13456,31.92
20260929,544477,6446,79.46
20260929,544478,323,100.0
20260929,544479,2350,43.25
20260929,544480,99877,66.14
20260929,544481,5006,49.8
20260929,544482,5000,100.0
20260929,544484,80054,41.09
20260929,544485,12200,67.27
20260929,544486,18226,98.13
20260929,544487,4137,82.26
20260929,544488,93128,45.25
20260929,544490,7636,30.61
20260929,544491,5357,94.05
20260929,544492,2586,83.02
20260929,544493,102,100.0
20260929,544495,4800,80.0
20260929,544496,175520,42.51
20260929,544497,3210084,90.94
20260929,544498,44800,90.32
20260929,544499,451,92.61
20260929,544500,4000,100.0
20260929,544501,23000,100.0
20260929,544502,3631,100.0
20260929,544503,5000,83.33
20260929,544504,15600,95.12
20260929,544505,10000,100.0
20260929,544506,11400,76.0
20260929,544507,154992,85.42
20260929,544508,1200,100.0
20260929,544509,1600,100.0
20260929,544510,17600,78.57
20260929,544511,20000,73.53
20260929,544512,8701,66.56
20260929,544513,200,100.0
20260929,544515,84921,34.43
20260929,544516,52000,50.24
20260929,544517,1017,50.8
20260929,544518,12800,100.0
20260929,544519,4680,69.49
20260929,544520,22800,100.0
20260929,544521,5254,87.54
20260929,544522,233,83.81
20260929,544523,3743,49.08
20260929,544524,19200,61.54
20260929,544525,17030,57.21
20260929,544526,1943,58.31
20260929,544527,3117,66.15
20260929,544528,17215,75.42
20260929,544529,5200,100.0
20260929,544530,3102,65.92
20260929,544531,21000,89.74
20260929,544532,11019,56.31
20260929,544533,2593,62.17
20260929,544534,1199,15.58
20260929,544535,800,100.0
20260929,544536,232,90.27
20260929,544537,148074,63.97
20260929,544538,60000,100.0
20260929,544539,3200,100.0
20260929,544540,12017,47.52
20260929,544541,57000,78.51
20260929,544542,9000,90.0
20260929,544543,6649,97.22
20260929,544544,13200,100.0
20260929,544545,3325,56.91
20260929,544546,15600,100.0
20260929,544548,33600,51.22
20260929,544550,11790,61.53
20260929,544551,5000,83.33
20260929,544552,30000,100.0
20260929,544553,4000,100.0
20260929,544554,26000,100.0
20260929,544555,3600,100.0
20260929,544557,7190,67.49
20260929,544558,2814,67.43
20260929,544559,9600,85.71
20260929,544560,6000,60.0
20260929,544561,30000,71.43
20260929,544562,5987,59.81
20260929,544563,24000,100.0
20260929,544564,3620,100.0
20260929,544565,82000,100.0
20260929,544566,1500,1.47
20260929,544567,3600,75.0
20260929,544568,84000,86.42
20260929,544569,803904,83.3
20260929,544570,6329,51.38
20260929,544572,1665,50.33
20260929,544574,46449,40.8
20260929,544575,2000,100.0
20260929,544576,9455,46.14
20260929,544577,52,100.0
20260929,544578,8933,41.85
20260929,544579,4201,96.93
20260929,544580,21646,78.64
20260929,544581,113013,99.12
20260929,544582,4800,100.0
20260929,544583,90251,61.5
20260929,544584,14000,100.0
20260929,544586,46533,87.97
20260929,544587,6235,73.3
20260929,544594,1200,100.0
20260929,544595,2673,70.81
20260929,544596,34800,59.18
20260929,544597,16026,38.58
20260929,544598,18476,100.0
20260929,544599,904,54.72
20260929,544600,64357,48.7
20260929,544601,1,100.0
20260929,544602,49398,68.78
20260929,544603,458734,45.19
20260929,544604,2573,54.54
20260929,544605,191722,87.44
20260929,544606,430524,33.7
20260929,544607,22800,100.0
20260929,544608,60954,50.46
20260929,544609,77685,26.8
20260929,544610,22800,63.33
20260929,544611,10800,100.0
20260929,544612,24710,47.83
20260929,544613,6987,49.06
20260929,544614,7613,63.61
20260929,544615,2124,100.0
20260929,544616,4000,66.67
20260929,544617,26771,45.09
20260929,544618,14,100.0
20260929,544619,9239,54.06
20260929,544621,1000,100.0
20260929,544622,433404,44.89
20260929,544625,3000,100.0
20260929,544626,4500,100.0
20260929,544628,2000,33.33
20260929,544631,984,80.85
20260929,544632,1126931,65.54
20260929,544633,99830,61.25
20260929,544634,572875,54.98
20260929,544635,25600,55.17
20260929,544636,8000,50.0
20260929,544637,25200,53.85
20260929,544638,647,83.27
20260929,544639,470,97.71
20260929,544640,8400,77.78
20260929,544641,3000,55.56
20260929,544642,12707,57.46
20260929,544644,2041,47.18
20260929,544645,44934,50.62
20260929,544646,20000,100.0
20260929,544647,12104,48.5
20260929,544648,4000,100.0
20260929,544654,2508,87.66
20260929,544655,21,100.0
20260929,544656,400,100.0
20260929,544657,6600,78.57
20260929,544658,165794,89.91
20260929,544660,8851,82.57
20260929,544661,2448,92.41
20260929,544662,405,99.75
20260929,544663,1000,100.0
20260929,544664,12587,44.18
20260929,544665,14400,90.0
20260929,544666,24013,67.98
20260929,544667,7200,75.0
20260929,544668,44400,70.48
20260929,544669,13800,100.0
20260929,544670,18000,100.0
20260929,544671,2000,100.0
20260929,544672,1501,99.8
20260929,544673,9600,50.0
20260929,544674,172,67.45
20260929,544675,38400,100.0
20260929,544676,44000,100.0
20260929,544677,1600,100.0
20260929,544678,380454,59.53
20260929,544679,12121,53.82
20260929,544680,240,100.0
20260929,544681,13000,65.0
20260929,544682,72000,98.36
20260929,544683,3000,100.0
20260929,544684,61200,100.0
20260929,544685,265144,75.26
20260929,544686,2000,66.67
20260929,544687,18000,81.82
20260929,544688,158000,90.8
20260929,544693,4800,100.0
20260929,544694,9000,100.0
20260929,544695,44000,100.0
20260929,544699,36982,51.96
20260929,544700,10135,37.38
20260929,544701,7284,78.75
20260929,544702,3153,61.25
20260929,544703,24134,88.0
20260929,544704,6107,67.07
20260929,544705,17550,68.61
20260929,544706,7,100.0
20260929,544707,2400,100.0
20260929,544708,19200,88.89
20260929,544709,9840,63.69
20260929,544710,102000,50.0
20260929,544711,6000,60.0
20260929,544716,2118,93.88
20260929,544717,65447,48.36
20260929,544718,6122,51.71
20260929,544719,221,98.66
20260929,544720,22881,42.62
20260929,544721,23185,80.17
20260929,544722,545,83.08
20260929,544723,74721,78.39
20260929,544724,3000,100.0
20260929,544725,46031,98.1
20260929,544726,57695,33.35
20260929,544731,20211,70.5
20260929,544732,712,80.09
20260929,544733,2840,33.36
20260929,544734,2519,94.17
20260929,544735,85000,61.59
20260929,544736,353,86.31
20260929,544737,1504,63.84
20260929,544738,4000,57.14
20260929,544739,80616,49.03
20260929,544740,115200,100.0
20260929,544741,4800,100.0
20260929,544742,7722,75.98
20260929,544743,37034,54.7
20260929,544744,24520,55.99
20260929,544745,802,56.36
20260929,544746,12800,80.0
20260929,544747,10800,56.25
20260929,544748,176788,52.01
20260929,544750,5054,59.78
20260929,544751,12000,43.48
20260929,544752,2,100.0
20260929,544753,6539,97.86
20260929,544754,33473,47.92
20260929,544755,21600,100.0
20260929,544756,8359,86.92
20260929,544757,15385,95.06
20260929,544758,52752,83.83
20260929,544759,75000,73.53
20260929,544760,809,100.0
20260929,544761,3153,99.06
20260929,544762,1376,99.78
20260929,544763,11086,95.82
20260929,544764,24908,81.88
20260929,544765,14400,100.0
20260929,544766,787,100.0
20260929,544767,27000,100.0
20260929,544768,2000,100.0
20260929,544769,6000,83.33
20260929,544770,67200,82.35
20260929,544771,42000,100.0
20260929,544772,14000,35.0
20260929,544773,126000,60.87
20260929,544774,3000,100.0
20260929,544777,54329,69.84
20260929,544779,25600,78.05
20260929,544780,540656,43.1
20260929,544781,801256,39.9
20260929,544782,1239411,48.98
20260929,544783,201296,100.0
20260929,544784,2001264,72.85
20260929,544785,47075,100.0
20260929,544786,2498,53.46
20260929,544793,111000,100.0
20260929,544794,42000,94.59
20260929,544795,1358,99.71
20260929,544796,5600,100.0
20260929,544799,223529,57.54
20260929,544800,1600,100.0
20260929,544802,54350,52.9
20260929,544803,155067,64.07
20260929,544804,14400,92.31
20260929,544805,600,100.0
20260929,544806,2996,64.72
20260929,544808,82328,50.02
20260929,544809,78000,76.47
20260929,544810,20800,56.52
20260929,544811,5000,62.5
20260929,544812,44000,100.0
20260929,544813,6000,100.0
20260929,544814,10602,42.23
20260929,544821,6726,58.36
20260929,544822,25173,42.88
20260929,544823,44400,100.0
20260929,544825,9806,62.19
20260929,544826,27200,40.24
20260929,544827,1387,96.86
20260929,544829,54105,79.45
20260929,544830,857360,99.82
20260929,544831,5240,84.26
20260929,544832,12600,72.41
20260929,544833,41358,64.71
20260929,544834,8400,100.0
20260929,544837,32099,46.48
20260929,544838,113589,70.11
20260929,544839,19148,62.13
20260929,544840,50000,89.29
20260929,544841,25602,71.91
20260929,544842,28,100.0
20260929,544843,72000,83.33
20260929,544844,25600,41.83
20260929,544845,9911,77.67
20260929,544846,1,100.0
20260929,544847,50362,66.37
20260929,544848,11200,53.85
20260929,544849,270,100.0
20260929,544850,5193,92.44
20260929,544851,67290,44.5
20260929,544852,6000,83.33
20260929,544853,11239,39.23
20260929,544854,13200,84.62
20260929,544855,3487,60.44
20260929,544856,8800,68.75
20260929,544857,501,99.8
20260929,544858,19200,72.73
20260929,544859,45000,73.77
20260929,544860,68315,55.68
20260929,544861,90653,100.0
20260929,544862,1093,57.08
20260929,544863,10800,69.23
20260929,544864,57197,55.2
20260929,544865,97045,57.92
20260929,544866,12941,39.56
20260929,544867,247270,87.55
20260929,544868,82632,100.0
20260929,544869,17000,60.71
20260929,544870,18016,59.96
20260929,544871,120100,46.95
20260929,544872,21600,75.0
20260929,544873,17086,99.71
20260929,544874,24,100.0
20260929,544876,6000,83.33
20260929,544877,50000,100.0
20260929,544878,13,86.67
20260929,544879,164108,52.74
20260929,544880,35573,42.55
20260929,544881,21898,58.7
20260929,544882,111623,52.77
20260929,544883,49000,90.74
20260929,544884,15600,68.42
20260929,544885,16197,58.52
20260929,544886,53634,44.4
20260929,544887,5,100.0
20260929,544888,77397,76.4
20260929,544889,76916,45.77
20260929,544890,120871,53.24
20260929,544891,68450,41.48
20260929,544892,1187,100.0
20260929,544893,38161,49.36
20260929,544894,195610,54.45
20260929,544895,352000,52.13
20260929,544897,93000,67.39
20260929,544898,13927,99.86
20260929,544899,10415,55.23
20260929,544900,36000,70.59
20260929,544901,3441,54.39
20260929,544902,4000,100.0
20260929,544903,156136,47.83
20260929,544904,50400,53.16
20260929,544905,2170000,64.97
20260929,544906,66210,32.44
20260929,544907,5,100.0
20260929,544908,400,98.52
20260929,544909,90111,46.19
20260929,544910,32000,100.0
20260929,544911,95714,33.53
20260929,544912,90207,33.93
20260929,544913,409160,41.9
20260929,544914,185565,46.48
20260929,544915,83502,49.47
20260929,544916,416423,39.32
20260929,544917,67638,58.12
20260929,544918,37067,47.87
20260929,544919,303600,100.0
20260929,544920,148800,100.0
20260929,544921,66635,41.6
20260929,544922,8000,100.0
20260929,544923,14340,100.0
20260929,544924,154800,100.0
20260929,544925,130800,100.0
20260929,544927,841,100.0
20260929,544928,3200,100.0
20260929,544929,43878,100.0
20260929,544930,26400,100.0
20260929,544931,1600,100.0
20260929,544932,6000,100.0
20260929,544933,28000,100.0
20260929,544934,829056,35.57
20260929,544935,966993,100.0
20260929,544936,4246925,45.89
20260929,544937,1659661,47.78
20260929,544938,175748,100.0
20260929,544939,114000,100.0
20260929,544940,1086000,100.0
20260929,544941,360000,100.0
20260929,544942,3000298,52.88
20260929,544943,842400,100.0
20260929,544944,1059200,100.0
20260929,555555,2100,90.01
20260929,570004,5239,98.9
20260929,570005,68307,100.0
20260929,590003,158174,62.75
20260929,590005,389,76.42
20260929,590006,356,84.96
20260929,590013,537,44.23
20260929,590018,88,55.35
20260929,590021,3234,63.52
20260929,590024,5146,47.71
20260929,590025,493,100.0
20260929,590030,17556,67.87
20260929,590031,307,74.15
20260929,590041,31447,100.0
20260929,590051,18982,72.53
20260929,590056,2,50.0
20260929,590057,6597,100.0
20260929,590062,5427,45.85
20260929,590065,111,94.07
20260929,590066,2560,69.66
20260929,590068,77,100.0
20260929,590070,2754,99.31
20260929,590071,2101,74.45
20260929,590072,2,100.0
20260929,590073,14404,75.82
20260929,590075,352,86.91
20260929,590078,1805,64.4
20260929,590086,235,64.74
20260929,590095,904689,60.44
20260929,590096,131455,64.62
20260929,590097,65163,84.61
20260929,590098,78477,57.48
20260929,590099,3215,48.47
20260929,590101,20208,65.73
20260929,590103,979533,85.36
20260929,590104,24828,71.48
20260929,590106,41979,71.32
20260929,590107,20465,91.1
20260929,590108,41955,61.08
20260929,590109,2098,98.18
20260929,590110,651,77.96
20260929,590113,2852,49.05
20260929,590115,449,93.35
20260929,590134,1160,87.15
20260929,590136,19866,83.41
20260929,590137,575,75.76
20260929,590138,30183,75.08
20260929,590139,4100,77.9
20260929,590140,1093535,28.63
20260929,590141,411415,70.28
20260929,590142,197505,83.0
20260929,590143,29378,55.66
20260929,590144,40712,72.68
20260929,590145,468618,59.72
20260929,590146,1218,56.73
20260929,590147,221,43.94
20260929,590148,74359,65.33
20260929,590149,33925,75.79
20260929,590150,18299,65.31
20260929,590151,36249,70.2
20260929,590152,36876,67.86
20260929,590153,126475,77.28
20260929,590154,44714,77.39
20260929,590155,18417,64.89
20260929,590156,16395,87.81
20260929,590157,9805,62.33
20260929,590158,38830,89.95
20260929,590159,24529,92.46
20260929,590160,414,57.1
20260929,590161,794151,63.48
20260929,710058,100,100.0
20260929,751142,173527,100.0
20260929,751143,36807,100.0
20260929,751144,611009,100.0
20260929,800177,13451,100.0
20260929,800272,1,100.0
20260929,800297,20,86.96
20260929,800318,3,100.0
20260929,800322,2,100.0
20260929,800324,17,100.0
20260929,800325,66,74.16
20260929,800327,53,96.36
20260929,800328,4,100.0
20260929,800329,21,95.45
20260929,800332,6,75.0
20260929,800333,1,100.0
20260929,800334,6130,100.0
20260929,800340,119,78.81
20260929,800341,2,100.0
20260929,800342,56,93.33
20260929,800367,9,100.0
20260929,800385,50,74.63
20260929,800386,66,80.49
20260929,800434,46,95.83
20260929,800437,31,93.94
20260929,800438,11,84.62
20260929,800439,4,100.0
20260929,800441,165611,98.98
20260929,800443,8,80.0
20260929,800488,19,95.0
20260929,800517,11,100.0
20260929,800573,106,89.08
20260929,800575,84,78.5
20260929,800580,15,100.0
20260929,800588,325402,99.63
20260929,800596,113,88.28
20260929,800597,5000,100.0
20260929,800598,13390,100.0
20260929,800599,4001,100.0
20260929,800603,87,82.08
20260929,800605,437,83.4
20260929,800607,24821,90.65
20260929,800618,1439,100.0
20260929,800655,170,100.0
20260929,800807,1413,87.66
20260929,800809,401,100.0
20260929,800816,10,100.0
20260929,805242,100,50.0
20260929,805253,1500,100.0
20260929,805259,298,100.0
20260929,810727,2,100.0
20260929,810971,500,100.0
20260929,810976,251,100.0
20260929,811091,901,100.0
20260929,811129,100,50.0
20260929,890217,679,98.55
20260929,890226,12144,92.94
20260929,890228,100,99.01
20260929,890231,3130,100.0
20260929,890234,655086,100.0
20260929,890238,7557,100.0
20260929,890239,1218,100.0
20260929,890240,2733,98.03
20260929,935510,9,100.0
20260929,935514,66,100.0
20260929,935584,10,100.0
20260929,935690,5,100.0
20260929,936398,3,100.0
20260929,936412,586,100.0
20260929,936476,5,100.0
20260929,936656,161,100.0
20260929,936722,192,100.0
20260929,936724,9,100.0
20260929,936810,101,100.0
20260929,936975,239,79.67
20260929,937091,202,100.0
20260929,937093,170,100.0
20260929,937345,176,50.14
20260929,937369,100,100.0
20260929,937373,500,100.0
20260929,937381,10,100.0
20260929,937419,4,100.0
20260929,937453,341,77.32
20260929,937455,100,66.67
20260929,937581,40,100.0
20260929,937619,100,100.0
20260929,937621,810,100.0
20260929,937637,8,100.0
20260929,937743,1,100.0
20260929,937773,200,100.0
20260929,937799,188,100.0
20260929,937885,25,100.0
20260929,938005,808,100.0
20260929,938015,68,100.0
20260929,938091,2,100.0
20260929,938105,30,100.0
20260929,938212,45,100.0
20260929,938218,230,100.0
20260929,938222,300,100.0
20260929,938224,36,69.23
20260929,938226,39,100.0
20260929,938256,50,100.0
20260929,938284,19,100.0
20260929,938330,15,100.0
20260929,938364,130,100.0
20260929,938370,150,100.0
20260929,938382,75,100.0
20260929,938424,800,60.24
20260929,938490,6,100.0
20260929,938524,38,100.0
20260929,938558,25,100.0
20260929,938618,872,67.39
20260929,938658,480,100.0
20260929,938664,365,100.0
20260929,938850,23,100.0
20260929,938860,2,100.0
20260929,938900,300,100.0
20260929,938902,30,100.0
20260929,938904,1000,100.0
20260929,938906,190,100.0
20260929,938916,5,100.0
20260929,938952,1,100.0
20260929,938990,6,100.0
20260929,938994,25,100.0
20260929,939002,13,100.0
20260929,939032,25,96.15
20260929,939140,45,100.0
20260929,939164,100,50.0
20260929,939166,1,100.0
20260929,939190,1035,100.0
20260929,939194,96,100.0
20260929,939202,63,100.0
20260929,939208,30,100.0
20260929,939264,97,100.0
20260929,939276,51,100.0
20260929,939337,2,100.0
20260929,939361,20,100.0
20260929,939389,25,100.0
20260929,939447,29,100.0
20260929,939473,180,100.0
20260929,939477,150,100.0
20260929,939531,178,100.0
20260929,939589,7,100.0
20260929,939607,5,100.0
20260929,939617,10,100.0
20260929,939627,90,100.0
20260929,939657,1,50.0
20260929,939733,20,100.0
20260929,939743,8,80.0
20260929,939747,120,100.0
20260929,939751,403,100.0
20260929,939775,9,100.0
20260929,939839,10,100.0
20260929,939841,350,100.0
20260929,939849,10,100.0
20260929,939851,12,100.0
20260929,939857,144,50.35
20260929,939875,200,100.0
20260929,939877,20,100.0
20260929,939901,128,100.0
20260929,939979,67,100.0
20260929,940023,6,100.0
20260929,940033,50,100.0
20260929,940049,1,100.0
20260929,940061,404,100.0
20260929,940107,30,100.0
20260929,940159,20,100.0
20260929,940223,600,75.0
20260929,940227,98,100.0
20260929,940233,9,100.0
20260929,940269,93,100.0
20260929,940283,10,100.0
20260929,940299,45,100.0
20260929,940317,54,100.0
20260929,940319,10,100.0
20260929,940325,330,100.0
20260929,940331,9,100.0
20260929,940335,214,100.0
20260929,940339,20,100.0
20260929,940347,10,100.0
20260929,940351,200,100.0
20260929,940371,10,100.0
20260929,940383,10,100.0
20260929,940385,20,100.0
20260929,940395,20,100.0
20260929,940421,25,100.0
20260929,940435,500,100.0
20260929,940441,3,100.0
20260929,940459,152,100.0
20260929,940465,18,100.0
20260929,940467,60,100.0
20260929,940473,1,100.0
20260929,940483,13,100.0
20260929,940491,50,100.0
20260929,940517,3,100.0
20260929,940525,30,100.0
20260929,940529,49,100.0
20260929,940533,10,100.0
20260929,940547,521,100.0
20260929,940607,1400,100.0
20260929,940619,68,100.0
20260929,940641,8,100.0
20260929,940643,10,100.0
20260929,940645,16,100.0
20260929,940649,90,100.0
20260929,940655,200,100.0
20260929,940667,250,53.19
20260929,940671,149,100.0
20260929,940675,438,100.0
20260929,940677,1100,100.0
20260929,940681,195,100.0
20260929,940683,100,100.0
20260929,940691,5,100.0
20260929,940697,100,100.0
20260929,940699,113,100.0
20260929,940709,506,100.0
20260929,940713,387,76.48
20260929,940715,61,70.93
20260929,940717,69,57.98
20260929,940719,110,100.0
20260929,940721,50,100.0
20260929,940727,400,100.0
20260929,940731,15,100.0
20260929,940741,100,100.0
20260929,940745,1,100.0
20260929,940759,271,100.0
20260929,940763,10,100.0
20260929,940777,5,100.0
20260929,940779,50,100.0
20260929,940781,102,100.0
20260929,940799,1,100.0
20260929,940833,5,100.0
20260929,940837,148,100.0
20260929,940841,697,100.0
20260929,940843,52,100.0
20260929,940853,300,100.0
20260929,940855,2,100.0
20260929,940859,51,92.73
20260929,940861,92,100.0
20260929,940866,1,100.0
20260929,940874,5,100.0
20260929,940878,10,100.0
20260929,940880,31,100.0
20260929,940882,50,100.0
20260929,940886,68,93.15
20260929,940904,60,100.0
20260929,940910,10,100.0
20260929,940915,263,100.0
20260929,940941,20,100.0
20260929,940947,2494,100.0
20260929,940955,110,100.0
20260929,940969,16,100.0
20260929,940981,10,100.0
20260929,940987,100,100.0
20260929,940999,30,100.0
20260929,941007,100,50.0
20260929,941015,170,100.0
20260929,941037,32,86.49
20260929,941047,20,100.0
20260929,941049,495,70.21
20260929,941061,21,100.0
20260929,941063,235,100.0
20260929,941087,15,100.0
20260929,941093,298,99.33
20260929,941095,20,100.0
20260929,941111,208,100.0
20260929,941117,10,100.0
20260929,941119,2,50.0
20260929,941125,101,100.0
20260929,941141,32,100.0
20260929,941143,55,100.0
20260929,941149,10,100.0
20260929,941151,150,100.0
20260929,941155,20,100.0
20260929,941157,1430,100.0
20260929,941159,125,100.0
20260929,941165,86,100.0
20260929,941169,10,100.0
20260929,941173,47,100.0
20260929,941185,1013,76.17
20260929,941189,1569,100.0
20260929,941193,977,97.02
20260929,941195,84,89.36
20260929,941199,2,100.0
20260929,941203,183,100.0
20260929,941231,156,82.54
20260929,941251,1135,100.0
20260929,941253,288,100.0
20260929,941255,100,100.0
20260929,941257,75,100.0
20260929,941259,88,97.78
20260929,941261,100,100.0
20260929,941263,95,100.0
20260929,941265,458,100.0
20260929,941267,165,100.0
20260929,941273,211,100.0
20260929,956882,20,100.0
20260929,961728,45,97.83
20260929,961730,469,97.91
20260929,961779,5,50.0
20260929,961785,25,50.0
20260929,961809,500,100.0
20260929,961810,70,100.0
20260929,961821,150,100.0
20260929,961822,206,100.0
20260929,961826,100,100.0
20260929,961830,3,100.0
20260929,961839,1,100.0
20260929,961851,8,100.0
20260929,961897,65,100.0
20260929,961910,1,25.0
20260929,961921,100,100.0
20260929,972715,28,100.0
20260929,972716,4,100.0
20260929,972721,25,100.0
20260929,972878,2,100.0
20260929,973491,256,100.0
20260929,974043,1,100.0
20260929,974072,1,100.0
20260929,975000,2,100.0
20260929,975229,1,100.0
20260929,975239,1,100.0
20260929,975375,5,100.0
20260929,975572,2,50.0
20260929,975690,13,100.0
20260929,975746,5,100.0
20260929,975790,2,100.0
20260929,975863,1,100.0
20260929,975955,2,100.0
20260929,976036,3,100.0
20260929,976089,2,100.0
20260929,976173,1,100.0
20260929,976228,28,100.0
20260929,976230,1,100.0
20260929,976248,13,100.0
20260929,976325,61,100.0
20260929,976411,2,100.0
20260929,976437,18,62.07
20260929,976493,1,100.0
20260929,976618,1,100.0
20260929,976757,3,100.0
20260929,976767,20,100.0
20260929,976808,171,97.16
20260929,976855,2,100.0
20260929,976868,17,100.0
20260929,976896,6,100.0
20260929,976915,7,100.0
20260929,976926,3,60.0
20260929,976940,1,100.0
20260929,976985,15,100.0
20260929,977000,2,100.0
20260929,977001,18,100.0
20260929,977006,6,100.0
20260929,977017,79,100.0
20260929,977022,21,91.3
20260929,977029,1,100.0
20260929,977040,2,100.0
20260929,977064,9,100.0
20260929,977065,4,100.0
20260929,977068,8,100.0
20260929,977075,1,100.0
20260929,977089,1,100.0
20260929,977093,473,100.0
20260929,977107,1,100.0
20260929,977134,1,100.0
20260929,977172,1,100.0
20260929,977200,111,100.0
20260929,977226,7,87.5
20260929,977241,22,95.65
20260929,977249,10,100.0
20260929,977250,18,100.0
20260929,977260,8,100.0
20260929,977262,1,100.0
20260929,977280,3,100.0
20260929,977288,2,100.0
20260929,977298,30,100.0
20260929,977309,28,100.0
20260929,977326,3,100.0
20260929,977331,3,100.0
20260929,977344,2,100.0
20260929,977367,16,100.0
20260929,977382,35,81.4
20260929,977383,11,100.0
20260929,977396,4,100.0
20260929,977424,28,100.0
20260929,977440,31,91.18
20260929,977456,40,100.0
20260929,977468,6,100.0
20260929,977477,315,92.11
20260929,977509,1,100.0
20260929,977516,2,50.0
20260929,977532,132,100.0
20260929,977534,7,100.0
20260929,977541,17,100.0
20260929,977558,4,100.0
20260929,977564,30,100.0
20260929,977576,10,100.0
20260929,977582,21,100.0
20260929,977585,10,100.0
20260929,977596,3,100.0
20260929,977598,22,100.0
20260929,977622,2,100.0
20260929,977633,2,100.0
20260929,977640,42,100.0
20260929,977642,8,100.0
20260929,977643,18,100.0
20260929,977645,61,100.0
20260929,977648,51,100.0
20260929,977649,35,100.0
20260929,977662,7,100.0
20260929,977676,1,100.0
20260929,977678,1,100.0
20260929,977681,3,100.0
20260929,977712,18,100.0
20260929,977730,47,100.0
20260929,977732,22,100.0
20260929,977735,1,100.0
20260929,977740,30,100.0
20260929,977753,177,100.0
20260929,977757,16,100.0
20260929,977773,51,100.0
20260929,977788,5,100.0
20260929,977801,12,92.31
20260929,977803,11,100.0
20260929,977806,23,100.0
20260929,977815,2,100.0
20260929,977846,18,100.0
20260929,977868,54,96.43
20260929,977869,55,100.0
20260929,977874,1,100.0
20260929,977875,4,100.0
20260929,977877,3,100.0
20260929,977921,1,100.0
20260929,977935,49,100.0
20260929,977979,6,100.0
20260929,977984,30,100.0
20260929,977986,1,50.0
20260929,978019,2,100.0
20260929,978024,2,100.0
20260929,978025,36,100.0
20260929,978034,20,100.0
20260929,978039,62,100.0
20260929,978051,19,100.0
20260929,978055,8,88.89
20260929,978075,1,100.0
20260929,978086,14,100.0
20260929,978087,2,100.0
20260929,978094,40,83.33
20260929,978127,20,100.0
20260929,978167,73,100.0
20260929,978169,172,100.0
20260929,978196,105,100.0
20260929,978197,264,100.0
20260929,978199,1,100.0
