DATE,SYMBOL,DELIV_QTY,DELIV_PER
20260916,500002,4159,47.03
20260916,500003,86858,52.91
20260916,500008,34075,49.9
20260916,500009,14186,100.0
20260916,500012,45244,71.91
20260916,500013,113988,100.0
20260916,500014,3814,58.52
20260916,500016,11149,91.46
20260916,500020,19097,52.21
20260916,500023,2583,75.33
20260916,500027,730,60.88
20260916,500028,33509,85.0
20260916,500031,5593,52.82
20260916,500032,347026,49.28
20260916,500033,3779,57.41
20260916,500034,443757,86.22
20260916,500038,28342,30.08
20260916,500039,18390,68.16
20260916,500040,6489,47.72
20260916,500041,53,69.74
20260916,500042,1848,55.71
20260916,500043,9083,47.5
20260916,500048,17210,51.53
20260916,500049,336714,41.68
20260916,500051,17717,100.0
20260916,500052,71942,48.2
20260916,500058,6693,84.06
20260916,500059,323,100.0
20260916,500060,33531,52.78
20260916,500067,11360,46.77
20260916,500068,36,94.74
20260916,500069,159,70.04
20260916,500074,1872,72.14
20260916,500078,1654,62.09
20260916,500083,34990,74.87
20260916,500084,91771,62.38
20260916,500085,1169826,99.12
20260916,500086,42302,41.67
20260916,500087,9496,59.36
20260916,500089,225,71.43
20260916,500092,861,51.62
20260916,500093,59903,42.92
20260916,500096,39171,53.5
20260916,500097,10840,67.56
20260916,500101,13512,45.17
20260916,500103,231929,53.04
20260916,500104,27187,30.71
20260916,500106,2609180,36.39
20260916,500108,35832,61.71
20260916,500109,206807,36.74
20260916,500110,20836,31.57
20260916,500112,265108,46.76
20260916,500113,263596,47.93
20260916,500114,4219,17.67
20260916,500116,312185,39.1
20260916,500117,34156,61.47
20260916,500119,12753,51.16
20260916,500120,422,79.03
20260916,500123,61,51.69
20260916,500124,84484,76.66
20260916,500125,13890,47.69
20260916,500126,189,69.23
20260916,500128,42254,60.42
20260916,500133,231,79.66
20260916,500135,36421,40.24
20260916,500136,4214,94.44
20260916,500142,215,100.0
20260916,500143,1958,100.0
20260916,500144,19005,34.66
20260916,500147,950,61.13
20260916,500148,8775,56.25
20260916,500150,3244,44.39
20260916,500151,506,100.0
20260916,500153,18017,100.0
20260916,500159,263,99.25
20260916,500160,16223,76.56
20260916,500163,7534,49.38
20260916,500164,5810,38.74
20260916,500165,14333,69.69
20260916,500166,2669,66.46
20260916,500168,348,67.05
20260916,500170,1100,89.21
20260916,500171,3800,56.87
20260916,500173,1608,80.48
20260916,500174,585,100.0
20260916,500178,385,100.0
20260916,500179,19072,81.0
20260916,500180,1555593,70.57
20260916,500182,7715,44.84
20260916,500183,572348,100.0
20260916,500184,76511,34.6
20260916,500185,400393,26.52
20260916,500186,34189,53.51
20260916,500187,3845,58.4
20260916,500188,96783,47.84
20260916,500189,2002,72.96
20260916,500191,2325,100.0
20260916,500192,31750,84.46
20260916,500193,99775,86.08
20260916,500199,1676,59.9
20260916,500201,4854,100.0
20260916,500202,545,100.0
20260916,500206,180,92.78
20260916,500207,92064,46.62
20260916,500209,195257,57.55
20260916,500210,2371,67.94
20260916,500213,590,80.49
20260916,500214,8244,55.66
20260916,500215,1082,97.57
20260916,500219,21671,47.24
20260916,500220,1513,100.0
20260916,500227,8854,53.72
20260916,500228,30458,54.34
20260916,500233,4105,75.85
20260916,500234,302,50.0
20260916,500235,3324,47.32
20260916,500236,605,100.0
20260916,500238,535648,96.53
20260916,500239,3079,73.71
20260916,500240,45166,100.0
20260916,500241,3020,63.43
20260916,500243,359,47.05
20260916,500245,12428,87.07
20260916,500246,300,100.0
20260916,500247,25373,44.51
20260916,500249,5520,61.71
20260916,500250,2056,84.16
20260916,500251,93528,87.86
20260916,500252,168,49.27
20260916,500253,26076,40.9
20260916,500257,5294,55.66
20260916,500259,2849,100.0
20260916,500260,1386,38.21
20260916,500262,954,100.0
20260916,500264,16217,87.22
20260916,500265,5387,48.81
20260916,500266,286,68.1
20260916,500267,184,100.0
20260916,500268,83252,51.76
20260916,500270,416,88.51
20260916,500271,9170,55.91
20260916,500277,4374,100.0
20260916,500279,28198,60.11
20260916,500280,2187,58.62
20260916,500282,142,92.21
20260916,500284,548,96.14
20260916,500285,3242668,61.02
20260916,500288,1232019,45.28
20260916,500290,253,59.39
20260916,500292,18208,71.59
20260916,500294,114444,53.69
20260916,500295,313816,56.3
20260916,500296,148,74.37
20260916,500298,382,64.97
20260916,500300,3845,46.98
20260916,500304,34843,70.91
20260916,500306,15538,56.12
20260916,500307,309,92.24
20260916,500312,270104,63.24
20260916,500313,15745,100.0
20260916,500314,6395,57.83
20260916,500317,2952,98.63
20260916,500319,1286,65.11
20260916,500322,28,100.0
20260916,500325,425348,60.89
20260916,500327,2042,87.87
20260916,500330,427988,39.15
20260916,500331,9499,56.58
20260916,500333,343,70.72
20260916,500335,2468,65.26
20260916,500336,14715,48.7
20260916,500337,40,100.0
20260916,500338,17894,50.31
20260916,500339,52801,30.8
20260916,500342,90,100.0
20260916,500343,224,100.0
20260916,500346,1929,74.45
20260916,500350,687,100.0
20260916,500354,2580,57.07
20260916,500355,23508,56.4
20260916,500356,2194,99.82
20260916,500357,1087,100.0
20260916,500358,1742,100.0
20260916,500360,1845,100.0
20260916,500365,58442,61.1
20260916,500367,1775,12.43
20260916,500368,606967,45.6
20260916,500370,558,74.8
20260916,500371,17444,100.0
20260916,500378,121349,53.24
20260916,500380,3876,68.54
20260916,500387,350,39.46
20260916,500388,19,100.0
20260916,500390,13704,100.0
20260916,500399,12682,100.0
20260916,500400,141762,55.1
20260916,500402,9294,56.28
20260916,500403,16418,66.63
20260916,500404,7862,63.36
20260916,500405,6768,68.21
20260916,500407,362,62.74
20260916,500408,4775,54.65
20260916,500410,2366,58.45
20260916,500411,1911,38.15
20260916,500412,6356,59.56
20260916,500413,44968,72.81
20260916,500414,8868,39.61
20260916,500418,52,100.0
20260916,500420,42754,84.32
20260916,500421,172275,100.0
20260916,500422,3719,100.0
20260916,500425,95689,66.76
20260916,500426,12381,85.49
20260916,500429,318,89.33
20260916,500440,40532,54.35
20260916,500444,13881,59.32
20260916,500449,7502,62.17
20260916,500450,3,100.0
20260916,500456,7470,48.29
20260916,500458,6739,100.0
20260916,500459,217,40.33
20260916,500460,12140,79.62
20260916,500463,13829,38.11
20260916,500464,2346,100.0
20260916,500467,2010,94.81
20260916,500469,45851,42.27
20260916,500470,1431927,65.44
20260916,500472,1161,66.0
20260916,500477,330981,44.88
20260916,500480,2587,36.47
20260916,500483,6452,58.55
20260916,500488,413,54.56
20260916,500490,475,56.95
20260916,500493,10793,52.45
20260916,500495,4473,66.55
20260916,500500,99445,82.71
20260916,500510,110191,70.65
20260916,500520,64410,45.93
20260916,500530,457,52.11
20260916,500540,6,100.0
20260916,500547,72704,48.49
20260916,500550,6001,64.6
20260916,500570,396472,63.52
20260916,500575,10893,44.04
20260916,500620,39012,63.35
20260916,500645,3632,42.34
20260916,500650,562,67.79
20260916,500655,1396,54.36
20260916,500660,3477,70.93
20260916,500670,11741,47.54
20260916,500672,4485,40.75
20260916,500674,587,58.82
20260916,500680,756,64.12
20260916,500690,57245,68.77
20260916,500696,47607,54.7
20260916,500710,580,63.39
20260916,500730,15677,49.87
20260916,500770,420583,27.06
20260916,500777,23122,42.34
20260916,500780,2385,72.27
20260916,500790,37783,53.54
20260916,500800,37117,53.96
20260916,500820,11044,49.59
20260916,500825,4227,56.91
20260916,500830,40572,41.21
20260916,500840,17122,37.9
20260916,500850,24933,58.12
20260916,500870,31780,68.59
20260916,500875,532868,64.38
20260916,500877,48973,30.9
20260916,500878,1274,51.33
20260916,500890,38,100.0
20260916,500940,11951,36.01
20260916,501150,10018,83.63
20260916,501151,2,100.0
20260916,501242,2579,83.52
20260916,501261,737792,100.0
20260916,501295,6799,97.34
20260916,501298,4,100.0
20260916,501301,93611,31.6
20260916,501314,29465,86.09
20260916,501343,1285,74.62
20260916,501351,2,100.0
20260916,501370,203,98.54
20260916,501421,362,88.94
20260916,501423,33506,79.7
20260916,501425,2843,63.22
20260916,501430,52,100.0
20260916,501455,18245,52.77
20260916,501700,11070,99.92
20260916,501831,7996,85.73
20260916,501833,1521,93.48
20260916,501848,16767,86.58
20260916,501945,6241,100.0
20260916,502015,25745,76.75
20260916,502090,4027,89.81
20260916,502137,1357,63.09
20260916,502157,1661,72.25
20260916,502168,6820,68.43
20260916,502175,17487,90.09
20260916,502180,11423,72.33
20260916,502219,39620,52.41
20260916,502250,438,100.0
20260916,502281,393,100.0
20260916,502294,152,75.62
20260916,502330,15409,52.08
20260916,502355,3454,44.72
20260916,502420,16156,71.1
20260916,502445,252,89.68
20260916,502448,130383,100.0
20260916,502450,1342,88.35
20260916,502587,3710,81.56
20260916,502820,55,100.0
20260916,502865,11038,56.57
20260916,502873,184,96.84
20260916,502893,661,100.0
20260916,502901,263,76.23
20260916,502937,138201,100.0
20260916,502986,12414,41.44
20260916,503031,13585,88.51
20260916,503092,3,100.0
20260916,503100,31000,86.49
20260916,503101,1536,39.64
20260916,503127,1,100.0
20260916,503162,2817,72.25
20260916,503169,855,60.94
20260916,503229,3,100.0
20260916,503310,51703,43.87
20260916,503349,177,100.0
20260916,503624,1149,99.74
20260916,503635,647,100.0
20260916,503639,651,100.0
20260916,503641,91714,80.78
20260916,503657,9455,67.07
20260916,503659,2,100.0
20260916,503663,1148901,66.11
20260916,503675,112658,100.0
20260916,503681,13,40.62
20260916,503685,2,100.0
20260916,503722,968,99.69
20260916,503772,1,100.0
20260916,503776,356,87.68
20260916,503804,141,100.0
20260916,503806,42351,94.61
20260916,503811,234,77.74
20260916,503816,2533,94.55
20260916,503837,554,98.23
20260916,503863,85,100.0
20260916,503960,608,51.01
20260916,504000,339,100.0
20260916,504028,70574,100.0
20260916,504036,3420,63.22
20260916,504058,3,50.0
20260916,504067,220722,34.71
20260916,504076,15788,65.34
20260916,504084,450,70.98
20260916,504092,1705,69.96
20260916,504093,1644,93.68
20260916,504112,7233,46.02
20260916,504132,632,87.17
20260916,504176,6886,68.91
20260916,504180,10648,99.98
20260916,504212,11887,67.23
20260916,504220,11255,88.78
20260916,504240,10194,100.0
20260916,504258,159,90.86
20260916,504273,16082,100.0
20260916,504286,431,94.73
20260916,504340,1192,99.09
20260916,504341,4947,65.36
20260916,504351,5988359,70.62
20260916,504356,252,100.0
20260916,504369,3869,100.0
20260916,504378,40496,73.07
20260916,504380,139,56.05
20260916,504392,1128,100.0
20260916,504397,959,100.0
20260916,504605,207,87.71
20260916,504614,11922,53.75
20260916,504646,374,100.0
20260916,504648,2396,82.73
20260916,504731,5252,49.66
20260916,504741,2172,71.0
20260916,504746,696,100.0
20260916,504786,238,100.0
20260916,504810,2,100.0
20260916,504840,27,100.0
20260916,504879,5815,89.54
20260916,504882,1402,84.05
20260916,504903,100324,100.0
20260916,504908,2919,96.62
20260916,504918,40126,49.01
20260916,504959,165,98.8
20260916,504973,549,40.31
20260916,504988,27,71.05
20260916,505010,118,63.44
20260916,505029,2950,99.93
20260916,505036,214,82.31
20260916,505075,10101,100.0
20260916,505160,6936,61.38
20260916,505163,592,76.09
20260916,505192,2858,61.75
20260916,505196,2519,100.0
20260916,505200,3778,52.83
20260916,505212,1538,94.53
20260916,505216,14,93.33
20260916,505232,125,100.0
20260916,505242,468,40.07
20260916,505250,778,100.0
20260916,505255,50347,76.09
20260916,505283,3330,43.32
20260916,505299,776,85.09
20260916,505302,45,95.74
20260916,505324,858,94.7
20260916,505336,2144486,100.0
20260916,505343,385905,56.11
20260916,505355,2110,87.37
20260916,505358,3529,77.1
20260916,505400,8340,88.05
20260916,505412,281,52.62
20260916,505502,5780,100.0
20260916,505504,13597,100.0
20260916,505509,4037,49.6
20260916,505515,1189,90.01
20260916,505523,1175178,59.92
20260916,505526,3719,76.26
20260916,505533,1136,62.73
20260916,505537,460118,30.27
20260916,505590,50162,99.96
20260916,505650,4369,84.88
20260916,505681,502,89.01
20260916,505688,1263,100.0
20260916,505690,201,100.0
20260916,505693,36170,78.31
20260916,505700,8740,46.06
20260916,505710,15289,57.23
20260916,505712,10482,100.0
20260916,505714,11247,52.86
20260916,505720,8683,90.19
20260916,505725,108509,30.64
20260916,505726,630,65.76
20260916,505729,4120,27.46
20260916,505737,175,94.09
20260916,505744,18304,68.74
20260916,505750,3243,75.56
20260916,505790,543,53.24
20260916,505797,47872,97.75
20260916,505800,231,89.53
20260916,505827,3126,81.01
20260916,505840,1598,100.0
20260916,505850,2281,30.44
20260916,505854,4786,82.16
20260916,505872,1391,66.88
20260916,505890,1365,51.2
20260916,505893,407,90.04
20260916,505978,197,93.36
20260916,506003,2367,59.61
20260916,506022,14559,67.6
20260916,506074,51467,100.0
20260916,506076,1347,73.33
20260916,506079,260,100.0
20260916,506109,24303,33.47
20260916,506122,2532,100.0
20260916,506128,1015,53.68
20260916,506134,592,100.0
20260916,506146,13323,55.03
20260916,506166,8523,73.62
20260916,506180,7,100.0
20260916,506184,36410,60.2
20260916,506186,12074,90.96
20260916,506194,164,99.39
20260916,506197,47010,100.0
20260916,506222,1208,59.01
20260916,506235,31887,60.64
20260916,506248,1030,89.64
20260916,506260,17203,93.93
20260916,506261,7440,100.0
20260916,506285,386,61.27
20260916,506365,159,98.76
20260916,506390,95,83.33
20260916,506395,2027,68.55
20260916,506401,31911,59.05
20260916,506405,1805,65.85
20260916,506414,3582,48.2
20260916,506480,14526,62.23
20260916,506520,3518,76.2
20260916,506525,40737,100.0
20260916,506528,1569,100.0
20260916,506532,376,53.33
20260916,506543,58,100.0
20260916,506579,3090,75.96
20260916,506590,66519,58.12
20260916,506597,1493,54.65
20260916,506605,16,94.12
20260916,506618,1,100.0
20260916,506640,9617,100.0
20260916,506642,28123,100.0
20260916,506655,4501,38.58
20260916,506680,231,94.67
20260916,506685,2831,52.17
20260916,506687,24,100.0
20260916,506690,2175,63.67
20260916,506734,666,100.0
20260916,506767,1786,50.61
20260916,506808,3354,80.24
20260916,506820,179,33.09
20260916,506852,19083,86.23
20260916,506854,7984,46.64
20260916,506858,1,100.0
20260916,506863,4034,52.09
20260916,506879,8428,36.7
20260916,506906,1599,100.0
20260916,506919,205,100.0
20260916,506935,1,100.0
20260916,506947,312,100.0
20260916,506979,3291,95.61
20260916,506981,1,100.0
20260916,507155,33618,79.7
20260916,507180,847955,100.0
20260916,507205,34469,47.05
20260916,507265,1667,100.0
20260916,507300,30,100.0
20260916,507315,10838,86.86
20260916,507410,28053,50.6
20260916,507438,337,92.33
20260916,507474,180,92.31
20260916,507486,123,100.0
20260916,507488,1209,63.17
20260916,507490,8505,91.41
20260916,507498,332,99.7
20260916,507514,25357,40.42
20260916,507515,1138,100.0
20260916,507526,28159,90.66
20260916,507552,7276,64.94
20260916,507580,955,100.0
20260916,507598,356,77.22
20260916,507609,13,100.0
20260916,507621,4653,91.43
20260916,507645,1,100.0
20260916,507685,237065,61.55
20260916,507690,675,85.99
20260916,507717,829,56.59
20260916,507747,2416,74.5
20260916,507753,158833,87.29
20260916,507759,492,100.0
20260916,507779,931,75.45
20260916,507785,17,62.96
20260916,507789,6012,80.29
20260916,507794,12034,72.4
20260916,507808,50,100.0
20260916,507813,317,100.0
20260916,507815,370,78.06
20260916,507817,10,100.0
20260916,507828,53279,90.7
20260916,507833,3966,69.49
20260916,507836,170,99.42
20260916,507852,141,85.45
20260916,507864,195,100.0
20260916,507872,16021,98.76
20260916,507878,3037908,82.86
20260916,507880,8522,50.75
20260916,507910,2739,88.1
20260916,507912,1780,92.37
20260916,507938,1000,100.0
20260916,507944,1847,80.48
20260916,507946,132,100.0
20260916,507948,2493,92.81
20260916,507960,1627,96.39
20260916,507962,614,100.0
20260916,507966,6,85.71
20260916,507968,367,100.0
20260916,507970,95,100.0
20260916,507981,417,78.38
20260916,507998,12183,89.53
20260916,508136,225,100.0
20260916,508486,271,87.99
20260916,508494,1443,88.64
20260916,508571,2,100.0
20260916,508664,1561,100.0
20260916,508670,50,96.15
20260916,508807,173,94.02
20260916,508814,2789,67.33
20260916,508869,41919,93.8
20260916,508875,274,99.28
20260916,508905,30,100.0
20260916,508906,51,100.0
20260916,508918,5638,86.26
20260916,508933,6359,72.14
20260916,508941,3084,65.8
20260916,508954,6690,17.74
20260916,508956,8600,61.48
20260916,508961,58,100.0
20260916,508963,6,100.0
20260916,508969,8744,96.4
20260916,508980,22357,100.0
20260916,508989,1915,52.64
20260916,509009,1002,97.76
20260916,509015,2,100.0
20260916,509020,128857,89.65
20260916,509024,1562,59.35
20260916,509038,17,100.0
20260916,509040,3215,73.15
20260916,509048,1520,100.0
20260916,509051,1505238,55.86
20260916,509053,15145,67.72
20260916,509055,5831,63.7
20260916,509069,1471,97.74
20260916,509073,145,89.51
20260916,509079,945,66.6
20260916,509152,13815,99.73
20260916,509162,4887,100.0
20260916,509196,541,100.0
20260916,509220,1712,94.48
20260916,509243,417,54.72
20260916,509438,25,86.21
20260916,509449,112,100.0
20260916,509470,5,55.56
20260916,509472,79,100.0
20260916,509480,12149,62.36
20260916,509486,3537,100.0
20260916,509488,125808,44.57
20260916,509496,5740,46.42
20260916,509525,255,96.59
20260916,509546,22751,89.6
20260916,509557,6300,83.75
20260916,509563,3248,88.55
20260916,509567,1989,61.26
20260916,509597,10,83.33
20260916,509631,180519,100.0
20260916,509635,178,84.36
20260916,509675,658,69.12
20260916,509692,52,100.0
20260916,509709,2298,72.81
20260916,509715,413,99.76
20260916,509732,5280,69.12
20260916,509760,52,100.0
20260916,509762,1385,100.0
20260916,509820,5435,64.91
20260916,509835,6103,76.6
20260916,509874,11398,100.0
20260916,509895,15,88.24
20260916,509930,1810,59.46
20260916,509945,1,100.0
20260916,509960,1,100.0
20260916,509966,9179,71.04
20260916,510245,18679,61.6
20260916,511000,17855,98.86
20260916,511012,937877,100.0
20260916,511016,157,100.0
20260916,511018,53826,30.94
20260916,511034,6700,43.46
20260916,511066,5282,76.37
20260916,511076,49202,38.06
20260916,511092,29995,100.0
20260916,511108,5,100.0
20260916,511110,1548,93.93
20260916,511116,601162,100.0
20260916,511122,330,95.93
20260916,511131,1,100.0
20260916,511144,3725,100.0
20260916,511147,11133,90.5
20260916,511153,2653,100.0
20260916,511169,217,100.0
20260916,511187,17,100.0
20260916,511196,3467,45.23
20260916,511208,36905,68.19
20260916,511218,393294,85.1
20260916,511243,7572,53.51
20260916,511260,2606,55.99
20260916,511333,920,99.46
20260916,511355,61359,100.0
20260916,511359,330,100.0
20260916,511391,267,80.91
20260916,511413,14,87.5
20260916,511431,85591,68.01
20260916,511447,4019770,56.71
20260916,511451,1949,100.0
20260916,511463,7500,100.0
20260916,511473,5135,81.24
20260916,511493,2157,100.0
20260916,940483,138,93.24
20260916,940485,50,100.0
20260916,940501,9,100.0
20260916,940505,50,100.0
20260916,940517,83,100.0
20260916,940519,110,69.62
20260916,940547,30,57.69
20260916,940559,53,100.0
20260916,940635,5,100.0
20260916,940643,1,100.0
20260916,940655,100,100.0
20260916,940681,21,100.0
20260916,940683,209,100.0
20260916,940691,569,100.0
20260916,940705,40,100.0
20260916,940709,20,66.67
20260916,940713,20,100.0
20260916,940715,4,100.0
20260916,940727,10,100.0
20260916,940745,24,100.0
20260916,940757,6,100.0
20260916,940767,2,100.0
20260916,940777,15,100.0
20260916,940795,50,100.0
20260916,940799,200,100.0
20260916,940817,16,100.0
20260916,940835,21,100.0
20260916,940837,522,100.0
20260916,940841,198,79.84
20260916,940855,235,99.58
20260916,940857,57,100.0
20260916,940859,9,100.0
20260916,940872,36,100.0
20260916,940886,79,100.0
20260916,940896,247,100.0
20260916,940904,90,100.0
20260916,940910,10,100.0
20260916,940923,10,100.0
20260916,940929,10,100.0
20260916,940955,104,91.23
20260916,940971,800,100.0
20260916,940981,100,100.0
20260916,940985,10,100.0
20260916,940987,85,100.0
20260916,940991,2,100.0
20260916,941005,10,100.0
20260916,941015,50,100.0
20260916,941019,25,100.0
20260916,941021,71,100.0
20260916,941023,40,100.0
20260916,941027,8,100.0
20260916,941037,260,100.0
20260916,941043,130,100.0
20260916,941047,303,96.81
20260916,941051,193,100.0
20260916,941055,114,100.0
20260916,941057,75,100.0
20260916,941061,0,0.0
20260916,941063,500,100.0
20260916,941069,59,100.0
20260916,941075,12,54.55
20260916,941087,10,100.0
20260916,941093,70,100.0
20260916,941095,110,99.1
20260916,941097,80,50.0
20260916,941111,2,100.0
20260916,941117,75,100.0
20260916,941119,194,100.0
20260916,941121,135,100.0
20260916,941125,813,100.0
20260916,941127,155,100.0
20260916,941131,10,50.0
20260916,941135,100,100.0
20260916,941143,60,100.0
20260916,941151,3,100.0
20260916,941157,17,100.0
20260916,941159,4,100.0
20260916,941163,1,100.0
20260916,941165,170,100.0
20260916,941173,194,100.0
20260916,941185,503,80.22
20260916,941189,305,100.0
20260916,941193,1097,100.0
20260916,941195,189,100.0
20260916,941199,1,100.0
20260916,941201,79,100.0
20260916,941203,310,81.58
20260916,941223,100,100.0
20260916,941231,412,100.0
20260916,957809,1,100.0
20260916,957810,1,100.0
20260916,958834,1,100.0
20260916,961728,1765,84.53
20260916,961751,151,100.0
20260916,961753,50,100.0
20260916,961767,75,100.0
20260916,961792,50,100.0
20260916,961804,102,90.27
20260916,961810,82,94.25
20260916,961816,251,99.21
20260916,961822,382,100.0
20260916,961826,26,100.0
20260916,961839,1,100.0
20260916,961863,15,100.0
20260916,961885,1,100.0
20260916,961895,1300,83.76
20260916,961910,450,100.0
20260916,972691,20,100.0
20260916,972706,6,75.0
20260916,972721,1,100.0
20260916,972773,32,100.0
20260916,973153,1,100.0
20260916,973232,1,100.0
20260916,973491,189,100.0
20260916,974072,1,100.0
20260916,974089,1,100.0
20260916,974287,1,100.0
20260916,974634,5,83.33
20260916,974749,2,100.0
20260916,975268,1,100.0
20260916,975375,3,100.0
20260916,975572,12,85.71
20260916,975746,1,100.0
20260916,975790,20,100.0
20260916,975802,2,100.0
20260916,975913,1,100.0
20260916,975955,1,100.0
20260916,976020,2,100.0
20260916,976036,10,100.0
20260916,976148,1,100.0
20260916,976248,7,100.0
20260916,976290,12,100.0
20260916,976292,14,100.0
20260916,976303,3,100.0
20260916,976325,77,100.0
20260916,976346,2,100.0
20260916,976411,2,100.0
20260916,976437,18,100.0
20260916,976483,1,100.0
20260916,976526,8,50.0
20260916,976660,15,100.0
20260916,976685,3,100.0
20260916,976690,1,100.0
20260916,976708,7,100.0
20260916,976712,25,100.0
20260916,976757,11,100.0
20260916,976808,123,91.79
20260916,976868,1,100.0
20260916,976905,5,100.0
20260916,976924,4,100.0
20260916,976930,1,100.0
20260916,976985,9,100.0
20260916,977001,10,100.0
20260916,977009,9,100.0
20260916,977017,144,96.0
20260916,977040,1,100.0
20260916,977044,55,93.22
20260916,977090,1,100.0
20260916,977093,1,100.0
20260916,977107,6,100.0
20260916,977117,2,100.0
20260916,977128,51,100.0
20260916,977132,3,100.0
20260916,977134,1,100.0
20260916,977177,1,100.0
20260916,977186,1,100.0
20260916,977187,1,100.0
20260916,977200,76,100.0
20260916,977226,11,100.0
20260916,977241,224,99.56
20260916,977249,3,100.0
20260916,977250,30,100.0
20260916,977280,1,100.0
20260916,977288,10,90.91
20260916,977289,1,100.0
20260916,977298,19,55.88
20260916,977309,11,64.71
20260916,977315,1,100.0
20260916,977331,2,100.0
20260916,977333,2,100.0
20260916,977344,1,100.0
20260916,977356,286,100.0
20260916,977367,153,100.0
20260916,977382,10,66.67
20260916,977410,1,100.0
20260916,977418,1,100.0
20260916,977424,126,93.33
20260916,977431,5,100.0
20260916,977440,58,96.67
20260916,977443,1,100.0
20260916,977453,9,100.0
20260916,977477,19,100.0
20260916,977486,2,100.0
20260916,977488,2,100.0
20260916,977495,12,100.0
20260916,977508,22,100.0
20260916,977532,32,100.0
20260916,977534,26,100.0
20260916,977535,14,100.0
20260916,977541,84,100.0
20260916,977546,10,100.0
20260916,977564,18,100.0
20260916,977575,18,100.0
20260916,977576,63,92.65
20260916,977596,3,75.0
20260916,977598,2,100.0
20260916,977623,1,100.0
20260916,977633,7,100.0
20260916,977642,1,100.0
20260916,977643,18,100.0
20260916,977649,5,100.0
20260916,977657,2,100.0
20260916,977662,74,77.08
20260916,977680,3,100.0
20260916,977681,1,100.0
20260916,977696,1,100.0
20260916,977700,4,66.67
20260916,977729,10,100.0
20260916,977730,8,100.0
20260916,977732,85,97.7
20260916,977735,19,100.0
20260916,977740,13,100.0
20260916,977753,87,100.0
20260916,977773,84,100.0
20260916,977774,1,100.0
20260916,977788,20,100.0
20260916,977801,57,100.0
20260916,977803,5,100.0
20260916,977815,36,100.0
20260916,977818,6,100.0
20260916,977839,1,100.0
20260916,977846,12,100.0
20260916,977868,250,100.0
20260916,977869,97,100.0
20260916,977875,1,100.0
20260916,977877,13,100.0
20260916,977913,9,100.0
20260916,977932,1,100.0
20260916,977935,344,97.18
20260916,977965,1,100.0
20260916,977984,9,81.82
20260916,977994,15,100.0
20260916,978006,7,100.0
20260916,978007,3,100.0
20260916,978008,2,100.0
20260916,978024,34,91.89
20260916,978034,3,100.0
20260916,978039,70,100.0
20260916,978046,6,100.0
20260916,978051,27,100.0
20260916,978055,6,100.0
20260916,978070,1,100.0
20260916,978075,159,100.0
20260916,978086,30,100.0
20260916,978087,14,100.0
20260916,978094,51,100.0
20260916,978115,1,100.0
20260916,978132,1,100.0
20260916,511501,593,99.83
20260916,511505,3393,100.0
20260916,511507,101,99.02
20260916,511509,3699,60.8
20260916,511523,128640,100.0
20260916,511525,17661,99.92
20260916,511533,340,93.15
20260916,511535,1364,88.86
20260916,511539,140,100.0
20260916,511543,1420,100.0
20260916,511549,527,99.81
20260916,511551,11541,84.11
20260916,511557,2099802,100.0
20260916,511559,25,100.0
20260916,511563,2,100.0
20260916,511571,1322,71.61
20260916,511577,40,100.0
20260916,511589,6643,77.38
20260916,511593,125,100.0
20260916,511601,4793,87.62
20260916,511605,15934,63.58
20260916,511609,101,100.0
20260916,511611,530,84.13
20260916,511626,955,100.0
20260916,511628,118624,62.35
20260916,511630,2860,98.55
20260916,511644,268896,61.39
20260916,511654,1079,71.74
20260916,511658,85538,67.55
20260916,511664,7947,69.09
20260916,511672,7223,100.0
20260916,511676,2407,60.21
20260916,511692,1126,97.83
20260916,511696,120,100.0
20260916,511700,5280342,54.37
20260916,511702,2045,79.91
20260916,511710,53342,100.0
20260916,511712,445,72.36
20260916,511714,312,100.0
20260916,511716,3990,100.0
20260916,511724,4802,87.01
20260916,511726,800,100.0
20260916,511728,23,95.83
20260916,511734,8,100.0
20260916,511740,6,50.0
20260916,511742,7099,70.83
20260916,511754,2638,82.64
20260916,511756,1737,100.0
20260916,511758,105,100.0
20260916,511764,1918,97.61
20260916,511766,748,87.28
20260916,511768,11803,63.49
20260916,512008,3219,51.89
20260916,512014,287,83.19
20260916,512018,19385,72.55
20260916,512020,10,83.33
20260916,512025,97090,32.41
20260916,512026,306,100.0
20260916,512036,9,100.0
20260916,512038,100442,42.62
20260916,512047,40440,71.92
20260916,512048,106293,94.33
20260916,512062,989,100.0
20260916,512064,1011,100.0
20260916,512065,907,100.0
20260916,512068,37734,19.67
20260916,512070,50322,57.39
20260916,512093,100954,100.0
20260916,512097,82850,92.41
20260916,512103,272,75.98
20260916,512115,252,100.0
20260916,512131,1489,100.0
20260916,512149,2116380,71.72
20260916,512161,708,98.74
20260916,512165,253,94.4
20260916,512169,891043,100.0
20260916,512175,17909,86.8
20260916,512179,6158,46.57
20260916,512197,479,100.0
20260916,512217,3166,78.8
20260916,512229,1869,100.0
20260916,512237,46761,65.4
20260916,512247,51420,75.88
20260916,512257,119817,97.67
20260916,512267,6994,74.52
20260916,512277,1762,93.62
20260916,512296,33863,74.31
20260916,512301,8773,100.0
20260916,512329,19887,42.55
20260916,512344,911,100.0
20260916,512345,3,100.0
20260916,512359,50744,100.0
20260916,512361,46929,79.46
20260916,512379,120496,100.0
20260916,512381,5,100.0
20260916,512393,2882,100.0
20260916,512399,678778,97.27
20260916,512415,63452,93.95
20260916,512425,36,97.3
20260916,512437,3322,94.21
20260916,512441,5040245,50.87
20260916,512443,77807,95.62
20260916,512453,132,95.65
20260916,512455,21771,71.31
20260916,512463,243558,81.47
20260916,512477,9,100.0
20260916,512479,1,100.0
20260916,512485,1,100.0
20260916,512489,6769,100.0
20260916,512493,707,91.94
20260916,512499,1521742,100.0
20260916,512519,1336,86.75
20260916,512527,330,100.0
20260916,512529,95521,43.8
20260916,512531,813,73.24
20260916,512553,4,100.0
20260916,512559,21300,62.98
20260916,512565,21,100.0
20260916,512573,22624,56.43
20260916,512587,12946,90.56
20260916,512589,1179,93.57
20260916,512591,692356,50.45
20260916,512595,9886,85.93
20260916,512599,21168,40.17
20260916,512600,3678,65.16
20260916,512608,5637,93.1
20260916,512618,1962,99.49
20260916,512624,31352,89.68
20260916,512626,854,100.0
20260916,512634,5098,82.16
20260916,513005,126,81.29
20260916,513023,20628,66.69
20260916,513043,3606,84.25
20260916,513059,18956,100.0
20260916,513063,100,75.76
20260916,513097,11686,38.74
20260916,513108,706,93.76
20260916,513117,1333,98.81
20260916,513119,53380,98.0
20260916,513121,451,78.16
20260916,513149,56,100.0
20260916,513173,14590,62.64
20260916,513228,16429,50.73
20260916,513250,424245,68.33
20260916,513252,40,81.63
20260916,513262,20620,24.34
20260916,513269,33003,21.98
20260916,513295,900,65.5
20260916,513303,6263,97.55
20260916,513307,4591,86.05
20260916,513337,752522,65.08
20260916,513343,360,100.0
20260916,513349,14726,73.12
20260916,513353,11441,58.07
20260916,513361,678347,94.44
20260916,513369,470,100.0
20260916,513375,5432,48.97
20260916,513377,99675,65.86
20260916,513418,9054,100.0
20260916,513436,115,100.0
20260916,513452,4,100.0
20260916,513456,1459,69.15
20260916,513460,431,100.0
20260916,513472,203616,64.0
20260916,513488,37,100.0
20260916,513496,4186,93.25
20260916,513498,2100,85.33
20260916,513502,62535,60.29
20260916,513509,740,100.0
20260916,513511,86,100.0
20260916,513513,6648,97.44
20260916,513517,5087,65.94
20260916,513519,4650,71.85
20260916,513528,3034,100.0
20260916,513532,1218,100.0
20260916,513536,15088,56.63
20260916,513540,300,100.0
20260916,513544,86,100.0
20260916,513554,219,100.0
20260916,513566,4829,100.0
20260916,513575,3287,97.65
20260916,513599,195024,55.73
20260916,513629,455,84.73
20260916,513642,760,99.48
20260916,513683,42970,57.69
20260916,513687,481,100.0
20260916,513693,9161,81.77
20260916,513699,947,99.79
20260916,513709,546,78.45
20260916,513713,19895,95.58
20260916,513721,7,100.0
20260916,513729,2593,91.24
20260916,514010,55376,100.0
20260916,514028,65,73.86
20260916,514030,1990,69.78
20260916,514043,15797,58.44
20260916,514045,191,80.59
20260916,514060,49684,100.0
20260916,514113,878,100.0
20260916,514142,1706,94.41
20260916,514162,205557,64.18
20260916,514165,8596,69.43
20260916,514167,724,56.61
20260916,514171,121,54.5
20260916,514175,19626,92.9
20260916,514177,2,66.67
20260916,514183,9453,100.0
20260916,514197,3206,99.63
20260916,514211,397672,75.74
20260916,514223,2600,100.0
20260916,514234,1157,98.22
20260916,514238,597,86.15
20260916,514240,11359,82.55
20260916,514248,5300,100.0
20260916,514260,1988,100.0
20260916,514264,54,100.0
20260916,514266,1718,91.14
20260916,514272,5838,90.69
20260916,514274,11310,24.69
20260916,514280,1690,91.25
20260916,514286,13297,91.04
20260916,514300,508,85.38
20260916,514302,389,95.34
20260916,514312,1407,3.73
20260916,514316,1127,53.79
20260916,514318,894,98.35
20260916,514324,63,79.75
20260916,514326,478,81.85
20260916,514330,3711,66.99
20260916,514332,1474,99.8
20260916,514336,2918,100.0
20260916,514354,21107,62.32
20260916,514358,10,100.0
20260916,514360,25248,78.73
20260916,514378,1004,95.53
20260916,514386,167035,100.0
20260916,514400,100,100.0
20260916,514402,3709,72.19
20260916,514414,86,100.0
20260916,514418,1163,92.01
20260916,514428,659,97.92
20260916,514440,48635,72.15
20260916,514442,1097,100.0
20260916,514448,1202,55.34
20260916,514450,92,100.0
20260916,514454,83,100.0
20260916,514460,462,100.0
20260916,514470,3784,90.96
20260916,515008,29094,100.0
20260916,515030,11950,66.22
20260916,515037,830,100.0
20260916,515043,5539,74.11
20260916,515055,50237,52.09
20260916,515059,404,100.0
20260916,515085,5136,59.75
20260916,515093,24,100.0
20260916,515147,819,100.0
20260916,516003,240,63.66
20260916,516016,146,91.25
20260916,516020,5,100.0
20260916,516022,672,94.78
20260916,516030,3813,80.0
20260916,516032,223780,70.52
20260916,516038,5096,87.26
20260916,516062,29,100.0
20260916,516064,13765,52.33
20260916,516072,10004,80.27
20260916,516078,2031,100.0
20260916,516082,2098,56.96
20260916,516092,26,100.0
20260916,516098,3917,96.67
20260916,516106,1947,85.25
20260916,516108,5050,68.12
20260916,516110,90881,90.45
20260916,517015,4732,65.49
20260916,517035,96166,62.95
20260916,517041,1937,68.37
20260916,517059,6165,65.94
20260916,517063,6088,63.21
20260916,517096,3923,75.87
20260916,517119,4159,78.87
20260916,517146,9605,48.37
20260916,517168,2338,62.13
20260916,517170,12813,85.75
20260916,517172,500,100.0
20260916,517174,42,75.0
20260916,517201,707,100.0
20260916,517206,383,54.4
20260916,517214,2852,64.66
20260916,517230,100,100.0
20260916,517236,1165,98.56
20260916,517238,659,99.7
20260916,517246,28707,100.0
20260916,517258,1246,100.0
20260916,517264,295,90.49
20260916,517271,52323,60.14
20260916,517273,820,100.0
20260916,517286,31545,100.0
20260916,517288,921,100.0
20260916,517300,36061,66.28
20260916,517320,33543,51.96
20260916,517334,116491,44.47
20260916,517336,800,100.0
20260916,517344,6378,80.96
20260916,517354,18059,54.41
20260916,517356,517462,100.0
20260916,517360,440,96.49
20260916,517370,841,82.05
20260916,517372,7084,70.76
20260916,517380,23496,54.26
20260916,517385,2639,70.94
20260916,517393,377190,100.0
20260916,517397,1340,80.05
20260916,517399,36460,99.82
20260916,517411,542,85.22
20260916,517415,56,100.0
20260916,517417,13754,99.99
20260916,517421,687,63.32
20260916,517429,304,72.38
20260916,517431,26835,78.04
20260916,517447,395,100.0
20260916,517449,189,71.86
20260916,517467,53894,46.19
20260916,517477,169,88.48
20260916,517494,2152,88.2
20260916,517498,133936,57.09
20260916,517500,16889,77.59
20260916,517506,505,51.22
20260916,517514,2255,67.56
20260916,517522,8969,68.55
20260916,517530,6590,94.85
20260916,517536,742,69.93
20260916,517544,3130,58.55
20260916,517546,4542,61.64
20260916,517554,59797468,100.0
20260916,517556,42281,76.77
20260916,517562,3295,78.42
20260916,517569,6034,38.22
20260916,518011,6,85.71
20260916,518053,544,94.12
20260916,518075,1091,100.0
20260916,518091,98,96.08
20260916,519003,440,98.0
20260916,519031,667,100.0
20260916,519091,31,63.27
20260916,519097,51486,100.0
20260916,519105,25482,83.66
20260916,519126,4281,70.66
20260916,519136,1680,97.0
20260916,519152,21,100.0
20260916,519156,298,63.4
20260916,519174,50,100.0
20260916,519183,7963,64.19
20260916,519191,11632,100.0
20260916,519214,62,50.0
20260916,519216,10541,57.12
20260916,519224,4,100.0
20260916,519230,1815,59.22
20260916,519234,5,100.0
20260916,519238,3722,48.86
20260916,519242,75002,80.37
20260916,519260,5137,100.0
20260916,519262,702,97.5
20260916,519285,37,100.0
20260916,519287,84026,51.27
20260916,519295,662,89.34
20260916,519299,19639,100.0
20260916,519307,94447,100.0
20260916,519331,3577,100.0
20260916,519359,701,96.56
20260916,519367,10,100.0
20260916,519383,188,93.07
20260916,519397,15550,93.63
20260916,519421,1080,75.9
20260916,519457,11,91.67
20260916,519463,2763,76.77
20260916,519471,22,100.0
20260916,519475,2112,42.57
20260916,519477,30972,51.13
20260916,519479,1,100.0
20260916,519483,44,89.8
20260916,519494,283,95.29
20260916,519500,1381,95.77
20260916,519506,1600,100.0
20260916,519528,102,99.03
20260916,519532,4996,93.84
20260916,519552,17090,42.09
20260916,519566,3092,89.08
20260916,519574,632,99.68
20260916,519600,4684,61.05
20260916,519602,73566,32.16
20260916,519606,1098,100.0
20260916,519612,72,94.74
20260916,520008,27317,45.63
20260916,520021,976,66.39
20260916,520043,820,63.57
20260916,520051,66430,40.17
20260916,520056,207,53.21
20260916,520057,4342,70.01
20260916,520059,18483,60.47
20260916,520066,16371,64.01
20260916,520073,4942,49.51
20260916,520075,889,94.27
20260916,520081,300,100.0
20260916,520086,3005,100.0
20260916,520111,722,50.74
20260916,520113,4767,61.05
20260916,520119,726,59.8
20260916,520121,1048,100.0
20260916,520123,138,66.67
20260916,520127,2923,100.0
20260916,520141,3397,88.28
20260916,520155,123,92.48
20260916,521005,2019775,56.3
20260916,521016,7874,33.16
20260916,521018,4265,96.67
20260916,521034,3703,92.16
20260916,521036,1,100.0
20260916,521048,624,100.0
20260916,521054,1,100.0
20260916,521062,1936,74.81
20260916,521064,335200,74.51
20260916,521068,600,100.0
20260916,521070,773840,54.15
20260916,521080,2085,87.17
20260916,521097,1106,81.93
20260916,521105,1845,52.74
20260916,521109,3727,82.26
20260916,521113,6775,69.33
20260916,521131,53,53.0
20260916,521133,3000,100.0
20260916,521137,24948,100.0
20260916,521141,482,79.28
20260916,521149,1059,67.37
20260916,521163,373,94.91
20260916,521167,114345,100.0
20260916,521178,725,91.54
20260916,521180,17549,100.0
20260916,521194,9,90.0
20260916,521200,1246,78.27
20260916,521206,4341,72.51
20260916,521216,61,81.33
20260916,521220,45,100.0
20260916,521222,25,100.0
20260916,521226,261,98.49
20260916,521228,14411,62.31
20260916,521232,200,100.0
20260916,521234,1169,100.0
20260916,521238,111765,48.36
20260916,521240,16,100.0
20260916,521244,325,100.0
20260916,521246,26891,98.37
20260916,521248,15862,35.9
20260916,522001,478,100.0
20260916,522004,6437,89.16
20260916,522005,3229,95.36
20260916,522014,873,78.44
20260916,522017,1815,87.05
20260916,522027,740,100.0
20260916,522029,1875,63.86
20260916,522034,15274,63.61
20260916,522064,109,87.9
20260916,522073,2,100.0
20260916,522074,33631,54.77
20260916,522091,6173,94.56
20260916,522101,9576,53.99
20260916,522105,30935,100.0
20260916,522108,1662,52.13
20260916,522113,558,51.24
20260916,522122,45,100.0
20260916,522134,6008,82.28
20260916,522152,1966,100.0
20260916,522163,149900,100.0
20260916,522165,3692,99.97
20260916,522183,163,87.63
20260916,522195,3292,56.59
20260916,522205,17991,59.39
20260916,522207,125,53.19
20260916,522209,581,100.0
20260916,522215,30850,49.71
20260916,522217,45,78.95
20260916,522229,1008,57.05
20260916,522231,4796,57.43
20260916,522235,574,100.0
20260916,522237,395,95.18
20260916,522241,2632,53.98
20260916,522249,4191,60.38
20260916,522251,6105,77.19
20260916,522257,27089,100.0
20260916,522261,771,59.26
20260916,522267,123,77.36
20260916,522273,258,43.14
20260916,522275,19391,52.41
20260916,522281,4249,58.09
20260916,522285,92177,55.62
20260916,522287,2226,51.56
20260916,522289,7183,49.19
20260916,522292,13752,100.0
20260916,522294,338,84.71
20260916,522295,1015,80.05
20260916,522650,7404,73.42
20260916,523007,112,99.12
20260916,523011,204,94.88
20260916,523019,7845,90.36
20260916,523021,239,98.35
20260916,523023,7804,76.83
20260916,523025,502,53.46
20260916,523100,5020,76.48
20260916,523105,1723553,100.0
20260916,523116,3,100.0
20260916,523120,511,100.0
20260916,523127,1635,81.1
20260916,523144,7949,83.59
20260916,523160,4778,52.48
20260916,523186,51,54.26
20260916,523204,2145,100.0
20260916,523207,8438,97.61
20260916,523222,3573,100.0
20260916,523229,6568,55.23
20260916,523232,289,89.2
20260916,523242,18200,100.0
20260916,523248,2127,95.64
20260916,523261,3023,61.37
20260916,523269,4806,91.13
20260916,523277,1279041,73.38
20260916,523283,200,100.0
20260916,523289,2410,90.16
20260916,523301,287,79.94
20260916,523309,21263,89.99
20260916,523319,14543,83.4
20260916,523323,372,69.27
20260916,523329,127,92.7
20260916,523367,2169,59.23
20260916,523369,10775,69.04
20260916,523371,15523,63.11
20260916,523373,137780,48.19
20260916,523384,606,74.91
20260916,523385,995,57.88
20260916,523387,157582,57.9
20260916,523391,1921,99.53
20260916,523395,415,40.21
20260916,523398,301,52.26
20260916,523405,109865,54.66
20260916,523411,438,100.0
20260916,523419,6999,98.36
20260916,523425,1540,98.84
20260916,523445,2602,64.37
20260916,523457,363,56.28
20260916,523465,85,100.0
20260916,523467,96461,100.0
20260916,523475,942,88.7
20260916,523483,1,100.0
20260916,523489,398,100.0
20260916,523519,236,97.52
20260916,523537,8912,81.08
20260916,523539,10017,49.14
20260916,523550,318,58.46
20260916,523558,26249,100.0
20260916,523566,419,89.15
20260916,523574,3212,100.0
20260916,523586,5467,96.73
20260916,523594,77,100.0
20260916,523598,46311,50.61
20260916,523606,3721,51.57
20260916,523610,16836,79.75
20260916,523618,2312,57.8
20260916,523620,202,100.0
20260916,523630,17486,62.18
20260916,523638,56,67.47
20260916,523642,3854,57.54
20260916,523648,2722,85.41
20260916,523650,24859,99.98
20260916,523660,1571,61.08
20260916,523672,3156,84.48
20260916,523676,807,58.44
20260916,523694,4089,61.08
20260916,523696,7453,68.13
20260916,523704,1593,40.26
20260916,523708,2018,68.59
20260916,523710,4,6.06
20260916,523716,1152,61.21
20260916,523722,19114,92.4
20260916,523732,13070,100.0
20260916,523736,229,82.97
20260916,523752,39758,100.0
20260916,523754,467,97.9
20260916,523782,9750,94.23
20260916,523792,2237,100.0
20260916,523796,85042,100.0
20260916,523826,2323,79.53
20260916,523828,3203,100.0
20260916,523832,642,100.0
20260916,523836,215,34.96
20260916,523838,817,54.21
20260916,523840,314,100.0
20260916,523842,6573,100.0
20260916,523844,36,100.0
20260916,523850,790,76.62
20260916,523862,1211,95.13
20260916,523874,7867,100.0
20260916,524000,19415,58.81
20260916,524019,364,59.19
20260916,524037,5408,88.8
20260916,524038,2058,94.62
20260916,524051,1110,80.49
20260916,524055,49,100.0
20260916,524075,122,91.73
20260916,524080,263,97.77
20260916,524091,2190,62.77
20260916,524109,36156,61.73
20260916,524129,499,82.34
20260916,524136,2974,100.0
20260916,524156,16647,87.86
20260916,524164,153977,31.91
20260916,524174,49772,93.45
20260916,524200,142339,96.05
20260916,524202,1659,87.32
20260916,524204,555,100.0
20260916,524208,33784,50.71
20260916,524210,152,100.0
20260916,524212,8242,48.45
20260916,524218,13605,100.0
20260916,524226,22255,70.44
20260916,524230,30244,47.2
20260916,524238,313368,100.0
20260916,524280,222479,38.31
20260916,524288,304,86.61
20260916,524314,56,100.0
20260916,524322,9360,62.76
20260916,524330,862,56.16
20260916,524332,35187,65.7
20260916,524336,12329,100.0
20260916,524342,11043,67.09
20260916,524348,4921,59.61
20260916,524370,117924,65.15
20260916,524372,2614,63.51
20260916,524394,8378,59.13
20260916,524396,1101,90.32
20260916,524400,524,100.0
20260916,524404,67421,42.1
20260916,524408,156,100.0
20260916,524412,5443,67.63
20260916,524414,805,100.0
20260916,524434,1828,73.5
20260916,524440,1736,78.55
20260916,524444,56706842,68.92
20260916,524458,15598,78.39
20260916,524470,770550,59.02
20260916,524480,713,72.17
20260916,524488,24853,89.44
20260916,524494,9550,56.56
20260916,524500,925,100.0
20260916,524502,3225,100.0
20260916,524506,2540,100.0
20260916,524514,2000,100.0
20260916,524516,93223,75.77
20260916,524520,215061,33.59
20260916,524522,8082,94.22
20260916,524534,730,54.68
20260916,524542,392,98.99
20260916,524548,496,100.0
20260916,524558,890,41.45
20260916,524564,3542,63.83
20260916,524570,71,100.0
20260916,524572,641,45.59
20260916,524576,9421,92.37
20260916,524580,7,100.0
20260916,524582,321,100.0
20260916,524592,32498,100.0
20260916,524594,907,81.2
20260916,524598,1451,100.0
20260916,524602,1794,75.98
20260916,524604,200,100.0
20260916,524606,341,22.2
20260916,524614,4171,95.36
20260916,524622,27408,53.54
20260916,524624,3,100.0
20260916,524628,1195,93.0
20260916,524632,237403,56.03
20260916,524634,3275,76.46
20260916,524636,3281,100.0
20260916,524640,18387,100.0
20260916,524648,1876,100.0
20260916,524654,1852,100.0
20260916,524661,1016534,53.83
20260916,524663,12399,46.89
20260916,524667,8484,70.82
20260916,524669,124,78.98
20260916,524675,1346,96.56
20260916,524687,18403,84.98
20260916,524703,1149,62.92
20260916,524709,22541,57.63
20260916,524711,21096,64.68
20260916,524715,330550,95.36
20260916,524717,10327,73.92
20260916,524727,150,100.0
20260916,524731,236,84.29
20260916,524735,32780,40.78
20260916,524742,13750,52.0
20260916,524743,16749,58.79
20260916,524748,3266,99.09
20260916,524752,2646,100.0
20260916,524768,59,93.65
20260916,524774,311,49.92
20260916,524790,2849,98.14
20260916,524804,7828,58.59
20260916,524808,1214,52.37
20260916,524816,8043,54.3
20260916,524818,2162,60.73
20260916,524820,13941,68.16
20260916,524824,2981,58.36
20260916,524828,420,97.22
20260916,526001,1002,98.52
20260916,526025,17221,71.97
20260916,526027,2908,73.47
20260916,526043,1566,56.58
20260916,526071,983,100.0
20260916,526073,500,100.0
20260916,526075,1007,100.0
20260916,526081,11788,100.0
20260916,526095,2018,71.31
20260916,526113,1,100.0
20260916,526115,1193,100.0
20260916,526117,254,100.0
20260916,526125,196,99.49
20260916,526133,4544,81.0
20260916,526137,2849,98.28
20260916,526139,2255,66.38
20260916,526143,3692,90.67
20260916,526159,3897,72.01
20260916,526161,1513,100.0
20260916,526169,3328,81.49
20260916,526173,13719,61.87
20260916,526179,610,80.58
20260916,526187,1955,100.0
20260916,526193,230207,99.23
20260916,526211,667,94.08
20260916,526217,217,100.0
20260916,526227,194281,49.75
20260916,526231,4621,100.0
20260916,526237,965,78.14
20260916,526241,8075,100.0
20260916,526247,17848,86.72
20260916,526251,34,100.0
20260916,526263,1930,100.0
20260916,526269,2708,69.38
20260916,526299,2752,60.03
20260916,526315,804,100.0
20260916,526335,3665,61.13
20260916,526345,1019,82.78
20260916,526355,725,84.6
20260916,526365,2771,82.13
20260916,526367,1531,83.75
20260916,526371,624876,59.3
20260916,526373,88,91.67
20260916,526381,9585,100.0
20260916,526397,931,100.0
20260916,526407,9890,94.77
20260916,526409,10413,98.81
20260916,526415,70374,79.23
20260916,526423,61,100.0
20260916,526433,29988,49.41
20260916,526435,1318,99.85
20260916,526439,97,100.0
20260916,526441,7223,63.89
20260916,526443,63841,68.03
20260916,526445,37096,74.35
20260916,526468,1810,100.0
20260916,526471,6770,87.47
20260916,526473,8762,85.86
20260916,526479,1920,69.31
20260916,526481,59,89.39
20260916,526488,917,99.67
20260916,526490,22436,80.84
20260916,526492,4872,91.82
20260916,526494,9448,100.0
20260916,526500,4,100.0
20260916,526506,2902,100.0
20260916,526508,1437,75.71
20260916,526519,1167,100.0
20260916,526525,6,100.0
20260916,526530,35079,100.0
20260916,526532,1051,99.72
20260916,526544,2526,51.53
20260916,526546,20782,100.0
20260916,526550,567,78.1
20260916,526570,928,34.64
20260916,526582,6898,91.09
20260916,526596,4245,96.04
20260916,526604,2038,100.0
20260916,526608,503,86.28
20260916,526612,295,59.72
20260916,526614,4571,100.0
20260916,526616,349,55.4
20260916,526622,416445,66.49
20260916,526638,3859,60.31
20260916,526640,2103,87.48
20260916,526642,16379,84.76
20260916,526650,256955,40.3
20260916,526654,1,100.0
20260916,526662,15,100.0
20260916,526666,991,77.54
20260916,526668,7969,90.74
20260916,526675,3834,99.71
20260916,526677,7417,100.0
20260916,526703,462,83.24
20260916,526705,22,100.0
20260916,526709,54454,72.17
20260916,526711,153,100.0
20260916,526717,7043,100.0
20260916,526721,520,100.0
20260916,526723,950,82.11
20260916,526725,16,88.89
20260916,526727,485,83.91
20260916,526729,15946,62.26
20260916,526731,1008,98.15
20260916,526739,3341,70.03
20260916,526747,3638,75.73
20260916,526751,1953,98.49
20260916,526755,223,100.0
20260916,526761,739,86.23
20260916,526775,6907,58.43
20260916,526783,78,62.4
20260916,526797,4475,78.36
20260916,526807,2704,69.57
20260916,526813,579,100.0
20260916,526817,28,75.68
20260916,526821,138,100.0
20260916,526827,14589,100.0
20260916,526829,51795,48.68
20260916,526839,137,100.0
20260916,526841,218865,72.72
20260916,526847,326,81.5
20260916,526849,204,100.0
20260916,526851,126,100.0
20260916,526853,10852,100.0
20260916,526859,23760,100.0
20260916,526861,7715,70.7
20260916,526865,242,100.0
20260916,526869,221,100.0
20260916,526871,1517,97.49
20260916,526873,1030654,100.0
20260916,526877,3,100.0
20260916,526881,9913,56.5
20260916,526885,1508,67.87
20260916,526887,203,100.0
20260916,526891,52,100.0
20260916,526899,32482,94.95
20260916,526901,1152,99.14
20260916,526905,110,100.0
20260916,526921,24,82.76
20260916,526931,590,70.15
20260916,526935,289653,100.0
20260916,526941,300,100.0
20260916,526945,1484,65.96
20260916,526947,4767,75.64
20260916,526951,1029,65.13
20260916,526953,3562,100.0
20260916,526961,20903,86.52
20260916,526965,372,80.52
20260916,526971,895,100.0
20260916,526981,441,82.28
20260916,526987,113907,81.96
20260916,527001,388108,95.98
20260916,527005,106,56.38
20260916,530001,5578,64.9
20260916,530005,1802,55.6
20260916,530007,62888,64.28
20260916,530017,5609,90.1
20260916,530019,2906,34.97
20260916,530023,2343,99.83
20260916,530025,2000,100.0
20260916,530037,1820,99.18
20260916,530043,57,54.29
20260916,530045,2099,7.64
20260916,530053,3486,68.41
20260916,530057,28675,99.79
20260916,530063,313,100.0
20260916,530067,4020,78.42
20260916,530073,14526,69.93
20260916,530075,44593,35.28
20260916,530077,8208,89.12
20260916,530079,1621,90.81
20260916,530109,44524,78.99
20260916,530111,10981,97.34
20260916,530117,3392,53.02
20260916,530119,1,20.0
20260916,530125,1000,99.8
20260916,530127,1123,71.35
20260916,530129,787,80.88
20260916,530133,368,100.0
20260916,530135,4385,47.88
20260916,530139,12247,100.0
20260916,530141,2383,100.0
20260916,530145,35592,100.0
20260916,530163,7007,81.53
20260916,530167,224,100.0
20260916,530169,115,100.0
20260916,530171,1221,78.77
20260916,530175,1271,95.78
20260916,530177,9851,69.24
20260916,530179,10228,100.0
20260916,530185,41185,88.66
20260916,530187,277341,100.0
20260916,530197,5581,98.17
20260916,530199,4842,82.88
20260916,530201,22361,100.0
20260916,530207,1100,100.0
20260916,530213,2759,100.0
20260916,530215,30515,68.76
20260916,530217,1872,58.9
20260916,530231,101,100.0
20260916,530233,1113,75.92
20260916,530235,432,100.0
20260916,530239,20472,40.6
20260916,530245,105,72.92
20260916,530249,96749,100.0
20260916,530251,42155,82.41
20260916,530253,8242,100.0
20260916,530255,6671,95.94
20260916,530259,714,100.0
20260916,530263,105772,83.47
20260916,530265,7953,83.4
20260916,530267,1353,99.34
20260916,530271,205,100.0
20260916,530281,6180,100.0
20260916,530289,124,100.0
20260916,530291,1012,99.8
20260916,530299,112,100.0
20260916,530305,4003,60.54
20260916,530307,5513,31.93
20260916,530309,1154,99.48
20260916,530313,4106,60.38
20260916,530315,980,95.7
20260916,530317,546,62.98
20260916,530331,70,100.0
20260916,530343,60527,43.08
20260916,530355,20945,55.14
20260916,530357,20983,84.55
20260916,530361,11484,100.0
20260916,530363,53905,69.9
20260916,530365,3392,63.83
20260916,530367,17357,55.78
20260916,530369,314,92.35
20260916,530377,29334,72.67
20260916,530393,27,100.0
20260916,530401,3140,99.97
20260916,530405,1192,54.53
20260916,530407,1422,59.57
20260916,530419,5000,92.08
20260916,530421,1142,57.65
20260916,530427,6377,65.61
20260916,530429,29,90.62
20260916,530433,6,60.0
20260916,530439,7233,99.99
20260916,530445,4477,91.76
20260916,530449,335,96.54
20260916,530457,20900,95.49
20260916,530459,959,100.0
20260916,530461,1525,57.35
20260916,530469,393,100.0
20260916,530475,3586,57.05
20260916,530477,10025,100.0
20260916,530495,3076,91.09
20260916,530499,709,86.89
20260916,530517,12687,58.96
20260916,530521,7068,94.94
20260916,530525,119535,100.0
20260916,530533,6,85.71
20260916,530545,100,100.0
20260916,530547,2411,100.0
20260916,530549,123991,76.29
20260916,530555,54782,63.36
20260916,530557,145585,100.0
20260916,530565,140,100.0
20260916,530571,18,100.0
20260916,530577,324,89.01
20260916,530579,8255,100.0
20260916,530581,2150,100.0
20260916,530585,4988,100.0
20260916,530589,2232,83.13
20260916,530595,6105,100.0
20260916,530615,18553,53.04
20260916,530617,65938,72.08
20260916,530621,4651,100.0
20260916,530627,4998,79.75
20260916,530643,1623,74.14
20260916,530655,8115,46.92
20260916,530663,15726,100.0
20260916,530665,36378,70.52
20260916,530675,2068,81.8
20260916,530677,1420,79.37
20260916,530689,20385,90.32
20260916,530695,167,90.76
20260916,530697,8866,51.07
20260916,530699,1625,100.0
20260916,530705,5,100.0
20260916,530709,1201,100.0
20260916,530711,1800,65.29
20260916,530723,1798,93.5
20260916,530735,4,100.0
20260916,530741,7887,100.0
20260916,530745,66793,100.0
20260916,530759,1950,100.0
20260916,530765,414,62.35
20260916,530787,53,100.0
20260916,530789,500,51.6
20260916,530795,169,100.0
20260916,530797,26,100.0
20260916,530799,173,99.43
20260916,530803,6762,100.0
20260916,530805,222030,86.97
20260916,530809,938,85.27
20260916,530813,12041,60.3
20260916,530821,1215,95.0
20260916,530825,13,100.0
20260916,530829,598,97.71
20260916,530839,5662,100.0
20260916,530843,434945,47.01
20260916,530845,193,57.44
20260916,530853,48,100.0
20260916,530855,5,100.0
20260916,530871,1775,80.61
20260916,530879,96430,96.55
20260916,530881,70453,74.59
20260916,530883,121787,100.0
20260916,530889,117,100.0
20260916,530897,1878,85.09
20260916,530907,12267,100.0
20260916,530919,5252,70.29
20260916,530943,35961,87.42
20260916,530951,1598,85.96
20260916,530953,2,50.0
20260916,530959,12814,90.71
20260916,530961,195136,54.96
20260916,530965,578019,75.34
20260916,530973,143,100.0
20260916,530977,50550,98.73
20260916,530979,3554,91.29
20260916,530991,705,58.26
20260916,530993,2,100.0
20260916,530997,613,74.48
20260916,530999,5792,35.47
20260916,531003,2,100.0
20260916,531015,279,72.47
20260916,531017,681,81.17
20260916,531025,246558,97.05
20260916,531027,290,100.0
20260916,531033,2582,99.04
20260916,531035,4419,100.0
20260916,531041,90,100.0
20260916,531043,1058,67.91
20260916,531049,2000,100.0
20260916,531067,11832,92.65
20260916,531069,96,91.43
20260916,531082,18145,81.35
20260916,531083,2831,73.92
20260916,531091,7,100.0
20260916,531092,2219,74.71
20260916,531099,1046,100.0
20260916,531109,6363,79.0
20260916,531112,24913,54.38
20260916,531119,250,100.0
20260916,531120,200190,62.41
20260916,531126,86023,97.66
20260916,531127,73704,100.0
20260916,531129,560,66.91
20260916,531137,89940,95.16
20260916,531144,1889,83.81
20260916,531146,16783,56.7
20260916,531147,1778,74.36
20260916,531153,48806,76.85
20260916,531155,77,100.0
20260916,531156,57767,100.0
20260916,531157,4587,99.96
20260916,531158,4242,68.47
20260916,531161,647,92.17
20260916,531162,31140,39.57
20260916,531163,1957,69.37
20260916,531168,2,100.0
20260916,531169,1176,99.83
20260916,531173,10960,83.43
20260916,531176,2032,93.9
20260916,531178,2974,98.97
20260916,531179,2639,58.71
20260916,531191,1923,100.0
20260916,531199,318,100.0
20260916,531201,1180,72.44
20260916,531205,3397549,46.82
20260916,531209,148,86.05
20260916,531210,1068,100.0
20260916,531212,262,79.15
20260916,531213,17649,32.16
20260916,531215,2389,77.21
20260916,531216,33308,78.67
20260916,531221,101,100.0
20260916,531223,6319,99.94
20260916,531225,862,87.51
20260916,531228,22,100.0
20260916,531233,27620,65.78
20260916,531234,610,96.21
20260916,531235,2,100.0
20260916,531237,1253,97.28
20260916,531241,973,91.62
20260916,531246,1440,99.79
20260916,531253,1273,55.52
20260916,531254,12293,90.28
20260916,531255,503,100.0
20260916,531257,14503,60.07
20260916,531259,352,100.0
20260916,531262,55,93.22
20260916,531266,297,79.2
20260916,531268,7519,76.41
20260916,531272,147,100.0
20260916,531273,84738,73.77
20260916,531278,386,100.0
20260916,531279,24101,100.0
20260916,531280,1116,100.0
20260916,531281,75755,100.0
20260916,531287,916,94.34
20260916,531288,490,100.0
20260916,531289,44601,100.0
20260916,531297,990,100.0
20260916,531301,1,100.0
20260916,531304,2311,100.0
20260916,531306,3196,82.1
20260916,531307,12621,68.09
20260916,531310,6835,90.98
20260916,531319,6905,64.18
20260916,531322,8463,97.47
20260916,531323,1,100.0
20260916,531324,188,100.0
20260916,531328,225037,44.67
20260916,531334,5,100.0
20260916,531335,22690,79.16
20260916,531338,10,100.0
20260916,531340,6,50.0
20260916,531341,100,100.0
20260916,531344,29182,66.2
20260916,531346,30,100.0
20260916,531349,12478,77.98
20260916,531352,1351,100.0
20260916,531357,46160,46.16
20260916,531358,4330,62.41
20260916,531359,5523,94.85
20260916,531360,88,100.0
20260916,531364,3415,97.71
20260916,531370,12666,90.95
20260916,531373,4209,100.0
20260916,531381,132,96.35
20260916,531387,374,100.0
20260916,531390,106458,92.37
20260916,531395,283133,100.0
20260916,531396,1,100.0
20260916,531397,100,100.0
20260916,531398,246,48.62
20260916,531399,5885,92.05
20260916,531400,28982,69.63
20260916,531402,3736,87.49
20260916,531406,2,100.0
20260916,531411,745509,68.66
20260916,531412,53,100.0
20260916,531416,112,100.0
20260916,531417,18168,89.2
20260916,531420,1765,100.0
20260916,531426,8410,68.34
20260916,531431,28271,44.9
20260916,531433,15712,81.76
20260916,531436,824,96.04
20260916,531437,559,59.53
20260916,531439,2968,100.0
20260916,531441,102,100.0
20260916,531449,59873,16.17
20260916,531453,223,98.67
20260916,531454,2639,70.86
20260916,531456,6938,100.0
20260916,531458,51121,100.0
20260916,531460,1714,100.0
20260916,531463,6,100.0
20260916,531465,21943,100.0
20260916,531471,15939,100.0
20260916,531472,2623,81.46
20260916,531486,331858,99.15
20260916,531489,1198,90.01
20260916,531494,245499,100.0
20260916,531497,6523,100.0
20260916,531500,17272,100.0
20260916,531502,139551,77.3
20260916,531503,712,97.27
20260916,531505,3641,100.0
20260916,531508,955,41.58
20260916,531512,114928,59.21
20260916,531515,528,100.0
20260916,531518,131717,100.0
20260916,531525,29633,100.0
20260916,531529,52361,100.0
20260916,531530,1292,72.06
20260916,531531,2045,46.21
20260916,531533,9457,89.61
20260916,531537,232,100.0
20260916,531539,5933,99.78
20260916,531540,4945,90.44
20260916,531541,5625,100.0
20260916,531543,213997,41.82
20260916,531548,4472,60.23
20260916,531550,14302,94.96
20260916,531552,2198,91.89
20260916,531553,2026,100.0
20260916,531556,8,100.0
20260916,531557,30,100.0
20260916,531569,3581,87.3
20260916,531572,20,100.0
20260916,531574,580,100.0
20260916,531578,70,100.0
20260916,531582,56,100.0
20260916,531583,246,99.19
20260916,531585,101,100.0
20260916,531591,1856,92.15
20260916,531592,107026,91.74
20260916,531594,290,100.0
20260916,531595,41312,26.74
20260916,531599,5816,55.58
20260916,531600,2000,100.0
20260916,531608,3016,70.04
20260916,531609,6,85.71
20260916,531613,1241,100.0
20260916,531624,2702,100.0
20260916,531626,59446,100.0
20260916,531628,2764,100.0
20260916,531633,2221,64.06
20260916,531635,677,100.0
20260916,531637,1252,64.9
20260916,531638,5,100.0
20260916,531642,26429,45.14
20260916,531644,604,100.0
20260916,531651,10,100.0
20260916,531652,786,75.0
20260916,531658,12694,89.83
20260916,531661,2335,100.0
20260916,531663,17666,69.58
20260916,531667,8337,100.0
20260916,531668,1355,100.0
20260916,531671,70052,73.74
20260916,531673,2299,67.32
20260916,531676,3064,100.0
20260916,531680,21521,100.0
20260916,531681,10674,100.0
20260916,531688,365,84.88
20260916,531692,1498,100.0
20260916,531694,4120,66.36
20260916,531716,23611,100.0
20260916,531717,789,81.59
20260916,531719,497,64.88
20260916,531723,344056,100.0
20260916,531726,2410,63.22
20260916,531727,15277,100.0
20260916,531737,330519,71.96
20260916,531739,284768,76.76
20260916,531744,63,95.45
20260916,531746,7632,71.78
20260916,531752,2853679,53.83
20260916,531758,23732,84.62
20260916,531761,9382,57.12
20260916,531762,5138,100.0
20260916,531768,850,67.46
20260916,531769,1493,100.0
20260916,531771,25,100.0
20260916,531778,13,100.0
20260916,531779,1555,83.87
20260916,531780,12417,56.0
20260916,531784,17839,45.4
20260916,531794,3253,100.0
20260916,531795,2231,42.43
20260916,531797,40,95.24
20260916,531802,3586,96.95
20260916,531810,2,50.0
20260916,531812,30318,82.16
20260916,531814,3315,96.96
20260916,531821,17,100.0
20260916,531832,1244,100.0
20260916,531840,5657,75.32
20260916,531841,16502,100.0
20260916,531842,257,90.81
20260916,531845,29675,92.68
20260916,531846,130,100.0
20260916,531847,2,100.0
20260916,531859,15207,70.19
20260916,531861,413,100.0
20260916,531862,15030,72.52
20260916,531867,958,100.0
20260916,531869,27652,56.93
20260916,531878,417,94.34
20260916,531888,7128,70.53
20260916,531889,125647,74.17
20260916,531893,319993,50.47
20260916,531900,28,84.85
20260916,531902,1198,100.0
20260916,531909,153010,100.0
20260916,531910,142988,100.0
20260916,531911,101526,100.0
20260916,531913,3769,90.75
20260916,531918,25,100.0
20260916,531921,762,74.63
20260916,531923,8656,78.64
20260916,531925,1734,100.0
20260916,531930,221,91.7
20260916,531931,290,66.51
20260916,531944,1017,100.0
20260916,531950,7902,100.0
20260916,531952,5758,100.0
20260916,531959,94838,81.4
20260916,531962,158,60.54
20260916,531968,20,100.0
20260916,531977,210639,100.0
20260916,531978,391,75.92
20260916,531979,911,73.53
20260916,531982,11815,57.41
20260916,531991,26578,96.37
20260916,531994,427,93.85
20260916,531996,2848,100.0
20260916,531997,157225,100.0
20260916,532001,1037,70.69
20260916,532005,501,99.6
20260916,532007,194,100.0
20260916,532011,16374,100.0
20260916,532015,29196,58.35
20260916,532016,574,82.83
20260916,532019,25514,95.28
20260916,532022,192637,100.0
20260916,532029,9247,62.97
20260916,532039,3555,89.41
20260916,532041,3063,100.0
20260916,532042,1,100.0
20260916,532051,2175,86.93
20260916,532053,62,95.38
20260916,532054,1023,78.15
20260916,532056,48,100.0
20260916,532057,40,100.0
20260916,532067,1468,65.36
20260916,532070,103387,59.56
20260916,532090,48537,74.5
20260916,532092,181767,82.26
20260916,532100,603,99.83
20260916,532102,7465,98.03
20260916,532113,3157,100.0
20260916,532123,31986,76.4
20260916,532124,5567,100.0
20260916,532131,483,100.0
20260916,532134,101444,53.7
20260916,532140,30125,91.44
20260916,532141,7892,98.65
20260916,532143,7320,62.38
20260916,532144,96577,36.33
20260916,532145,525,90.83
20260916,532149,86119,54.32
20260916,532150,14251,64.65
20260916,532154,283575,62.28
20260916,532155,77590,45.01
20260916,532156,9527,64.51
20260916,532159,4735,96.89
20260916,532160,7675,64.84
20260916,532162,23422,51.18
20260916,532163,6121,28.89
20260916,532167,224,100.0
20260916,532172,1207,96.79
20260916,532173,541,100.0
20260916,532174,75827,41.59
20260916,532175,21086,47.36
20260916,532178,48243,31.99
20260916,532180,23069,64.27
20260916,532181,30550,53.57
20260916,532183,294783,77.84
20260916,532187,313145,92.9
20260916,532189,4291,57.47
20260916,532209,159276,59.7
20260916,532210,41244,42.61
20260916,532212,241,100.0
20260916,532215,41276,42.86
20260916,532216,150,98.68
20260916,532217,70,100.0
20260916,532218,171547,60.43
20260916,532219,2313,93.04
20260916,532221,41969,29.57
20260916,532230,73,100.0
20260916,532234,127128,52.42
20260916,532240,6023,52.43
20260916,532256,85,85.86
20260916,532259,3481,34.78
20260916,532262,1,100.0
20260916,532268,587,93.47
20260916,532271,52894,89.05
20260916,532275,35764,65.38
20260916,532281,105410,48.68
20260916,532284,420,45.41
20260916,532285,20308,64.24
20260916,532286,7114,49.88
20260916,532290,7677,74.47
20260916,532296,7573,42.05
20260916,532300,19814,23.91
20260916,532303,116,100.0
20260916,532305,36976,32.97
20260916,532309,3977,53.52
20260916,532310,17098,91.48
20260916,532313,2835,58.66
20260916,532315,3998,93.0
20260916,532320,27,93.1
20260916,532321,9422,43.96
20260916,532323,15582,96.11
20260916,532324,8952,99.64
20260916,532326,1280,99.84
20260916,532329,8502,100.0
20260916,532331,2133,76.21
20260916,532333,382,94.79
20260916,532334,131,100.0
20260916,532335,1457,99.18
20260916,532339,2021,85.31
20260916,532340,4000,99.98
20260916,532341,2989,53.05
20260916,532343,53577,91.55
20260916,532344,677,60.88
20260916,532348,699410,55.51
20260916,532349,978,97.02
20260916,532350,619,100.0
20260916,532351,123275,100.0
20260916,532354,7725,100.0
20260916,532355,7500,98.68
20260916,532356,50081,48.79
20260916,532357,149,100.0
20260916,532359,10933,59.2
20260916,532362,3282,74.46
20260916,532365,1232,70.32
20260916,532366,11890,52.34
20260916,532368,338929,51.91
20260916,532369,4852,74.54
20260916,532370,3267,63.9
20260916,532371,83895,43.93
20260916,532372,17071,90.87
20260916,532373,20794,82.56
20260916,532374,177558,100.0
20260916,532375,8768,56.67
20260916,532376,2838,91.34
20260916,532378,10128,100.0
20260916,532379,3999,90.93
20260916,532380,10256,74.55
20260916,532382,4379,58.53
20260916,532384,1245,60.67
20260916,532386,23147,100.0
20260916,532387,376,97.16
20260916,532388,52180,48.52
20260916,532390,16126,86.52
20260916,532392,2742,98.17
20260916,532395,2691,46.16
20260916,532397,6945,100.0
20260916,532398,59300,99.97
20260916,532400,50843,53.76
20260916,532402,2923,100.0
20260916,532404,1976,97.97
20260916,532406,41180,48.94
20260916,532407,88202,50.46
20260916,532408,35026,100.0
20260916,532410,1687,94.14
20260916,532416,259,100.0
20260916,532419,452,100.0
20260916,532424,56188,58.31
20260916,532425,16844,100.0
20260916,532430,2398,69.99
20260916,532432,1640,38.48
20260916,532435,4556,100.0
20260916,532439,11318,47.94
20260916,532440,561,58.8
20260916,532443,628,88.33
20260916,532444,538,99.81
20260916,532454,106003,74.74
20260916,532455,2236,55.8
20260916,532456,6,100.0
20260916,532457,2369,52.11
20260916,532460,226,59.16
20260916,532461,210540,43.0
20260916,532466,1106,47.39
20260916,532467,94957,84.49
20260916,532468,775,83.07
20260916,532470,10,100.0
20260916,532475,6100,100.0
20260916,532477,302369,61.31
20260916,532478,5095,66.75
20260916,532481,3375,91.84
20260916,532482,33914,42.55
20260916,532483,382267,54.33
20260916,532485,14671,78.84
20260916,532486,8209,71.12
20260916,532488,14279,71.6
20260916,532493,13869,44.78
20260916,532497,2542,61.45
20260916,532500,37439,78.44
20260916,532503,310,100.0
20260916,532504,7867,85.21
20260916,532505,107089,57.34
20260916,532507,6316,99.75
20260916,532508,10235,45.71
20260916,532509,5868,48.94
20260916,532513,836,78.94
20260916,532514,60400,65.83
20260916,532515,1048,99.34
20260916,532521,220,100.0
20260916,532522,8763,58.05
20260916,532523,29805,43.28
20260916,532524,39062,47.74
20260916,532525,356434,42.46
20260916,532527,10462,47.77
20260916,532528,4149,62.48
20260916,532529,5676,74.59
20260916,532531,7765,34.79
20260916,532538,3565,44.27
20260916,532539,8957,52.8
20260916,532540,90915,62.91
20260916,532541,153151,71.15
20260916,532543,51738,100.0
20260916,532548,1543,46.86
20260916,532553,5661,59.32
20260916,532555,210387,66.3
20260916,532604,33090,52.05
20260916,532605,19990,55.93
20260916,532610,33943,38.91
20260916,532612,9255,25.75
20260916,532613,2832,79.44
20260916,532614,2800,100.0
20260916,532616,3225,68.22
20260916,532624,514,85.95
20260916,532626,26612,45.68
20260916,532627,810790,42.1
20260916,532628,101625,100.0
20260916,532629,8406,100.0
20260916,532630,9915,59.9
20260916,532633,322,85.64
20260916,532636,84450,64.02
20260916,532637,5008,68.17
20260916,532638,3570,58.67
20260916,532640,2363,100.0
20260916,532641,289942,84.5
20260916,532642,226,50.9
20260916,532644,2374,61.79
20260916,532645,6958,100.0
20260916,532648,6055582,47.68
20260916,532649,27950,90.25
20260916,532650,14447,45.63
20260916,532651,551,100.0
20260916,532652,28664,32.88
20260916,532654,18783,61.99
20260916,532656,24648,100.0
20260916,532660,5,100.0
20260916,532661,2146,58.84
20260916,532662,12707,84.24
20260916,532663,757,60.95
20260916,532666,212103,65.27
20260916,532667,1315449,40.74
20260916,532668,3974,56.05
20260916,532670,348638,34.06
20260916,532673,6011,77.74
20260916,532674,2541,100.0
20260916,532676,2432,100.0
20260916,532683,2812,57.17
20260916,532684,7674,69.85
20260916,532686,7552,53.13
20260916,532687,708,27.68
20260916,532689,12748,55.3
20260916,532694,36574,100.0
20260916,532695,1501,99.34
20260916,532698,5755,61.15
20260916,532699,721,82.59
20260916,532700,82,96.47
20260916,532701,48777,100.0
20260916,532705,8323,67.33
20260916,532707,43,81.13
20260916,532708,493594,100.0
20260916,532710,11926,73.04
20260916,532712,781574,100.0
20260916,532713,57213,63.53
20260916,532714,34821,47.35
20260916,532716,21,100.0
20260916,532717,1921,60.81
20260916,532719,21978,69.2
20260916,532720,29243,53.73
20260916,532721,7839,85.69
20260916,532722,30332,74.94
20260916,532725,16623,28.98
20260916,532726,6500,64.78
20260916,532728,788,97.16
20260916,532729,4190,43.73
20260916,532730,108,84.38
20260916,532732,969,89.23
20260916,532733,7642,59.73
20260916,532734,75747,50.68
20260916,532735,9446,61.97
20260916,532737,295,79.3
20260916,532738,40610,100.0
20260916,532740,3165,61.61
20260916,532741,36729,100.0
20260916,532742,1538,75.88
20260916,532744,723,93.77
20260916,532748,93307,51.68
20260916,532749,630043,57.82
20260916,532754,200957,48.09
20260916,532755,61854,77.8
20260916,532756,10247,59.32
20260916,532757,598,51.02
20260916,532759,2035,88.67
20260916,532761,43,100.0
20260916,532762,10328,51.03
20260916,532764,1,100.0
20260916,532767,196998,72.64
20260916,532768,1206,54.25
20260916,532771,19890,75.23
20260916,532772,31227,42.53
20260916,532773,83,100.0
20260916,532774,576,98.13
20260916,532775,1765629,71.92
20260916,532776,426,99.53
20260916,532777,4816,28.42
20260916,532779,18397,65.47
20260916,532780,1127026,100.0
20260916,532782,1630,100.0
20260916,532783,27535,57.81
20260916,532784,2510,47.52
20260916,532785,2666,98.56
20260916,532790,6231,31.12
20260916,532794,260737,75.04
20260916,532795,3147,100.0
20260916,532796,81066,93.69
20260916,532797,10451,72.17
20260916,532798,2406332,96.63
20260916,532799,11098,56.74
20260916,532801,405,100.0
20260916,532804,775,50.23
20260916,532805,53890,28.8
20260916,532806,832,100.0
20260916,532807,492,86.32
20260916,532808,11226,37.93
20260916,532809,106527,35.14
20260916,532810,368800,69.93
20260916,532811,1909,53.62
20260916,532814,16955,56.18
20260916,532815,43342,57.23
20260916,532817,8910,97.37
20260916,532820,4946,95.12
20260916,532822,10110914,47.6
20260916,532825,6230,100.0
20260916,532826,5469,94.98
20260916,532827,1625,84.99
20260916,532828,33571,50.73
20260916,532829,5975,38.53
20260916,532830,13311,53.11
20260916,532832,149702,82.19
20260916,532834,20220,42.47
20260916,532835,296,64.91
20260916,532839,372038,70.35
20260916,532841,558,87.05
20260916,532842,224,66.47
20260916,532843,9987,40.96
20260916,532845,3457,99.22
20260916,532847,16309,52.36
20260916,532848,73419,41.27
20260916,532850,4784,100.0
20260916,532851,238,64.15
20260916,532853,665,100.0
20260916,532855,193,98.47
20260916,532856,55902,51.53
20260916,532859,445,74.04
20260916,532864,2460,64.45
20260916,532867,21293,49.48
20260916,532868,36208,34.46
20260916,532869,1951,86.25
20260916,532870,13420,100.0
20260916,532872,29919,49.71
20260916,532873,19646,100.0
20260916,532875,3973,47.66
20260916,532878,3709,82.51
20260916,532880,7684,38.61
20260916,532884,28696,77.76
20260916,532885,285195,49.41
20260916,532887,22364,100.0
20260916,532888,29108,42.23
20260916,532889,2965,37.33
20260916,532890,163547,80.43
20260916,532891,5803,43.5
20260916,532892,29033,45.87
20260916,532893,57753,65.37
20260916,532894,16776,82.42
20260916,532895,8728,77.1
20260916,532896,35978,64.95
20260916,532898,254729,68.35
20260916,532899,2111,54.9
20260916,532900,860270,61.68
20260916,532902,3673,79.61
20260916,532904,5293,93.07
20260916,532906,8117,79.17
20260916,532907,452,100.0
20260916,532911,491615,100.0
20260916,532915,8595,51.03
20260916,532916,12303,98.32
20260916,532918,6070,86.74
20260916,532921,20011,45.17
20260916,532922,135879,43.76
20260916,532923,59681,86.0
20260916,532924,2333,80.95
20260916,532925,16,100.0
20260916,532926,48494,72.62
20260916,532927,4029,58.71
20260916,532928,44714,51.25
20260916,532929,8102,43.14
20260916,532930,5456,100.0
20260916,532931,17563,100.0
20260916,532932,3056,78.12
20260916,532933,2376,96.66
20260916,532934,861,100.0
20260916,532935,941,100.0
20260916,532937,2446,82.55
20260916,532939,605879,52.02
20260916,532940,1077,49.95
20260916,532941,16918,44.73
20260916,532942,124116,65.4
20260916,532944,11485,100.0
20260916,532945,347757,55.91
20260916,532946,878,100.0
20260916,532947,732911,55.48
20260916,532951,2435,70.89
20260916,532952,16,100.0
20260916,532953,3623,58.54
20260916,532955,160134,74.71
20260916,532957,7744,47.1
20260916,532966,35600,40.16
20260916,532967,18575,43.87
20260916,532974,3106,90.66
20260916,532975,163924,100.0
20260916,532976,18866,45.88
20260916,532977,7039,71.75
20260916,532978,8703,56.29
20260916,532980,18259,78.89
20260916,532983,182,50.42
20260916,532985,480,34.07
20260916,532986,2612,69.63
20260916,532989,334,100.0
20260916,532992,419,92.29
20260916,532993,1286,89.43
20260916,532994,51,100.0
20260916,532998,762,75.6
20260916,533001,3049,94.25
20260916,533006,40192,100.0
20260916,533007,61508,100.0
20260916,533012,1159,65.78
20260916,533014,118,88.72
20260916,533022,9014,75.34
20260916,533023,12256,92.35
20260916,533029,394,57.69
20260916,533033,1812,59.43
20260916,533047,2625,46.46
20260916,533048,164962,100.0
20260916,533056,15014,69.4
20260916,533080,2179,63.84
20260916,533088,6415,63.91
20260916,533090,543898,81.3
20260916,533093,186,100.0
20260916,533095,232,93.93
20260916,533096,485596,49.85
20260916,533098,149895,48.61
20260916,533100,5232,87.8
20260916,533104,2719,58.55
20260916,533106,170140,83.7
20260916,533107,932,100.0
20260916,533108,1779,100.0
20260916,533110,81,100.0
20260916,533121,999,52.72
20260916,533122,1357543,62.22
20260916,533137,5254,84.43
20260916,533138,932,56.14
20260916,533146,1759,69.86
20260916,533148,31059,56.09
20260916,533149,5149,74.03
20260916,533150,14119,41.21
20260916,533151,647,52.6
20260916,533152,1133,90.42
20260916,533155,7023,44.29
20260916,533156,31126,72.92
20260916,533158,5513,51.95
20260916,533160,52976,55.73
20260916,533161,1102,100.0
20260916,533162,152605,42.2
20260916,533164,18219,59.96
20260916,533166,25725,87.09
20260916,533167,1555,83.78
20260916,533168,2166,88.55
20260916,533169,74778,32.66
20260916,533170,44,100.0
20260916,533172,511,98.27
20260916,533177,3890,100.0
20260916,533179,32890,76.63
20260916,533181,908,71.61
20260916,533192,11226,100.0
20260916,533193,3570,54.59
20260916,533202,22872,84.98
20260916,533203,1879,90.29
20260916,533206,200495,63.85
20260916,533208,8740,100.0
20260916,533210,3016,93.87
20260916,533212,2,66.67
20260916,533217,104,100.0
20260916,533218,2407,79.6
20260916,533227,59,100.0
20260916,533229,12882,45.53
20260916,533230,61687,66.83
20260916,533239,13574,75.71
20260916,533244,111603,64.14
20260916,533248,38618,64.6
20260916,533257,13844,83.71
20260916,533259,7,70.0
20260916,533260,1483,90.81
20260916,533262,3172,76.4
20260916,533263,158073,53.45
20260916,533267,2693,81.75
20260916,533269,19663,43.92
20260916,533270,106,100.0
20260916,533271,60763,64.26
20260916,533272,70121,56.59
20260916,533273,5481,47.28
20260916,533274,5070,42.43
20260916,533275,64659,72.29
20260916,533278,88727,51.62
20260916,533282,4080,49.83
20260916,533284,8307,87.91
20260916,533285,50460,59.53
20260916,533286,31663,52.06
20260916,533287,45115,79.52
20260916,533289,10700,100.0
20260916,533292,15956,87.02
20260916,533293,37938,70.2
20260916,533294,3680,95.09
20260916,533295,72575,79.17
20260916,533296,1738,91.81
20260916,533298,1183,83.6
20260916,533301,14465,100.0
20260916,533302,11,78.57
20260916,533303,625,57.5
20260916,533306,272,93.47
20260916,533316,1802,98.9
20260916,533326,96233,58.9
20260916,533329,36117,81.78
20260916,533333,1024649,43.61
20260916,533336,39,88.64
20260916,533339,15470,37.76
20260916,533343,2869,90.82
20260916,533344,18864,80.6
20260916,533385,24736,57.72
20260916,533398,19922,51.13
20260916,533407,19441,100.0
20260916,533408,1937,70.1
20260916,533427,9446,78.27
20260916,533451,16924,24.27
20260916,533452,31153,100.0
20260916,533470,15119,85.4
20260916,533477,253,99.61
20260916,533482,5706,85.09
20260916,533506,149590,73.69
20260916,533519,40558,39.31
20260916,533520,2186767,69.57
20260916,533540,7581,100.0
20260916,533543,1974,80.44
20260916,533552,4641,61.42
20260916,533553,100266,42.47
20260916,533570,5201,63.74
20260916,533573,3820,72.71
20260916,533576,8457,97.69
20260916,533581,43595,40.64
20260916,533602,44567,75.07
20260916,533608,641,50.51
20260916,533629,13216,100.0
20260916,533632,1240,100.0
20260916,533638,13112,100.0
20260916,533644,804,98.29
20260916,533655,14642,49.23
20260916,533676,5651,100.0
20260916,533704,16108,86.49
20260916,533719,4747,71.71
20260916,533758,5682,37.42
20260916,533761,3900,64.03
20260916,533896,168,66.4
20260916,533941,3145,77.94
20260916,533982,2771,77.12
20260916,534060,228707,78.23
20260916,534063,201,100.0
20260916,534064,412738,100.0
20260916,534076,5588,65.91
20260916,534091,61603,44.82
20260916,534139,21355,69.09
20260916,534190,82,98.8
20260916,534309,145087,41.62
20260916,534312,100,100.0
20260916,534328,40,100.0
20260916,534338,1222,43.52
20260916,534369,52234,55.02
20260916,534392,14135,49.23
20260916,534422,3190,100.0
20260916,534425,442,100.0
20260916,534532,1882,99.52
20260916,534535,2274250,100.0
20260916,534597,73901,52.5
20260916,534598,190,100.0
20260916,534600,62196,47.56
20260916,534612,3499,99.01
20260916,534615,5483,100.0
20260916,534618,10784,59.82
20260916,534623,21537,81.7
20260916,534674,351518,74.49
20260916,534675,7733,71.57
20260916,534680,131597,73.78
20260916,534691,3659,86.22
20260916,534732,1120,87.77
20260916,534733,1116559,100.0
20260916,534741,118920,100.0
20260916,534742,6029,73.32
20260916,534748,287031,50.37
20260916,534755,424115,100.0
20260916,534796,91,94.79
20260916,534804,2024,69.62
20260916,534809,9103126,38.38
20260916,534816,36583,48.46
20260916,534920,1,100.0
20260916,534976,566,40.4
20260916,535136,5423,68.28
20260916,535204,138138,100.0
20260916,535205,55099,74.4
20260916,535267,11644,75.78
20260916,535276,94929,97.98
20260916,535322,2301,55.47
20260916,535387,262,69.5
20260916,535431,14739,82.58
20260916,535458,367,99.46
20260916,535566,104,100.0
20260916,535601,6850,100.0
20260916,535602,3999,57.39
20260916,535620,10,100.0
20260916,535621,757,86.71
20260916,535648,3355,53.22
20260916,535657,17930,99.64
20260916,535667,658,89.16
20260916,535693,1238,70.74
20260916,535719,6327,87.61
20260916,535730,301474,59.81
20260916,535754,6516,72.7
20260916,535755,122229,37.05
20260916,535789,228851,47.89
20260916,535910,180521,96.78
20260916,535916,7495,80.23
20260916,535958,213557,74.82
20260916,536073,46487,88.47
20260916,536264,5673,80.63
20260916,536507,13114,100.0
20260916,536565,11761,100.0
20260916,536659,579249,77.39
20260916,536672,13465,91.45
20260916,536709,35361,100.0
20260916,536737,1200,100.0
20260916,536773,407,74.0
20260916,536846,1252,100.0
20260916,536960,15715,41.48
20260916,536974,5281,93.93
20260916,537007,10870,46.17
20260916,537008,4726,51.95
20260916,537069,5197,100.0
20260916,537254,422,100.0
20260916,537259,250,68.49
20260916,537291,115,100.0
20260916,537292,3,100.0
20260916,537326,14799,53.04
20260916,537392,1541,100.0
20260916,537483,331,28.05
20260916,537536,13277,82.77
20260916,537707,369342,55.92
20260916,537708,4682,71.19
20260916,537709,16495,100.0
20260916,537750,2182,98.69
20260916,537766,52201,92.59
20260916,537785,13,86.67
20260916,537800,3337174,62.91
20260916,537820,13447,100.0
20260916,537839,5422,99.76
20260916,537985,357,63.98
20260916,538057,38396,72.55
20260916,538081,3030,96.74
20260916,538092,107,100.0
20260916,538119,56129,100.0
20260916,538212,96817,100.0
20260916,538268,1622,71.08
20260916,538273,203,100.0
20260916,538351,12254,100.0
20260916,538365,1383,76.54
20260916,538382,2827,99.86
20260916,538395,117,100.0
20260916,538401,4329,69.4
20260916,538422,273589,84.49
20260916,538446,9346,99.87
20260916,538451,1774288,86.61
20260916,538464,1284,89.48
20260916,538476,113250,100.0
20260916,538496,3000,100.0
20260916,538520,8991,99.99
20260916,538521,1953,96.54
20260916,538539,381164,61.98
20260916,538540,76416,100.0
20260916,538542,4068,98.79
20260916,538546,10085,77.85
20260916,538556,998,99.6
20260916,538562,16457,43.48
20260916,538563,258,57.85
20260916,538564,289,82.1
20260916,538565,2494,66.67
20260916,538567,740,55.81
20260916,538568,460,100.0
20260916,538569,14729,92.47
20260916,538576,9600,100.0
20260916,538596,1705,100.0
20260916,538597,14155,95.67
20260916,538598,1395,80.54
20260916,538607,552756,87.8
20260916,538609,490,67.03
20260916,538610,715920,100.0
20260916,538611,20,100.0
20260916,538634,916,100.0
20260916,538635,5488,86.99
20260916,538646,2090,91.03
20260916,538647,576,52.7
20260916,538666,2145,58.43
20260916,538668,9001,24.14
20260916,538674,2291,100.0
20260916,538683,4243,69.65
20260916,538706,256982,51.08
20260916,538707,5,71.43
20260916,538708,1865,100.0
20260916,538713,2379,75.57
20260916,538714,2162,100.0
20260916,538715,2522,100.0
20260916,538716,599,61.0
20260916,538730,4646,76.59
20260916,538732,2471,99.52
20260916,538734,5047,67.38
20260916,538742,675,62.5
20260916,538765,5000,100.0
20260916,538770,1773,85.57
20260916,538772,7907,53.9
20260916,538777,126,100.0
20260916,538778,14814,84.94
20260916,538786,318,100.0
20260916,538787,3578,69.11
20260916,538788,1037,99.52
20260916,538794,4000,100.0
20260916,538795,437,100.0
20260916,538812,2687,100.0
20260916,538817,55689,64.53
20260916,538833,601,100.0
20260916,538834,4835,79.48
20260916,538835,3335,50.54
20260916,538836,3392,75.68
20260916,538837,7696,83.71
20260916,538838,1578,99.87
20260916,538860,105316,100.0
20260916,538862,73,100.0
20260916,538868,486917,100.0
20260916,538874,10588,100.0
20260916,538881,38,100.0
20260916,538882,26319,67.14
20260916,538890,18866,88.23
20260916,538891,42406,53.05
20260916,538895,19811,76.4
20260916,538896,326,83.8
20260916,538897,2728,100.0
20260916,538902,372,100.0
20260916,538918,1638,75.38
20260916,538920,35590,52.47
20260916,538922,1499,96.58
20260916,538923,22476,100.0
20260916,538926,6092,86.92
20260916,538928,5202,78.39
20260916,538935,199,100.0
20260916,538942,4204,69.27
20260916,538952,2619,92.97
20260916,538961,15377,85.95
20260916,538962,11222,47.6
20260916,538964,1,100.0
20260916,538965,2565,98.73
20260916,538970,85277,86.36
20260916,538975,390686,100.0
20260916,538979,882,53.81
20260916,538987,183,85.92
20260916,538992,99,100.0
20260916,539006,419,36.56
20260916,539011,3747,66.9
20260916,539012,2,50.0
20260916,539013,218,100.0
20260916,539014,3105,99.2
20260916,539016,6377,80.28
20260916,539017,60125,73.02
20260916,539018,897,94.72
20260916,539031,76,88.37
20260916,539032,14322,85.57
20260916,539040,44824,80.09
20260916,539041,20000,100.0
20260916,539042,7691,45.54
20260916,539044,5718,100.0
20260916,539045,8771,84.48
20260916,539046,5605,50.44
20260916,539056,55740,49.06
20260916,539083,244796,44.18
20260916,539090,2059,100.0
20260916,539091,332244,100.0
20260916,539097,28367,100.0
20260916,539110,1,100.0
20260916,539111,126,100.0
20260916,539115,6574,100.0
20260916,539117,3925,19.92
20260916,539118,4571,63.0
20260916,539120,3,100.0
20260916,539121,764,73.67
20260916,539122,2002,77.18
20260916,539123,26294,50.08
20260916,539124,54,78.26
20260916,539126,16914,100.0
20260916,539132,554715,57.08
20260916,539141,5182,81.75
20260916,539143,49809,69.13
20260916,539148,12023,51.72
20260916,539149,6445,99.92
20260916,539150,415880,38.76
20260916,539151,13645,51.67
20260916,539174,5113,99.63
20260916,539176,684,97.16
20260916,539177,9271,60.09
20260916,539190,54,100.0
20260916,539195,7654,76.99
20260916,539196,4949,84.4
20260916,539199,7757,58.26
20260916,539200,14407,100.0
20260916,539201,4288,84.88
20260916,539206,306,100.0
20260916,539216,168422,85.38
20260916,539217,1634825,65.27
20260916,539218,4,100.0
20260916,539219,16809,72.66
20260916,539220,1434,100.0
20260916,539221,22105,76.11
20260916,539222,12112325,71.79
20260916,539224,1401,100.0
20260916,539225,9,100.0
20260916,539226,3359,70.13
20260916,539227,1791,70.93
20260916,539228,38833,100.0
20260916,539230,5,100.0
20260916,539251,1,100.0
20260916,539252,20653,100.0
20260916,539254,10890,40.69
20260916,539255,499,95.96
20260916,539267,6052,79.09
20260916,539268,10760,54.59
20260916,539275,200,8.1
20260916,539276,355,100.0
20260916,539278,3834,99.87
20260916,539287,2020,100.0
20260916,539289,7147,78.4
20260916,539290,11648,70.92
20260916,539300,3076,93.58
20260916,539301,1433,64.81
20260916,539302,1235,58.31
20260916,539309,430955,100.0
20260916,539310,83395,100.0
20260916,539312,86,58.5
20260916,539313,90,90.91
20260916,539314,2517,69.72
20260916,539331,3955,100.0
20260916,539332,59145,55.37
20260916,539334,5623,50.41
20260916,539335,4633,100.0
20260916,539336,16779,53.16
20260916,539337,2625,88.24
20260916,539346,25376,82.3
20260916,539353,28,96.55
20260916,539359,82779,100.0
20260916,539383,241,100.0
20260916,539391,345,100.0
20260916,539398,573,75.89
20260916,539399,5061,94.21
20260916,539400,113,94.17
20260916,539402,5940,100.0
20260916,539404,2580,49.41
20260916,539405,8742,99.95
20260916,539406,2,100.0
20260916,539407,3627,93.77
20260916,539408,18785,100.0
20260916,539428,15045,85.8
20260916,539435,202,98.54
20260916,539436,23009,64.54
20260916,539437,217743,42.12
20260916,539448,23736,66.85
20260916,539449,10895,83.8
20260916,539450,109174,95.6
20260916,539455,3373,85.98
20260916,539468,49650,100.0
20260916,539469,33569,62.62
20260916,539470,715371,74.51
20260916,539479,45270,52.84
20260916,539480,164,93.71
20260916,539492,1084,84.03
20260916,539494,11264,88.36
20260916,539495,1548,100.0
20260916,539506,57742,100.0
20260916,539515,1574,100.0
20260916,539516,7572,78.9
20260916,539517,970,78.04
20260916,539518,1475,70.07
20260916,539519,1969458,100.0
20260916,539522,321,100.0
20260916,539523,51152,95.15
20260916,539524,25669,38.11
20260916,539526,92627,79.76
20260916,539527,247,80.72
20260916,539528,39921,65.69
20260916,539533,556389,81.78
20260916,539542,2721,80.81
20260916,539544,299,100.0
20260916,539546,6116,89.0
20260916,539551,13172,61.2
20260916,539552,106526,96.19
20260916,539559,343856,100.0
20260916,539561,999955,100.0
20260916,539562,3652,100.0
20260916,539593,566,100.0
20260916,539594,861914,78.35
20260916,539596,47,100.0
20260916,539598,41351,60.35
20260916,539599,32,100.0
20260916,539607,238313,49.8
20260916,539620,5015,67.88
20260916,539621,10,100.0
20260916,539636,5312,58.9
20260916,539658,205,71.18
20260916,539659,2,100.0
20260916,539660,31015,50.69
20260916,539661,1256,5.88
20260916,539662,4895,93.29
20260916,539669,184512,83.11
20260916,539673,500,100.0
20260916,539678,16438,47.67
20260916,539679,1011478,100.0
20260916,539682,1962,7.34
20260916,539686,14286,51.47
20260916,539692,5101,84.15
20260916,539697,5403,100.0
20260916,539724,4806,100.0
20260916,539725,1656,40.76
20260916,539730,14154,46.89
20260916,539742,1,100.0
20260916,539760,1136,81.43
20260916,539761,312899,56.97
20260916,539762,40721,94.47
20260916,539767,23640,55.36
20260916,539770,3542,74.66
20260916,539773,327390,80.39
20260916,539785,12849,56.8
20260916,539787,255892,93.32
20260916,539798,8017,92.76
20260916,539799,7561,54.52
20260916,539800,11838,100.0
20260916,539807,424395,46.4
20260916,539814,2676,82.54
20260916,539834,1143,80.66
20260916,539835,6444,100.0
20260916,539837,5641,38.57
20260916,539839,4000,100.0
20260916,539841,43527,85.7
20260916,539843,755,92.19
20260916,539854,4033,99.95
20260916,539871,7863,48.68
20260916,539872,1302,51.18
20260916,539875,205,100.0
20260916,539876,52570,51.52
20260916,539883,117,96.69
20260916,539884,6361,82.35
20260916,539889,658132,89.81
20260916,539894,39270,85.18
20260916,539895,745690,52.7
20260916,539900,1244,99.92
20260916,539911,5,100.0
20260916,539921,59438,70.31
20260916,539938,141,100.0
20260916,539939,669,74.09
20260916,539945,69645,90.39
20260916,539946,610,100.0
20260916,539947,2231,100.0
20260916,539956,461,50.72
20260916,539957,5573,70.81
20260916,539963,30626,70.96
20260916,539978,9647,41.94
20260916,539979,590,100.0
20260916,539980,22372,82.3
20260916,539986,2275,52.31
20260916,539991,10026,37.62
20260916,539992,152631,42.26
20260916,539997,13014,55.41
20260916,540005,2842,45.94
20260916,540006,6589,88.06
20260916,540008,187,92.12
20260916,540023,1120,99.38
20260916,540025,3889,54.07
20260916,540026,53,100.0
20260916,540047,13936,66.18
20260916,540048,10825,96.32
20260916,540061,7283,86.81
20260916,540065,34142,44.34
20260916,540066,5,100.0
20260916,540072,10000,100.0
20260916,540073,72424,59.66
20260916,540078,39705,66.61
20260916,540079,68452,73.6
20260916,540080,4556,99.56
20260916,540082,450,100.0
20260916,540083,8857,100.0
20260916,540097,16425,41.09
20260916,540115,2454,69.56
20260916,540124,4749,46.6
20260916,540125,19532,100.0
20260916,540132,2158,100.0
20260916,540133,18605,60.47
20260916,540135,1297336,58.43
20260916,540136,11718,65.96
20260916,540143,506,77.02
20260916,540145,2696,100.0
20260916,540147,25808,99.81
20260916,540153,2436,62.05
20260916,540154,2,100.0
20260916,540159,1174,100.0
20260916,540168,7288,81.27
20260916,540173,10887,56.93
20260916,540174,346,98.58
20260916,540175,41466,100.0
20260916,540180,101356,53.38
20260916,540181,863,93.2
20260916,540189,50,100.0
20260916,540190,754625,78.92
20260916,540192,2116,84.57
20260916,540198,4554,90.77
20260916,540199,181,100.0
20260916,540203,5456,51.43
20260916,540204,4985,79.33
20260916,540205,8787,63.8
20260916,540210,6666,98.2
20260916,540212,1973,81.29
20260916,540222,341423,86.07
20260916,540243,39291,100.0
20260916,540252,65784,86.4
20260916,540254,37518,100.0
20260916,540259,506043,72.13
20260916,540266,10665,78.5
20260916,540267,810,99.88
20260916,540268,74719,74.86
20260916,540293,9124,49.33
20260916,540310,24713,84.18
20260916,540311,1603,75.29
20260916,540358,11344,76.08
20260916,540360,191533,100.0
20260916,540361,80639,100.0
20260916,540366,1330,100.0
20260916,540376,15411,70.22
20260916,540377,1101728,64.22
20260916,540386,4518,100.0
20260916,540393,192,85.33
20260916,540395,2593,80.63
20260916,540396,6854,44.1
20260916,540401,32362,65.66
20260916,540403,17564,99.97
20260916,540404,18534,77.4
20260916,540405,3364,85.36
20260916,540425,968,91.15
20260916,540455,159,51.46
20260916,540481,54,98.18
20260916,540492,112847,59.01
20260916,540497,812,93.23
20260916,540519,10093,79.08
20260916,540526,19687,58.14
20260916,540530,95002,51.76
20260916,540544,1379,48.4
20260916,540545,97363,82.13
20260916,540565,11245,77.95
20260916,540570,219143,67.86
20260916,540575,9239,81.29
20260916,540590,1,100.0
20260916,540595,80779,30.69
20260916,540596,1069,71.7
20260916,540597,111,47.84
20260916,540602,3629,56.76
20260916,540611,11760,33.79
20260916,540612,6090,63.56
20260916,540615,73204,100.0
20260916,540642,743400,66.53
20260916,540648,5,100.0
20260916,540649,4272,74.22
20260916,540650,860,50.65
20260916,540654,59433,76.39
20260916,540669,9604,77.44
20260916,540673,16831,61.84
20260916,540678,57815,43.84
20260916,540680,4796,60.12
20260916,540686,5823,74.08
20260916,540691,61025,54.4
20260916,540692,5626,78.55
20260916,540693,853211,58.72
20260916,540694,948,100.0
20260916,540696,21294,100.0
20260916,540699,18789,38.01
20260916,540700,7948,93.14
20260916,540701,6421,63.74
20260916,540703,100109,99.35
20260916,540704,1561,87.89
20260916,540709,88279,100.0
20260916,540710,6572,55.24
20260916,540716,3781,47.55
20260916,540717,28284,85.27
20260916,540718,81000,90.0
20260916,540719,8630,58.74
20260916,540724,105,85.37
20260916,540725,54629,35.54
20260916,540726,15695,83.09
20260916,540727,7404,74.87
20260916,540728,954,97.25
20260916,540730,417310,88.85
20260916,540735,775,87.18
20260916,540737,2823,74.88
20260916,540738,23155,86.23
20260916,540743,14106,56.92
20260916,540749,1672,74.91
20260916,540750,230883,56.27
20260916,540755,65925,78.67
20260916,540756,6000,100.0
20260916,540757,1039,100.0
20260916,540762,3069,49.09
20260916,540767,28115,48.61
20260916,540768,5059,80.21
20260916,540769,139158,46.33
20260916,540774,704,84.21
20260916,540775,12905,100.0
20260916,540776,1051,64.64
20260916,540777,43986,36.4
20260916,540786,55534,100.0
20260916,540787,33974,50.96
20260916,540788,446,89.92
20260916,540789,2692,61.52
20260916,540795,18356,55.74
20260916,540796,10,100.0
20260916,540797,7658,68.58
20260916,540809,49545,75.15
20260916,540821,48796,80.43
20260916,540824,351,100.0
20260916,540829,8249,100.0
20260916,540850,2000,33.33
20260916,540874,29027,86.58
20260916,540879,282099,34.94
20260916,540900,42079,46.69
20260916,540901,11876,79.68
20260916,540902,21215,89.21
20260916,540904,52,100.0
20260916,540914,141767,81.32
20260916,540923,32164,88.5
20260916,540935,682,45.83
20260916,540936,2391,77.4
20260916,540937,1989,96.23
20260916,540952,91491,97.83
20260916,540953,18368,66.79
20260916,540954,403,100.0
20260916,540955,10736,100.0
20260916,540956,400222,77.43
20260916,540961,63,90.0
20260916,540975,25472,50.13
20260916,540980,7,100.0
20260916,541019,3685,63.67
20260916,541083,5500,62.86
20260916,541096,90,65.69
20260916,541097,10212,91.38
20260916,541112,6000,75.0
20260916,541143,68036,40.55
20260916,541144,1562,62.48
20260916,541152,9587,65.41
20260916,541153,157938,45.52
20260916,541154,90957,83.1
20260916,541161,158032,100.0
20260916,541163,6650,57.56
20260916,541167,1076,45.71
20260916,541195,41651,31.61
20260916,541206,3120,83.16
20260916,541228,19613,100.0
20260916,541233,136943,45.75
20260916,541269,66,97.06
20260916,541276,39815,53.73
20260916,541301,5773,63.55
20260916,541302,30,100.0
20260916,541303,143754,77.88
20260916,541304,1207,100.0
20260916,541313,915,86.81
20260916,541336,851,43.4
20260916,541337,15000,100.0
20260916,541338,153020,82.54
20260916,541347,5925,100.0
20260916,541352,110,98.21
20260916,541353,30400,86.36
20260916,541358,2507,100.0
20260916,541400,2834,48.76
20260916,541402,7030,90.02
20260916,541403,7020,68.94
20260916,541418,1131,98.26
20260916,541445,9600,63.16
20260916,541450,34732,49.7
20260916,541540,10755,35.02
20260916,541546,26602,88.85
20260916,541556,19192,59.31
20260916,541557,325,39.35
20260916,541578,6396,39.64
20260916,541601,1635926,60.33
20260916,541627,24387,100.0
20260916,541634,1847,63.62
20260916,541702,583999,100.0
20260916,541729,59439,87.9
20260916,541735,133558,66.71
20260916,541741,18820,100.0
20260916,541770,3080,45.27
20260916,541771,23496,100.0
20260916,541778,8736,60.33
20260916,541809,23783,70.11
20260916,541865,35437,91.3
20260916,541890,131242,100.0
20260916,541929,101,66.01
20260916,541946,44452,91.53
20260916,541956,151341,56.61
20260916,541967,28243,46.41
20260916,541972,297,100.0
20260916,541974,7714,39.79
20260916,541988,1184,27.22
20260916,542011,31274,47.68
20260916,542012,1931636,64.26
20260916,542013,5454,99.54
20260916,542019,11243,74.39
20260916,542020,24836,100.0
20260916,542025,720000,88.24
20260916,542034,37530,70.36
20260916,542046,24313,42.17
20260916,542057,1126,91.99
20260916,542066,13410,29.63
20260916,542123,206,76.01
20260916,542131,3755,71.4
20260916,542141,5661,47.38
20260916,542146,1250,100.0
20260916,542155,8000,100.0
20260916,542176,301,100.0
20260916,542206,7459,100.0
20260916,542216,1047,46.74
20260916,542230,499,97.27
20260916,542231,201266,68.3
20260916,542232,1516,93.75
20260916,542233,628,88.33
20260916,542248,3313,100.0
20260916,542285,59698,89.0
20260916,542323,43464,58.87
20260916,542332,27203,100.0
20260916,542333,488,68.44
20260916,542337,1535,85.47
20260916,542351,67,98.53
20260916,542367,646,98.18
20260916,542383,1091,64.06
20260916,542399,2881,71.63
20260916,542437,22592,56.06
20260916,542446,211718,87.18
20260916,542459,3175,52.25
20260916,542460,1801,35.34
20260916,542484,27056,90.12
20260916,542513,67,89.33
20260916,542524,516,100.0
20260916,542543,150000,100.0
20260916,542579,783706,54.91
20260916,542580,8014,100.0
20260916,542597,9330,53.9
20260916,542602,106439,97.02
20260916,542627,389,100.0
20260916,542628,11832,71.88
20260916,542649,160693,43.13
20260916,542650,4702,46.49
20260916,542651,45881,47.75
20260916,542652,6200,41.14
20260916,542654,1198,92.3
20260916,542655,154517,61.59
20260916,542665,2907,33.98
20260916,542666,393609,83.96
20260916,542668,12000,92.31
20260916,542669,108533,60.21
20260916,542670,3204,74.79
20260916,542677,211,100.0
20260916,542678,548,100.0
20260916,542679,67,100.0
20260916,542682,113,91.87
20260916,542684,1443,100.0
20260916,542685,143,100.0
20260916,542694,5,100.0
20260916,542721,14037,100.0
20260916,542725,933550,85.52
20260916,542726,8412,46.29
20260916,542727,700,100.0
20260916,542729,46,100.0
20260916,542730,4064,68.19
20260916,542747,4031,53.35
20260916,542752,2114,47.96
20260916,542758,18227,59.64
20260916,542759,3531,56.87
20260916,542760,39800,54.08
20260916,542770,965,79.29
20260916,542772,156285,95.61
20260916,542773,21063,72.79
20260916,542774,156116,61.93
20260916,542801,3000,60.0
20260916,542802,174565,70.82
20260916,542803,5512,72.6
20260916,542812,1508,58.02
20260916,542830,56356,55.81
20260916,542850,14000,100.0
20260916,542851,37328,100.0
20260916,542852,14658,92.42
20260916,542857,10713,69.26
20260916,542862,13863,94.11
20260916,542863,2192,99.95
20260916,542865,1128,72.08
20260916,542867,125404,40.23
20260916,542904,77406,39.72
20260916,542905,5874,72.76
20260916,542906,2500,100.0
20260916,542907,6243,50.34
20260916,542909,100,56.5
20260916,542918,2469,100.0
20260916,542919,17645,50.45
20260916,542920,30549,87.43
20260916,542921,26864,81.86
20260916,542922,1661,92.07
20260916,542933,556,100.0
20260916,542938,20,100.0
20260916,543064,9476,39.18
20260916,543066,26120,45.29
20260916,543071,12,100.0
20260916,543079,1,33.33
20260916,543092,12,100.0
20260916,543099,50,100.0
20260916,543110,2,66.67
20260916,543144,541,99.63
20260916,543150,3237,62.44
20260916,543153,1,50.0
20260916,543167,10,71.43
20260916,543171,16104,91.48
20260916,543172,2250,100.0
20260916,543173,647,82.63
20260916,543174,1302,99.92
20260916,543175,639,61.62
20260916,543176,63,96.92
20260916,543177,409,100.0
20260916,543178,2,100.0
20260916,543181,62,100.0
20260916,543182,1,100.0
20260916,543184,6,54.55
20260916,543186,255,95.51
20260916,543187,1946,34.68
20260916,543193,3082,46.75
20260916,543207,16354,72.37
20260916,543208,23156,95.31
20260916,543209,9000,60.0
20260916,543210,1203,100.0
20260916,543211,115,100.0
20260916,543212,7502,64.35
20260916,543213,3038,69.81
20260916,543214,1006,52.89
20260916,543216,369,98.14
20260916,543217,9544,81.68
20260916,543218,2312,98.38
20260916,543219,2806,64.31
20260916,543220,13454,42.69
20260916,543221,4563,57.4
20260916,543223,2094,73.65
20260916,543224,3143,95.97
20260916,543225,300000,92.31
20260916,543226,4697,96.65
20260916,543227,23700,60.59
20260916,543228,7406,47.79
20260916,543229,16,80.0
20260916,543230,7083,63.37
20260916,543231,879,100.0
20260916,543232,20030,51.14
20260916,543233,3051,100.0
20260916,543234,528,45.52
20260916,543235,59670,35.85
20260916,543236,6895,60.0
20260916,543237,50048,45.28
20260916,543238,1920,54.08
20260916,543240,10797,55.48
20260916,543241,2398,100.0
20260916,543242,15768,59.11
20260916,543243,141673,89.18
20260916,543244,4000,100.0
20260916,543245,68212,83.48
20260916,543246,219,87.25
20260916,543248,91653,56.43
20260916,543249,12863,69.65
20260916,543250,23,26.14
20260916,543251,12,100.0
20260916,543252,1700,100.0
20260916,543253,119428,51.41
20260916,543254,16685,68.87
20260916,543255,663,87.7
20260916,543256,2781,85.89
20260916,543257,305686,49.38
20260916,543258,1863,64.49
20260916,543259,2590,59.4
20260916,543260,3901,82.81
20260916,543261,16605,68.79
20260916,543263,13775,48.36
20260916,543264,4177,100.0
20260916,543265,43873,54.26
20260916,543266,649,65.29
20260916,543267,1493026,66.59
20260916,543268,6108,90.73
20260916,543270,6835,100.0
20260916,543271,6005,48.14
20260916,543272,660896,58.19
20260916,543273,19696,54.98
20260916,543275,4273,37.67
20260916,543276,3226,46.86
20260916,543277,35428,47.66
20260916,543278,136026,44.5
20260916,543279,8795,73.02
20260916,543280,44392,53.99
20260916,543281,5758,42.77
20260916,543283,4777,100.0
20260916,543284,3619,75.89
20260916,543285,1200,75.0
20260916,543287,24605,50.2
20260916,543288,19392,45.6
20260916,543290,59563,84.82
20260916,543291,57892,68.25
20260916,543292,1506,75.68
20260916,543298,2565,73.6
20260916,543299,2152,42.7
20260916,543300,64250,51.07
20260916,543306,780,76.17
20260916,543308,621146,97.72
20260916,543311,268017,24.44
20260916,543317,411,64.32
20260916,543318,237348,88.62
20260916,543320,356150,42.8
20260916,543321,2295,34.81
20260916,543322,6630,46.98
20260916,543323,4406,56.9
20260916,543324,19083,34.83
20260916,543325,48243,60.24
20260916,543326,118403,78.3
20260916,543327,6946,86.01
20260916,543328,1279,85.21
20260916,543329,5496,62.16
20260916,543330,42726,61.94
20260916,543331,43819,51.94
20260916,543332,780,68.24
20260916,543333,4958,26.05
20260916,543334,41965,81.23
20260916,543335,162460,70.69
20260916,543336,9780,58.59
20260916,543341,3567,80.43
20260916,543348,63,98.44
20260916,543349,13761,55.0
20260916,543350,2800,65.0
20260916,543351,4800,100.0
20260916,543357,51,98.08
20260916,543358,107856,90.91
20260916,543363,4200,65.62
20260916,543364,25942,35.0
20260916,543365,51300,51.06
20260916,543366,15600,100.0
20260916,543367,31125,43.55
20260916,543372,5000,100.0
20260916,543373,8152,100.0
20260916,543374,7270,53.41
20260916,543375,10000,100.0
20260916,543376,626,98.43
20260916,543378,8000,80.0
20260916,543383,4458,98.93
20260916,543384,104019,45.4
20260916,543386,18655,62.0
20260916,543387,3871,45.56
20260916,543388,300,98.68
20260916,543389,262328,47.91
20260916,543390,235988,75.19
20260916,543391,2250,100.0
20260916,543396,281886,41.31
20260916,543397,3390,39.07
20260916,543398,28881,32.24
20260916,543399,2180,62.43
20260916,543400,14000,70.0
20260916,543401,1793,44.24
20260916,543411,24446,59.15
20260916,543412,4766,39.46
20260916,543413,3085,30.31
20260916,543414,51357,65.08
20260916,543415,9882,59.86
20260916,543416,2126,76.09
20260916,543417,5390,55.73
20260916,543419,19172,54.71
20260916,543420,15268,89.02
20260916,543425,6041,60.61
20260916,543426,1568,58.1
20260916,543427,1116,59.84
20260916,543428,36831,33.3
20260916,543433,2255,72.28
20260916,543434,5929,42.09
20260916,543435,12450,60.0
20260916,543437,66914,53.96
20260916,543438,1252,94.99
20260916,543440,375,54.27
20260916,543441,101076,37.15
20260916,543442,1253,87.68
20260916,543443,200000,100.0
20260916,543449,14836,54.13
20260916,543450,10654,65.89
20260916,543451,78764,100.0
20260916,543452,78324,57.78
20260916,543453,2250,100.0
20260916,543454,671,63.06
20260916,543458,56333,47.38
20260916,543461,25000,100.0
20260916,543462,3651,49.21
20260916,543463,12028,45.98
20260916,543464,25000,86.21
20260916,543465,1100,88.64
20260916,543470,1,50.0
20260916,543471,34759,57.14
20260916,543472,311,88.35
20260916,543473,38955,87.91
20260916,543474,18987,94.22
20260916,543475,800,100.0
20260916,543481,458277,87.23
20260916,543482,3582,61.47
20260916,543489,33010,73.18
20260916,543490,68633,45.68
20260916,543497,800,50.0
20260916,543498,603822,46.65
20260916,543499,46522,100.0
20260916,543500,32000,100.0
20260916,543501,804,98.89
20260916,543512,62960,75.22
20260916,543513,1406,100.0
20260916,543514,8495,69.53
20260916,543515,13500,100.0
20260916,543516,134400,100.0
20260916,543517,2920,80.73
20260916,543520,24000,77.42
20260916,543522,750,100.0
20260916,543523,12720,61.37
20260916,543524,2200,57.1
20260916,543525,25383,27.8
20260916,543526,1143543,87.64
20260916,543527,10113,96.98
20260916,543528,3705,41.98
20260916,543529,44879,58.03
20260916,543530,89773,56.06
20260916,543531,8838,79.29
20260916,543532,872,71.42
20260916,543533,662817,33.42
20260916,543534,12973,53.96
20260916,543535,100,99.01
20260916,543539,2035,74.03
20260916,543542,400,2.58
20260916,543543,400,100.0
20260916,543544,1500,100.0
20260916,543545,66800,100.0
20260916,543546,18000,81.82
20260916,543547,5173,63.26
20260916,543563,13312,89.08
20260916,543568,35919,63.51
20260916,543569,1426,99.58
20260916,543570,5088,69.69
20260916,543571,6579,81.84
20260916,543572,68331,90.24
20260916,543573,27033,25.89
20260916,543574,154,100.0
20260916,543575,2120,62.8
20260916,543576,1701,56.25
20260916,543577,1,100.0
20260916,543578,925,100.0
20260916,543590,42606,100.0
20260916,543591,2323,58.19
20260916,543592,95039,78.24
20260916,543593,2076,57.44
20260916,543594,27000,75.0
20260916,543596,6723,53.72
20260916,543597,17739,72.27
20260916,543599,3378,76.41
20260916,543600,13802,68.9
20260916,543605,421,77.39
20260916,543606,3000,60.0
20260916,543607,167,76.96
20260916,543608,147,74.24
20260916,543613,24000,85.71
20260916,543614,128,90.14
20260916,543616,40800,64.76
20260916,543618,4500,85.71
20260916,543619,5350,66.88
20260916,543620,109568,68.24
20260916,543622,1200,100.0
20260916,543626,61201,42.68
20260916,543627,228,98.7
20260916,543628,16162,83.3
20260916,543635,162825,58.86
20260916,543636,20865,51.65
20260916,543637,15600,48.15
20260916,543638,6400,71.34
20260916,543643,4055,93.67
20260916,543644,9160,68.59
20260916,543650,25259,59.91
20260916,543652,10348,44.38
20260916,543653,1754,46.34
20260916,543654,4219,59.66
20260916,543655,350000,100.0
20260916,543657,206402,95.16
20260916,543663,32162,69.92
20260916,543664,12828,38.47
20260916,543665,8878,91.34
20260916,543666,24266,99.69
20260916,543667,16143,23.17
20260916,543668,10,100.0
20260916,543669,1092,92.54
20260916,543670,38230,97.16
20260916,543671,2630,96.94
20260916,543677,13650,64.3
20260916,543678,4000,100.0
20260916,543686,6318,79.71
20260916,543687,977,97.12
20260916,543688,298550,67.54
20260916,543689,5745,53.57
20260916,543699,9,100.0
20260916,543700,1,100.0
20260916,543709,4875,65.0
20260916,543710,1454,67.41
20260916,543711,42317,41.07
20260916,543712,21,100.0
20260916,543713,25000,80.65
20260916,543714,1473,60.89
20260916,543720,13160,47.45
20260916,543725,2855,57.29
20260916,543732,29368,52.42
20260916,543737,1647,99.88
20260916,543743,1754,90.93
20260916,543746,7200,37.5
20260916,543747,13231,80.07
20260916,543748,11532,37.3
20260916,543754,4000,100.0
20260916,543766,236,100.0
20260916,543767,3294,92.87
20260916,543768,277588,56.85
20260916,543769,60000,100.0
20260916,543774,4053,94.17
20260916,543775,61296,70.27
20260916,543776,10465,48.44
20260916,543781,8360,59.5
20260916,543782,4320,75.0
20260916,543787,4455,81.82
20260916,543798,8000,100.0
20260916,543805,6000,80.0
20260916,543806,4600,47.92
20260916,543811,6592,88.9
20260916,543812,4438,57.04
20260916,543819,5833,81.46
20260916,543828,220000,94.83
20260916,543829,1443,98.7
20260916,543831,2625,87.5
20260916,543848,16000,100.0
20260916,543853,200,100.0
20260916,543860,111,100.0
20260916,543861,1695,86.7
20260916,543874,8000,80.0
20260916,543895,14500,84.06
20260916,543896,12485,27.9
20260916,543897,1500,100.0
20260916,543898,318,82.81
20260916,543899,1636,88.91
20260916,543900,5546,40.38
20260916,543901,100,100.0
20260916,543902,16000,50.0
20260916,543903,52455,90.66
20260916,543904,32963,81.67
20260916,543910,207,100.0
20260916,543911,208996,41.81
20260916,543912,2138,83.03
20260916,543913,3825,84.38
20260916,543914,31589,100.0
20260916,543915,2174,86.37
20260916,543916,21200,82.81
20260916,543917,17234,71.88
20260916,543918,13357,51.19
20260916,543919,50323,92.31
20260916,543920,68963,60.69
20260916,543921,8000,100.0
20260916,543922,4638,75.51
20260916,543923,11148,56.76
20260916,543924,14000,87.5
20260916,543926,50400,61.76
20260916,543927,130,99.24
20260916,543928,5900,70.24
20260916,543929,272721,33.8
20260916,543930,27,100.0
20260916,543931,11200,59.57
20260916,543932,6480,55.98
20260916,543933,32551,44.15
20260916,543934,95,100.0
20260916,543935,1203,93.69
20260916,543936,22686,53.27
20260916,543938,640,100.0
20260916,543939,3500,50.0
20260916,543940,738671,64.15
20260916,543941,1600,100.0
20260916,543942,405782,57.4
20260916,543943,18000,85.71
20260916,543944,116,82.27
20260916,543945,72640,32.02
20260916,543946,69300,61.29
20260916,543947,6,100.0
20260916,543948,513,51.71
20260916,543949,7405,99.21
20260916,543950,11924,52.64
20260916,543952,2447,51.13
20260916,543953,10750,50.0
20260916,543954,25846,89.84
20260916,543955,8661,89.71
20260916,543956,2661,84.85
20260916,543957,101666,42.54
20260916,543958,2110,99.91
20260916,543959,267723,87.67
20260916,543960,1542,47.77
20260916,543962,603,100.0
20260916,543963,12000,100.0
20260916,543965,24894,50.82
20260916,543969,1398,88.71
20260916,543970,4500,100.0
20260916,543971,97600,57.96
20260916,543972,99135,43.36
20260916,543974,42287,58.19
20260916,543975,98,98.99
20260916,543976,30477,75.88
20260916,543977,6693,47.34
20260916,543978,86203,37.64
20260916,543979,12800,100.0
20260916,543980,703,62.71
20260916,543981,9452,41.32
20260916,543982,8000,58.82
20260916,543983,8905,61.55
20260916,543984,140501,54.29
20260916,543985,49017,60.24
20260916,543986,10234,58.92
20260916,543988,10933,39.9
20260916,543989,19171,52.12
20260916,543990,1316,9.58
20260916,543991,1200,100.0
20260916,543992,66851,70.67
20260916,543993,1938,93.76
20260916,543994,606147,81.58
20260916,543995,32207,58.42
20260916,543996,3804,54.03
20260916,543997,9000,18.52
20260916,543998,9055,100.0
20260916,543999,2308,80.33
20260916,544000,6000,100.0
20260916,544001,9500,100.0
20260916,544003,22198,82.42
20260916,544004,2449,64.57
20260916,544006,28127,72.91
20260916,544007,61441,33.84
20260916,544008,6096,82.31
20260916,544009,22521,48.65
20260916,544011,1200,100.0
20260916,544012,6157,53.88
20260916,544013,3000,100.0
20260916,544014,11401,49.72
20260916,544015,1000,50.0
20260916,544020,30404,100.0
20260916,544021,13106,55.5
20260916,544022,7220,63.3
20260916,544023,12500,61.73
20260916,544026,453359,65.04
20260916,544027,34021,55.02
20260916,544028,30811,39.08
20260916,544029,45015,52.45
20260916,544030,8019,53.1
20260916,544035,11200,100.0
20260916,544037,24300,50.73
20260916,544042,8732,57.23
20260916,544043,507,99.41
20260916,544044,1632,56.08
20260916,544045,1103,58.73
20260916,544046,45922,71.29
20260916,544047,31500,67.74
20260916,544052,4000,66.67
20260916,544053,1350855,58.01
20260916,544054,5738,87.39
20260916,544055,10283,56.29
20260916,544057,8255,60.16
20260916,544058,3249,71.0
20260916,544059,14000,70.0
20260916,544060,8429,100.0
20260916,544061,43806,49.93
20260916,544066,527,69.71
20260916,544067,47840,94.72
20260916,544072,800,100.0
20260916,544073,1000,100.0
20260916,544074,3600,100.0
20260916,544079,2212,99.02
20260916,544080,6,100.0
20260916,544081,102935,70.02
20260916,544083,1500,75.0
20260916,544088,7396,62.88
20260916,544089,650758,79.86
20260916,544090,14,87.5
20260916,544091,35200,54.66
20260916,544092,298,78.01
20260916,544093,121,100.0
20260916,544095,28216,65.72
20260916,544100,10628,86.06
20260916,544101,800,100.0
20260916,544102,107,60.45
20260916,544106,1200,100.0
20260916,544107,11671,56.64
20260916,544108,7800,100.0
20260916,544109,21,100.0
20260916,544110,290,47.7
20260916,544111,2619,72.79
20260916,544112,335,94.37
20260916,544117,6125,77.09
20260916,544118,22304,55.03
20260916,544119,9490,44.3
20260916,544120,182,82.35
20260916,544121,4000,66.67
20260916,544122,16737,89.4
20260916,544123,138,93.88
20260916,544124,853,93.43
20260916,544129,11916,64.96
20260916,544130,403419,70.47
20260916,544131,9544,68.2
20260916,544132,371959,75.0
20260916,544133,104356,56.38
20260916,544134,570,82.37
20260916,544135,38382,50.68
20260916,544136,1216,63.5
20260916,544137,5216,85.12
20260916,544138,6850,41.09
20260916,544139,4000,100.0
20260916,544140,5700,41.47
20260916,544141,8800,64.71
20260916,544142,8267,78.71
20260916,544143,500,50.0
20260916,544144,1255,96.54
20260916,544149,1772,51.36
20260916,544150,18750,63.56
20260916,544151,28000,100.0
20260916,544156,61500,100.0
20260916,544158,9018,67.87
20260916,544159,12533,72.51
20260916,544160,33600,100.0
20260916,544161,442,59.33
20260916,544162,1349,55.13
20260916,544163,15000,100.0
20260916,544164,2000,100.0
20260916,544165,6000,80.0
20260916,544166,36000,100.0
20260916,544167,10882,57.18
20260916,544168,4000,100.0
20260916,544169,10000,71.43
20260916,544170,2000,50.0
20260916,544171,4000,100.0
20260916,544172,3947,53.53
20260916,544173,1000,100.0
20260916,544174,1361,44.27
20260916,544175,6000,71.43
20260916,544176,11123,57.53
20260916,544177,5000,71.43
20260916,544178,1200,100.0
20260916,544179,5322,65.96
20260916,544180,23793,71.19
20260916,544181,28109,49.81
20260916,544182,746,66.31
20260916,544184,6666,70.33
20260916,544185,1459,99.93
20260916,544186,35577,87.03
20260916,544187,64151,100.0
20260916,544188,8000,100.0
20260916,544189,14500,93.55
20260916,544191,8998,97.92
20260916,544192,48350,54.34
20260916,544193,103247,75.74
20260916,544194,137163,95.07
20260916,544195,2000,50.0
20260916,544196,22,100.0
20260916,544197,100,81.97
20260916,544198,19029,55.66
20260916,544199,4800,100.0
20260916,544200,42199,88.79
20260916,544201,80000,76.92
20260916,544202,11392,92.84
20260916,544203,38339,65.26
20260916,544204,969,91.5
20260916,544205,353,100.0
20260916,544206,30577,63.13
20260916,544207,540,94.74
20260916,544209,1925,62.14
20260916,544210,6920,45.95
20260916,544211,0,0.0
20260916,544212,25457,66.92
20260916,544213,22200,64.91
20260916,544214,2000,100.0
20260916,544215,2262,97.63
20260916,544216,45918,72.65
20260916,544217,12502,64.24
20260916,544218,9090,67.43
20260916,544219,11400,73.08
20260916,544221,39000,100.0
20260916,544222,4256,66.42
20260916,544223,18374,71.19
20260916,544224,154680,69.0
20260916,544225,2266640,45.17
20260916,544226,1681532,81.89
20260916,544227,28625,69.63
20260916,544229,278412,81.19
20260916,544230,949,86.98
20260916,544232,2505,61.58
20260916,544233,42,100.0
20260916,544234,1,100.0
20260916,544235,10772,56.49
20260916,544237,800,100.0
20260916,544238,183511,54.78
20260916,544239,1788,77.1
20260916,544240,3923,43.11
20260916,544241,7222,64.17
20260916,544242,6000,66.67
20260916,544243,12286,57.93
20260916,544244,1931,71.2
20260916,544245,1600,100.0
20260916,544246,4,50.0
20260916,544247,510,77.98
20260916,544248,5400,64.29
20260916,544249,1078,83.37
20260916,544250,186,76.86
20260916,544251,8000,100.0
20260916,544252,103545,51.66
20260916,544253,31822,63.02
20260916,544254,21928,96.09
20260916,544256,14464,62.92
20260916,544257,500,100.0
20260916,544258,4897,72.39
20260916,544259,3000,100.0
20260916,544260,24005,59.63
20260916,544261,11377,69.71
20260916,544262,2099,24.82
20260916,544263,16067,70.08
20260916,544264,5605,59.69
20260916,544266,35,77.78
20260916,544267,6400,72.73
20260916,544268,77927,57.56
20260916,544269,12000,50.0
20260916,544271,10572,44.05
20260916,544272,3200,66.67
20260916,544273,23717,99.29
20260916,544274,113449,80.89
20260916,544275,8011,78.99
20260916,544276,9138,79.67
20260916,544277,29924,43.52
20260916,544278,6472,100.0
20260916,544279,110512,44.65
20260916,544280,425435,59.21
20260916,544281,7895,100.0
20260916,544282,599972,49.56
20260916,544283,108043,52.56
20260916,544284,1110,92.58
20260916,544285,178930,38.55
20260916,544286,792036,95.3
20260916,544288,17637,33.92
20260916,544289,69486,45.2
20260916,544290,35215,63.51
20260916,544291,15700,72.69
20260916,544292,4790,50.13
20260916,544293,772,51.85
20260916,544294,114745,44.57
20260916,544296,17600,63.77
20260916,544301,1515,78.99
20260916,544302,325,2.87
20260916,544303,300,50.0
20260916,544304,4800,100.0
20260916,544305,335857,51.61
20260916,544306,107800,81.7
20260916,544307,733166,66.18
20260916,544308,188,61.44
20260916,544309,891,48.27
20260916,544310,75000,53.96
20260916,544311,13125,69.36
20260916,544313,4000,50.0
20260916,544314,25348,91.28
20260916,544315,4550,72.79
20260916,544316,16826,65.35
20260916,544317,31703,53.93
20260916,544318,6067,69.89
20260916,544319,8658,51.43
20260916,544320,3492,78.05
20260916,544321,894,89.22
20260916,544322,22502,46.32
20260916,544323,14481,73.34
20260916,544325,114023,60.91
20260916,544326,7743,98.91
20260916,544327,78000,97.5
20260916,544328,6897,63.18
20260916,544329,108000,96.43
20260916,544330,9000,100.0
20260916,544331,2000,100.0
20260916,544332,8000,83.33
20260916,544333,5562,100.0
20260916,544334,6000,100.0
20260916,544335,42000,100.0
20260916,544336,28459,39.87
20260916,544337,29000,100.0
20260916,544338,10983,89.21
20260916,544339,2103,66.95
20260916,544342,18045,100.0
20260916,544343,4800,85.71
20260916,544344,1004,54.36
20260916,544345,10652,50.65
20260916,544346,83,60.14
20260916,544347,275000,100.0
20260916,544349,3200,40.0
20260916,544350,7978,49.78
20260916,544351,3200,50.0
20260916,544352,38,100.0
20260916,544353,4800,80.0
20260916,544354,7500,65.79
20260916,544355,220,84.94
20260916,544356,980,61.87
20260916,544361,1188,75.72
20260916,544362,4320,48.36
20260916,544363,16,100.0
20260916,544364,388,96.04
20260916,544365,10000,62.5
20260916,544367,12407,46.79
20260916,544368,1200,50.0
20260916,544369,14400,100.0
20260916,544370,600,50.0
20260916,544371,484,82.74
20260916,544372,3000,100.0
20260916,544374,25000,100.0
20260916,544375,2982,39.04
20260916,544376,1571,100.0
20260916,544377,575,100.0
20260916,544379,4167,48.78
20260916,544380,2081,70.09
20260916,544381,1200,100.0
20260916,544382,131,100.0
20260916,544383,19200,100.0
20260916,544384,289256,64.59
20260916,544385,2544,78.98
20260916,544386,2109,100.0
20260916,544387,14500,64.44
20260916,544390,7374,47.65
20260916,544394,2895,66.22
20260916,544395,978424,48.5
20260916,544396,58095,39.34
20260916,544397,251823,49.64
20260916,544398,48000,72.73
20260916,544399,12000,100.0
20260916,544400,6000,75.0
20260916,544402,6481,74.99
20260916,544403,36273,68.85
20260916,544404,1280,76.92
20260916,544405,45561,43.65
20260916,544406,26400,84.62
20260916,544407,66180,51.48
20260916,544408,17028,65.51
20260916,544409,16000,100.0
20260916,544410,8724,56.75
20260916,544411,6622,56.36
20260916,544413,6559,41.85
20260916,544414,28928,59.6
20260916,544415,183,66.79
20260916,544416,639,86.35
20260916,544417,1200,50.0
20260916,544418,18988,56.07
20260916,544419,25741,56.98
20260916,544420,17615,62.06
20260916,544421,108724,49.88
20260916,544422,2400,66.67
20260916,544423,1721,68.21
20260916,544424,1207,82.61
20260916,544425,57600,100.0
20260916,544427,4141,77.39
20260916,544429,9372,46.57
20260916,544430,46245,61.53
20260916,544431,22000,70.97
20260916,544432,4790,78.89
20260916,544434,100800,100.0
20260916,544435,10400,56.52
20260916,544436,1200,100.0
20260916,544438,15093,73.56
20260916,544439,15471,59.84
20260916,544440,1500,100.0
20260916,544441,16000,80.0
20260916,544442,8400,100.0
20260916,544443,772,54.37
20260916,544444,36000,100.0
20260916,544445,5000,100.0
20260916,544446,3183,67.97
20260916,544447,3368,74.65
20260916,544448,5212,29.96
20260916,544449,24590,40.37
20260916,544450,503,100.0
20260916,544452,12000,100.0
20260916,544453,42600,85.54
20260916,544454,2297,83.25
20260916,544455,27809,59.72
20260916,544456,34139,100.0
20260916,544457,10981,79.61
20260916,544458,208500,49.47
20260916,544459,46311,47.95
20260916,544460,19200,100.0
20260916,544461,1,100.0
20260916,544462,1,100.0
20260916,544463,14400,100.0
20260916,544464,26000,86.67
20260916,544465,7246,33.46
20260916,544466,6632,40.12
20260916,544467,277447,64.35
20260916,544468,1200,100.0
20260916,544469,64330,100.0
20260916,544470,3525,54.62
20260916,544471,6000,60.0
20260916,544473,156646,80.71
20260916,544475,4000,66.67
20260916,544476,19966,43.31
20260916,544477,4780,89.13
20260916,544479,16553,96.7
20260916,544480,94554,64.89
20260916,544481,29344,83.55
20260916,544482,4000,100.0
20260916,544483,6000,83.33
20260916,544484,28695,38.89
20260916,544485,9150,71.34
20260916,544486,97179,99.66
20260916,544487,1863,39.88
20260916,544488,94395,44.53
20260916,544489,1200,100.0
20260916,544490,3813,5.6
20260916,544491,2700,63.6
20260916,544492,5104,67.68
20260916,544493,13,44.83
20260916,544495,1200,100.0
20260916,544496,38052,42.08
20260916,544497,623367,42.61
20260916,544498,174400,100.0
20260916,544499,1040,100.0
20260916,544500,6000,75.0
20260916,544501,100000,60.61
20260916,544502,1268,100.0
20260916,544503,5000,100.0
20260916,544504,3600,100.0
20260916,544505,4000,100.0
20260916,544506,54000,100.0
20260916,544507,208816,70.96
20260916,544509,3200,66.67
20260916,544510,6400,80.0
20260916,544511,100000,70.62
20260916,544512,2909,74.67
20260916,544513,3565,96.09
20260916,544514,800,100.0
20260916,544515,222967,36.93
20260916,544516,91500,38.77
20260916,544517,1806,45.72
20260916,544518,14400,100.0
20260916,544519,1516,65.97
20260916,544520,20400,100.0
20260916,544521,10128,74.44
20260916,544522,357,93.46
20260916,544523,4448,51.96
20260916,544524,132800,93.79
20260916,544525,21648,58.25
20260916,544526,32669,50.59
20260916,544527,3760,61.92
20260916,544528,2559,59.82
20260916,544529,12000,100.0
20260916,544530,5924,48.02
20260916,544531,10800,52.94
20260916,544532,19469,56.2
20260916,544533,1488,40.08
20260916,544534,2685,27.53
20260916,544535,8000,76.92
20260916,544536,41,100.0
20260916,544537,30312,47.9
20260916,544538,44000,100.0
20260916,544540,27167,63.96
20260916,544541,35400,77.63
20260916,544542,4000,33.33
20260916,544543,17423,49.41
20260916,544544,18000,100.0
20260916,544545,11618,54.32
20260916,544546,12000,90.91
20260916,544547,120,92.31
20260916,544548,17600,91.67
20260916,544550,26471,48.53
20260916,544551,3000,60.0
20260916,544552,6000,100.0
20260916,544553,800,100.0
20260916,544554,96000,100.0
20260916,544555,7200,100.0
20260916,544557,637,76.56
20260916,544558,2273,80.8
20260916,544559,16000,100.0
20260916,544560,12000,100.0
20260916,544561,30000,100.0
20260916,544562,6760,71.32
20260916,544563,18500,100.0
20260916,544564,121,100.0
20260916,544565,4000,100.0
20260916,544566,6000,100.0
20260916,544567,1600,100.0
20260916,544568,36000,73.17
20260916,544569,262799,61.89
20260916,544570,1940,51.36
20260916,544571,1000,100.0
20260916,544572,721,18.91
20260916,544573,123,100.0
20260916,544574,372337,85.55
20260916,544575,2000,100.0
20260916,544576,7463,54.07
20260916,544577,245,99.59
20260916,544578,9253,39.03
20260916,544579,1044,95.96
20260916,544580,11748,57.63
20260916,544581,32239,99.42
20260916,544582,14400,80.0
20260916,544583,23626,75.06
20260916,544584,33000,100.0
20260916,544586,36125,96.34
20260916,544587,1291,65.77
20260916,544594,3600,100.0
20260916,544595,1273,56.3
20260916,544596,6000,55.56
20260916,544597,212042,94.38
20260916,544598,13178,100.0
20260916,544599,7548,82.8
20260916,544600,67067,56.66
20260916,544601,5,100.0
20260916,544602,179087,54.03
20260916,544603,2410625,49.65
20260916,544604,3386,68.39
20260916,544605,539995,96.95
20260916,544606,1549855,24.38
20260916,544607,58800,85.96
20260916,544608,141638,52.91
20260916,544609,134304,36.92
20260916,544610,29400,62.03
20260916,544611,7200,85.71
20260916,544612,300070,95.33
20260916,544613,16249,53.17
20260916,544614,370868,99.03
20260916,544615,6900,65.9
20260916,544616,3000,75.0
20260916,544617,69157,43.41
20260916,544619,51718,72.02
20260916,544621,9000,75.0
20260916,544622,550512,42.94
20260916,544624,9000,100.0
20260916,544625,1200,66.67
20260916,544626,19500,100.0
20260916,544627,10000,100.0
20260916,544628,4000,28.57
20260916,544629,1000,100.0
20260916,544631,6696,84.02
20260916,544632,139849,37.89
20260916,544633,23854,45.93
20260916,544634,52361,37.58
20260916,544635,1600,50.0
20260916,544637,13800,60.53
20260916,544638,375,77.32
20260916,544639,21,80.77
20260916,544640,2400,100.0
20260916,544641,4200,63.64
20260916,544642,23419,67.67
20260916,544643,2000,100.0
20260916,544644,5477,68.95
20260916,544645,25875,56.92
20260916,544646,50000,83.33
20260916,544647,4708,46.25
20260916,544648,2000,100.0
20260916,544654,5365,79.75
20260916,544655,4950,77.93
20260916,544656,400,100.0
20260916,544657,1200,100.0
20260916,544658,104173,92.99
20260916,544660,4411,56.51
20260916,544661,135,100.0
20260916,544662,509,99.8
20260916,544663,4000,100.0
20260916,544664,10518,34.04
20260916,544665,6400,100.0
20260916,544666,22919,53.31
20260916,544667,12000,90.91
20260916,544668,27600,85.19
20260916,544669,10200,100.0
20260916,544670,34200,100.0
20260916,544671,3000,100.0
20260916,544672,103,100.0
20260916,544673,35200,62.86
20260916,544674,541,100.0
20260916,544675,131200,100.0
20260916,544676,2400,100.0
20260916,544677,3200,100.0
20260916,544678,302620,55.35
20260916,544679,8840,40.37
20260916,544681,77000,56.2
20260916,544682,69600,86.57
20260916,544683,24000,80.0
20260916,544684,40800,100.0
20260916,544685,65063,41.01
20260916,544686,1000,100.0
20260916,544687,2000,50.0
20260916,544688,2000,50.0
20260916,544693,8000,100.0
20260916,544694,1000,100.0
20260916,544695,93000,100.0
20260916,544698,1600,100.0
20260916,544699,34284,50.95
20260916,544700,11840,51.98
20260916,544701,31231,97.28
20260916,544702,1591,98.82
20260916,544703,14487,100.0
20260916,544704,1417,68.99
20260916,544705,7981,83.62
20260916,544707,1800,37.5
20260916,544708,12000,100.0
20260916,544709,43425,86.99
20260916,544710,60000,68.97
20260916,544711,12000,80.0
20260916,544716,2231,96.16
20260916,544717,10517,56.51
20260916,544718,2231,34.21
20260916,544719,17,100.0
20260916,544720,30776,49.86
20260916,544721,98839,83.94
20260916,544722,697,95.74
20260916,544723,13798,50.1
20260916,544724,3000,100.0
20260916,544725,123,96.09
20260916,544726,11632,100.0
20260916,544731,29310,60.01
20260916,544732,945,82.17
20260916,544733,4983,56.61
20260916,544734,11003,92.32
20260916,544735,71000,86.59
20260916,544736,3918,93.51
20260916,544737,57,100.0
20260916,544738,11000,73.33
20260916,544739,39101,39.03
20260916,544740,131200,100.0
20260916,544741,12000,100.0
20260916,544742,10250,70.73
20260916,544743,31047,66.67
20260916,544744,9510,72.04
20260916,544745,1690,98.77
20260916,544746,8000,71.43
20260916,544747,2400,50.0
20260916,544748,94407,60.5
20260916,544750,1213,48.99
20260916,544751,8400,100.0
20260916,544753,47,95.92
20260916,544754,48809,34.66
20260916,544755,14400,100.0
20260916,544756,5257,53.8
20260916,544757,1604,73.58
20260916,544758,172631,87.6
20260916,544760,1032,90.29
20260916,544761,720,100.0
20260916,544762,5553,96.98
20260916,544763,8081,74.52
20260916,544764,75000,66.85
20260916,544765,40000,100.0
20260916,544766,52,96.3
20260916,544767,9000,37.5
20260916,544768,2000,100.0
20260916,544769,2400,66.67
20260916,544770,4800,100.0
20260916,544772,44000,66.67
20260916,544773,73000,62.93
20260916,544774,658000,97.92
20260916,544777,17016,60.72
20260916,544779,4800,54.55
20260916,544780,178213,44.19
20260916,544781,461924,47.13
20260916,544782,1105038,52.01
20260916,544783,343027,100.0
20260916,544784,1657191,58.64
20260916,544785,36904,100.0
20260916,544786,4147,59.93
20260916,544793,103000,100.0
20260916,544794,61200,83.61
20260916,544795,6511,99.94
20260916,544796,4800,70.59
20260916,544797,6000,100.0
20260916,544798,3600,100.0
20260916,544799,34286,55.82
20260916,544800,3200,50.0
20260916,544802,151371,72.76
20260916,544803,23285,71.07
20260916,544804,3600,33.33
20260916,544806,151450,50.5
20260916,544808,25379,55.99
20260916,544809,84000,56.0
20260916,544810,12800,100.0
20260916,544811,7000,70.0
20260916,544812,20000,76.92
20260916,544814,243953,85.28
20260916,544821,97355,94.14
20260916,544822,23112,47.21
20260916,544823,79200,100.0
20260916,544825,23346,62.25
20260916,544826,62400,51.15
20260916,544827,2581,98.81
20260916,544829,103543,67.58
20260916,544830,190892,96.81
20260916,544831,3457,40.64
20260916,544832,30000,58.14
20260916,544833,28392,70.21
20260916,544834,14400,75.0
20260916,544835,2000,33.33
20260916,544837,105556,41.85
20260916,544838,111203,52.71
20260916,544839,49407,69.23
20260916,544840,206000,91.56
20260916,544841,584,100.0
20260916,544842,2800,94.12
20260916,544843,57600,88.89
20260916,544844,60800,57.14
20260916,544845,5052,97.72
20260916,544846,102,97.14
20260916,544847,242006,77.49
20260916,544848,25600,80.0
20260916,544849,6,75.0
20260916,544850,523,100.0
20260916,544851,119018,32.77
20260916,544852,7200,85.71
20260916,544853,18642,33.18
20260916,544854,28800,92.31
20260916,544855,1645,87.83
20260916,544856,800,100.0
20260916,544857,10,100.0
20260916,544858,12000,66.67
20260916,544859,19000,100.0
20260916,544860,290972,49.58
20260916,544861,161,100.0
20260916,544862,1590,65.51
20260916,544863,66000,64.71
20260916,544864,32010,47.23
20260916,544865,65349,39.47
20260916,544866,310284,32.25
20260916,544867,141777,34.36
20260916,544868,698831,46.7
20260916,544869,15000,88.24
20260916,544870,18209,47.84
20260916,544871,1897581,84.39
20260916,544872,2400,100.0
20260916,544873,32187,97.73
20260916,544874,286,66.05
20260916,544876,135600,96.58
20260916,544877,75000,100.0
20260916,544878,3192,72.38
20260916,544879,57011,99.97
20260916,544880,35140,43.87
20260916,544881,57740,27.31
20260916,544882,324962,41.22
20260916,544883,2000,100.0
20260916,544884,73200,80.26
20260916,544885,104009,65.66
20260916,544886,94993,31.67
20260916,544887,3103,100.0
20260916,544888,12691,31.83
20260916,544889,59383,51.02
20260916,544890,47119,38.57
20260916,544891,261395,42.86
20260916,544892,1202,68.33
20260916,544893,8744,100.0
20260916,544894,783537,64.48
20260916,544895,196800,100.0
20260916,544897,75000,100.0
20260916,544898,161725,60.67
20260916,544899,16938,100.0
20260916,544900,36000,100.0
20260916,544901,11480,47.53
20260916,544902,12000,100.0
20260916,544903,140845,49.34
20260916,544904,2400,100.0
20260916,544906,3916,100.0
20260916,544908,1347,97.75
20260916,544909,1226860,45.38
20260916,544910,16000,100.0
20260916,544911,1089910,45.79
20260916,544912,244429,69.8
20260916,544913,2150359,47.67
20260916,555555,534,72.95
20260916,570002,100,100.0
20260916,570004,213,99.07
20260916,570005,136918,100.0
20260916,590003,38266,55.88
20260916,590005,1278,73.53
20260916,590006,843,52.04
20260916,590013,437,32.96
20260916,590021,2770,76.48
20260916,590024,2211,55.07
20260916,590025,2836,100.0
20260916,590030,21716,41.09
20260916,590031,32,96.97
20260916,590041,111477,50.5
20260916,590051,10421,57.42
20260916,590056,600,99.34
20260916,590057,36943,100.0
20260916,590062,14184,63.8
20260916,590065,222,98.67
20260916,590066,4690,30.3
20260916,590068,204,99.03
20260916,590070,509,85.83
20260916,590071,236,61.46
20260916,590072,2,100.0
20260916,590073,40273,83.63
20260916,590075,1143,97.86
20260916,590078,2064,63.41
20260916,590086,208,53.2
20260916,590095,596033,67.36
20260916,590096,96811,64.82
20260916,590097,13213,74.61
20260916,590098,50869,49.78
20260916,590099,2847,54.28
20260916,590101,5724,62.56
20260916,590103,89017,62.33
20260916,590104,8006,58.4
20260916,590106,24497,75.09
20260916,590107,2113,64.6
20260916,590108,32141,73.73
20260916,590109,233,61.64
20260916,590110,1224,85.3
20260916,590113,6873,81.42
20260916,590115,163,82.74
20260916,590134,1084,93.45
20260916,590136,18025,86.1
20260916,590137,605,71.43
20260916,590138,49723,83.41
20260916,590139,3383,68.63
20260916,590140,1183609,41.14
20260916,590141,132118,68.88
20260916,590142,81996,77.36
20260916,590143,31961,98.8
20260916,590144,16384,57.81
20260916,590145,578763,80.63
20260916,590146,3991,71.36
20260916,590147,390,85.53
20260916,590148,35775,85.58
20260916,590149,42449,64.32
20260916,590150,13760,80.98
20260916,590151,91205,87.16
20260916,590152,273720,77.85
20260916,590153,30968,94.52
20260916,590154,35737,62.4
20260916,590155,37012,98.22
20260916,590156,70582,94.44
20260916,590157,14580,66.9
20260916,590158,32922,86.23
20260916,590159,3843,68.96
20260916,590160,21,100.0
20260916,590161,1538683,73.5
20260916,751132,8000,100.0
20260916,751141,4239,100.0
20260916,751142,80698,100.0
20260916,800177,12150,99.84
20260916,800219,214,100.0
20260916,800291,2,100.0
20260916,800295,2,100.0
20260916,800296,17,100.0
20260916,800297,19,65.52
20260916,800303,2,100.0
20260916,800314,1,100.0
20260916,800315,1,100.0
20260916,800318,17,89.47
20260916,800324,10,83.33
20260916,800325,63,80.77
20260916,800327,83,88.3
20260916,800328,15,100.0
20260916,800331,12,100.0
20260916,800332,4,100.0
20260916,800333,2,100.0
20260916,800339,25,89.29
20260916,800341,6,85.71
20260916,800367,4,100.0
20260916,800385,46,58.23
20260916,800386,12,80.0
20260916,800428,1174,100.0
20260916,800434,3,100.0
20260916,800436,3122,100.0
20260916,800437,35,97.22
20260916,800438,10,90.91
20260916,800439,65,95.59
20260916,800441,2500,100.0
20260916,800443,24,92.31
20260916,800452,2051,100.0
20260916,800488,62,93.94
20260916,800489,5500,100.0
20260916,800573,104,72.22
20260916,800574,17393,82.62
20260916,800575,83,93.26
20260916,800580,232,80.56
20260916,800588,3775,99.95
20260916,800596,8,80.0
20260916,800598,4008,100.0
20260916,800603,539,95.06
20260916,800605,66,91.67
20260916,800607,3000,100.0
20260916,800618,4005,100.0
20260916,800807,3650,82.65
20260916,800808,23735,82.59
20260916,800809,477,74.41
20260916,800815,2115,95.44
20260916,800816,2053,100.0
20260916,805206,100,100.0
20260916,805244,700,100.0
20260916,805245,5000,100.0
20260916,805265,200,50.0
20260916,810983,100,100.0
20260916,811060,100,100.0
20260916,890217,680,99.56
20260916,890226,2272,99.56
20260916,890228,1367,100.0
20260916,890234,35487,100.0
20260916,890238,34787,100.0
20260916,935576,5,100.0
20260916,935584,730,98.65
20260916,935620,40,100.0
20260916,935642,5,100.0
20260916,935666,345,100.0
20260916,935674,110,91.67
20260916,936048,429,99.54
20260916,936130,100,100.0
20260916,936224,16,100.0
20260916,936226,117,100.0
20260916,936230,1,100.0
20260916,936254,1,100.0
20260916,936320,58,100.0
20260916,936384,305,100.0
20260916,936398,7,100.0
20260916,936412,527,97.96
20260916,936476,15,100.0
20260916,936528,20,100.0
20260916,936578,250,89.29
20260916,936722,10,50.0
20260916,936744,270,100.0
20260916,936977,201,100.0
20260916,937017,11,100.0
20260916,937037,62,100.0
20260916,937053,1,100.0
20260916,937451,282,100.0
20260916,937455,781,83.26
20260916,937503,17,100.0
20260916,937581,1,100.0
20260916,937619,180,100.0
20260916,937621,363,100.0
20260916,937623,1000,66.71
20260916,937637,29,100.0
20260916,937721,190,100.0
20260916,937801,232,100.0
20260916,937803,100,100.0
20260916,937805,1,100.0
20260916,937829,65,100.0
20260916,937895,465,100.0
20260916,937999,100,100.0
20260916,938067,290,51.06
20260916,938073,696,100.0
20260916,938107,200,100.0
20260916,938113,125,100.0
20260916,938212,115,100.0
20260916,938218,213,100.0
20260916,938222,200,100.0
20260916,938224,200,100.0
20260916,938268,40,50.0
20260916,938290,1,100.0
20260916,938364,188,100.0
20260916,938368,2,100.0
20260916,938370,8,100.0
20260916,938484,675,100.0
20260916,938486,6,100.0
20260916,938524,10,100.0
20260916,938526,1,50.0
20260916,938530,90,100.0
20260916,938576,4,100.0
20260916,938604,76,100.0
20260916,938658,25,100.0
20260916,938662,230,53.49
20260916,938664,177,100.0
20260916,938790,3,100.0
20260916,938850,12,100.0
20260916,938868,3,100.0
20260916,938874,150,100.0
20260916,938882,32,100.0
20260916,938898,42,100.0
20260916,938902,75,100.0
20260916,938942,100,100.0
20260916,939002,6,100.0
20260916,939190,107,100.0
20260916,939202,10,50.0
20260916,939204,104,100.0
20260916,939212,50,100.0
20260916,939214,500,100.0
20260916,939260,100,100.0
20260916,939309,36,100.0
20260916,939389,50,100.0
20260916,939407,531,100.0
20260916,939437,396,100.0
20260916,939473,8,100.0
20260916,939561,150,100.0
20260916,939571,16,100.0
20260916,939583,80,100.0
20260916,939617,95,100.0
20260916,939623,20,50.0
20260916,939625,30,100.0
20260916,939627,1,100.0
20260916,939649,135,100.0
20260916,939711,28,100.0
20260916,939715,5,100.0
20260916,939727,125,100.0
20260916,939731,20,90.91
20260916,939743,2,50.0
20260916,939747,25,100.0
20260916,939751,97,100.0
20260916,939775,16,88.89
20260916,939807,100,100.0
20260916,939817,16,100.0
20260916,939823,76,100.0
20260916,939829,5,100.0
20260916,939843,126,100.0
20260916,939845,2,100.0
20260916,939849,25,100.0
20260916,939865,50,100.0
20260916,939879,19,100.0
20260916,939899,34,100.0
20260916,939911,50,55.56
20260916,939969,212,100.0
20260916,940037,1,100.0
20260916,940055,20,100.0
20260916,940061,1,100.0
20260916,940075,1000,90.91
20260916,940077,1020,100.0
20260916,940101,60,100.0
20260916,940103,30,100.0
20260916,940115,5,100.0
20260916,940179,99,100.0
20260916,940181,10,100.0
20260916,940227,5,100.0
20260916,940233,300,100.0
20260916,940247,265,100.0
20260916,940253,275,100.0
20260916,940269,50,100.0
20260916,940327,58,100.0
20260916,940329,78,100.0
20260916,940353,125,100.0
20260916,940361,6,100.0
20260916,940393,29,100.0
20260916,940399,631,100.0
20260916,940415,50,100.0
20260916,940421,5,100.0
20260916,940425,30,100.0
20260916,940427,1,100.0
20260916,940453,3,100.0
20260916,940473,4,100.0
