DATE,SYMBOL,DELIV_QTY,DELIV_PER
20260923,500002,4238,49.7
20260923,500003,15182,50.58
20260923,500008,12260,48.58
20260923,500009,6439,100.0
20260923,500012,40454,62.59
20260923,500013,260,100.0
20260923,500014,2575,83.9
20260923,500016,821,62.06
20260923,500020,16189,60.16
20260923,500023,440,90.35
20260923,500027,26693,97.63
20260923,500028,10413,74.19
20260923,500031,2345,68.41
20260923,500032,485712,58.67
20260923,500033,1775,54.0
20260923,500034,139775,49.58
20260923,500038,23044,28.42
20260923,500039,4526,67.02
20260923,500040,11954,75.44
20260923,500041,4,100.0
20260923,500042,420,43.66
20260923,500043,6374,59.36
20260923,500048,4212,31.6
20260923,500049,186429,53.89
20260923,500051,30350,100.0
20260923,500052,43464,60.93
20260923,500058,88500,92.37
20260923,500059,24,100.0
20260923,500060,32051,60.7
20260923,500067,36939,84.5
20260923,500068,17,85.0
20260923,500069,1869,70.5
20260923,500074,6351,93.05
20260923,500078,1008,67.29
20260923,500083,24651,51.41
20260923,500084,142295,83.23
20260923,500085,10434,65.68
20260923,500086,20398,49.14
20260923,500087,3469,51.66
20260923,500089,141,97.24
20260923,500092,1144,62.58
20260923,500093,209972,79.84
20260923,500096,36166,43.24
20260923,500097,8190,48.04
20260923,500101,11489,53.8
20260923,500103,165874,51.14
20260923,500104,65539,43.33
20260923,500106,1548617,36.87
20260923,500108,107380,51.46
20260923,500109,97346,30.51
20260923,500110,25080,45.23
20260923,500112,95597,46.61
20260923,500113,595743,44.25
20260923,500114,23664,60.72
20260923,500116,230553,58.6
20260923,500117,286314,61.66
20260923,500119,20868,57.05
20260923,500120,484,98.57
20260923,500123,38,41.76
20260923,500124,24283,55.78
20260923,500125,14750,53.93
20260923,500126,81,47.37
20260923,500128,17489,48.97
20260923,500133,152,83.06
20260923,500135,23373,45.08
20260923,500136,471,99.79
20260923,500142,10769,100.0
20260923,500143,2606,100.0
20260923,500144,131304,78.09
20260923,500147,145,56.42
20260923,500148,5290,53.0
20260923,500150,343,67.25
20260923,500151,2613,100.0
20260923,500153,24234,100.0
20260923,500160,27593,69.29
20260923,500163,10264,61.4
20260923,500164,1302,57.59
20260923,500165,109083,95.68
20260923,500166,2761,75.79
20260923,500168,1385,88.95
20260923,500170,1349,93.36
20260923,500171,9972,37.23
20260923,500173,1218,96.67
20260923,500174,612,99.84
20260923,500178,76,100.0
20260923,500179,29144,70.2
20260923,500180,848631,66.79
20260923,500182,16646,51.62
20260923,500183,386833,100.0
20260923,500184,17406,44.7
20260923,500185,361472,48.35
20260923,500186,14504,61.12
20260923,500187,9429,54.91
20260923,500188,39863,35.3
20260923,500189,247,100.0
20260923,500191,1027,100.0
20260923,500192,12881,70.07
20260923,500193,51602,52.09
20260923,500199,3551,52.1
20260923,500201,17199,50.08
20260923,500206,496,90.68
20260923,500207,68476,53.48
20260923,500209,276864,67.97
20260923,500210,1289,62.51
20260923,500213,3618,70.4
20260923,500214,4639,44.27
20260923,500215,606,57.6
20260923,500219,106739,71.85
20260923,500220,2821,100.0
20260923,500227,988,73.73
20260923,500228,85007,71.47
20260923,500233,1822,28.18
20260923,500234,50,25.0
20260923,500235,18899,49.78
20260923,500236,198,100.0
20260923,500238,397985,44.65
20260923,500239,1248,82.54
20260923,500240,12736,100.0
20260923,500241,1454,39.6
20260923,500243,73,89.02
20260923,500245,9761,88.62
20260923,500246,6141,100.0
20260923,500247,760924,93.0
20260923,500248,2,100.0
20260923,500249,4877,66.63
20260923,500250,216,64.48
20260923,500251,99890,92.53
20260923,500252,153,54.45
20260923,500253,394749,86.37
20260923,500257,3411,36.21
20260923,500259,2180,100.0
20260923,500260,1380,57.43
20260923,500262,130,100.0
20260923,500264,4754,85.14
20260923,500265,10214,52.12
20260923,500266,56,57.14
20260923,500267,586,100.0
20260923,500268,91672,63.58
20260923,500270,643,97.72
20260923,500271,36558,96.82
20260923,500277,596,94.9
20260923,500279,46688,77.27
20260923,500280,2072,90.09
20260923,500282,789,99.5
20260923,500284,527,100.0
20260923,500285,12219855,52.72
20260923,500288,275501,46.97
20260923,500290,167,71.37
20260923,500292,8246,69.88
20260923,500294,59497,56.56
20260923,500295,219701,54.06
20260923,500296,507,96.76
20260923,500298,793,86.29
20260923,500300,4311,59.84
20260923,500304,9260,50.98
20260923,500306,141021,25.01
20260923,500307,183,82.43
20260923,500312,81818,56.52
20260923,500313,891,100.0
20260923,500314,9011,62.18
20260923,500317,1387,96.66
20260923,500319,4760,80.41
20260923,500322,43,100.0
20260923,500325,333778,59.53
20260923,500327,6181,97.49
20260923,500330,85190,31.13
20260923,500331,5317,56.52
20260923,500333,717,45.93
20260923,500335,2179,75.37
20260923,500336,13503,75.42
20260923,500337,1509,99.08
20260923,500338,16112,73.03
20260923,500339,76608,49.87
20260923,500342,701,99.86
20260923,500343,45,100.0
20260923,500346,111,97.37
20260923,500350,8646,86.38
20260923,500354,2421,67.68
20260923,500355,7506,58.44
20260923,500356,4100,97.92
20260923,500357,1974,100.0
20260923,500360,33437,100.0
20260923,500365,93949,70.36
20260923,500367,4257,22.0
20260923,500368,108463,42.09
20260923,500370,586,89.33
20260923,500371,12105,100.0
20260923,500378,39553,53.0
20260923,500380,2036,72.05
20260923,500387,177,45.97
20260923,500388,2,100.0
20260923,500390,41534,100.0
20260923,500399,917,100.0
20260923,500400,35149,55.42
20260923,500402,3714,57.51
20260923,500403,1186,48.23
20260923,500404,83113,81.21
20260923,500405,9117,48.13
20260923,500407,400,87.91
20260923,500408,7746,51.67
20260923,500410,3924,58.72
20260923,500411,2376,57.09
20260923,500412,76376,45.75
20260923,500413,35501,74.1
20260923,500414,25828,32.85
20260923,500418,572,96.46
20260923,500420,3376,55.1
20260923,500421,4816,100.0
20260923,500422,747,100.0
20260923,500425,17685,57.93
20260923,500426,7748,100.0
20260923,500429,50,100.0
20260923,500439,14,100.0
20260923,500440,284569,66.25
20260923,500444,6076,61.86
20260923,500449,540776,55.65
20260923,500456,51054,50.08
20260923,500458,1900,87.16
20260923,500459,1807,66.38
20260923,500460,81196,64.64
20260923,500463,18229,47.09
20260923,500464,324,100.0
20260923,500467,363,94.29
20260923,500469,54291,53.86
20260923,500470,1049195,63.84
20260923,500472,1262,81.79
20260923,500477,615071,76.81
20260923,500480,4190,36.6
20260923,500483,313643,98.84
20260923,500488,172,41.35
20260923,500490,746,70.58
20260923,500493,38870,71.92
20260923,500495,1622026,99.16
20260923,500500,191772,87.28
20260923,500510,44762,51.02
20260923,500520,155521,79.02
20260923,500530,226,58.25
20260923,500540,192,100.0
20260923,500547,88322,55.03
20260923,500550,3753,52.02
20260923,500570,128520,51.29
20260923,500575,30243,51.77
20260923,500620,39010,71.29
20260923,500645,5278,45.19
20260923,500650,108,83.08
20260923,500655,1806,33.63
20260923,500660,32494,91.46
20260923,500670,65889,50.0
20260923,500672,2132,33.69
20260923,500674,429,76.2
20260923,500680,774,70.05
20260923,500690,28352,45.17
20260923,500696,61490,72.25
20260923,500710,2786,47.28
20260923,500730,193633,59.08
20260923,500770,44418,50.46
20260923,500777,9740,40.82
20260923,500780,491,65.47
20260923,500790,9006,51.44
20260923,500800,19056,53.75
20260923,500820,6322,48.53
20260923,500825,103856,96.94
20260923,500830,9749,57.28
20260923,500840,4440,54.97
20260923,500850,120311,89.31
20260923,500870,45240,46.76
20260923,500875,777830,68.01
20260923,500877,8497,34.15
20260923,500878,1052,43.4
20260923,500890,51,100.0
20260923,500940,16235,27.46
20260923,501150,30940,89.87
20260923,501151,2,100.0
20260923,501242,4593,75.73
20260923,501261,1437476,100.0
20260923,501295,8195,89.91
20260923,501298,51,100.0
20260923,501301,15114,53.09
20260923,501314,275288,80.65
20260923,501343,1408,58.47
20260923,501370,710,92.81
20260923,501391,492,88.17
20260923,501421,42,93.33
20260923,501423,8273,55.13
20260923,501425,2056,67.39
20260923,501430,3,100.0
20260923,501455,82556,55.27
20260923,501700,9428,92.33
20260923,501831,1701,96.48
20260923,501833,8356,89.41
20260923,501848,1787,77.56
20260923,501945,44494,100.0
20260923,502015,28282,84.7
20260923,502090,2281,94.18
20260923,502137,959,67.68
20260923,502157,1260,58.17
20260923,502168,5754,98.36
20260923,502175,840,72.54
20260923,502180,10305,96.52
20260923,502219,8913,47.08
20260923,502250,1,100.0
20260923,502281,4078,100.0
20260923,502294,710,95.95
20260923,502330,41758,73.04
20260923,502355,442,59.73
20260923,502420,7943,82.01
20260923,502445,7564,97.11
20260923,502448,298648,100.0
20260923,502450,622,89.88
20260923,502587,3161,99.68
20260923,502820,9262,99.9
20260923,502865,1263,58.61
20260923,502873,4997,96.24
20260923,502893,57,95.0
20260923,502901,661,93.36
20260923,502933,62,100.0
20260923,502937,66582,100.0
20260923,502958,21,28.0
20260923,502986,4134,60.5
20260923,503031,40499,85.91
20260923,503092,101,100.0
20260923,503100,4898,34.91
20260923,503101,1075,51.51
20260923,503162,163,86.24
20260923,503169,2399,38.29
20260923,503229,1,100.0
20260923,503310,13026,45.02
20260923,503349,42,100.0
20260923,503624,3758,53.72
20260923,503635,62,100.0
20260923,503639,18,100.0
20260923,503641,108171,74.39
20260923,503657,4506,76.62
20260923,503659,2,100.0
20260923,503663,423208,75.76
20260923,503675,34069,100.0
20260923,503681,2,66.67
20260923,503722,801,83.79
20260923,503776,197,99.49
20260923,503804,1659,100.0
20260923,503806,2446,71.42
20260923,503811,496,43.93
20260923,503816,2167,100.0
20260923,503837,2070,100.0
20260923,503863,4,100.0
20260923,503960,1831,82.4
20260923,504000,504,75.45
20260923,504028,41596,100.0
20260923,504036,2160,82.76
20260923,504058,946,94.22
20260923,504067,41541,57.18
20260923,504076,61168,76.28
20260923,504080,102,90.27
20260923,504084,546,85.05
20260923,504092,752,96.91
20260923,504093,1110,69.77
20260923,504112,7733,45.91
20260923,504132,700,70.71
20260923,504176,38073,92.17
20260923,504180,2962,77.1
20260923,504212,2242,50.3
20260923,504220,2345,96.22
20260923,504240,6119,100.0
20260923,504258,147,91.88
20260923,504273,22552,100.0
20260923,504286,56,100.0
20260923,504340,8000,82.43
20260923,504341,3247,65.62
20260923,504351,274358,100.0
20260923,504356,8,100.0
20260923,504369,16225,100.0
20260923,504378,13437,74.74
20260923,504380,1153,80.12
20260923,504392,14931,100.0
20260923,504397,1111,100.0
20260923,504605,689,86.56
20260923,504614,7615,69.59
20260923,504646,1417,100.0
20260923,504648,1248,99.92
20260923,504697,4,100.0
20260923,504731,1568,69.78
20260923,504741,3584,64.46
20260923,504746,3662,82.57
20260923,504786,161,100.0
20260923,504810,2416,99.26
20260923,504840,54,84.38
20260923,504879,3927,92.44
20260923,504882,2201,91.4
20260923,504903,49968,100.0
20260923,504908,164,100.0
20260923,504918,28407,65.99
20260923,504959,500,90.58
20260923,504973,2342,50.5
20260923,504988,10,90.91
20260923,505010,74,97.37
20260923,505029,8911,41.8
20260923,505036,231,67.54
20260923,505075,4498,100.0
20260923,505160,9162,73.28
20260923,505163,196,85.96
20260923,505192,1433,52.76
20260923,505196,8390,100.0
20260923,505200,3136,61.67
20260923,505212,7004,67.19
20260923,505216,11,84.62
20260923,505232,246,100.0
20260923,505242,5722,92.66
20260923,505250,4000,100.0
20260923,505255,7139,58.9
20260923,505283,4978,70.2
20260923,505299,4669,92.24
20260923,505302,125,99.21
20260923,505324,46344,55.62
20260923,505336,1373120,100.0
20260923,505343,2855771,74.03
20260923,505355,350,59.42
20260923,505358,4523,49.3
20260923,505368,430,86.0
20260923,505400,69023,53.47
20260923,505412,354,63.78
20260923,505502,16685,100.0
20260923,505504,6770,100.0
20260923,505509,6411,40.17
20260923,505515,55252,98.33
20260923,505523,676140,49.04
20260923,505526,6001,71.95
20260923,505533,705159,98.82
20260923,505537,252908,44.46
20260923,505590,2157,100.0
20260923,505650,2162,90.12
20260923,505681,57,95.0
20260923,505688,1902,100.0
20260923,505690,292,66.36
20260923,505693,73345,63.37
20260923,505700,470932,31.19
20260923,505710,90480,54.7
20260923,505712,8414,100.0
20260923,505714,50717,34.11
20260923,505720,3366,74.42
20260923,505725,97553,21.69
20260923,505726,2322,53.89
20260923,505729,5368,93.5
20260923,505737,256,92.09
20260923,505744,4547,36.36
20260923,505750,6026,93.4
20260923,505790,87754,99.51
20260923,505797,24055,91.74
20260923,505800,70,62.5
20260923,505807,100,100.0
20260923,505827,3406,90.2
20260923,505840,1307,100.0
20260923,505850,148,62.18
20260923,505854,2082,98.11
20260923,505872,1831,68.27
20260923,505890,1431,59.95
20260923,505893,675,53.57
20260923,505978,464,66.19
20260923,506003,3355,71.14
20260923,506022,25409,69.7
20260923,506074,15247,100.0
20260923,506076,515,47.03
20260923,506079,500,100.0
20260923,506105,145,100.0
20260923,506109,17472,59.51
20260923,506122,9503,100.0
20260923,506128,68,76.4
20260923,506134,43677,100.0
20260923,506146,14782,77.59
20260923,506166,17448,81.65
20260923,506180,4,100.0
20260923,506184,19311,59.84
20260923,506186,24839,87.09
20260923,506194,101,91.82
20260923,506197,17065,100.0
20260923,506222,1176,85.9
20260923,506235,30779,59.61
20260923,506248,4,100.0
20260923,506260,15011,70.49
20260923,506261,15143,100.0
20260923,506285,1713,69.13
20260923,506365,3,75.0
20260923,506390,161,66.8
20260923,506395,9034,67.96
20260923,506401,2523,50.31
20260923,506405,4463,67.57
20260923,506414,5107,73.98
20260923,506480,14387,59.82
20260923,506520,6662,66.81
20260923,506525,15291,100.0
20260923,506528,1110,100.0
20260923,506530,10,100.0
20260923,506532,132,88.0
20260923,506543,70,100.0
20260923,506579,7731,93.16
20260923,506590,68665,51.42
20260923,506597,1916,85.77
20260923,506605,62,98.41
20260923,506618,628,99.37
20260923,506640,77,100.0
20260923,506642,390092,100.0
20260923,506655,3617,47.47
20260923,506680,3756,95.84
20260923,506685,5015,69.34
20260923,506687,202,100.0
20260923,506690,5284,35.33
20260923,506734,1293,100.0
20260923,506767,1671,57.25
20260923,506808,2769,89.96
20260923,506820,262,76.83
20260923,506852,9074,86.82
20260923,506854,3579,52.26
20260923,506858,250,94.34
20260923,506863,1446,63.76
20260923,506879,5432,43.03
20260923,506906,32,100.0
20260923,506919,1525,54.58
20260923,506935,32,100.0
20260923,506947,578,100.0
20260923,506975,100,100.0
20260923,506979,2511,99.84
20260923,506981,438,100.0
20260923,507155,13544,81.58
20260923,507180,280546,100.0
20260923,507205,74616,50.59
20260923,507265,1329,100.0
20260923,507300,130,92.86
20260923,507315,14558,76.29
20260923,507410,58374,61.02
20260923,507438,102,86.44
20260923,507474,1806,85.07
20260923,507486,120,100.0
20260923,507488,2777,85.45
20260923,507490,7012,59.79
20260923,507498,2455,94.79
20260923,507514,19135,78.22
20260923,507515,491,94.6
20260923,507526,2285,77.25
20260923,507552,2704,98.58
20260923,507580,1033,100.0
20260923,507598,1125,85.03
20260923,507609,162,86.17
20260923,507621,2671,80.77
20260923,507645,1,100.0
20260923,507685,245504,56.76
20260923,507690,1135,86.31
20260923,507717,735,55.6
20260923,507747,1401,62.68
20260923,507753,75561,60.94
20260923,507759,2721,91.59
20260923,507779,347,75.11
20260923,507785,250,100.0
20260923,507789,4566,85.52
20260923,507794,10855,85.24
20260923,507813,1554,73.72
20260923,507815,1043,67.42
20260923,507828,141372,83.18
20260923,507833,16096,61.13
20260923,507836,2414,75.82
20260923,507852,1,50.0
20260923,507872,4368,100.0
20260923,507878,402229,80.22
20260923,507880,7269,58.75
20260923,507910,387,96.99
20260923,507912,259,76.63
20260923,507938,200,100.0
20260923,507944,1480,78.31
20260923,507946,1963,100.0
20260923,507948,601,68.22
20260923,507960,344,74.78
20260923,507962,9539,100.0
20260923,507966,11,100.0
20260923,507968,246,100.0
20260923,507970,1156,79.89
20260923,507981,331,64.4
20260923,507998,5152,76.41
20260923,508136,49,100.0
20260923,508486,64,77.11
20260923,508494,89,97.8
20260923,508571,97,65.1
20260923,508664,703,100.0
20260923,508670,23,95.83
20260923,508807,67,100.0
20260923,508814,1981,81.76
20260923,508867,1001,100.0
20260923,508869,16845,81.79
20260923,508875,111,100.0
20260923,508905,809,100.0
20260923,508906,1473,100.0
20260923,508918,7333,98.44
20260923,508933,2794,64.14
20260923,508941,937,93.7
20260923,508954,3504,94.83
20260923,508956,730,64.2
20260923,508961,2,100.0
20260923,508969,5854,83.04
20260923,508980,1926,100.0
20260923,508989,1693,85.55
20260923,509009,1034,94.6
20260923,509015,322,99.08
20260923,509020,9144,92.73
20260923,509024,20454,84.75
20260923,509026,145,94.16
20260923,509038,71,100.0
20260923,509040,563,88.38
20260923,509046,51,100.0
20260923,509048,8204,100.0
20260923,509051,748341,79.18
20260923,509053,2662,79.32
20260923,509055,8151,65.68
20260923,509069,293,100.0
20260923,509073,216,100.0
20260923,509079,2272,35.64
20260923,509162,18940,100.0
20260923,509196,1604,59.25
20260923,509220,685,83.74
20260923,509243,265,71.43
20260923,509423,351,100.0
20260923,509438,18,78.26
20260923,509449,10,100.0
20260923,509470,6,66.67
20260923,509472,131,92.91
20260923,509480,191704,95.67
20260923,509486,3080,100.0
20260923,509488,60390,40.77
20260923,509496,9275,57.98
20260923,509525,246,97.23
20260923,509546,3124,100.0
20260923,509557,510,52.96
20260923,509563,779,79.41
20260923,509567,500,54.64
20260923,509597,30,83.33
20260923,509631,259536,79.89
20260923,509635,159,91.38
20260923,509675,346,56.26
20260923,509692,50,100.0
20260923,509709,17023,82.73
20260923,509715,2542,84.09
20260923,509732,2473,52.11
20260923,509760,28,100.0
20260923,509762,57,100.0
20260923,509820,4951,79.46
20260923,509835,97,98.98
20260923,509874,6893,100.0
20260923,509895,1149,76.19
20260923,509930,74530,98.18
20260923,509945,3,100.0
20260923,509953,61,100.0
20260923,509960,2,100.0
20260923,509966,7831,54.23
20260923,510245,113851,75.89
20260923,511000,2918,83.09
20260923,511012,190140,100.0
20260923,511016,1836,100.0
20260923,511018,16384,60.22
20260923,511034,9324,51.09
20260923,511066,2710,74.76
20260923,511076,12926,51.32
20260923,511092,14708,100.0
20260923,511108,65,100.0
20260923,511110,4,100.0
20260923,511116,841639,100.0
20260923,511122,55,93.22
20260923,511131,2,66.67
20260923,511144,22328,100.0
20260923,511147,2908,76.47
20260923,511153,6351,100.0
20260923,511169,1220,100.0
20260923,511176,2,100.0
20260923,511185,100,100.0
20260923,511187,922,100.0
20260923,511194,720,100.0
20260923,511196,5462,52.92
20260923,511208,29455,87.05
20260923,511218,68276,60.24
20260923,511243,410393,98.53
20260923,511246,1008,100.0
20260923,511260,9342,78.59
20260923,511333,23,100.0
20260923,511355,8730,100.0
20260923,511359,305,100.0
20260923,511377,50,100.0
20260923,511391,62,77.5
20260923,511401,23,100.0
20260923,511411,19,100.0
20260923,511413,77,100.0
20260923,511431,131004,95.83
20260923,511441,345,100.0
20260923,511447,2164261,88.99
20260923,511451,679,100.0
20260923,511463,6576,95.64
20260923,511473,5230,90.83
20260923,511493,2597,100.0
20260923,511501,901,64.96
20260923,511505,94,100.0
20260923,511507,68,100.0
20260923,511509,572,91.96
20260923,511523,68898,100.0
20260923,511525,102333,76.97
20260923,511533,167,91.26
20260923,511535,191,99.48
20260923,511539,1290,100.0
20260923,511543,1401,100.0
20260923,511549,434,96.44
20260923,511551,1648,74.07
20260923,511557,320659,100.0
20260923,511559,94,98.95
20260923,511571,3066,82.46
20260923,511577,14810,59.2
20260923,511585,200,100.0
20260923,511589,32408,70.67
20260923,511593,4145,95.77
20260923,511601,312,97.81
20260923,511605,336462,44.23
20260923,511609,200,100.0
20260923,511611,379,99.21
20260923,511626,4208,100.0
20260923,511628,666605,53.22
20260923,511630,6152,99.66
20260923,511644,116335,100.0
20260923,511654,35,100.0
20260923,511658,8175,91.74
20260923,511664,5165,55.94
20260923,511672,12932,100.0
20260923,511676,3007,54.28
20260923,511692,2091,77.99
20260923,511696,82,85.42
20260923,511700,2348385,56.46
20260923,511702,501,100.0
20260923,511710,45070,100.0
20260923,511712,5,100.0
20260923,511714,29,100.0
20260923,511716,3501,100.0
20260923,511724,2040,21.66
20260923,511726,83509,100.0
20260923,511728,510,100.0
20260923,511734,1001,100.0
20260923,511742,17481,70.78
20260923,511754,3858,91.49
20260923,511756,3,100.0
20260923,511764,254,99.61
20260923,511766,107,99.07
20260923,511768,12286,69.29
20260923,512008,5347,50.39
20260923,512014,321,82.1
20260923,512018,75358,90.23
20260923,512020,2,100.0
20260923,512025,23065,72.98
20260923,512036,2,100.0
20260923,512038,51634,47.37
20260923,512047,92779,68.63
20260923,512048,20136,97.59
20260923,512062,1045,100.0
20260923,512064,302,92.64
20260923,512065,1708,100.0
20260923,512068,101496,52.16
20260923,512070,81512,65.52
20260923,512093,51921,100.0
20260923,512097,174497,73.47
20260923,512099,1033,100.0
20260923,512103,119,100.0
20260923,512109,2,50.0
20260923,512115,5629,73.87
20260923,512131,13700,100.0
20260923,512149,1711798,66.85
20260923,512161,426,96.82
20260923,512165,1167,99.91
20260923,512169,79805,100.0
20260923,512175,8369,91.36
20260923,512179,3835,60.01
20260923,512197,220,100.0
20260923,512217,17386,54.63
20260923,512229,1874,100.0
20260923,512237,22104,53.38
20260923,512247,39668,87.87
20260923,512257,27480,66.85
20260923,512267,5993,96.13
20260923,512277,4080,97.63
20260923,512296,10915,69.87
20260923,512301,8445,100.0
20260923,512329,5509,49.51
20260923,512344,15,100.0
20260923,512345,2580,100.0
20260923,512359,1987593,60.82
20260923,512361,274153,76.88
20260923,512379,66205,100.0
20260923,512381,50,100.0
20260923,512393,206,100.0
20260923,512399,14249,81.26
20260923,512415,19338,97.27
20260923,512437,605,100.0
20260923,512441,8358433,81.91
20260923,512443,83596,95.5
20260923,512453,193,81.78
20260923,512455,17856,44.22
20260923,512463,97377,44.28
20260923,512489,20301,100.0
20260923,512493,5563,97.55
20260923,512499,1126788,100.0
20260923,512519,206,97.17
20260923,512527,1073,100.0
20260923,512529,34318,50.04
20260923,512531,236,82.52
20260923,512559,16335,74.95
20260923,512565,101,94.39
20260923,512573,7923,43.96
20260923,512587,3034,90.54
20260923,512589,65,81.25
20260923,512591,2326834,73.87
20260923,512595,1530,57.2
20260923,512597,23,100.0
20260923,512599,13162,38.38
20260923,512600,7491,93.3
20260923,512604,6,100.0
20260923,512608,67564,99.84
20260923,512618,1276,100.0
20260923,512624,14072,69.88
20260923,512626,1,100.0
20260923,512634,1814,95.68
20260923,513005,1785,99.06
20260923,513023,8005,68.38
20260923,513043,1109,76.12
20260923,513059,15730,100.0
20260923,513063,546,91.46
20260923,513097,4819,41.89
20260923,513108,1942,60.52
20260923,513117,1999,95.83
20260923,513119,216671,100.0
20260923,513121,5420,75.06
20260923,513149,36,100.0
20260923,513173,5234,85.54
20260923,513228,61327,60.96
20260923,513250,378304,83.03
20260923,513252,158,71.49
20260923,513262,13404,36.11
20260923,513269,114183,24.79
20260923,513295,390,81.59
20260923,513303,3047,69.16
20260923,513307,6858,83.47
20260923,513337,1305620,51.71
20260923,513343,1110,100.0
20260923,513349,7746,68.84
20260923,513353,1573,68.39
20260923,513361,383203,83.21
20260923,513369,6671,100.0
20260923,513375,46241,61.17
20260923,513377,93124,77.81
20260923,513397,152,100.0
20260923,513418,76278,100.0
20260923,513422,1,100.0
20260923,513430,67,100.0
20260923,513436,1807,100.0
20260923,513452,1,100.0
20260923,513456,18019,51.24
20260923,513460,50,100.0
20260923,513472,310857,61.18
20260923,513488,3061,100.0
20260923,513496,583,100.0
20260923,513498,125,87.41
20260923,513502,340250,71.54
20260923,513507,400,100.0
20260923,513509,299,100.0
20260923,513511,186,84.16
20260923,513513,192,100.0
20260923,513517,8318,54.03
20260923,513519,3747,60.64
20260923,513528,1183,100.0
20260923,513532,650,100.0
20260923,513536,21767,47.27
20260923,513544,1119,100.0
20260923,513548,907,64.83
20260923,513554,376,100.0
20260923,513566,9819,100.0
20260923,513575,3155,96.93
20260923,513599,320674,52.1
20260923,513629,2603,86.97
20260923,513642,55,67.9
20260923,513683,25027,56.24
20260923,513687,3113,100.0
20260923,513693,4170,58.34
20260923,513699,37,100.0
20260923,513709,3105,78.43
20260923,513713,17499,79.83
20260923,513729,2272,99.52
20260923,514010,261593,100.0
20260923,514028,2947,70.05
20260923,514030,706,73.31
20260923,514036,2366,46.6
20260923,514043,51650,57.24
20260923,514045,1175,99.91
20260923,514060,14698,100.0
20260923,514087,50,100.0
20260923,514113,2068,99.71
20260923,514138,155,100.0
20260923,514142,6611,94.81
20260923,514162,307030,42.18
20260923,514165,39860,93.99
20260923,514167,1286,59.93
20260923,514171,413,50.8
20260923,514175,14520,97.23
20260923,514183,16243,100.0
20260923,514197,3435,77.43
20260923,514211,1945,100.0
20260923,514223,1629,100.0
20260923,514234,380,95.48
20260923,514238,164075,99.85
20260923,514240,11143,51.34
20260923,514260,4262,100.0
20260923,514264,120,100.0
20260923,514266,705,84.94
20260923,514272,105,86.07
20260923,514274,33633,70.53
20260923,514280,54,100.0
20260923,514286,3685,92.33
20260923,514300,50,100.0
20260923,514302,112,100.0
20260923,514312,557,1.56
20260923,514316,649,68.97
20260923,514318,159,60.0
20260923,514324,525,71.72
20260923,514330,1080,69.19
20260923,514332,1555,98.42
20260923,514336,7002,75.31
20260923,514354,155469,48.6
20260923,514358,149,80.54
20260923,514360,154939,83.36
20260923,514378,2193,69.27
20260923,514386,1055779,90.42
20260923,514400,6406,79.03
20260923,514402,18425,64.16
20260923,514414,124,100.0
20260923,514418,4251,99.58
20260923,514428,201,100.0
20260923,514440,80422,76.22
20260923,514442,922,100.0
20260923,514448,1763,69.66
20260923,514450,1988,100.0
20260923,514454,28,100.0
20260923,514470,79284,89.22
20260923,515008,27484,100.0
20260923,515018,3936,66.36
20260923,515030,176419,97.03
20260923,515037,1202,100.0
20260923,515043,5342,79.52
20260923,515055,125111,64.13
20260923,515059,1408,82.53
20260923,515085,2992,86.55
20260923,515093,1278,87.12
20260923,515147,13090,100.0
20260923,516003,2604,99.96
20260923,516016,26,100.0
20260923,516020,2337,88.56
20260923,516030,1453,72.87
20260923,516032,394802,73.58
20260923,516038,13063,77.46
20260923,516062,438,100.0
20260923,516064,3212,47.87
20260923,516072,2727,64.48
20260923,516078,3435,100.0
20260923,516082,1418,79.98
20260923,516092,1028,75.98
20260923,516098,1304,84.07
20260923,516106,2233,94.54
20260923,516108,4687,70.25
20260923,516110,160719,83.12
20260923,517015,890,63.71
20260923,517035,115587,77.39
20260923,517041,1106,67.69
20260923,517059,1044,78.09
20260923,517063,2661,75.55
20260923,517077,300,100.0
20260923,517096,1243,57.41
20260923,517119,121049,51.56
20260923,517146,27259,36.54
20260923,517168,3085,56.47
20260923,517170,2915,61.9
20260923,517174,37,69.81
20260923,517201,2650,100.0
20260923,517206,516,63.16
20260923,517214,4113,85.42
20260923,517230,181,100.0
20260923,517236,2605,90.7
20260923,517246,26012,100.0
20260923,517258,702,100.0
20260923,517264,1434,64.08
20260923,517271,52692,43.21
20260923,517273,347,73.67
20260923,517286,38149,100.0
20260923,517288,1195,100.0
20260923,517300,10919,52.4
20260923,517320,3803,100.0
20260923,517334,221552,56.65
20260923,517336,1100,100.0
20260923,517344,3310,91.06
20260923,517354,34984,84.9
20260923,517356,205677,100.0
20260923,517360,952,98.14
20260923,517370,55,100.0
20260923,517372,6510,78.63
20260923,517380,1772,66.77
20260923,517385,2099,64.94
20260923,517393,263270,100.0
20260923,517397,154,68.44
20260923,517399,13253,72.86
20260923,517411,415,100.0
20260923,517415,2601,100.0
20260923,517417,24194,98.34
20260923,517421,713,82.24
20260923,517429,2721,100.0
20260923,517431,108954,81.37
20260923,517437,201,100.0
20260923,517447,4485,95.12
20260923,517449,1738,86.99
20260923,517467,50044,53.25
20260923,517477,1163,99.91
20260923,517494,1701,91.8
20260923,517498,67932,54.19
20260923,517500,6170,64.24
20260923,517506,1649,71.45
20260923,517514,9734,64.45
20260923,517522,10332,49.83
20260923,517530,13221,93.68
20260923,517536,3144,79.43
20260923,517544,6710,49.82
20260923,517546,21090,92.51
20260923,517554,32996993,100.0
20260923,517556,116767,82.26
20260923,517562,402,84.99
20260923,517569,18371,50.65
20260923,518011,55,88.71
20260923,518053,1380,87.73
20260923,518075,1420,100.0
20260923,518091,83,96.51
20260923,519003,22,100.0
20260923,519031,70,100.0
20260923,519091,2670,97.59
20260923,519097,9701,100.0
20260923,519105,86737,72.06
20260923,519126,1516,52.69
20260923,519136,290,95.71
20260923,519156,229,53.63
20260923,519174,2088,98.3
20260923,519183,1574,77.77
20260923,519191,3812,100.0
20260923,519214,3009,73.77
20260923,519216,14751,83.35
20260923,519224,600,100.0
20260923,519230,10466,86.12
20260923,519234,125,100.0
20260923,519238,3133,100.0
20260923,519242,896,100.0
20260923,519260,1400,100.0
20260923,519262,1,100.0
20260923,519279,24,100.0
20260923,519285,503,100.0
20260923,519287,7497,100.0
20260923,519295,1013,90.93
20260923,519299,3147,100.0
20260923,519307,88867,100.0
20260923,519331,384,100.0
20260923,519359,11,100.0
20260923,519367,91,100.0
20260923,519383,376,93.07
20260923,519397,4129,50.73
20260923,519413,3600,100.0
20260923,519421,1081,92.95
20260923,519457,185,100.0
20260923,519463,2423,82.02
20260923,519471,27,100.0
20260923,519475,447,100.0
20260923,519477,20388,52.74
20260923,519479,931,100.0
20260923,519483,143,92.26
20260923,519500,2282,99.43
20260923,519506,800,100.0
20260923,519528,7,100.0
20260923,519532,1074,68.02
20260923,519552,8344,50.71
20260923,519566,1005,90.13
20260923,519574,922,90.04
20260923,519600,4046,59.26
20260923,519602,103238,68.35
20260923,519604,460,100.0
20260923,519606,106496,100.0
20260923,519612,3099,59.5
20260923,520008,22495,42.01
20260923,520021,6389,67.77
20260923,520043,2910,72.3
20260923,520051,47540,45.85
20260923,520056,142,31.84
20260923,520057,15600,77.93
20260923,520059,16859,78.76
20260923,520066,33793,77.36
20260923,520073,2726,41.38
20260923,520075,2708,90.69
20260923,520086,5288,100.0
20260923,520111,2022,55.92
20260923,520113,2133,64.05
20260923,520119,242,83.16
20260923,520121,24806,90.11
20260923,520123,74,87.06
20260923,520127,5706,100.0
20260923,520141,645,100.0
20260923,520151,215,100.0
20260923,520155,107,54.31
20260923,521005,1472684,70.02
20260923,521014,135,100.0
20260923,521016,49633,40.99
20260923,521018,243,88.04
20260923,521034,4354,90.75
20260923,521036,251,100.0
20260923,521054,13,100.0
20260923,521062,11286,62.02
20260923,521064,601088,74.9
20260923,521068,200,100.0
20260923,521070,1948144,71.08
20260923,521080,920,100.0
20260923,521097,26,70.27
20260923,521105,1147,70.02
20260923,521109,4301,58.96
20260923,521113,46339,84.18
20260923,521133,100,100.0
20260923,521137,42246,100.0
20260923,521141,1199,99.92
20260923,521149,1377,97.87
20260923,521151,1,100.0
20260923,521163,1124,97.4
20260923,521167,10948,100.0
20260923,521178,17411,76.92
20260923,521180,1753,100.0
20260923,521194,8,100.0
20260923,521200,1618,99.39
20260923,521206,38276,89.77
20260923,521210,1333,100.0
20260923,521216,17982,92.88
20260923,521228,83986,86.97
20260923,521232,400,100.0
20260923,521234,376,99.73
20260923,521238,55148,62.62
20260923,521240,78,73.58
20260923,521244,315,100.0
20260923,521246,7053,77.25
20260923,521248,15020,43.61
20260923,522001,7345,100.0
20260923,522004,2173,83.51
20260923,522005,16163,39.12
20260923,522014,14747,64.47
20260923,522017,2464,55.62
20260923,522027,107,100.0
20260923,522029,1654,72.26
20260923,522034,912,54.06
20260923,522036,27,100.0
20260923,522064,70,95.89
20260923,522073,188,100.0
20260923,522074,9402,33.47
20260923,522091,2692,70.77
20260923,522101,19910,49.84
20260923,522105,17913,100.0
20260923,522108,406,56.39
20260923,522113,2086,68.28
20260923,522122,158,95.76
20260923,522134,12176,94.72
20260923,522152,571,88.12
20260923,522163,55979,100.0
20260923,522165,5737,73.36
20260923,522183,2,100.0
20260923,522195,15882,54.86
20260923,522205,14813,66.74
20260923,522207,639,70.76
20260923,522209,9385,99.98
20260923,522215,17010,44.6
20260923,522217,170,99.42
20260923,522229,13233,44.56
20260923,522231,866,73.02
20260923,522235,3971,100.0
20260923,522241,4445,88.94
20260923,522249,2241,61.36
20260923,522251,1507,73.3
20260923,522257,32923,100.0
20260923,522261,3840,63.29
20260923,522267,1393,100.0
20260923,522273,288,67.13
20260923,522275,9093,49.16
20260923,522281,7102,47.04
20260923,522285,48447,65.0
20260923,522287,975,36.26
20260923,522289,20440,85.77
20260923,522292,8421,100.0
20260923,522294,1561,100.0
20260923,522295,639,80.99
20260923,522650,3529,70.81
20260923,523007,16993,65.6
20260923,523019,24004,67.61
20260923,523021,2482,99.8
20260923,523023,3025,99.44
20260923,523025,70829,77.68
20260923,523062,283,100.0
20260923,523100,1129,96.74
20260923,523105,6183536,100.0
20260923,523116,89,100.0
20260923,523120,1608,100.0
20260923,523127,1298,93.18
20260923,523144,671,100.0
20260923,523160,2227,65.56
20260923,523186,26,76.47
20260923,523204,1137,100.0
20260923,523207,839,90.31
20260923,523222,9034,100.0
20260923,523229,5645,58.95
20260923,523232,602,89.45
20260923,523242,12700,100.0
20260923,523248,1249,94.34
20260923,523260,1001,100.0
20260923,523261,18334,96.13
20260923,523269,2725,77.64
20260923,523277,1245279,76.81
20260923,523283,574,97.95
20260923,523289,1282,61.75
20260923,523301,659,76.18
20260923,523309,3419,87.6
20260923,523319,5329,69.48
20260923,523323,289,74.29
20260923,523329,2,100.0
20260923,523367,1239,66.76
20260923,523369,12694,68.81
20260923,523371,16466,69.19
20260923,523373,620902,73.69
20260923,523384,277,99.64
20260923,523385,408,76.55
20260923,523387,380913,78.66
20260923,523391,285,99.65
20260923,523395,10299,98.88
20260923,523398,3864,79.1
20260923,523405,69159,61.21
20260923,523411,1291,100.0
20260923,523419,6200,96.78
20260923,523425,52,100.0
20260923,523445,2416,66.25
20260923,523457,312,51.15
20260923,523465,249,99.2
20260923,523467,56746,100.0
20260923,523475,3213,74.6
20260923,523489,202,99.02
20260923,523519,7,100.0
20260923,523537,2011,75.86
20260923,523539,27614,47.15
20260923,523550,3643,61.02
20260923,523558,102043,100.0
20260923,523566,1045,96.76
20260923,523574,677,100.0
20260923,523586,5200,88.18
20260923,523594,7399,99.73
20260923,523598,13451,49.49
20260923,523606,3986,64.5
20260923,523610,21819,74.72
20260923,523618,2469,77.3
20260923,523620,127,100.0
20260923,523630,23546,60.33
20260923,523638,952,97.74
20260923,523642,2476,40.39
20260923,523648,205,98.09
20260923,523650,42401,82.11
20260923,523660,3360,84.83
20260923,523672,9281,67.5
20260923,523676,1299,79.4
20260923,523694,4038,82.02
20260923,523696,13571,86.02
20260923,523704,2085,73.65
20260923,523708,600,63.76
20260923,523710,27,100.0
20260923,523716,3024,58.36
20260923,523722,89757,100.0
20260923,523732,587,58.47
20260923,523736,30,100.0
20260923,523752,23919,100.0
20260923,523754,1735,69.15
20260923,523782,817,99.63
20260923,523790,100,100.0
20260923,523792,18032,100.0
20260923,523796,4085,100.0
20260923,523826,4601,92.09
20260923,523828,6494,100.0
20260923,523832,167,100.0
20260923,523836,1222,98.31
20260923,523838,3368,73.63
20260923,523840,5764,73.66
20260923,523842,201019,100.0
20260923,523844,5260,99.87
20260923,523850,282,79.66
20260923,523862,520,92.04
20260923,523874,2210,100.0
20260923,523888,13459,87.74
20260923,524000,35863,50.13
20260923,524019,243,73.19
20260923,524031,666,100.0
20260923,524037,2922,75.23
20260923,524038,4721,97.93
20260923,524051,723,68.4
20260923,524075,111,71.15
20260923,524080,703,58.98
20260923,524091,3831,69.76
20260923,524109,21847,63.03
20260923,524129,434,100.0
20260923,524136,1065,100.0
20260923,524156,5566,72.28
20260923,524164,64604,34.27
20260923,524174,181212,91.81
20260923,524200,47265,93.76
20260923,524202,22115,72.18
20260923,524204,113,87.6
20260923,524208,15303,57.4
20260923,524212,9016,46.6
20260923,524218,41925,100.0
20260923,524226,22858,60.77
20260923,524230,46117,71.85
20260923,524238,700925,100.0
20260923,524280,22569,76.27
20260923,524288,1577,99.81
20260923,524314,96,86.49
20260923,524322,30843,76.79
20260923,524324,600,100.0
20260923,524330,231,85.24
20260923,524332,63890,61.88
20260923,524336,10955,100.0
20260923,524342,3530,73.56
20260923,524348,9321,60.53
20260923,524370,210649,61.43
20260923,524372,3883,37.44
20260923,524394,5312,55.11
20260923,524396,1118,99.82
20260923,524400,1845,100.0
20260923,524404,70658,42.96
20260923,524408,394,100.0
20260923,524412,15111,70.84
20260923,524414,2242,76.83
20260923,524434,40646,66.15
20260923,524440,11472,84.02
20260923,524444,14050449,82.29
20260923,524458,1934,84.68
20260923,524470,298898,52.02
20260923,524480,1644,92.05
20260923,524488,48629,86.98
20260923,524494,2860,56.28
20260923,524500,28090,100.0
20260923,524506,1842,100.0
20260923,524514,700,100.0
20260923,524516,16527,100.0
20260923,524520,36214,51.96
20260923,524522,1399,97.02
20260923,524534,589,78.22
20260923,524542,1150,79.92
20260923,524548,618,85.71
20260923,524558,501,49.7
20260923,524564,6745,100.0
20260923,524570,341,99.42
20260923,524572,2334,92.44
20260923,524576,30742,75.26
20260923,524580,1,100.0
20260923,524582,2626,70.01
20260923,524592,69692,100.0
20260923,524594,4577,69.62
20260923,524598,2420,100.0
20260923,524602,336,58.74
20260923,524604,100,100.0
20260923,524606,170,81.34
20260923,524614,12682,65.39
20260923,524622,3573,60.52
20260923,524624,7106,95.42
20260923,524628,149,100.0
20260923,524632,243820,53.35
20260923,524634,7848,81.28
20260923,524636,49092,100.0
20260923,524640,21668,100.0
20260923,524648,7323,100.0
20260923,524654,1727,100.0
20260923,524661,1504572,75.52
20260923,524663,41786,72.33
20260923,524667,6099,47.87
20260923,524669,105,78.95
20260923,524675,277,96.18
20260923,524687,8121,91.11
20260923,524703,2009,99.8
20260923,524709,40849,62.97
20260923,524711,9038,77.16
20260923,524715,9932,55.33
20260923,524717,23291,83.41
20260923,524723,1740,100.0
20260923,524727,105,91.3
20260923,524731,1135,86.18
20260923,524735,43945,55.02
20260923,524742,4429,62.86
20260923,524743,104368,53.61
20260923,524748,546,94.79
20260923,524752,6599,90.2
20260923,524768,65,98.48
20260923,524774,301,74.5
20260923,524790,910,81.25
20260923,524804,3060,39.9
20260923,524808,3420,94.21
20260923,524816,14299,61.61
20260923,524818,7509,66.69
20260923,524820,3467,54.35
20260923,524824,2498,65.56
20260923,524828,298,90.03
20260923,526001,6184,94.83
20260923,526025,29697,82.4
20260923,526027,52179,79.52
20260923,526043,350,71.57
20260923,526071,3286,100.0
20260923,526073,1290,100.0
20260923,526075,1651,100.0
20260923,526081,7395,100.0
20260923,526095,281,87.27
20260923,526113,206,100.0
20260923,526115,76,88.37
20260923,526117,53,96.36
20260923,526125,190,100.0
20260923,526133,2867,100.0
20260923,526137,728,88.67
20260923,526139,35076,97.47
20260923,526143,6143,100.0
20260923,526159,10591,77.6
20260923,526161,600,100.0
20260923,526169,2918,89.13
20260923,526173,126983,60.7
20260923,526179,633,57.86
20260923,526187,3,100.0
20260923,526193,3020,90.66
20260923,526211,962,82.72
20260923,526227,421580,49.26
20260923,526231,13980,100.0
20260923,526237,596,71.29
20260923,526241,1720,100.0
20260923,526247,2998,78.2
20260923,526251,2429,100.0
20260923,526263,5185,100.0
20260923,526269,7537,52.26
20260923,526299,2982,44.24
20260923,526315,1915,100.0
20260923,526325,30,100.0
20260923,526331,25,100.0
20260923,526335,13291,82.94
20260923,526345,1151,99.48
20260923,526355,176,100.0
20260923,526365,9291,94.22
20260923,526367,355,67.36
20260923,526371,640443,68.63
20260923,526373,6,100.0
20260923,526381,1110,100.0
20260923,526397,1540,100.0
20260923,526407,1872,20.22
20260923,526409,31439,86.88
20260923,526415,169759,78.01
20260923,526423,2797,91.02
20260923,526433,9959,43.61
20260923,526435,7505,91.93
20260923,526439,63,100.0
20260923,526441,18051,86.72
20260923,526443,92823,56.83
20260923,526445,19942,100.0
20260923,526468,9329,100.0
20260923,526471,1956,63.26
20260923,526473,63249,84.19
20260923,526479,1611,72.31
20260923,526481,33,45.83
20260923,526488,17838,84.09
20260923,526490,143914,94.82
20260923,526492,40782,83.53
20260923,526494,5817,100.0
20260923,526500,15,100.0
20260923,526506,1492,100.0
20260923,526508,1320,69.92
20260923,526519,409,100.0
20260923,526530,7233,100.0
20260923,526532,231,100.0
20260923,526544,17916,95.13
20260923,526546,6489,100.0
20260923,526550,7449,96.51
20260923,526554,6,75.0
20260923,526570,6943,64.68
20260923,526582,5756,86.57
20260923,526588,1703,100.0
20260923,526596,4659,66.87
20260923,526604,11634,100.0
20260923,526608,80,66.12
20260923,526612,189,56.08
20260923,526614,3689,100.0
20260923,526616,1000,68.07
20260923,526622,466045,53.76
20260923,526638,2062,90.4
20260923,526640,1051,91.0
20260923,526642,3856,87.7
20260923,526650,2886364,51.49
20260923,526654,25,100.0
20260923,526666,661,97.21
20260923,526668,8844,73.93
20260923,526675,129,100.0
20260923,526677,2478,99.96
20260923,526703,26,52.0
20260923,526705,38,100.0
20260923,526709,35284,63.63
20260923,526711,4995,65.78
20260923,526717,9423,100.0
20260923,526721,1,100.0
20260923,526723,650,94.07
20260923,526725,208,97.2
20260923,526727,899,56.08
20260923,526729,19826,66.43
20260923,526731,169,97.69
20260923,526739,1168,64.46
20260923,526747,478,65.66
20260923,526751,2,100.0
20260923,526755,4708,91.33
20260923,526761,436,97.76
20260923,526775,24436,84.08
20260923,526783,164,97.04
20260923,526795,100,100.0
20260923,526797,5308,47.47
20260923,526807,888,69.76
20260923,526813,105,100.0
20260923,526817,154,86.03
20260923,526821,650,100.0
20260923,526823,16199,100.0
20260923,526827,20758,100.0
20260923,526829,127207,39.65
20260923,526839,100,53.76
20260923,526841,320606,69.2
20260923,526847,401,94.58
20260923,526849,29,90.62
20260923,526851,27,100.0
20260923,526853,1240,100.0
20260923,526859,31496,100.0
20260923,526861,1571,68.75
20260923,526865,50,100.0
20260923,526869,1,50.0
20260923,526871,2583,85.47
20260923,526873,17416,99.99
20260923,526881,11917,39.86
20260923,526885,2413,98.09
20260923,526887,147,100.0
20260923,526899,53385,83.4
20260923,526901,884,100.0
20260923,526905,1206,66.41
20260923,526921,318,100.0
20260923,526931,376,98.17
20260923,526935,1309226,100.0
20260923,526941,100,100.0
20260923,526945,1338,65.81
20260923,526947,6483,81.57
20260923,526951,1724,38.14
20260923,526953,1292,70.83
20260923,526961,885052,99.11
20260923,526965,556,93.6
20260923,526967,6220,100.0
20260923,526971,1232,100.0
20260923,526977,300,100.0
20260923,526981,879,88.25
20260923,526987,76304,70.34
20260923,527001,9715,57.48
20260923,527005,8125,50.79
20260923,530001,2040,56.53
20260923,530005,3940,46.84
20260923,530007,14935,40.46
20260923,530017,9734,64.91
20260923,530019,3484,53.75
20260923,530023,3209,65.48
20260923,530025,3325,98.23
20260923,530037,1286,66.32
20260923,530043,112,91.8
20260923,530045,16229,42.58
20260923,530053,12891,91.04
20260923,530057,10194,100.0
20260923,530063,209,100.0
20260923,530065,1260,100.0
20260923,530067,858,78.36
20260923,530073,3211,58.61
20260923,530075,38631,48.23
20260923,530077,7800,93.86
20260923,530079,940,84.61
20260923,530109,59096,69.12
20260923,530111,113,100.0
20260923,530117,5660,63.79
20260923,530125,681,73.38
20260923,530127,2568,100.0
20260923,530129,737,88.69
20260923,530133,63,82.89
20260923,530135,171969,39.8
20260923,530139,5438,100.0
20260923,530141,502,100.0
20260923,530145,57388,100.0
20260923,530163,24846,67.15
20260923,530167,1455,100.0
20260923,530169,197,96.1
20260923,530171,1174,99.58
20260923,530175,798,56.48
20260923,530177,1915,99.22
20260923,530179,377,100.0
20260923,530185,34750,91.73
20260923,530187,39688,100.0
20260923,530197,9931,99.49
20260923,530199,3794,85.78
20260923,530201,14956,100.0
20260923,530207,100,100.0
20260923,530215,58474,95.06
20260923,530217,10948,74.67
20260923,530231,1,100.0
20260923,530233,9039,63.57
20260923,530235,85,100.0
20260923,530239,7950,50.68
20260923,530245,43,68.25
20260923,530249,152175,66.99
20260923,530251,227368,99.45
20260923,530253,87069,100.0
20260923,530255,13243,92.18
20260923,530259,2920,100.0
20260923,530263,126758,92.13
20260923,530265,759,57.98
20260923,530267,11499,84.61
20260923,530271,190,97.94
20260923,530281,686,100.0
20260923,530289,2647,99.81
20260923,530299,5982,67.47
20260923,530305,6649,44.81
20260923,530307,4439,77.86
20260923,530309,19129,92.39
20260923,530313,177,100.0
20260923,530315,6046,86.87
20260923,530317,843,73.82
20260923,530331,184,97.35
20260923,530343,35203,51.61
20260923,530355,9554,38.11
20260923,530357,49746,81.64
20260923,530361,2344,100.0
20260923,530363,53185,78.29
20260923,530365,501,70.27
20260923,530367,39250,52.83
20260923,530369,8,80.0
20260923,530377,19586,78.16
20260923,530393,1004,100.0
20260923,530401,305,96.21
20260923,530405,3224,76.22
20260923,530407,4425,64.52
20260923,530419,222,96.52
20260923,530421,1102,100.0
20260923,530427,888,88.53
20260923,530429,708,80.82
20260923,530433,601,69.08
20260923,530439,1016,100.0
20260923,530445,5018,99.84
20260923,530449,1027,99.71
20260923,530457,19735,64.54
20260923,530459,50,100.0
20260923,530461,7579,83.72
20260923,530469,78,100.0
20260923,530475,1712,71.3
20260923,530477,91542,61.65
20260923,530495,241,95.63
20260923,530499,804,79.37
20260923,530517,5357,44.98
20260923,530521,75,98.68
20260923,530525,80312,100.0
20260923,530533,23,95.83
20260923,530545,61,85.92
20260923,530547,5,100.0
20260923,530549,11882,33.91
20260923,530555,55618,53.71
20260923,530557,1135846,100.0
20260923,530565,7639,100.0
20260923,530577,96,100.0
20260923,530579,11118,100.0
20260923,530581,8537,100.0
20260923,530585,2706,100.0
20260923,530589,675,78.49
20260923,530595,65803,100.0
20260923,530601,915,50.39
20260923,530615,4842,100.0
20260923,530617,282418,83.04
20260923,530621,1309,100.0
20260923,530627,1703,66.6
20260923,530643,1413,63.48
20260923,530655,22097,44.67
20260923,530663,7529,100.0
20260923,530665,10056,68.98
20260923,530675,110,94.02
20260923,530677,768,59.58
20260923,530689,5072,71.16
20260923,530695,278,84.24
20260923,530697,1132,46.0
20260923,530699,2781,100.0
20260923,530705,591,100.0
20260923,530709,564,100.0
20260923,530711,10897,75.12
20260923,530723,100,100.0
20260923,530735,1401,87.73
20260923,530741,5955,100.0
20260923,530745,254622,100.0
20260923,530747,505,91.32
20260923,530755,330,100.0
20260923,530757,2,100.0
20260923,530759,2040,100.0
20260923,530779,216,95.58
20260923,530789,201,100.0
20260923,530795,1741,100.0
20260923,530797,5,100.0
20260923,530799,268,99.63
20260923,530803,9364,66.67
20260923,530805,52198,81.14
20260923,530809,50,50.0
20260923,530813,8315,45.69
20260923,530821,1573,95.16
20260923,530825,5165,100.0
20260923,530829,2487,51.89
20260923,530839,2861,100.0
20260923,530843,2218695,52.1
20260923,530845,1632,83.27
20260923,530853,1683,100.0
20260923,530855,50,100.0
20260923,530871,896,86.57
20260923,530879,119721,70.81
20260923,530881,128735,70.8
20260923,530883,127539,100.0
20260923,530889,133,100.0
20260923,530897,273,90.1
20260923,530899,2,100.0
20260923,530907,2437,100.0
20260923,530919,19288,63.86
20260923,530925,133,100.0
20260923,530931,10,100.0
20260923,530943,59203,62.41
20260923,530951,3792,83.12
20260923,530953,225,100.0
20260923,530959,5587,97.23
20260923,530961,285403,81.38
20260923,530965,151068,66.16
20260923,530973,4,100.0
20260923,530977,555,66.47
20260923,530979,329,100.0
20260923,530991,3167,100.0
20260923,530993,325,100.0
20260923,530997,3889,75.69
20260923,530999,12108,65.21
20260923,531015,30528,67.35
20260923,531017,447,98.03
20260923,531025,364616,66.72
20260923,531033,98,100.0
20260923,531035,23284,100.0
20260923,531041,1050,99.72
20260923,531049,78,100.0
20260923,531051,201,100.0
20260923,531067,2448,86.38
20260923,531069,3,100.0
20260923,531082,7465,79.69
20260923,531083,3033,73.38
20260923,531091,401,100.0
20260923,531092,10585,71.74
20260923,531099,6928,100.0
20260923,531109,1902,85.95
20260923,531112,10870,48.92
20260923,531119,587,100.0
20260923,531120,116943,47.6
20260923,531126,293572,94.56
20260923,531127,1060154,100.0
20260923,531129,370,86.25
20260923,531137,29853,95.88
20260923,531144,3553,100.0
20260923,531146,5290,100.0
20260923,531147,1244,67.57
20260923,531153,27476,88.24
20260923,531156,14558,100.0
20260923,531157,15784,93.32
20260923,531158,4384,78.36
20260923,531162,158342,48.62
20260923,531163,555,99.82
20260923,531168,107,100.0
20260923,531169,8782,89.97
20260923,531173,388054,90.8
20260923,531176,7501,78.13
20260923,531178,2354,95.5
20260923,531179,600,64.17
20260923,531191,17,100.0
20260923,531199,51,100.0
20260923,531201,905,71.77
20260923,531205,2929730,49.32
20260923,531209,798,82.95
20260923,531210,833,100.0
20260923,531212,310,99.36
20260923,531213,44333,48.4
20260923,531215,1110,99.91
20260923,531216,113658,83.54
20260923,531221,2633,100.0
20260923,531223,20622,53.05
20260923,531225,1251,84.53
20260923,531228,5634,100.0
20260923,531233,3376,69.42
20260923,531234,243,86.17
20260923,531237,7818,96.13
20260923,531241,1156,75.31
20260923,531246,115,91.27
20260923,531253,780,85.9
20260923,531254,57804,46.15
20260923,531255,590,72.93
20260923,531257,50710,73.01
20260923,531259,14637,100.0
20260923,531266,353,65.86
20260923,531268,29093,61.3
20260923,531272,2942,100.0
20260923,531273,80383,79.76
20260923,531274,412,100.0
20260923,531278,338,75.28
20260923,531279,43811,100.0
20260923,531280,3534,100.0
20260923,531281,9595,100.0
20260923,531286,1000,100.0
20260923,531287,6127,75.68
20260923,531288,1,100.0
20260923,531289,57445,100.0
20260923,531297,3939,91.01
20260923,531301,12,100.0
20260923,531306,549,93.85
20260923,531307,559,95.39
20260923,531310,9214,96.5
20260923,531319,4315,49.94
20260923,531322,648,58.12
20260923,531324,68,95.77
20260923,531328,2396071,67.3
20260923,531334,1,100.0
20260923,531335,9132,58.37
20260923,531338,1389,100.0
20260923,531340,16,94.12
20260923,531344,47528,56.31
20260923,531346,329,100.0
20260923,531349,4682,82.52
20260923,531352,12,100.0
20260923,531357,49958,54.66
20260923,531358,3636,64.01
20260923,531359,378,57.27
20260923,531364,25862,97.73
20260923,531370,26407,90.09
20260923,531373,5539,77.92
20260923,531380,106,100.0
20260923,531381,63,96.92
20260923,531387,1547,100.0
20260923,531390,74148,86.02
20260923,531395,601903,100.0
20260923,531398,464,93.55
20260923,531399,10986,89.36
20260923,531400,30359,72.83
20260923,531402,4399,77.52
20260923,531406,4099,100.0
20260923,531411,4924885,100.0
20260923,531412,25,100.0
20260923,531413,100,100.0
20260923,531416,360,100.0
20260923,531417,42205,81.11
20260923,531420,1213,100.0
20260923,531426,8244,88.17
20260923,531431,16592,53.12
20260923,531433,36721,100.0
20260923,531436,2227,56.15
20260923,531437,866,88.46
20260923,531439,12911,100.0
20260923,531449,84420,29.96
20260923,531453,421,100.0
20260923,531454,2133,95.61
20260923,531456,3307,100.0
20260923,531458,11310,100.0
20260923,531460,153,100.0
20260923,531463,5,100.0
20260923,531465,108191,100.0
20260923,531471,3477,100.0
20260923,531472,1142,88.73
20260923,531486,7860,99.99
20260923,531489,1541,87.61
20260923,531494,284160,79.67
20260923,531497,3237,97.79
20260923,531500,42366,100.0
20260923,531502,818987,78.61
20260923,531503,6381,98.58
20260923,531505,1005,100.0
20260923,531506,76,100.0
20260923,531508,966,67.74
20260923,531512,127577,81.74
20260923,531515,437,100.0
20260923,531518,203889,100.0
20260923,531525,70752,100.0
20260923,531529,226,100.0
20260923,531530,3283,86.85
20260923,531531,668,56.71
20260923,531533,614,86.85
20260923,531537,516,100.0
20260923,531539,2296,99.57
20260923,531540,5229,74.08
20260923,531541,39550,100.0
20260923,531543,229587,44.76
20260923,531548,4366,79.92
20260923,531550,1440,59.21
20260923,531552,969,85.37
20260923,531553,1274,100.0
20260923,531556,601,98.52
20260923,531557,566,96.42
20260923,531569,4510,96.97
20260923,531572,1,100.0
20260923,531574,18482,100.0
20260923,531578,521,100.0
20260923,531582,101,100.0
20260923,531583,1622,94.03
20260923,531591,959,99.79
20260923,531592,155901,87.18
20260923,531594,568,100.0
20260923,531595,21063,33.85
20260923,531599,5929,63.05
20260923,531600,13,100.0
20260923,531608,423,89.81
20260923,531609,47,100.0
20260923,531613,1630,100.0
20260923,531624,1586,100.0
20260923,531626,45637,95.99
20260923,531628,609,100.0
20260923,531633,1047,80.05
20260923,531635,278,96.53
20260923,531637,4332,60.18
20260923,531642,29307,71.7
20260923,531644,6,50.0
20260923,531651,371,100.0
20260923,531652,34072,97.6
20260923,531658,11879,87.35
20260923,531661,18921,100.0
20260923,531663,15365,89.69
20260923,531667,59911,100.0
20260923,531668,4072,100.0
20260923,531671,28573,78.37
20260923,531673,7674,83.72
20260923,531676,3996,100.0
20260923,531680,8297,100.0
20260923,531681,88334,100.0
20260923,531688,67,100.0
20260923,531692,4214,100.0
20260923,531694,10872,74.73
20260923,531716,76986,100.0
20260923,531717,3979,93.03
20260923,531719,870,65.81
20260923,531723,11253993,100.0
20260923,531726,2273,54.03
20260923,531727,3115,100.0
20260923,531737,49557,100.0
20260923,531739,110260,72.96
20260923,531744,2,66.67
20260923,531746,2464,99.92
20260923,531752,1527402,46.77
20260923,531758,125,96.9
20260923,531761,5197,77.19
20260923,531762,1561,100.0
20260923,531768,3574,71.71
20260923,531769,5200,98.3
20260923,531771,108,90.0
20260923,531778,706,99.72
20260923,531779,122,100.0
20260923,531780,30054,95.35
20260923,531784,212832,78.85
20260923,531795,3328,69.51
20260923,531797,341,72.09
20260923,531802,21332,96.1
20260923,531810,1150,82.61
20260923,531812,54381,83.18
20260923,531813,20,100.0
20260923,531814,2908,97.42
20260923,531822,950,99.89
20260923,531832,346,100.0
20260923,531834,2691,100.0
20260923,531840,51182,68.42
20260923,531841,11899,100.0
20260923,531842,262,99.62
20260923,531845,12896,62.52
20260923,531847,15,93.75
20260923,531859,17107,67.12
20260923,531861,2156,58.62
20260923,531862,19828,99.49
20260923,531867,1401,100.0
20260923,531869,26883,98.49
20260923,531870,126,100.0
20260923,531878,938,100.0
20260923,531888,28924,55.19
20260923,531889,92562,79.08
20260923,531893,505907,50.47
20260923,531900,1465,99.93
20260923,531902,67,100.0
20260923,531909,185340,100.0
20260923,531910,58700,100.0
20260923,531911,137716,100.0
20260923,531913,7054,49.41
20260923,531918,52,100.0
20260923,531921,2362,65.5
20260923,531923,4218,82.71
20260923,531925,1606,100.0
20260923,531928,90,100.0
20260923,531930,837,95.88
20260923,531931,130,89.66
20260923,531944,589,100.0
20260923,531950,7468,78.8
20260923,531952,8516,100.0
20260923,531959,122331,92.53
20260923,531962,2031,94.42
20260923,531977,89194,100.0
20260923,531978,436,78.7
20260923,531979,222,75.51
20260923,531982,48339,84.49
20260923,531989,1,100.0
20260923,531991,30031,100.0
20260923,531994,698,100.0
20260923,531996,4366,87.6
20260923,531997,88194,100.0
20260923,532001,20,100.0
20260923,532005,15,100.0
20260923,532011,22501,95.82
20260923,532015,16390,87.71
20260923,532016,92,97.87
20260923,532019,1251,100.0
20260923,532022,12277679,95.16
20260923,532029,9510,83.3
20260923,532039,4627,70.36
20260923,532041,3034,100.0
20260923,532042,1041,100.0
20260923,532051,443,79.68
20260923,532053,803,99.88
20260923,532054,3350,65.88
20260923,532056,9390,93.1
20260923,532057,1126,91.17
20260923,532067,400,56.66
20260923,532070,44829,78.57
20260923,532090,16502,67.0
20260923,532092,146460,64.55
20260923,532100,1090,77.3
20260923,532102,1788,100.0
20260923,532113,2666,100.0
20260923,532123,24174,64.88
20260923,532124,50272,100.0
20260923,532131,913,89.42
20260923,532134,122034,60.45
20260923,532140,18701,72.83
20260923,532141,492,84.97
20260923,532143,12575,75.24
20260923,532144,57866,46.08
20260923,532145,404,99.26
20260923,532149,166236,78.88
20260923,532150,8872,77.82
20260923,532154,640213,76.0
20260923,532155,48990,64.1
20260923,532156,10257,62.72
20260923,532159,5018,99.96
20260923,532160,15364,81.02
20260923,532162,6759,53.57
20260923,532163,22704,62.9
20260923,532167,5860,91.33
20260923,532172,56309,72.84
20260923,532173,1306,100.0
20260923,532174,758458,85.57
20260923,532175,5957,39.12
20260923,532178,339133,47.41
20260923,532180,37173,79.31
20260923,532181,22707,57.94
20260923,532183,53824,65.39
20260923,532187,30579,67.18
20260923,532189,6046,43.27
20260923,532209,90857,58.07
20260923,532210,28230,44.82
20260923,532212,2022,82.3
20260923,532215,12705,32.34
20260923,532216,343,99.71
20260923,532217,163,100.0
20260923,532218,1136957,76.49
20260923,532219,3991,92.38
20260923,532221,7755,53.45
20260923,532230,101,99.02
20260923,532234,47812,43.24
20260923,532240,4069,55.81
20260923,532256,123,93.18
20260923,532259,5206,50.0
20260923,532262,30,88.24
20260923,532268,284,89.31
20260923,532271,85476,82.39
20260923,532275,100152,75.9
20260923,532281,164762,78.25
20260923,532284,1231,83.86
20260923,532285,17544,71.88
20260923,532286,27930,48.5
20260923,532290,24713,83.87
20260923,532296,3996,43.53
20260923,532300,72853,32.53
20260923,532303,2720,100.0
20260923,532304,195,100.0
20260923,532305,26890,43.75
20260923,532309,7558,42.38
20260923,532310,13938,77.17
20260923,532313,2942,75.53
20260923,532315,2020,81.78
20260923,532320,430,64.18
20260923,532321,10657,43.06
20260923,532323,7466,72.54
20260923,532324,2977,81.21
20260923,532326,790,93.71
20260923,532329,3738,100.0
20260923,532331,1594,75.15
20260923,532332,108,100.0
20260923,532333,155,93.94
20260923,532334,67,100.0
20260923,532335,1902,79.95
20260923,532339,2352,92.49
20260923,532340,7120,100.0
20260923,532341,4367,55.55
20260923,532343,3958,45.31
20260923,532344,205,46.7
20260923,532348,2130566,53.67
20260923,532349,1038,84.67
20260923,532350,1604,100.0
20260923,532351,119232,100.0
20260923,532354,41084,100.0
20260923,532355,12402,81.9
20260923,532356,6585,53.53
20260923,532357,474,100.0
20260923,532359,76451,93.63
20260923,532362,1017,54.36
20260923,532365,871,62.35
20260923,532366,11395,69.94
20260923,532368,725025,74.28
20260923,532369,5817,82.63
20260923,532370,4775,77.0
20260923,532371,40805,49.54
20260923,532372,19041,92.39
20260923,532373,3199,95.92
20260923,532374,64683,100.0
20260923,532375,6805,46.29
20260923,532376,2819,91.38
20260923,532378,1032,100.0
20260923,532379,78047,100.0
20260923,532380,29041,94.17
20260923,532382,4278,72.23
20260923,532384,6987,51.39
20260923,532386,21575,100.0
20260923,532387,3200,92.81
20260923,532388,253812,74.79
20260923,532390,2433,70.34
20260923,532392,3772,99.55
20260923,532395,9185,44.0
20260923,532397,50,100.0
20260923,532398,2193,99.55
20260923,532400,26725,61.56
20260923,532402,9775,70.42
20260923,532404,3415,75.17
20260923,532406,38617,46.31
20260923,532407,36343,49.69
20260923,532408,33056,100.0
20260923,532410,4380,92.37
20260923,532416,2600,98.97
20260923,532419,231,100.0
20260923,532424,67869,70.41
20260923,532425,43837,100.0
20260923,532430,569,49.91
20260923,532432,63937,78.18
20260923,532435,2042,100.0
20260923,532439,46044,46.14
20260923,532440,463,64.85
20260923,532443,103,53.65
20260923,532444,2175,100.0
20260923,532454,20397,28.82
20260923,532455,5387,64.83
20260923,532456,601,100.0
20260923,532457,3426,49.74
20260923,532460,4565,55.86
20260923,532461,191578,71.37
20260923,532466,1436,42.33
20260923,532467,19268,83.89
20260923,532468,371,87.71
20260923,532470,3,100.0
20260923,532475,13443,75.83
20260923,532477,92974,44.76
20260923,532478,4636,80.15
20260923,532481,15254,99.74
20260923,532482,10414,44.58
20260923,532483,1146602,75.83
20260923,532485,7598,77.38
20260923,532486,2247,59.57
20260923,532488,7540,55.76
20260923,532493,6470,51.32
20260923,532497,37828,71.93
20260923,532500,5713,55.42
20260923,532503,20,100.0
20260923,532504,64430,95.36
20260923,532505,95356,60.11
20260923,532507,19655,86.18
20260923,532508,20014,66.36
20260923,532509,968,53.36
20260923,532513,1913,76.67
20260923,532514,1256034,95.92
20260923,532515,8156,96.89
20260923,532521,175,100.0
20260923,532522,523435,95.99
20260923,532523,40144,48.04
20260923,532524,17359,62.86
20260923,532525,170941,40.86
20260923,532527,8968,56.3
20260923,532528,4805,50.09
20260923,532529,5772,66.25
20260923,532531,6117,68.26
20260923,532538,11287,81.03
20260923,532539,62859,79.31
20260923,532540,106144,62.19
20260923,532541,67601,74.07
20260923,532543,17632,100.0
20260923,532548,595,59.86
20260923,532553,13796,54.2
20260923,532555,433086,71.46
20260923,532604,21628,80.31
20260923,532605,15276,34.84
20260923,532610,23058,54.19
20260923,532612,3790,51.34
20260923,532613,540,96.95
20260923,532614,6797,100.0
20260923,532616,3701,79.81
20260923,532626,29107,69.96
20260923,532627,2779956,56.49
20260923,532628,18630,100.0
20260923,532629,218,100.0
20260923,532630,7973,58.09
20260923,532633,170,72.96
20260923,532636,46869,43.67
20260923,532637,5796,79.71
20260923,532638,833,66.96
20260923,532640,3089,100.0
20260923,532641,39267,77.3
20260923,532642,177,58.03
20260923,532644,754,60.71
20260923,532645,5037,97.01
20260923,532648,1830294,59.9
20260923,532649,13676,87.82
20260923,532650,66633,60.07
20260923,532651,519,99.62
20260923,532652,89301,64.05
20260923,532654,56385,86.26
20260923,532656,64706,70.62
20260923,532660,115,100.0
20260923,532661,481,56.65
20260923,532662,4560,87.07
20260923,532663,418,73.72
20260923,532666,319724,74.92
20260923,532667,4902928,63.57
20260923,532668,3633,49.44
20260923,532670,258908,54.75
20260923,532673,10872,86.36
20260923,532674,2978,100.0
20260923,532676,2102,100.0
20260923,532683,121530,99.49
20260923,532684,252688,38.37
20260923,532686,2314,57.0
20260923,532687,423,69.57
20260923,532689,25447,59.01
20260923,532694,14864,80.68
20260923,532695,1003,99.01
20260923,532698,1829,71.5
20260923,532699,154,26.32
20260923,532701,30281,100.0
20260923,532705,10379,74.25
20260923,532707,411,79.04
20260923,532708,247242,100.0
20260923,532710,9087,96.94
20260923,532712,478317,100.0
20260923,532713,1006104,75.69
20260923,532714,24213,53.97
20260923,532717,341,73.02
20260923,532719,22920,77.58
20260923,532720,17472,47.27
20260923,532721,6095,100.0
20260923,532722,9957,72.49
20260923,532723,8,100.0
20260923,532725,14216,42.74
20260923,532726,2091,51.63
20260923,532728,527,83.39
20260923,532729,5111,73.84
20260923,532730,473,83.27
20260923,532732,456,78.76
20260923,532733,49232,52.51
20260923,532734,33237,62.54
20260923,532735,9791,65.29
20260923,532737,3691,92.3
20260923,532738,138806,100.0
20260923,532740,3675,72.09
20260923,532741,70611,62.47
20260923,532742,801,59.33
20260923,532744,681,92.53
20260923,532748,143433,44.96
20260923,532749,374009,64.59
20260923,532754,1120468,79.43
20260923,532755,5417,31.89
20260923,532756,84001,82.33
20260923,532757,204,66.45
20260923,532759,3263,90.89
20260923,532761,908,100.0
20260923,532762,6861,54.83
20260923,532764,283,100.0
20260923,532767,119446,63.16
20260923,532768,1411,65.81
20260923,532771,8374,73.35
20260923,532772,14131,50.64
20260923,532773,894,92.55
20260923,532774,167,99.4
20260923,532775,1871787,63.75
20260923,532776,9653,93.39
20260923,532777,97436,64.94
20260923,532779,4498,57.87
20260923,532780,1802,100.0
20260923,532782,271,100.0
20260923,532783,13908,65.77
20260923,532784,3998,59.29
20260923,532785,3255,96.99
20260923,532790,14871,34.92
20260923,532794,124863,65.27
20260923,532795,6702,100.0
20260923,532796,8310,43.38
20260923,532797,22756,63.7
20260923,532798,34865,67.65
20260923,532799,8221,67.48
20260923,532801,70,100.0
20260923,532804,1108,53.4
20260923,532805,65614,41.37
20260923,532806,1779,100.0
20260923,532807,70,79.55
20260923,532808,14532,37.98
20260923,532809,23728,64.01
20260923,532810,617433,70.91
20260923,532811,1781,64.67
20260923,532812,200,99.5
20260923,532814,10841,52.27
20260923,532815,18785,41.87
20260923,532817,14982,76.79
20260923,532820,6173,100.0
20260923,532822,5189594,40.86
20260923,532825,2727,100.0
20260923,532826,637,100.0
20260923,532827,493,34.96
20260923,532828,6535,100.0
20260923,532829,3907,36.29
20260923,532830,10998,73.15
20260923,532832,70285,38.46
20260923,532834,37633,60.36
20260923,532835,476,67.9
20260923,532839,156647,77.31
20260923,532841,730,80.49
20260923,532842,1358,54.94
20260923,532843,6063,51.65
20260923,532845,1069,89.23
20260923,532847,19860,99.51
20260923,532848,384929,48.08
20260923,532850,25826,100.0
20260923,532851,1154,84.23
20260923,532853,1224,100.0
20260923,532855,652,71.1
20260923,532856,33378,54.02
20260923,532859,713,83.59
20260923,532864,3529,94.18
20260923,532867,9367,52.43
20260923,532868,114117,62.83
20260923,532869,919,91.99
20260923,532870,8558,100.0
20260923,532872,57766,46.75
20260923,532873,34246,100.0
20260923,532875,3773,72.96
20260923,532878,13645,53.11
20260923,532880,29992,41.23
20260923,532884,11625,72.45
20260923,532885,400443,75.9
20260923,532887,47085,100.0
20260923,532888,40804,37.49
20260923,532889,60177,92.99
20260923,532890,34552,88.05
20260923,532891,8443,48.6
20260923,532892,34441,34.38
20260923,532893,8117,66.99
20260923,532894,13557,94.07
20260923,532895,5114,90.27
20260923,532896,1001,100.0
20260923,532898,402765,79.05
20260923,532899,1851,76.49
20260923,532900,173205,30.69
20260923,532902,43971,91.34
20260923,532904,644,98.62
20260923,532906,19530,68.26
20260923,532907,4,100.0
20260923,532911,148124,100.0
20260923,532915,5774,70.44
20260923,532916,1474,67.74
20260923,532918,2011,86.31
20260923,532921,26584,61.34
20260923,532922,317135,32.86
20260923,532923,81987,51.66
20260923,532924,1318,58.79
20260923,532925,80,100.0
20260923,532926,31964,66.71
20260923,532927,1095,28.22
20260923,532928,43948,42.66
20260923,532929,6827,56.08
20260923,532930,10388,100.0
20260923,532931,8242,100.0
20260923,532932,700,80.55
20260923,532933,133135,37.08
20260923,532934,4650,100.0
20260923,532935,120,100.0
20260923,532937,9122,61.59
20260923,532939,1044633,56.03
20260923,532940,1296,74.61
20260923,532941,20616,47.52
20260923,532942,38035,67.87
20260923,532944,10107,100.0
20260923,532945,599441,63.86
20260923,532946,3010,51.83
20260923,532947,1678907,57.28
20260923,532951,234,76.22
20260923,532952,114,100.0
20260923,532953,7811,59.78
20260923,532955,161805,62.48
20260923,532957,1717,78.12
20260923,532966,10605,49.36
20260923,532967,23279,54.71
20260923,532974,3573,86.96
20260923,532975,7161,100.0
20260923,532976,41980,66.49
20260923,532977,3911,78.02
20260923,532978,12066,35.82
20260923,532980,15246,87.9
20260923,532983,3820,51.0
20260923,532985,273,73.39
20260923,532989,3390,100.0
20260923,532992,3110,99.9
20260923,532993,779,91.22
20260923,532994,1511,97.93
20260923,532998,76,89.41
20260923,533001,1183,100.0
20260923,533006,83594,100.0
20260923,533007,82144,100.0
20260923,533012,12836,95.14
20260923,533014,232,100.0
20260923,533019,54,81.82
20260923,533022,3033,66.38
20260923,533023,54181,95.59
20260923,533029,8309,64.31
20260923,533033,5251,68.6
20260923,533047,3195,74.98
20260923,533048,308287,100.0
20260923,533056,5479,70.41
20260923,533080,3881,68.9
20260923,533088,6084,56.76
20260923,533090,287849,69.75
20260923,533093,1236,98.02
20260923,533095,2,100.0
20260923,533096,790892,60.7
20260923,533098,316418,59.56
20260923,533100,4756,84.58
20260923,533101,300,59.88
20260923,533104,3526,64.64
20260923,533106,30916,57.88
20260923,533107,1548,100.0
20260923,533108,253,100.0
20260923,533110,2751,100.0
20260923,533121,1453,68.8
20260923,533122,647416,59.8
20260923,533137,7191,85.34
20260923,533138,4926,39.24
20260923,533146,2143,71.65
20260923,533148,73357,69.22
20260923,533149,1032,72.57
20260923,533150,3685,48.16
20260923,533151,3245,87.25
20260923,533152,19681,89.41
20260923,533155,14529,55.73
20260923,533156,66968,74.38
20260923,533158,7891,81.42
20260923,533160,31101,76.31
20260923,533161,588,100.0
20260923,533162,241611,87.12
20260923,533164,12927,75.15
20260923,533166,40050,92.32
20260923,533167,7846,90.96
20260923,533168,3179,99.84
20260923,533169,18380,49.86
20260923,533170,1073,100.0
20260923,533172,22,68.75
20260923,533177,29810,100.0
20260923,533179,12159,43.46
20260923,533181,23615,59.81
20260923,533192,1635,100.0
20260923,533193,4994,90.26
20260923,533202,29327,93.42
20260923,533203,5326,87.03
20260923,533206,57369,49.27
20260923,533208,2366,100.0
20260923,533210,1241,96.05
20260923,533212,220,8.92
20260923,533217,1270,100.0
20260923,533218,1213,99.26
20260923,533229,17155,65.98
20260923,533230,26073,54.44
20260923,533239,19239,79.24
20260923,533244,58305,58.29
20260923,533248,61615,63.46
20260923,533252,11,100.0
20260923,533257,1950,62.38
20260923,533259,419,100.0
20260923,533260,2208,69.81
20260923,533262,1939,76.22
20260923,533263,145403,60.54
20260923,533267,2414,49.52
20260923,533268,187,100.0
20260923,533269,8422,43.65
20260923,533270,300,100.0
20260923,533271,12283,57.06
20260923,533272,89936,71.44
20260923,533273,3701,38.63
20260923,533274,2165,48.9
20260923,533275,120822,73.32
20260923,533278,112169,51.39
20260923,533282,7953,71.61
20260923,533284,6029,95.06
20260923,533285,71320,56.18
20260923,533286,27213,69.45
20260923,533287,92601,84.57
20260923,533289,771,97.35
20260923,533292,29669,79.77
20260923,533293,5613,43.0
20260923,533294,762,92.93
20260923,533295,21975,75.43
20260923,533296,24209,100.0
20260923,533298,4450,81.5
20260923,533301,571716,100.0
20260923,533302,29,87.88
20260923,533303,1170,83.51
20260923,533306,190,92.23
20260923,533316,418,85.83
20260923,533326,249989,66.08
20260923,533329,1859,65.76
20260923,533333,437891,49.69
20260923,533339,19541,58.18
20260923,533343,89,84.76
20260923,533344,12971,65.33
20260923,533385,41259,60.73
20260923,533398,4557,49.59
20260923,533407,3080,100.0
20260923,533408,2961,73.09
20260923,533427,11529,53.19
20260923,533451,250,76.92
20260923,533452,1680,100.0
20260923,533470,3144,93.54
20260923,533477,106,98.15
20260923,533482,1032,100.0
20260923,533506,207295,71.84
20260923,533519,64126,33.91
20260923,533520,616913,75.04
20260923,533540,1243,99.76
20260923,533543,13207,76.13
20260923,533552,7045,71.03
20260923,533553,100303,53.41
20260923,533570,10773,64.84
20260923,533573,9520,62.37
20260923,533576,32750,35.73
20260923,533581,19437,51.62
20260923,533602,531861,95.96
20260923,533605,100,100.0
20260923,533608,10273,55.31
20260923,533629,3419,100.0
20260923,533632,1833,100.0
20260923,533638,2820,100.0
20260923,533644,2438,75.95
20260923,533655,4954,42.71
20260923,533676,164586,57.03
20260923,533704,13412,79.38
20260923,533719,1716,60.27
20260923,533758,50701,93.5
20260923,533761,4841,70.07
20260923,533896,13,43.33
20260923,533941,3778,92.94
20260923,533982,3331,79.54
20260923,534060,2707756,88.13
20260923,534063,30,100.0
20260923,534064,418361,100.0
20260923,534076,88668,43.63
20260923,534091,119549,60.79
20260923,534139,215130,94.35
20260923,534190,1482,100.0
20260923,534309,299104,57.48
20260923,534312,2253,100.0
20260923,534328,52,100.0
20260923,534338,257,99.23
20260923,534369,129656,100.0
20260923,534392,4580,72.25
20260923,534422,3849,61.81
20260923,534425,1856,100.0
20260923,534532,13950,98.93
20260923,534535,1106590,100.0
20260923,534597,40143,61.8
20260923,534598,403,100.0
20260923,534600,138076,18.85
20260923,534612,223,53.61
20260923,534615,12929,100.0
20260923,534618,21652,43.6
20260923,534623,15436,85.31
20260923,534674,691450,86.25
20260923,534675,16936,81.39
20260923,534680,2467,67.53
20260923,534691,6630,97.07
20260923,534732,3364,72.05
20260923,534733,217378,100.0
20260923,534741,184033,100.0
20260923,534742,2542,75.48
20260923,534748,735797,37.98
20260923,534755,121692,100.0
20260923,534796,1042,98.86
20260923,534804,1101,75.41
20260923,534809,17938995,42.83
20260923,534816,89230,53.09
20260923,534920,1600,100.0
20260923,534976,879,60.54
20260923,535136,5091,72.37
20260923,535204,11629,100.0
20260923,535205,4224,78.29
20260923,535267,4383,69.2
20260923,535276,1935,65.55
20260923,535322,5002,97.35
20260923,535387,71,91.03
20260923,535431,21212,70.7
20260923,535458,4614,83.48
20260923,535514,1000,100.0
20260923,535566,131,100.0
20260923,535601,1568,100.0
20260923,535602,6023,56.63
20260923,535620,136,100.0
20260923,535621,144,54.75
20260923,535648,5208,33.91
20260923,535657,1838,100.0
20260923,535667,743,83.11
20260923,535693,7049,98.61
20260923,535719,3183,86.85
20260923,535730,366913,58.36
20260923,535754,9043,68.2
20260923,535755,95011,58.35
20260923,535789,62500,39.18
20260923,535910,13719,100.0
20260923,535916,606,66.74
20260923,535958,328474,85.31
20260923,536073,118739,68.95
20260923,536264,2677,60.87
20260923,536493,352,93.12
20260923,536507,2061,100.0
20260923,536565,10797,93.67
20260923,536659,5000055,86.78
20260923,536672,103652,97.61
20260923,536709,10413,100.0
20260923,536737,1200,100.0
20260923,536738,6000,100.0
20260923,536773,49,94.23
20260923,536846,163,99.39
20260923,536960,10207,71.96
20260923,536974,3872,80.9
20260923,537007,15279,77.41
20260923,537008,2275,20.17
20260923,537069,6100,100.0
20260923,537254,293,100.0
20260923,537259,371,71.48
20260923,537291,49,83.05
20260923,537292,1,100.0
20260923,537326,24607,80.81
20260923,537392,8944,100.0
20260923,537483,2136,79.58
20260923,537536,14574,97.2
20260923,537707,234721,90.34
20260923,537708,4840,80.13
20260923,537709,4701,100.0
20260923,537750,410,94.25
20260923,537766,148843,88.93
20260923,537785,27065,62.19
20260923,537800,9664232,51.61
20260923,537820,88184,100.0
20260923,537839,25480,93.73
20260923,537985,123,92.48
20260923,538057,4988,60.08
20260923,538081,15433,100.0
20260923,538119,29746,100.0
20260923,538212,113637,100.0
20260923,538268,1573,58.24
20260923,538273,2769,95.71
20260923,538319,1000,100.0
20260923,538351,14188,100.0
20260923,538365,1059,99.81
20260923,538382,1402,100.0
20260923,538395,1,100.0
20260923,538401,2435,83.5
20260923,538422,321141,90.23
20260923,538446,12596,91.06
20260923,538451,3202520,88.43
20260923,538464,1803,88.77
20260923,538476,32510,100.0
20260923,538496,9000,100.0
20260923,538520,28443,98.04
20260923,538521,980,95.89
20260923,538539,14858,62.88
20260923,538540,123071,100.0
20260923,538542,179,97.28
20260923,538546,9646,74.22
20260923,538556,25002,59.69
20260923,538562,19879,52.42
20260923,538563,38,82.61
20260923,538564,1268,84.31
20260923,538565,7252,89.7
20260923,538567,3855,78.04
20260923,538568,10021,100.0
20260923,538569,45001,100.0
20260923,538596,63,100.0
20260923,538597,4264,90.3
20260923,538598,1717,88.01
20260923,538607,1341729,77.17
20260923,538609,1021,69.65
20260923,538610,938827,100.0
20260923,538611,3,100.0
20260923,538634,405,79.88
20260923,538635,478043,98.29
20260923,538646,140,100.0
20260923,538647,506,100.0
20260923,538666,3265,68.09
20260923,538668,12018,30.84
20260923,538674,2011,100.0
20260923,538683,1489,54.46
20260923,538685,146,100.0
20260923,538706,182360,78.32
20260923,538707,1,100.0
20260923,538708,430,74.14
20260923,538713,5803,72.0
20260923,538714,259,100.0
20260923,538715,2473,100.0
20260923,538716,5,100.0
20260923,538730,878,81.45
20260923,538732,4213,95.14
20260923,538734,2674,49.08
20260923,538742,4612,100.0
20260923,538770,138,81.18
20260923,538772,30670,67.52
20260923,538778,13305,80.15
20260923,538786,811,97.01
20260923,538787,51638,69.7
20260923,538788,3512,84.61
20260923,538795,1065,98.7
20260923,538812,4079,100.0
20260923,538817,74549,75.68
20260923,538833,3244,100.0
20260923,538834,6289,84.6
20260923,538835,32331,66.22
20260923,538836,1511,82.57
20260923,538837,6688,69.86
20260923,538838,5,100.0
20260923,538857,5196,97.83
20260923,538860,25577,100.0
20260923,538862,2887,68.77
20260923,538868,352518,100.0
20260923,538874,3575,100.0
20260923,538882,29201,87.08
20260923,538890,17884,81.0
20260923,538891,50200,62.37
20260923,538895,1051,100.0
20260923,538896,30,85.71
20260923,538897,624,100.0
20260923,538902,4481,100.0
20260923,538918,38026,99.59
20260923,538920,154490,74.64
20260923,538922,345,100.0
20260923,538923,47011,100.0
20260923,538926,23508,79.55
20260923,538928,16447,84.57
20260923,538935,9,64.29
20260923,538942,35,100.0
20260923,538952,7898,98.48
20260923,538961,20988,94.14
20260923,538962,2886,47.46
20260923,538964,5,100.0
20260923,538965,6469,68.3
20260923,538970,32081,61.76
20260923,538975,174038,100.0
20260923,538979,1328,40.43
20260923,538987,1637,91.66
20260923,538992,1532,100.0
20260923,539005,75,100.0
20260923,539006,115,60.21
20260923,539011,301,62.58
20260923,539013,199,75.38
20260923,539014,7544,100.0
20260923,539016,501,99.8
20260923,539017,49451,75.86
20260923,539018,502,69.63
20260923,539026,4000,100.0
20260923,539031,13,54.17
20260923,539032,248,91.18
20260923,539040,111412,85.94
20260923,539041,21250,100.0
20260923,539042,23160,61.46
20260923,539044,835,100.0
20260923,539045,1748,70.86
20260923,539046,19690,62.65
20260923,539056,14619,51.92
20260923,539083,288098,40.41
20260923,539091,11871844,100.0
20260923,539097,66631,100.0
20260923,539110,398,100.0
20260923,539111,1100,100.0
20260923,539113,160,100.0
20260923,539115,1825,100.0
20260923,539117,8890,26.53
20260923,539118,2470,72.71
20260923,539120,194,100.0
20260923,539121,890,81.5
20260923,539122,635,92.3
20260923,539123,6159,97.07
20260923,539124,37,92.5
20260923,539126,103652,100.0
20260923,539132,188665,86.29
20260923,539141,1909,84.92
20260923,539143,110374,71.22
20260923,539148,4781,63.37
20260923,539149,10965,99.96
20260923,539150,49080,50.94
20260923,539151,23581,53.22
20260923,539167,2,100.0
20260923,539174,5,100.0
20260923,539176,750,100.0
20260923,539177,13664,63.1
20260923,539189,516,100.0
20260923,539195,2968,83.96
20260923,539196,4361,72.99
20260923,539199,3550,53.77
20260923,539200,3542,100.0
20260923,539201,7012,95.49
20260923,539206,100,100.0
20260923,539216,372331,81.32
20260923,539217,3667651,66.72
20260923,539218,10,76.92
20260923,539219,21576,66.72
20260923,539220,1673,97.66
20260923,539221,5721,58.22
20260923,539222,7480366,72.35
20260923,539224,1,100.0
20260923,539226,26661,91.89
20260923,539227,1359,81.13
20260923,539228,8956,100.0
20260923,539251,100,100.0
20260923,539252,11647,100.0
20260923,539254,34392,62.24
20260923,539255,923,67.92
20260923,539267,510,99.8
20260923,539268,12488,52.81
20260923,539273,500,33.33
20260923,539275,85,93.41
20260923,539276,50,100.0
20260923,539278,82899,96.0
20260923,539287,997,99.9
20260923,539289,1145,65.96
20260923,539290,4549,97.87
20260923,539300,213,81.3
20260923,539301,116099,32.06
20260923,539302,1833,76.69
20260923,539309,653895,100.0
20260923,539310,166712,84.65
20260923,539312,20,95.24
20260923,539313,3135,94.74
20260923,539314,3407,95.51
20260923,539331,8914,62.81
20260923,539332,55033,49.84
20260923,539334,1921,74.37
20260923,539335,50,100.0
20260923,539336,129274,61.84
20260923,539337,5075,80.56
20260923,539346,4398,66.65
20260923,539353,129,86.58
20260923,539354,303,99.02
20260923,539359,19344,100.0
20260923,539383,96,100.0
20260923,539391,193,100.0
20260923,539398,778,90.36
20260923,539399,1700,83.33
20260923,539400,306,92.73
20260923,539402,1459,100.0
20260923,539404,3755,78.79
20260923,539405,799,100.0
20260923,539406,12,100.0
20260923,539407,686,72.29
20260923,539408,12777,100.0
20260923,539428,1073,69.86
20260923,539435,1227,91.98
20260923,539436,63702,54.17
20260923,539437,3585540,78.1
20260923,539448,12268,58.96
20260923,539449,59210,77.22
20260923,539450,22528,59.32
20260923,539455,1825,65.3
20260923,539468,48462,100.0
20260923,539469,40048,89.89
20260923,539470,213558,58.73
20260923,539479,37389,70.9
20260923,539480,18,90.0
20260923,539492,85,89.47
20260923,539494,6288,95.62
20260923,539506,666393,88.51
20260923,539515,85982,100.0
20260923,539516,732,61.41
20260923,539517,11978,94.17
20260923,539518,758,77.98
20260923,539519,1238908,100.0
20260923,539522,171,100.0
20260923,539523,49430,96.53
20260923,539524,12663,69.79
20260923,539526,343913,72.12
20260923,539527,115,95.83
20260923,539528,43947,73.27
20260923,539533,6606047,87.2
20260923,539542,1127,40.15
20260923,539545,2,66.67
20260923,539546,1345,21.23
20260923,539551,3170,34.55
20260923,539552,59315,98.1
20260923,539559,245620,100.0
20260923,539561,1706847,100.0
20260923,539562,11143,100.0
20260923,539593,4387,100.0
20260923,539594,488394,77.81
20260923,539598,28449,74.5
20260923,539599,1,100.0
20260923,539607,497213,72.96
20260923,539620,2666,86.06
20260923,539621,53986,100.0
20260923,539636,47789,72.36
20260923,539658,530,70.2
20260923,539659,1275,75.44
20260923,539660,37671,65.87
20260923,539661,59307,72.76
20260923,539662,2618,94.86
20260923,539669,468399,76.9
20260923,539673,110,100.0
20260923,539678,2585,66.49
20260923,539679,528756,100.0
20260923,539682,3138,7.89
20260923,539686,11506,68.79
20260923,539692,2596,75.12
20260923,539697,20838,100.0
20260923,539724,9761,100.0
20260923,539725,10036,48.77
20260923,539730,3343,55.98
20260923,539742,1,100.0
20260923,539760,1180,71.52
20260923,539761,229449,85.56
20260923,539762,18700,93.91
20260923,539767,31214,63.72
20260923,539770,12805,96.22
20260923,539773,265240,59.05
20260923,539784,100,100.0
20260923,539785,7116,74.83
20260923,539787,2452,60.57
20260923,539798,9182,99.98
20260923,539799,3953,71.3
20260923,539800,16187,100.0
20260923,539807,256404,59.88
20260923,539814,7514,60.18
20260923,539834,1,100.0
20260923,539835,14694,100.0
20260923,539837,2076,54.06
20260923,539841,30150,84.57
20260923,539843,76,98.7
20260923,539854,5042,97.9
20260923,539871,2915,52.65
20260923,539872,28343,65.53
20260923,539875,288,100.0
20260923,539876,40705,51.08
20260923,539883,63,66.32
20260923,539884,68935,98.57
20260923,539889,371849,76.01
20260923,539894,37912,87.53
20260923,539895,31522,100.0
20260923,539900,6315,59.63
20260923,539921,5659,46.39
20260923,539922,874,100.0
20260923,539938,1071,89.4
20260923,539939,5576,100.0
20260923,539945,2329,50.66
20260923,539946,899,100.0
20260923,539947,561,100.0
20260923,539956,7330,53.13
20260923,539957,10883,53.98
20260923,539963,39731,88.53
20260923,539978,5826,51.57
20260923,539979,492,100.0
20260923,539980,3808,87.06
20260923,539985,1000,100.0
20260923,539986,5654,55.09
20260923,539991,1781,100.0
20260923,539992,477501,45.56
20260923,539997,1684,61.55
20260923,540005,5803,56.16
20260923,540006,57898,99.3
20260923,540008,26,52.0
20260923,540023,3403,81.68
20260923,540025,6638,57.48
20260923,540026,1198,72.61
20260923,540047,5197,59.52
20260923,540048,1674,57.76
20260923,540061,3965,91.91
20260923,540065,272292,76.31
20260923,540066,855,100.0
20260923,540073,76495,58.21
20260923,540078,18744,59.58
20260923,540079,54704,78.24
20260923,540080,8528,67.87
20260923,540097,4507,87.65
20260923,540115,2230,73.96
20260923,540124,76733,38.36
20260923,540125,37982,100.0
20260923,540132,11010,100.0
20260923,540133,18114,57.59
20260923,540135,1592927,54.29
20260923,540136,2405,69.13
20260923,540143,2007,100.0
20260923,540144,20000,100.0
20260923,540145,2441,82.44
20260923,540146,6000,100.0
20260923,540147,17691,64.92
20260923,540153,22722,88.09
20260923,540159,7507,83.48
20260923,540168,83954,68.46
20260923,540173,95571,91.64
20260923,540174,127,45.2
20260923,540175,100953,100.0
20260923,540180,196332,62.18
20260923,540181,31,96.88
20260923,540190,548007,67.61
20260923,540192,1659,91.46
20260923,540198,7214,61.21
20260923,540199,165,97.06
20260923,540203,7661,68.96
20260923,540204,39047,84.74
20260923,540205,1894,65.81
20260923,540210,6230,99.22
20260923,540212,1484,71.41
20260923,540222,17717,49.07
20260923,540243,15952,100.0
20260923,540252,63020,83.74
20260923,540254,557005,100.0
20260923,540259,1308652,76.67
20260923,540266,10584,81.53
20260923,540268,15732,85.15
20260923,540269,10000,100.0
20260923,540293,9076,67.23
20260923,540310,30934,100.0
20260923,540311,803,88.14
20260923,540358,6474,72.21
20260923,540360,300110,100.0
20260923,540361,74454,100.0
20260923,540366,6191,94.2
20260923,540376,9115,59.2
20260923,540377,1932122,65.02
20260923,540386,13157,100.0
20260923,540393,228,100.0
20260923,540395,3253,90.06
20260923,540396,9156,34.7
20260923,540401,23341,76.24
20260923,540403,4,50.0
20260923,540404,3295,78.64
20260923,540405,5126,73.5
20260923,540425,1178,86.11
20260923,540455,108,65.06
20260923,540467,552,100.0
20260923,540481,1,100.0
20260923,540492,96975,77.66
20260923,540497,4510,69.56
20260923,540519,16469,58.44
20260923,540526,38778,87.63
20260923,540530,123674,46.01
20260923,540544,576,51.38
20260923,540545,12254,100.0
20260923,540565,18090,83.55
20260923,540570,150973,48.82
20260923,540575,3257,53.79
20260923,540590,1350,87.15
20260923,540595,28747,43.17
20260923,540596,1923,67.24
20260923,540597,4677,98.8
20260923,540602,4273,75.68
20260923,540611,30602,67.9
20260923,540612,7829,81.58
20260923,540613,3000,100.0
20260923,540615,26242,100.0
20260923,540642,330525,73.97
20260923,540648,182,100.0
20260923,540649,2509,65.22
20260923,540650,1267,73.49
20260923,540654,97093,70.98
20260923,540669,2584,79.14
20260923,540673,3933,57.76
20260923,540678,14900,51.54
20260923,540679,135,92.47
20260923,540680,5565,73.35
20260923,540681,7500,100.0
20260923,540686,5371,70.49
20260923,540691,13604,52.67
20260923,540692,3128,68.91
20260923,540693,289981,63.25
20260923,540694,1190,100.0
20260923,540696,3713,100.0
20260923,540699,6947,43.74
20260923,540700,2304,72.84
20260923,540701,6818,47.84
20260923,540703,33424,98.49
20260923,540704,190,78.19
20260923,540709,97324,100.0
20260923,540710,9033,61.08
20260923,540716,9661,68.82
20260923,540717,64667,81.36
20260923,540718,64875,85.64
20260923,540719,1652,44.49
20260923,540724,567,96.92
20260923,540725,71258,65.37
20260923,540726,8211,55.49
20260923,540727,147129,98.76
20260923,540728,81,88.04
20260923,540730,206779,91.38
20260923,540735,1262,79.32
20260923,540737,1135,61.68
20260923,540738,152842,56.65
20260923,540743,3420,56.34
20260923,540749,3799,66.66
20260923,540750,127002,49.48
20260923,540755,5754,44.2
20260923,540757,820,100.0
20260923,540762,2082,75.3
20260923,540767,27705,67.12
20260923,540768,28177,68.04
20260923,540769,83735,42.43
20260923,540774,711,80.8
20260923,540775,392,100.0
20260923,540776,1477,82.79
20260923,540777,50142,51.96
20260923,540786,136030,100.0
20260923,540787,6878,73.45
20260923,540788,6128,72.57
20260923,540789,10948,95.21
20260923,540795,43866,65.96
20260923,540797,13657,60.38
20260923,540809,81390,67.59
20260923,540811,30000,85.71
20260923,540821,20405,87.21
20260923,540824,883,100.0
20260923,540829,10789,100.0
20260923,540850,24000,80.0
20260923,540874,43585,69.35
20260923,540879,198814,51.32
20260923,540900,18343,34.06
20260923,540901,21130,91.44
20260923,540902,1582,42.52
20260923,540904,22990,100.0
20260923,540914,32996,78.03
20260923,540923,64755,83.46
20260923,540935,514,67.01
20260923,540936,7781,63.28
20260923,540937,23537,79.69
20260923,540938,10000,100.0
20260923,540952,2664,95.69
20260923,540953,52977,69.89
20260923,540954,1156,41.88
20260923,540955,2408,100.0
20260923,540956,119803,73.93
20260923,540961,305,100.0
20260923,540975,12566,46.95
20260923,540980,2,66.67
20260923,541005,100,99.01
20260923,541019,2554,70.46
20260923,541083,10750,56.58
20260923,541096,640,49.23
20260923,541097,7627,68.35
20260923,541143,27431,52.17
20260923,541144,2848,54.32
20260923,541152,13651,62.09
20260923,541153,629884,41.57
20260923,541154,5796,43.22
20260923,541161,107720,100.0
20260923,541163,2839,65.98
20260923,541167,1272,47.98
20260923,541195,8911,58.19
20260923,541206,1,50.0
20260923,541228,7599,100.0
20260923,541233,84114,70.36
20260923,541269,176,100.0
20260923,541276,12074,35.99
20260923,541299,32000,100.0
20260923,541301,9126,67.48
20260923,541302,2099,95.76
20260923,541303,73897,81.17
20260923,541313,1282,62.11
20260923,541336,1052,72.01
20260923,541337,3000,100.0
20260923,541338,193529,85.7
20260923,541347,29028,100.0
20260923,541352,2075,100.0
20260923,541353,12000,71.43
20260923,541358,4588,100.0
20260923,541400,4685,61.19
20260923,541402,2739,65.0
20260923,541403,6786,79.64
20260923,541418,50,62.5
20260923,541444,3064,78.91
20260923,541445,800,50.0
20260923,541450,18303,43.09
20260923,541503,1900,99.89
20260923,541540,7330,38.56
20260923,541546,16739,75.82
20260923,541556,28743,53.55
20260923,541557,300,66.23
20260923,541578,11662,60.35
20260923,541601,2712259,56.04
20260923,541627,8084,100.0
20260923,541634,1131,91.73
20260923,541702,1419477,100.0
20260923,541729,3600,62.92
20260923,541735,35765,65.15
20260923,541741,6718,100.0
20260923,541770,1166,48.22
20260923,541771,479474,100.0
20260923,541778,4710,100.0
20260923,541799,10000,100.0
20260923,541809,18969,86.3
20260923,541865,48286,72.36
20260923,541890,48024,100.0
20260923,541929,5836,66.37
20260923,541946,82717,100.0
20260923,541956,158216,70.0
20260923,541967,29300,39.66
20260923,541972,122,68.54
20260923,541974,2664,57.11
20260923,541988,161854,98.57
20260923,542011,15806,54.92
20260923,542012,984448,100.0
20260923,542013,1395,65.65
20260923,542019,7257,54.77
20260923,542020,20939,100.0
20260923,542025,144000,100.0
20260923,542034,43260,72.86
20260923,542046,32680,88.09
20260923,542057,780,99.11
20260923,542066,21050,37.18
20260923,542123,5411,99.27
20260923,542131,969,71.94
20260923,542141,4497,73.87
20260923,542146,6250,100.0
20260923,542155,10000,100.0
20260923,542176,444,100.0
20260923,542206,56366,100.0
20260923,542216,2616,86.54
20260923,542230,207,100.0
20260923,542231,97376,71.51
20260923,542232,650,67.43
20260923,542233,549,92.11
20260923,542248,21254,87.88
20260923,542285,24672,96.15
20260923,542323,104254,37.42
20260923,542332,7510,100.0
20260923,542333,204,60.53
20260923,542337,2228,70.31
20260923,542351,58,86.57
20260923,542367,1222,87.98
20260923,542376,5,100.0
20260923,542383,2019,90.13
20260923,542399,6413,62.27
20260923,542437,5303,100.0
20260923,542446,74724,80.0
20260923,542459,1558,87.33
20260923,542460,716,43.93
20260923,542484,2731,42.95
20260923,542513,201,100.0
20260923,542524,8081,99.99
20260923,542543,875000,100.0
20260923,542579,253272,53.86
20260923,542580,69660,100.0
20260923,542597,4040,55.92
20260923,542602,5195,68.26
20260923,542627,13394,100.0
20260923,542628,10875,79.95
20260923,542649,128088,61.98
20260923,542650,2376,53.07
20260923,542651,28660,54.47
20260923,542652,6571,59.83
20260923,542654,4188,69.41
20260923,542655,223853,54.82
20260923,542665,6014,63.07
20260923,542666,13598,77.52
20260923,542668,1000,100.0
20260923,542669,69554,70.76
20260923,542670,1837,62.95
20260923,542677,4767,100.0
20260923,542678,137,100.0
20260923,542679,117,100.0
20260923,542682,48,64.86
20260923,542684,1427,100.0
20260923,542694,6,100.0
20260923,542721,34728,100.0
20260923,542725,974735,80.11
20260923,542726,3777,58.77
20260923,542727,480500,78.87
20260923,542729,35,100.0
20260923,542730,3356,70.44
20260923,542747,1328,84.1
20260923,542752,13164,80.55
20260923,542758,278695,94.68
20260923,542759,4191,73.15
20260923,542760,109953,67.15
20260923,542770,2406,68.55
20260923,542772,32925,40.0
20260923,542773,34614,59.21
20260923,542774,27721,53.6
20260923,542802,116389,81.31
20260923,542803,41121,86.87
20260923,542812,918,57.09
20260923,542830,83334,69.74
20260923,542850,6000,100.0
20260923,542851,18467,100.0
20260923,542852,22146,75.66
20260923,542857,4996,64.51
20260923,542862,2605,57.73
20260923,542863,345,83.54
20260923,542865,4809,95.91
20260923,542867,7427,63.07
20260923,542904,299999,68.34
20260923,542905,5246,67.26
20260923,542907,3154,77.65
20260923,542909,116,71.17
20260923,542918,3077,100.0
20260923,542919,5402,71.29
20260923,542920,7950,36.82
20260923,542921,29764,87.48
20260923,542922,1192,98.51
20260923,542933,26,100.0
20260923,543064,40289,65.16
20260923,543066,11023,58.38
20260923,543071,404,97.35
20260923,543079,1,50.0
20260923,543083,1,100.0
20260923,543092,7,70.0
20260923,543110,8,88.89
20260923,543144,1317,99.85
20260923,543150,8032,84.22
20260923,543153,2,50.0
20260923,543161,3,50.0
20260923,543165,70,100.0
20260923,543167,2872,62.68
20260923,543171,10849,95.59
20260923,543172,1500,100.0
20260923,543173,9,56.25
20260923,543174,10786,69.47
20260923,543175,4120,94.26
20260923,543176,151,61.38
20260923,543177,16172,80.53
20260923,543178,284,100.0
20260923,543182,95,95.96
20260923,543186,351,89.54
20260923,543187,1370,45.97
20260923,543193,3638,56.93
20260923,543207,13117,79.78
20260923,543208,21661,94.75
20260923,543209,60000,86.96
20260923,543210,1295,100.0
20260923,543211,294,66.82
20260923,543212,56260,92.68
20260923,543213,2260,71.32
20260923,543214,1250,58.8
20260923,543217,3965,66.17
20260923,543218,252978,83.75
20260923,543219,61228,66.67
20260923,543220,129250,87.26
20260923,543221,10743,95.16
20260923,543223,1319,80.92
20260923,543224,1087,95.94
20260923,543226,458,99.35
20260923,543227,19683,52.82
20260923,543228,15582,45.09
20260923,543229,6,66.67
20260923,543230,2418,81.06
20260923,543231,120,92.31
20260923,543232,85537,64.33
20260923,543233,9019,100.0
20260923,543235,88550,61.31
20260923,543236,341,95.79
20260923,543237,17340,47.24
20260923,543238,2252,52.19
20260923,543240,5675,62.27
20260923,543241,4410,100.0
20260923,543242,7677,68.82
20260923,543243,24433,44.85
20260923,543245,5149,52.54
20260923,543246,213,79.78
20260923,543248,56202,53.57
20260923,543249,5150,67.07
20260923,543250,105,53.03
20260923,543251,961,100.0
20260923,543252,137,100.0
20260923,543253,52736,60.78
20260923,543254,36545,61.99
20260923,543255,269,98.18
20260923,543256,75882,95.59
20260923,543257,202900,57.4
20260923,543258,509,44.85
20260923,543259,1061,56.44
20260923,543260,15159,90.06
20260923,543261,2319,79.5
20260923,543262,8000,100.0
20260923,543263,74377,64.32
20260923,543264,219,100.0
20260923,543265,19465,55.89
20260923,543266,667,76.4
20260923,543267,1141593,76.65
20260923,543268,4415,92.87
20260923,543270,5630,100.0
20260923,543271,8748,43.27
20260923,543272,724248,68.44
20260923,543273,4952,59.68
20260923,543275,3484,45.66
20260923,543276,5698,89.2
20260923,543277,195661,71.38
20260923,543278,56124,44.74
20260923,543279,12868,78.51
20260923,543280,17525,67.45
20260923,543281,17339,86.72
20260923,543283,1734,100.0
20260923,543284,60610,86.97
20260923,543285,24800,96.88
20260923,543287,29712,57.43
20260923,543288,11431,51.55
20260923,543290,95325,78.18
20260923,543291,34153,57.46
20260923,543292,11011,92.1
20260923,543298,1347,94.53
20260923,543299,8070,50.26
20260923,543300,162672,62.03
20260923,543306,137,85.62
20260923,543308,5565,51.06
20260923,543311,10909,57.23
20260923,543312,2133,100.0
20260923,543317,996,48.9
20260923,543318,8363,44.73
20260923,543320,1588115,85.62
20260923,543321,4094,66.36
20260923,543322,3071,56.17
20260923,543323,13064,73.96
20260923,543324,3104,9.77
20260923,543325,159009,46.53
20260923,543326,30014,76.28
20260923,543327,7140,84.43
20260923,543328,2900,59.55
20260923,543329,5474,66.56
20260923,543330,41932,55.61
20260923,543331,33865,56.33
20260923,543332,1746,76.05
20260923,543333,7855,53.9
20260923,543334,6163,55.74
20260923,543335,50276,42.42
20260923,543336,32530,42.96
20260923,543341,3343,99.97
20260923,543346,1000,33.33
20260923,543347,48,100.0
20260923,543348,42,95.45
20260923,543349,7792,49.12
20260923,543350,4294,39.5
20260923,543351,10800,100.0
20260923,543357,11,84.62
20260923,543358,27436,58.68
20260923,543363,26600,76.88
20260923,543364,7292,69.01
20260923,543365,132722,58.99
20260923,543366,6000,100.0
20260923,543367,14421,37.95
20260923,543373,12926,100.0
20260923,543374,7953,80.05
20260923,543375,5000,50.0
20260923,543376,1023,91.26
20260923,543377,50000,83.33
20260923,543378,47000,94.0
20260923,543383,1020,99.13
20260923,543384,58036,53.47
20260923,543386,12436,68.75
20260923,543387,1808,55.04
20260923,543388,313,82.37
20260923,543389,204497,64.93
20260923,543390,57675,54.99
20260923,543391,3750,83.33
20260923,543396,37008,41.61
20260923,543397,19241,34.11
20260923,543398,8309,63.41
20260923,543399,3178,74.55
20260923,543400,6000,100.0
20260923,543401,1807,70.04
20260923,543410,7800,57.14
20260923,543411,11706,45.78
20260923,543412,4723,70.03
20260923,543413,4176,23.57
20260923,543414,42509,82.3
20260923,543415,6851,67.38
20260923,543416,1219,76.86
20260923,543417,5855,47.16
20260923,543419,12600,44.28
20260923,543420,15511,80.07
20260923,543425,3932,38.67
20260923,543426,10209,91.95
20260923,543427,7684,76.69
20260923,543428,14968,53.73
20260923,543433,2342,77.86
20260923,543434,19711,40.71
20260923,543435,4150,50.0
20260923,543437,278952,64.18
20260923,543438,625,100.0
20260923,543440,50,100.0
20260923,543441,19775,70.24
20260923,543442,33,100.0
20260923,543449,70742,60.32
20260923,543450,10225,62.8
20260923,543451,68006,100.0
20260923,543452,36717,55.81
20260923,543454,211,64.92
20260923,543458,77932,63.6
20260923,543460,1000,50.0
20260923,543461,5000,100.0
20260923,543462,12380,90.48
20260923,543463,5165,60.32
20260923,543464,9000,64.29
20260923,543465,77,85.56
20260923,543470,50,100.0
20260923,543471,11585,46.86
20260923,543472,2733,89.46
20260923,543473,12897,94.45
20260923,543474,8956,79.15
20260923,543475,800,100.0
20260923,543480,19,100.0
20260923,543481,69303,71.72
20260923,543482,4634,68.32
20260923,543489,7456,65.35
20260923,543490,202420,67.31
20260923,543497,8000,62.5
20260923,543498,629264,71.04
20260923,543499,23568,100.0
20260923,543500,24000,100.0
20260923,543501,204400,91.2
20260923,543512,90670,90.38
20260923,543513,5428,100.0
20260923,543514,2043,47.94
20260923,543515,26250,88.61
20260923,543516,170800,100.0
20260923,543517,2839,71.51
20260923,543520,27000,100.0
20260923,543522,750,100.0
20260923,543523,4700,44.31
20260923,543524,3222,73.58
20260923,543525,11150,17.32
20260923,543526,54494,67.65
20260923,543527,849,65.97
20260923,543528,2494,42.78
20260923,543529,31430,57.8
20260923,543530,81817,67.75
20260923,543531,1080,95.07
20260923,543532,1002,43.32
20260923,543533,17310,40.63
20260923,543534,1751,47.61
20260923,543538,26000,92.86
20260923,543539,1007,92.39
20260923,543540,600,100.0
20260923,543542,3300,21.15
20260923,543543,2200,100.0
20260923,543545,66800,100.0
20260923,543546,48000,80.0
20260923,543547,5792,74.52
20260923,543563,2191,81.18
20260923,543568,44254,85.44
20260923,543569,623,78.27
20260923,543570,2595,84.94
20260923,543571,3698,75.5
20260923,543572,200535,77.27
20260923,543573,42570,26.24
20260923,543574,1387,82.27
20260923,543575,424,99.3
20260923,543576,1911,85.16
20260923,543590,36668,100.0
20260923,543591,7873,80.0
20260923,543592,88533,78.17
20260923,543593,7875,67.05
20260923,543594,42000,70.0
20260923,543596,8272,66.39
20260923,543597,9750,78.34
20260923,543599,1270,83.77
20260923,543600,2350,67.1
20260923,543605,44,100.0
20260923,543606,12000,92.31
20260923,543607,755,80.49
20260923,543608,135,100.0
20260923,543613,4000,100.0
20260923,543614,43,100.0
20260923,543615,1600,100.0
20260923,543616,84600,87.58
20260923,543619,1800,78.26
20260923,543620,39565,59.89
20260923,543622,10800,60.0
20260923,543626,117871,50.74
20260923,543627,15,100.0
20260923,543628,402,93.49
20260923,543635,96969,50.3
20260923,543636,2216,70.6
20260923,543637,38400,80.0
20260923,543638,13698,80.66
20260923,543643,11309,82.07
20260923,543644,8848,70.06
20260923,543650,16699,76.72
20260923,543652,6588,76.33
20260923,543653,44467,25.98
20260923,543654,1603,40.51
20260923,543655,1775000,91.03
20260923,543656,4000,100.0
20260923,543657,492909,96.43
20260923,543663,19853,36.76
20260923,543664,37721,44.59
20260923,543665,4403,95.59
20260923,543666,11542,99.93
20260923,543667,25916,42.98
20260923,543668,282,99.65
20260923,543669,1526,28.05
20260923,543670,26194,96.8
20260923,543671,2999,88.89
20260923,543677,13070,93.91
20260923,543678,6000,66.67
20260923,543686,7148,79.61
20260923,543687,6509,83.72
20260923,543688,82736,56.99
20260923,543689,4428,67.11
20260923,543699,103,90.35
20260923,543709,11875,64.63
20260923,543710,736,96.71
20260923,543711,15719,65.06
20260923,543712,534,95.53
20260923,543713,18000,75.0
20260923,543714,1960,45.0
20260923,543720,30323,59.04
20260923,543725,2211,78.07
20260923,543732,12933,86.5
20260923,543737,1684,99.35
20260923,543738,6,100.0
20260923,543743,4,100.0
20260923,543745,36000,42.86
20260923,543746,60000,83.33
20260923,543747,25271,91.18
20260923,543748,39091,30.93
20260923,543753,33000,100.0
20260923,543754,4000,100.0
20260923,543766,1163,100.0
20260923,543767,22268,89.0
20260923,543768,422345,51.5
20260923,543774,4243,99.86
20260923,543775,15785,68.73
20260923,543776,4809,57.01
20260923,543781,15935,65.03
20260923,543782,16560,89.32
20260923,543787,1485,64.29
20260923,543798,24000,100.0
20260923,543799,750,50.0
20260923,543806,7000,49.3
20260923,543811,7282,97.05
20260923,543812,4763,58.45
20260923,543813,850,100.0
20260923,543814,1000,100.0
20260923,543819,1436,90.71
20260923,543828,120000,66.67
20260923,543829,3852,77.32
20260923,543831,6000,94.12
20260923,543848,20000,100.0
20260923,543853,16,53.33
20260923,543860,23,100.0
20260923,543861,5317,98.3
20260923,543874,27000,75.0
20260923,543895,84500,78.79
20260923,543896,4696,52.97
20260923,543897,1500,100.0
20260923,543898,966,96.79
20260923,543899,1560,83.16
20260923,543900,3768,44.66
20260923,543902,20000,71.43
20260923,543903,41613,81.14
20260923,543904,7273,65.11
20260923,543905,2400,100.0
20260923,543910,380,100.0
20260923,543911,169160,36.19
20260923,543912,2502,99.8
20260923,543913,2735,77.79
20260923,543914,24152,100.0
20260923,543915,2036,95.68
20260923,543916,72400,64.41
20260923,543917,1971,96.66
20260923,543918,11475,47.39
20260923,543919,12894,84.58
20260923,543920,12501,51.94
20260923,543921,2000,100.0
20260923,543922,2905,77.43
20260923,543923,15020,59.49
20260923,543924,6000,50.0
20260923,543926,30000,49.02
20260923,543927,581,67.48
20260923,543928,6300,79.75
20260923,543929,20606,43.75
20260923,543930,678,100.0
20260923,543931,85400,64.99
20260923,543932,14664,66.09
20260923,543933,14672,61.89
20260923,543934,176,100.0
20260923,543935,37,100.0
20260923,543936,21795,40.99
20260923,543937,12000,100.0
20260923,543939,3000,85.71
20260923,543940,292487,73.79
20260923,543941,400,100.0
20260923,543942,211358,66.73
20260923,543943,47000,83.93
20260923,543944,833,100.0
20260923,543945,18852,38.28
20260923,543946,34591,99.88
20260923,543947,1251,49.78
20260923,543948,1224,87.93
20260923,543949,60,100.0
20260923,543950,11737,51.86
20260923,543952,3808,78.86
20260923,543953,2500,14.71
20260923,543954,35744,74.6
20260923,543955,10040,90.54
20260923,543956,585,94.81
20260923,543957,23568,57.68
20260923,543958,20647,79.17
20260923,543959,31689,58.32
20260923,543960,3602,45.85
20260923,543962,181,100.0
20260923,543963,90000,54.55
20260923,543965,20069,58.37
20260923,543969,1168,61.57
20260923,543970,6000,100.0
20260923,543971,170600,58.83
20260923,543972,47967,49.66
20260923,543973,3000,100.0
20260923,543974,46923,79.96
20260923,543976,6168,77.4
20260923,543977,4305,66.4
20260923,543978,78938,37.95
20260923,543980,2276,77.6
20260923,543981,4271,38.18
20260923,543982,10200,73.91
20260923,543983,4470,59.48
20260923,543984,14384,60.86
20260923,543985,36410,57.17
20260923,543986,5607,58.47
20260923,543988,1524,51.89
20260923,543989,39432,57.75
20260923,543990,2370,14.85
20260923,543991,4000,90.91
20260923,543992,31965,61.58
20260923,543993,655,93.3
20260923,543994,146475,53.98
20260923,543995,46303,58.34
20260923,543996,20628,88.01
20260923,543997,51300,47.9
20260923,543998,8585,100.0
20260923,543999,396,80.65
20260923,544000,12000,100.0
20260923,544001,24875,100.0
20260923,544003,18860,89.25
20260923,544004,1114,78.9
20260923,544006,20575,94.1
20260923,544007,20362,85.31
20260923,544008,3601,77.03
20260923,544009,13082,58.94
20260923,544012,14245,69.66
20260923,544013,3000,100.0
20260923,544014,83702,89.7
20260923,544015,500,100.0
20260923,544020,57282,100.0
20260923,544021,49208,27.54
20260923,544022,10644,54.86
20260923,544023,16500,100.0
20260923,544025,1800,100.0
20260923,544026,111439,54.22
20260923,544027,20160,66.65
20260923,544028,44329,55.13
20260923,544029,15942,58.81
20260923,544030,2482,24.26
20260923,544035,43200,90.0
20260923,544036,800,100.0
20260923,544037,20200,50.37
20260923,544042,3144,68.01
20260923,544043,7,100.0
20260923,544044,1667,58.14
20260923,544045,1086,79.1
20260923,544046,8660,49.36
20260923,544047,18000,70.59
20260923,544053,1776580,46.48
20260923,544054,4418,44.98
20260923,544055,16880,71.77
20260923,544057,1819,61.43
20260923,544058,3130,91.36
20260923,544060,7928,100.0
20260923,544061,10424,59.52
20260923,544066,10,100.0
20260923,544067,12336,51.55
20260923,544072,1600,50.0
20260923,544073,5000,100.0
20260923,544074,6600,100.0
20260923,544079,1463,97.34
20260923,544080,1,100.0
20260923,544081,40657,46.95
20260923,544082,4000,66.67
20260923,544088,5180,47.59
20260923,544089,905559,88.17
20260923,544090,39,75.0
20260923,544091,1600,100.0
20260923,544092,17,94.44
20260923,544093,1058,94.55
20260923,544094,1200,100.0
20260923,544095,12897,54.77
20260923,544100,716,94.58
20260923,544101,800,100.0
20260923,544102,184,100.0
20260923,544105,7500,100.0
20260923,544107,13054,51.49
20260923,544108,2400,100.0
20260923,544109,1321,81.44
20260923,544110,70,29.41
20260923,544111,7151,86.38
20260923,544112,610,85.67
20260923,544117,101327,99.53
20260923,544118,17477,50.96
20260923,544119,8634,46.18
20260923,544120,847,78.79
20260923,544122,19246,86.42
20260923,544123,51,100.0
20260923,544124,1432,95.72
20260923,544129,5707,71.62
20260923,544130,112269,91.7
20260923,544131,2688,32.55
20260923,544132,147663,58.55
20260923,544133,91316,64.44
20260923,544134,1029,78.25
20260923,544135,92891,100.0
20260923,544136,2932,89.09
20260923,544137,7389,87.62
20260923,544138,11916,57.13
20260923,544139,6000,100.0
20260923,544140,6251,39.85
20260923,544141,24000,83.33
20260923,544142,17528,69.44
20260923,544143,500,100.0
20260923,544144,1843,79.99
20260923,544149,552,95.5
20260923,544150,34500,76.24
20260923,544151,7000,100.0
20260923,544158,3524,73.36
20260923,544159,64491,98.96
20260923,544160,108800,100.0
20260923,544161,1033,68.87
20260923,544162,52640,96.19
20260923,544164,12000,100.0
20260923,544165,1500,100.0
20260923,544166,8400,100.0
20260923,544167,2423,64.42
20260923,544168,1000,50.0
20260923,544169,12000,75.0
20260923,544170,16000,88.89
20260923,544171,6400,100.0
20260923,544172,208123,97.23
20260923,544173,7000,100.0
20260923,544174,68444,92.59
20260923,544175,2400,100.0
20260923,544176,8201,62.11
20260923,544177,4000,100.0
20260923,544178,1200,33.33
20260923,544179,4614,47.53
20260923,544180,2203,59.09
20260923,544181,11580,64.61
20260923,544182,100,89.29
20260923,544184,13622,72.44
20260923,544185,57902,76.12
20260923,544186,39292,80.45
20260923,544187,12377,100.0
20260923,544188,4000,100.0
20260923,544189,11500,85.19
20260923,544190,4000,100.0
20260923,544191,38511,83.27
20260923,544192,19424,32.67
20260923,544193,23745,92.54
20260923,544194,8499,81.95
20260923,544195,2000,100.0
20260923,544196,1,33.33
20260923,544197,778,97.49
20260923,544198,7892,40.69
20260923,544199,16800,91.3
20260923,544200,32302,81.12
20260923,544201,74000,84.09
20260923,544202,3318,88.57
20260923,544203,5857646,71.15
20260923,544204,2085,78.8
20260923,544205,448,100.0
20260923,544206,27900,62.85
20260923,544207,468,99.79
20260923,544209,201393,99.16
20260923,544210,2075,65.89
20260923,544212,6313,54.58
20260923,544213,22200,78.72
20260923,544215,1591,70.55
20260923,544216,28237,84.74
20260923,544217,4809,49.57
20260923,544218,10056,82.94
20260923,544219,20400,82.93
20260923,544222,6270,44.08
20260923,544223,21464,60.83
20260923,544224,40200,74.44
20260923,544225,12932191,51.72
20260923,544226,181201,45.98
20260923,544227,30216,55.17
20260923,544229,367926,75.28
20260923,544230,40536,87.63
20260923,544232,2913,58.36
20260923,544233,684,96.07
20260923,544235,6586,83.14
20260923,544238,394343,91.81
20260923,544239,2874,80.96
20260923,544240,9922,46.18
20260923,544241,3024,55.14
20260923,544243,22651,35.99
20260923,544244,14545,60.82
20260923,544246,202,99.51
20260923,544247,2901,65.37
20260923,544248,3600,100.0
20260923,544249,1432,98.9
20260923,544250,90,64.75
20260923,544251,4800,100.0
20260923,544252,207721,71.18
20260923,544253,142757,40.47
20260923,544254,6260,86.84
20260923,544256,17156,51.38
20260923,544257,1500,100.0
20260923,544258,4470,59.21
20260923,544259,3000,100.0
20260923,544260,22485,58.09
20260923,544261,2992,60.42
20260923,544262,26116,55.67
20260923,544263,7596,58.11
20260923,544264,5133,63.5
20260923,544267,7200,75.0
20260923,544268,157618,80.17
20260923,544270,1200,100.0
20260923,544271,60949,62.65
20260923,544272,3200,100.0
20260923,544273,10523,88.76
20260923,544274,9324,50.78
20260923,544275,3249,94.92
20260923,544276,52995,91.74
20260923,544277,35650,53.97
20260923,544278,2513,100.0
20260923,544279,12606,88.46
20260923,544280,855513,96.11
20260923,544281,29862,100.0
20260923,544282,151381,67.77
20260923,544283,97974,49.96
20260923,544284,5441,92.06
20260923,544285,4872687,69.84
20260923,544286,12133,52.02
20260923,544288,21005,51.25
20260923,544289,563012,79.36
20260923,544290,15493,55.2
20260923,544291,29100,70.63
20260923,544292,1911,65.29
20260923,544293,3944,45.64
20260923,544294,7051,36.04
20260923,544296,13200,75.0
20260923,544301,7532,97.3
20260923,544302,445,4.21
20260923,544303,900,75.0
20260923,544304,12800,88.89
20260923,544305,41733,47.39
20260923,544306,202893,98.27
20260923,544307,844851,55.25
20260923,544308,4941,83.17
20260923,544309,18387,35.65
20260923,544310,27250,61.58
20260923,544311,30234,61.51
20260923,544312,4000,50.0
20260923,544313,4000,100.0
20260923,544314,16495,62.13
20260923,544315,7343,69.79
20260923,544316,5399,50.23
20260923,544317,277710,32.25
20260923,544318,12664,66.33
20260923,544319,2460,46.42
20260923,544320,8187,49.65
20260923,544321,207,81.5
20260923,544322,6442,30.93
20260923,544323,7083,66.51
20260923,544324,6000,100.0
20260923,544325,146816,64.04
20260923,544326,4726,100.0
20260923,544327,8000,100.0
20260923,544328,56024,86.11
20260923,544329,42000,91.3
20260923,544330,10000,100.0
20260923,544331,10000,100.0
20260923,544332,32000,62.5
20260923,544333,8330,37.0
20260923,544334,36750,100.0
20260923,544335,10000,100.0
20260923,544336,10359,58.7
20260923,544337,8000,100.0
20260923,544338,3909,80.1
20260923,544339,2192,71.03
20260923,544340,32000,86.96
20260923,544341,4800,100.0
20260923,544342,20529,100.0
20260923,544343,2800,77.78
20260923,544344,276,64.34
20260923,544345,3285,65.15
20260923,544346,166,91.21
20260923,544347,1000,100.0
20260923,544348,9600,88.89
20260923,544350,5261,30.2
20260923,544353,10800,81.82
20260923,544354,48900,71.81
20260923,544355,672,64.18
20260923,544356,3522,67.26
20260923,544361,2879,86.38
20260923,544362,5271,68.81
20260923,544363,101,49.27
20260923,544364,1205,76.03
20260923,544365,6000,75.0
20260923,544366,4800,100.0
20260923,544367,15974,61.12
20260923,544368,1200,100.0
20260923,544369,5600,100.0
20260923,544370,1800,75.0
20260923,544371,13473,77.36
20260923,544373,54400,97.14
20260923,544375,864,74.42
20260923,544376,272,99.63
20260923,544377,49,100.0
20260923,544379,4909,82.1
20260923,544380,2671,96.74
20260923,544381,3600,100.0
20260923,544382,1166,88.67
20260923,544383,27600,100.0
20260923,544384,126079,70.99
20260923,544385,950,77.61
20260923,544386,1199,100.0
20260923,544387,12000,60.0
20260923,544389,1239,57.04
20260923,544390,3996,49.92
20260923,544391,9000,100.0
20260923,544392,2000,50.0
20260923,544393,1600,100.0
20260923,544394,3615,30.65
20260923,544395,113046,82.77
20260923,544396,1373,69.03
20260923,544397,609600,75.59
20260923,544398,12000,100.0
20260923,544399,6000,83.33
20260923,544400,6000,100.0
20260923,544402,17421,48.41
20260923,544403,45091,74.91
20260923,544404,3085,86.12
20260923,544405,271393,79.93
20260923,544406,130400,64.94
20260923,544407,63219,49.21
20260923,544408,5145,54.18
20260923,544409,1000,100.0
20260923,544410,44999,45.71
20260923,544411,84406,64.72
20260923,544413,21132,66.94
20260923,544414,31039,50.37
20260923,544415,21,36.21
20260923,544416,917,68.43
20260923,544417,9600,100.0
20260923,544418,74803,56.3
20260923,544419,79241,40.58
20260923,544420,287435,38.85
20260923,544421,26359,55.45
20260923,544423,806,62.77
20260923,544424,1073,85.09
20260923,544425,2400,100.0
20260923,544426,2400,66.67
20260923,544427,529,100.0
20260923,544428,20400,54.84
20260923,544429,5043,60.94
20260923,544430,146164,39.46
20260923,544431,3000,100.0
20260923,544432,2149,78.86
20260923,544433,7200,100.0
20260923,544434,44000,100.0
20260923,544435,8800,84.62
20260923,544436,1200,100.0
20260923,544437,1200,100.0
20260923,544438,6452,96.21
20260923,544439,12690,65.43
20260923,544440,17250,100.0
20260923,544441,14400,75.0
20260923,544442,42600,71.0
20260923,544443,1055,66.48
20260923,544444,21600,100.0
20260923,544445,21000,100.0
20260923,544446,1911,67.77
20260923,544447,446,63.9
20260923,544448,14204,55.49
20260923,544449,27162,59.38
20260923,544450,390,100.0
20260923,544451,10800,69.23
20260923,544452,10000,100.0
20260923,544453,21600,70.59
20260923,544454,4602,80.92
20260923,544455,52132,57.32
20260923,544456,13012,100.0
20260923,544457,902378,99.86
20260923,544458,113000,71.07
20260923,544459,402267,46.23
20260923,544460,24000,100.0
20260923,544461,233,97.08
20260923,544463,70800,100.0
20260923,544464,232000,45.67
20260923,544465,7394,56.79
20260923,544466,5991,72.5
20260923,544467,259758,68.89
20260923,544468,27600,85.19
20260923,544469,103987,100.0
20260923,544470,4219,63.37
20260923,544471,2000,100.0
20260923,544472,3200,40.0
20260923,544473,68660,70.2
20260923,544475,4000,66.67
20260923,544476,12612,50.11
20260923,544477,7374,95.69
20260923,544478,85,85.0
20260923,544479,2066,78.47
20260923,544480,51330,46.76
20260923,544481,1828263,98.79
20260923,544482,2000,66.67
20260923,544484,291153,36.58
20260923,544485,110379,41.24
20260923,544486,79093,99.59
20260923,544487,1301,81.62
20260923,544488,26002,56.87
20260923,544489,34800,50.0
20260923,544490,4014,21.56
20260923,544491,3610,80.08
20260923,544492,1409,44.65
20260923,544493,111,99.11
20260923,544494,3200,100.0
20260923,544495,31200,86.67
20260923,544496,40199,52.88
20260923,544497,4516414,39.51
20260923,544498,1600,100.0
20260923,544499,462,97.47
20260923,544501,66000,100.0
20260923,544502,535,100.0
20260923,544503,14000,87.5
20260923,544504,6800,94.44
20260923,544505,6000,42.86
20260923,544506,4800,100.0
20260923,544507,34034,89.97
20260923,544508,4800,100.0
20260923,544509,1600,100.0
20260923,544510,0,0.0
20260923,544511,156800,84.12
20260923,544512,2532,43.23
20260923,544513,5409,89.87
20260923,544514,2400,100.0
20260923,544515,231027,62.26
20260923,544516,40500,73.64
20260923,544517,2566,76.55
20260923,544518,32800,100.0
20260923,544519,9473,77.17
20260923,544520,10800,100.0
20260923,544521,4236,71.34
20260923,544522,3,75.0
20260923,544523,5186,60.38
20260923,544524,37600,69.12
20260923,544525,19053,73.4
20260923,544526,7303,61.25
20260923,544527,2744,47.22
20260923,544528,7434,76.17
20260923,544529,19200,100.0
20260923,544530,12900,67.51
20260923,544531,6600,78.57
20260923,544532,6204,42.08
20260923,544533,4792,89.89
20260923,544534,1540,19.3
20260923,544535,4800,66.67
20260923,544537,192113,47.84
20260923,544538,26000,100.0
20260923,544540,28194,58.01
20260923,544541,28200,77.05
20260923,544542,5000,100.0
20260923,544543,9977,85.04
20260923,544544,30000,100.0
20260923,544545,23964,70.93
20260923,544546,15600,92.86
20260923,544547,887,99.89
20260923,544550,70297,53.05
20260923,544551,6000,75.0
20260923,544552,2400,100.0
20260923,544553,1600,100.0
20260923,544554,42000,100.0
20260923,544555,1200,100.0
20260923,544557,5024,99.88
20260923,544558,2403,79.97
20260923,544559,17600,100.0
20260923,544560,2000,25.0
20260923,544561,36000,85.71
20260923,544562,29956,78.02
20260923,544563,9500,100.0
20260923,544564,902,100.0
20260923,544565,70000,100.0
20260923,544566,3000,66.67
20260923,544567,2000,100.0
20260923,544568,26400,81.48
20260923,544569,425231,68.33
20260923,544570,1162,73.13
20260923,544571,14000,93.33
20260923,544572,32969,96.47
20260923,544574,238265,71.3
20260923,544575,22000,95.65
20260923,544576,104546,83.06
20260923,544578,18765,46.32
20260923,544579,1458,99.25
20260923,544580,17476,64.09
20260923,544581,6071,60.28
20260923,544582,19200,64.0
20260923,544583,16883,59.8
20260923,544584,27000,100.0
20260923,544585,30000,78.95
20260923,544586,13518,86.35
20260923,544587,778,75.24
20260923,544594,14400,92.31
20260923,544595,3100,62.71
20260923,544596,14400,92.31
20260923,544597,69036,85.54
20260923,544598,22894,100.0
20260923,544599,3304,67.82
20260923,544600,334468,86.47
20260923,544601,501,97.09
20260923,544602,101123,65.11
20260923,544603,445184,55.59
20260923,544604,5936,53.72
20260923,544605,3267,90.8
20260923,544606,847040,43.15
20260923,544607,94800,83.16
20260923,544608,171031,65.33
20260923,544609,202863,36.14
20260923,544610,13800,53.49
20260923,544611,76800,83.12
20260923,544612,160950,75.4
20260923,544613,7405,50.52
20260923,544614,13345,33.04
20260923,544615,3963,100.0
20260923,544616,18000,90.0
20260923,544617,23143,46.82
20260923,544619,6230,57.25
20260923,544621,5000,62.5
20260923,544622,293252,46.38
20260923,544623,13200,52.38
20260923,544625,5400,100.0
20260923,544626,22000,100.0
20260923,544627,3000,100.0
20260923,544628,16000,36.36
20260923,544629,1000,100.0
20260923,544630,2400,100.0
20260923,544631,327,92.37
20260923,544632,39226967,97.03
20260923,544633,47567,57.46
20260923,544634,132172,53.74
20260923,544635,19200,92.31
20260923,544636,6000,60.0
20260923,544637,202800,71.31
20260923,544638,30,46.88
20260923,544639,770,85.27
20260923,544640,12000,100.0
20260923,544641,6600,91.67
20260923,544642,6288,55.86
20260923,544643,2000,100.0
20260923,544644,1063,67.71
20260923,544645,28371,57.49
20260923,544646,30000,75.0
20260923,544647,73207,95.68
20260923,544648,2000,100.0
20260923,544651,4,100.0
20260923,544654,2004,100.0
20260923,544656,56000,60.87
20260923,544657,15600,89.66
20260923,544658,8538,75.64
20260923,544660,3900,90.3
20260923,544661,501,93.82
20260923,544663,10000,100.0
20260923,544664,6975,47.73
20260923,544666,31263,63.02
20260923,544667,9600,100.0
20260923,544668,20400,87.18
20260923,544669,7200,100.0
20260923,544670,60600,100.0
20260923,544671,26000,96.3
20260923,544673,20800,81.25
20260923,544674,50,100.0
20260923,544675,11200,100.0
20260923,544676,7200,100.0
20260923,544677,28800,100.0
20260923,544678,297159,56.65
20260923,544679,10916,52.97
20260923,544680,480,100.0
20260923,544681,29000,54.72
20260923,544682,37200,77.5
20260923,544683,12000,100.0
20260923,544684,49200,100.0
20260923,544685,213725,48.67
20260923,544686,2000,100.0
20260923,544687,10000,100.0
20260923,544688,2000,50.0
20260923,544693,9600,100.0
20260923,544695,33000,100.0
20260923,544698,6400,57.14
20260923,544699,30757,49.88
20260923,544700,8014,63.74
20260923,544701,1521,73.58
20260923,544702,51384,76.06
20260923,544703,84851,91.29
20260923,544704,3796,60.54
20260923,544705,14009,99.19
20260923,544707,11400,90.48
20260923,544708,9600,100.0
20260923,544709,22729,63.46
20260923,544710,33000,91.67
20260923,544711,11000,84.62
20260923,544716,5661,98.69
20260923,544717,52430,44.89
20260923,544718,4506,61.41
20260923,544720,16355,49.19
20260923,544721,76007,90.8
20260923,544722,3858,99.48
20260923,544723,107465,97.9
20260923,544724,15000,71.43
20260923,544725,8,100.0
20260923,544726,4637,100.0
20260923,544731,11755,57.95
20260923,544732,1957,69.3
20260923,544733,5729,71.73
20260923,544734,527,85.28
20260923,544735,50000,78.12
20260923,544736,407,99.75
20260923,544737,11000,81.18
20260923,544738,4000,80.0
20260923,544739,25652,40.35
20260923,544740,68800,100.0
20260923,544741,4800,100.0
20260923,544742,2420,65.83
20260923,544743,48076,62.23
20260923,544744,8422,73.85
20260923,544745,237,95.95
20260923,544746,12800,88.89
20260923,544748,595891,53.77
20260923,544750,1382,74.02
20260923,544751,172800,92.9
20260923,544752,1,100.0
20260923,544753,94,80.34
20260923,544754,28746,39.35
20260923,544755,16000,100.0
20260923,544756,16934,87.61
20260923,544757,56,100.0
20260923,544758,5879,85.31
20260923,544759,15000,62.5
20260923,544760,340,95.24
20260923,544763,1717,98.56
20260923,544764,73128,69.4
20260923,544765,84800,100.0
20260923,544766,550,50.46
20260923,544767,6000,100.0
20260923,544768,4000,100.0
20260923,544769,4800,100.0
20260923,544770,43200,77.14
20260923,544771,30000,51.72
20260923,544772,98000,76.56
20260923,544773,64000,65.31
20260923,544774,2000,50.0
20260923,544777,38675,67.87
20260923,544779,10400,86.67
20260923,544780,508209,63.38
20260923,544781,1849412,46.72
20260923,544782,517918,33.91
20260923,544783,366560,100.0
20260923,544784,1768156,74.78
20260923,544785,29690,100.0
20260923,544786,2224,64.04
20260923,544793,182000,100.0
20260923,544794,200400,83.5
20260923,544795,5320,96.92
20260923,544796,10000,89.29
20260923,544797,6000,100.0
20260923,544799,29371,57.33
20260923,544800,56000,92.11
20260923,544802,79537,56.25
20260923,544803,29726,60.1
20260923,544805,1800,100.0
20260923,544806,25363,62.54
20260923,544807,3000,100.0
20260923,544808,257730,59.62
20260923,544809,284000,70.65
20260923,544810,14400,69.23
20260923,544811,14000,73.68
20260923,544812,30000,57.69
20260923,544813,2000,100.0
20260923,544814,30096,59.08
20260923,544821,30899,47.04
20260923,544822,32763,45.46
20260923,544823,61200,100.0
20260923,544825,13208,57.84
20260923,544826,35600,64.49
20260923,544827,304,98.7
20260923,544828,1,100.0
20260923,544829,24444,66.81
20260923,544830,49425,90.36
20260923,544831,4971,65.01
20260923,544832,9600,84.21
20260923,544833,31457,62.3
20260923,544834,6000,55.56
20260923,544835,4000,100.0
20260923,544837,94651,38.1
20260923,544838,99933,54.51
20260923,544839,20512,43.23
20260923,544840,147000,97.35
20260923,544841,55,100.0
20260923,544842,53,98.15
20260923,544843,6000,100.0
20260923,544844,89600,63.82
20260923,544845,6331,96.13
20260923,544846,141,100.0
20260923,544847,231935,78.36
20260923,544848,30400,100.0
20260923,544849,11,100.0
20260923,544850,304,100.0
20260923,544851,54916,42.0
20260923,544852,1200,100.0
20260923,544853,32116,61.83
20260923,544854,20400,94.44
20260923,544855,24882,91.59
20260923,544856,6400,66.67
20260923,544858,10800,90.0
20260923,544859,43000,86.0
20260923,544860,140349,48.93
20260923,544861,28758,100.0
20260923,544862,24293,43.96
20260923,544863,13200,84.62
20260923,544864,96389,44.77
20260923,544865,120677,63.67
20260923,544866,3092772,96.08
20260923,544867,52488,41.46
20260923,544868,507701,81.29
20260923,544869,12000,85.71
20260923,544870,41775,66.15
20260923,544871,65844,47.57
20260923,544872,138000,56.65
20260923,544873,11882,88.53
20260923,544874,19,100.0
20260923,544876,6000,71.43
20260923,544877,119000,100.0
20260923,544878,74,84.09
20260923,544879,181675,65.45
20260923,544880,69996,49.96
20260923,544881,20288,72.32
20260923,544882,337616,57.72
20260923,544883,218000,90.08
20260923,544884,28800,82.76
20260923,544885,147152,55.38
20260923,544886,103197,47.77
20260923,544888,32258,60.02
20260923,544889,100995,44.72
20260923,544890,113527,48.54
20260923,544891,172923,64.73
20260923,544892,7783,76.29
20260923,544893,61520,40.92
20260923,544894,774479,58.42
20260923,544895,265600,74.11
20260923,544897,201000,83.75
20260923,544898,118004,55.81
20260923,544899,36067,53.26
20260923,544900,31000,67.39
20260923,544901,6569,54.94
20260923,544902,6000,60.0
20260923,544903,166784,58.41
20260923,544904,848400,88.38
20260923,544905,8000,100.0
20260923,544906,10630,53.29
20260923,544908,612,100.0
20260923,544909,274053,40.13
20260923,544910,42000,100.0
20260923,544911,494363,38.82
20260923,544912,58847,59.57
20260923,544913,1494963,43.03
20260923,544914,244715,47.23
20260923,544915,150551,35.84
20260923,544916,225026,44.32
20260923,544917,189642,56.41
20260923,544918,84977,38.3
20260923,544919,454800,100.0
20260923,544920,283200,100.0
20260923,544921,985509,68.82
20260923,544922,129600,100.0
20260923,544923,67502,100.0
20260923,544924,168400,100.0
20260923,544925,363000,100.0
20260923,544927,707,100.0
20260923,544928,147200,100.0
20260923,544929,188123,100.0
20260923,544930,68400,100.0
20260923,544931,800,100.0
20260923,544932,100000,100.0
20260923,544933,332000,100.0
20260923,544934,2665344,32.97
20260923,544935,1356542,100.0
20260923,544936,9733253,56.7
20260923,555555,729,92.05
20260923,570002,2432,100.0
20260923,570004,8182,95.94
20260923,570005,91883,100.0
20260923,590003,280134,81.8
20260923,590005,1109,81.48
20260923,590006,1495,73.03
20260923,590013,2406,65.26
20260923,590021,343,66.34
20260923,590024,2476,55.68
20260923,590025,20,100.0
20260923,590030,39015,78.22
20260923,590031,476,87.02
20260923,590041,213825,100.0
20260923,590051,8387,62.3
20260923,590056,110,79.14
20260923,590057,82,100.0
20260923,590062,7310,53.29
20260923,590065,649,75.82
20260923,590066,2662,73.05
20260923,590068,142,94.04
20260923,590070,45940,78.99
20260923,590071,621,62.35
20260923,590072,348,100.0
20260923,590073,8944,51.63
20260923,590075,424,58.89
20260923,590078,2740,56.24
20260923,590086,217,59.45
20260923,590095,747191,65.53
20260923,590096,51392,57.62
20260923,590097,26983,65.89
20260923,590098,39512,63.74
20260923,590099,1996,62.24
20260923,590101,14195,79.31
20260923,590103,76907,69.91
20260923,590104,8530,60.17
20260923,590106,7294,59.1
20260923,590107,7686,81.21
20260923,590108,15217,79.99
20260923,590109,298,76.21
20260923,590110,517,74.82
20260923,590113,6589,55.32
20260923,590115,447,99.55
20260923,590134,696,75.98
20260923,590136,12902,91.08
20260923,590137,1633,97.09
20260923,590138,8845,73.54
20260923,590139,3232,85.25
20260923,590140,1155728,55.6
20260923,590141,520969,82.85
20260923,590142,366504,88.91
20260923,590143,4358,97.6
20260923,590144,5040,63.44
20260923,590145,257371,58.99
20260923,590146,618,64.51
20260923,590147,1078,69.73
20260923,590148,152896,82.15
20260923,590149,17395,69.86
20260923,590150,95057,98.09
20260923,590151,1499,74.32
20260923,590152,29968,84.4
20260923,590153,4403,89.58
20260923,590154,107311,89.76
20260923,590155,10930,68.08
20260923,590156,27139,79.97
20260923,590157,7989,78.31
20260923,590158,18045,81.09
20260923,590159,3238,61.34
20260923,590160,92,31.29
20260923,590161,885985,48.9
20260923,710058,50,100.0
20260923,751132,24000,100.0
20260923,751141,14910,100.0
20260923,751142,240115,100.0
20260923,751143,25873,100.0
20260923,800177,2000,100.0
20260923,800181,1,100.0
20260923,800290,2,100.0
20260923,800295,12,100.0
20260923,800296,3,100.0
20260923,800297,7,87.5
20260923,800301,11,100.0
20260923,800312,10,100.0
20260923,800317,1142,100.0
20260923,800318,5,100.0
20260923,800320,1,100.0
20260923,800322,2,100.0
20260923,800324,37,100.0
20260923,800325,61,95.31
20260923,800326,1,100.0
20260923,800327,13,92.86
20260923,800328,1,100.0
20260923,800329,7,100.0
20260923,800331,9,69.23
20260923,800332,35,89.74
20260923,800333,1,100.0
20260923,800339,8,80.0
20260923,800340,12,85.71
20260923,800341,18,100.0
20260923,800342,1,100.0
20260923,800366,1,20.0
20260923,800367,10,100.0
20260923,800385,22,70.97
20260923,800386,133,96.38
20260923,800428,244,100.0
20260923,800434,2,100.0
20260923,800435,500,100.0
20260923,800437,6,85.71
20260923,800438,13,68.42
20260923,800439,4,100.0
20260923,800441,6100,89.71
20260923,800443,20,100.0
20260923,800488,88,97.78
20260923,800517,209,100.0
20260923,800573,5,100.0
20260923,800575,29,96.67
20260923,800580,102,97.14
20260923,800588,1,100.0
20260923,800596,137,52.29
20260923,800598,26480,100.0
20260923,800603,146,96.69
20260923,800605,134,78.36
20260923,800606,1015000,100.0
20260923,800607,101,100.0
20260923,800608,35000,100.0
20260923,800655,15000,65.22
20260923,800800,1000000,100.0
20260923,800807,750,99.87
20260923,800808,100,100.0
20260923,800809,1510,100.0
20260923,800815,100,100.0
20260923,800816,346,99.71
20260923,805231,100,100.0
20260923,810635,4800,100.0
20260923,810749,6200,100.0
20260923,811046,35,100.0
20260923,890217,1011,99.61
20260923,890226,16513,100.0
20260923,890228,2986,86.45
20260923,890231,300,100.0
20260923,890234,32012,100.0
20260923,890238,5364,100.0
20260923,935514,3,100.0
20260923,935576,800,100.0
20260923,935618,1,50.0
20260923,935620,200,100.0
20260923,935642,32,100.0
20260923,935666,86,100.0
20260923,935682,100,100.0
20260923,935690,15,62.5
20260923,936130,20,100.0
20260923,936236,128,51.61
20260923,936294,160,94.12
20260923,936400,201,100.0
20260923,936412,727,84.63
20260923,936416,100,100.0
20260923,936532,1,100.0
20260923,936656,27,100.0
20260923,936722,179,100.0
20260923,936724,154,100.0
20260923,936744,5,100.0
20260923,936810,66,75.0
20260923,936977,3,100.0
20260923,937017,143,87.2
20260923,937091,34,100.0
20260923,937093,150,100.0
20260923,937287,250,100.0
20260923,937345,35,100.0
20260923,937369,2,100.0
20260923,937373,100,66.67
20260923,937381,232,100.0
20260923,937399,10,100.0
20260923,937409,120,100.0
20260923,937441,1,100.0
20260923,937453,700,100.0
20260923,937455,48,100.0
20260923,937457,200,100.0
20260923,937501,128,57.4
20260923,937581,82,100.0
20260923,937619,648,100.0
20260923,937637,47,100.0
20260923,937721,259,100.0
20260923,937799,865,100.0
20260923,938001,239,100.0
20260923,938005,45,100.0
20260923,938021,241,100.0
20260923,938105,4,100.0
20260923,938196,5,100.0
20260923,938212,29,100.0
20260923,938214,350,53.85
20260923,938218,140,56.0
20260923,938284,963,97.87
20260923,938364,1,100.0
20260923,938366,90,100.0
20260923,938368,373,100.0
20260923,938372,0,0.0
20260923,938382,159,100.0
20260923,938384,650,100.0
20260923,938508,12,100.0
20260923,938512,162,100.0
20260923,938532,10,100.0
20260923,938544,50,100.0
20260923,938604,32,100.0
20260923,938634,50,100.0
20260923,938662,10,100.0
20260923,938664,286,100.0
20260923,938742,60,100.0
20260923,938790,85,100.0
20260923,938796,10,100.0
20260923,938850,56,100.0
20260923,938862,25,100.0
20260923,938882,1,100.0
20260923,938898,50,100.0
20260923,938900,679,98.69
20260923,938902,374,100.0
20260923,938904,72,100.0
20260923,938910,94,100.0
20260923,938942,10,100.0
20260923,938994,5,100.0
20260923,939190,87,100.0
20260923,939192,108,100.0
20260923,939194,1235,100.0
20260923,939196,32,100.0
20260923,939202,51,55.43
20260923,939212,213,100.0
20260923,939248,400,100.0
20260923,939301,15,100.0
20260923,939305,140,100.0
20260923,939335,59,100.0
20260923,939337,646,100.0
20260923,939407,300,100.0
20260923,939423,15,100.0
20260923,939435,108,100.0
20260923,939461,750,100.0
20260923,939479,150,100.0
20260923,939529,930,100.0
20260923,939545,1400,100.0
20260923,939583,10,100.0
20260923,939607,360,100.0
20260923,939619,25,100.0
20260923,939657,1000,100.0
20260923,939715,225,84.91
20260923,939743,36,100.0
20260923,939747,20,100.0
20260923,939749,50,100.0
20260923,939807,12,100.0
20260923,939809,10,100.0
20260923,939829,48,100.0
20260923,939843,50,50.0
20260923,939849,15,100.0
20260923,939857,338,84.5
20260923,939881,33,100.0
20260923,939899,535,100.0
20260923,939901,250,98.81
20260923,940047,1900,100.0
20260923,940053,10,100.0
20260923,940069,36,100.0
20260923,940077,10,100.0
20260923,940099,35,100.0
20260923,940101,181,100.0
20260923,940115,450,100.0
20260923,940161,263,100.0
20260923,940179,318,100.0
20260923,940227,45,100.0
20260923,940253,100,100.0
20260923,940255,63,86.3
20260923,940261,2,100.0
20260923,940267,37,100.0
20260923,940317,10,100.0
20260923,940325,951,100.0
20260923,940335,200,100.0
20260923,940339,220,70.51
20260923,940347,1,100.0
20260923,940361,1,100.0
20260923,940385,126,100.0
20260923,940395,66,100.0
20260923,940403,300,61.22
20260923,940425,10,100.0
20260923,940427,6,100.0
20260923,940439,50,100.0
20260923,940469,12,100.0
20260923,940473,120,100.0
20260923,940505,80,100.0
20260923,940517,596,100.0
20260923,940521,1,100.0
20260923,940619,10,100.0
20260923,940641,20,100.0
20260923,940649,20,100.0
20260923,940651,1,100.0
20260923,940663,511,100.0
20260923,940675,140,100.0
20260923,940683,105,100.0
20260923,940687,23,100.0
20260923,940697,11,100.0
20260923,940715,125,100.0
20260923,940717,200,100.0
20260923,940725,11,100.0
20260923,940731,10,100.0
20260923,940733,500,50.0
20260923,940751,300,100.0
20260923,940769,10,100.0
20260923,940777,148,100.0
20260923,940789,100,100.0
20260923,940791,500,73.53
20260923,940813,41,100.0
20260923,940823,50,100.0
20260923,940837,877,100.0
20260923,940841,6079,80.3
20260923,940843,55,96.49
20260923,940845,314,85.33
20260923,940853,505,98.06
20260923,940855,40,100.0
20260923,940861,200,90.5
20260923,940886,15,100.0
20260923,940943,34,100.0
20260923,940947,50,100.0
20260923,940955,180,92.78
20260923,940957,10,100.0
20260923,940965,130,100.0
20260923,940983,380,100.0
20260923,940987,49,100.0
20260923,940989,45,100.0
20260923,940997,50,100.0
20260923,940999,40,100.0
20260923,941015,99,100.0
20260923,941023,66,100.0
20260923,941035,23,88.46
20260923,941037,52,98.11
20260923,941043,50,100.0
20260923,941049,1,100.0
20260923,941063,50,100.0
20260923,941069,25,100.0
20260923,941097,101,100.0
20260923,941105,126,84.0
20260923,941113,17,100.0
20260923,941115,100,100.0
20260923,941117,760,58.02
20260923,941125,100,100.0
20260923,941127,482,100.0
20260923,941129,11,100.0
20260923,941135,45,100.0
20260923,941143,100,100.0
20260923,941145,10,100.0
20260923,941149,50,100.0
20260923,941151,153,86.93
20260923,941159,150,100.0
20260923,941165,58,76.32
20260923,941167,1,100.0
20260923,941173,497,100.0
20260923,941175,30,100.0
20260923,941177,10,100.0
20260923,941179,25,100.0
20260923,941185,110,85.27
20260923,941189,70,53.85
20260923,941193,1069,100.0
20260923,941195,219,51.17
20260923,941199,29,100.0
20260923,941201,128,100.0
20260923,941203,50,100.0
20260923,941223,50,100.0
20260923,941231,719,100.0
20260923,958747,1,50.0
20260923,961728,10,100.0
20260923,961730,25,100.0
20260923,961734,500,76.45
20260923,961751,25,100.0
20260923,961753,15,100.0
20260923,961779,73,100.0
20260923,961785,55,100.0
20260923,961791,2,100.0
20260923,961792,180,100.0
20260923,961798,1000,66.67
20260923,961804,464,98.51
20260923,961816,300,100.0
20260923,961822,1710,100.0
20260923,961830,100,100.0
20260923,961839,1,100.0
20260923,961851,1000,98.52
20260923,961863,171,100.0
20260923,961865,500,100.0
20260923,961875,30,100.0
20260923,961885,24,100.0
20260923,961895,12,70.59
20260923,961897,200,100.0
20260923,961908,105,100.0
20260923,961921,2437,97.99
20260923,972721,28,93.33
20260923,972893,5,100.0
20260923,973491,336,100.0
20260923,973878,4,100.0
20260923,973993,1,100.0
20260923,974043,1,100.0
20260923,974286,2,100.0
20260923,974634,40,100.0
20260923,974999,75,83.33
20260923,975000,3,100.0
20260923,975269,1,100.0
20260923,975375,6,100.0
20260923,975413,5,100.0
20260923,975447,6,100.0
20260923,975490,3,100.0
20260923,975625,2,100.0
20260923,975690,3,100.0
20260923,976020,7,100.0
20260923,976148,273,100.0
20260923,976228,9,100.0
20260923,976275,6,100.0
20260923,976325,67,94.37
20260923,976364,1,100.0
20260923,976437,24,100.0
20260923,976560,2,100.0
20260923,976597,1,100.0
20260923,976608,1,100.0
20260923,976660,1,100.0
20260923,976685,3,100.0
20260923,976708,1,50.0
20260923,976712,50,100.0
20260923,976757,1,100.0
20260923,976778,16,100.0
20260923,976788,1,100.0
20260923,976808,7,100.0
20260923,976905,1,100.0
20260923,976930,7,100.0
20260923,977010,2,100.0
20260923,977017,53,100.0
20260923,977022,2,100.0
20260923,977029,1,100.0
20260923,977038,1,100.0
20260923,977044,1,100.0
20260923,977071,216,100.0
20260923,977089,39,100.0
20260923,977117,4,100.0
20260923,977128,30,100.0
20260923,977134,2,100.0
20260923,977144,30,100.0
20260923,977152,1,100.0
20260923,977172,11,100.0
20260923,977182,1,100.0
20260923,977205,4,100.0
20260923,977226,7,100.0
20260923,977241,17,94.44
20260923,977249,7,50.0
20260923,977260,40,100.0
20260923,977298,1,100.0
20260923,977309,1,100.0
20260923,977326,1,100.0
20260923,977329,1,100.0
20260923,977331,1,100.0
20260923,977335,297,100.0
20260923,977367,2,100.0
20260923,977382,34,89.47
20260923,977383,61,100.0
20260923,977387,1,100.0
20260923,977396,1,100.0
20260923,977403,0,0.0
20260923,977424,1,100.0
20260923,977438,11,100.0
20260923,977440,4,100.0
20260923,977453,5,100.0
20260923,977468,2,100.0
20260923,977470,2,100.0
20260923,977477,170,100.0
20260923,977502,1,100.0
20260923,977531,15,100.0
20260923,977532,1,100.0
20260923,977534,16,61.54
20260923,977535,10,100.0
20260923,977541,69,95.83
20260923,977558,2,100.0
20260923,977564,72,100.0
20260923,977576,7,100.0
20260923,977596,22,100.0
20260923,977621,1,100.0
20260923,977622,4,100.0
20260923,977633,1,100.0
20260923,977640,5,100.0
20260923,977642,1,100.0
20260923,977649,2,100.0
20260923,977657,19,100.0
20260923,977662,67,100.0
20260923,977678,1,100.0
20260923,977700,1,100.0
20260923,977705,2,100.0
20260923,977712,1,100.0
20260923,977725,184,100.0
20260923,977730,75,100.0
20260923,977732,182,79.13
20260923,977735,1,100.0
20260923,977740,47,100.0
20260923,977753,41,100.0
20260923,977757,6,100.0
20260923,977773,8,100.0
20260923,977774,1,100.0
20260923,977777,1,100.0
20260923,977801,24,100.0
20260923,977803,8,100.0
20260923,977839,5,100.0
20260923,977846,2,100.0
20260923,977859,1,100.0
20260923,977868,58,92.06
20260923,977869,74,100.0
20260923,977875,4,100.0
20260923,977877,9,100.0
20260923,977880,40,100.0
20260923,977892,11,91.67
20260923,977913,1,100.0
20260923,977932,1,100.0
20260923,977933,3,33.33
20260923,977935,437,79.89
20260923,977940,1,100.0
20260923,977965,2,100.0
20260923,977979,1,100.0
20260923,977984,14,100.0
20260923,977986,3,100.0
20260923,977993,35,100.0
20260923,977994,8,100.0
20260923,978006,1,100.0
20260923,978007,14,100.0
20260923,978016,1,100.0
20260923,978019,2,100.0
20260923,978024,6,100.0
20260923,978025,65,100.0
20260923,978035,11,100.0
20260923,978037,24,100.0
20260923,978039,4,100.0
20260923,978046,1,100.0
20260923,978051,25,100.0
20260923,978075,183,100.0
20260923,978083,1,100.0
20260923,978086,25,100.0
20260923,978087,3,100.0
20260923,978094,298,85.39
20260923,978158,28,100.0
20260923,978167,63,100.0
20260923,978169,110,100.0
20260923,978171,10,100.0
