DATE,SYMBOL,DELIV_QTY,DELIV_PER
20261008,500002,5566,43.4
20261008,500003,15027,34.28
20261008,500008,47501,57.33
20261008,500009,5049,100.0
20261008,500012,64118,78.36
20261008,500013,44,100.0
20261008,500014,10896,83.28
20261008,500016,19652,96.24
20261008,500020,32157,64.39
20261008,500023,210,96.33
20261008,500027,133,35.37
20261008,500028,13047,81.33
20261008,500031,5836,59.82
20261008,500032,336223,44.11
20261008,500033,866,53.29
20261008,500034,162964,29.22
20261008,500038,21389,27.37
20261008,500039,8235,83.27
20261008,500040,6623,55.38
20261008,500041,6,100.0
20261008,500042,402,56.78
20261008,500043,10523,66.05
20261008,500048,4077,52.52
20261008,500049,932960,53.86
20261008,500051,54933,100.0
20261008,500052,17576,48.75
20261008,500058,16332,91.22
20261008,500059,1644,100.0
20261008,500060,22688,56.85
20261008,500067,4600,37.61
20261008,500068,1,100.0
20261008,500069,173,81.6
20261008,500074,5871,86.48
20261008,500078,1085,69.55
20261008,500083,28859,66.43
20261008,500084,77874,51.28
20261008,500085,47492,52.16
20261008,500086,81400,63.04
20261008,500087,136880,89.28
20261008,500089,20,95.24
20261008,500092,332,57.54
20261008,500093,24793,45.45
20261008,500096,738099,96.96
20261008,500097,3164,48.99
20261008,500101,100590,81.17
20261008,500103,395921,55.13
20261008,500104,147582,45.66
20261008,500106,2203200,22.96
20261008,500108,171026,67.82
20261008,500109,155261,30.64
20261008,500110,111364,29.85
20261008,500112,331993,33.03
20261008,500113,275871,45.36
20261008,500114,250539,81.25
20261008,500116,186897,54.36
20261008,500117,79046,71.18
20261008,500119,11551,38.08
20261008,500120,8,100.0
20261008,500123,45,45.0
20261008,500124,75331,59.74
20261008,500125,5427,54.67
20261008,500126,140,62.78
20261008,500128,130536,71.16
20261008,500133,440,73.7
20261008,500135,105937,59.41
20261008,500136,4552,62.8
20261008,500142,103,100.0
20261008,500143,3624,100.0
20261008,500144,42035,52.08
20261008,500147,119,71.26
20261008,500148,4670,60.85
20261008,500150,175,40.89
20261008,500151,190,100.0
20261008,500153,75312,100.0
20261008,500159,510,96.23
20261008,500160,127714,96.02
20261008,500163,18008,54.74
20261008,500164,125012,88.45
20261008,500165,5891,53.63
20261008,500166,4821,93.43
20261008,500168,485,72.82
20261008,500171,5364,60.06
20261008,500173,1565,85.75
20261008,500174,3380,86.91
20261008,500178,46,100.0
20261008,500179,17948,87.89
20261008,500180,1236612,56.71
20261008,500182,4414,43.16
20261008,500183,773562,100.0
20261008,500184,26706,59.0
20261008,500185,620757,55.4
20261008,500186,10598,49.96
20261008,500187,2054,43.16
20261008,500188,103183,44.69
20261008,500189,935,99.79
20261008,500191,2090,100.0
20261008,500192,5441,84.98
20261008,500193,20958,87.84
20261008,500199,3461,59.39
20261008,500201,107470,39.99
20261008,500202,1,100.0
20261008,500206,500,85.18
20261008,500207,44816,57.58
20261008,500209,578191,55.17
20261008,500210,598,71.62
20261008,500213,2381,77.51
20261008,500214,6716,49.96
20261008,500215,1857,94.41
20261008,500219,58414,49.32
20261008,500220,353,56.03
20261008,500227,530,65.19
20261008,500228,24303,48.16
20261008,500233,8533,61.93
20261008,500234,2,100.0
20261008,500235,1515,36.41
20261008,500236,139,100.0
20261008,500238,8689,46.31
20261008,500239,4780,89.46
20261008,500240,17942,71.87
20261008,500241,2087,61.95
20261008,500243,120,48.39
20261008,500245,878,39.25
20261008,500246,312,100.0
20261008,500247,1664161,69.3
20261008,500249,5926,55.83
20261008,500250,542,65.78
20261008,500251,39037,27.32
20261008,500252,127,62.25
20261008,500253,2815315,89.01
20261008,500257,7315,39.87
20261008,500259,1803,100.0
20261008,500260,434,33.75
20261008,500262,66,100.0
20261008,500264,4599,78.19
20261008,500265,25852,42.16
20261008,500266,115,57.79
20261008,500267,137,100.0
20261008,500268,60671,51.13
20261008,500270,264,94.96
20261008,500271,4819,39.26
20261008,500277,307,100.0
20261008,500279,156812,85.51
20261008,500280,2257,73.37
20261008,500282,1,100.0
20261008,500284,1798,74.45
20261008,500285,1852682,61.86
20261008,500288,506132,43.35
20261008,500290,196,62.82
20261008,500292,6858,78.17
20261008,500294,613950,76.67
20261008,500295,268159,44.02
20261008,500296,1066,80.15
20261008,500298,1286,88.69
20261008,500300,2028,45.97
20261008,500304,10606,70.11
20261008,500306,57407,39.11
20261008,500307,87,100.0
20261008,500312,271099,61.83
20261008,500313,12530,100.0
20261008,500314,4701,65.95
20261008,500317,2720,93.83
20261008,500319,4493,96.77
20261008,500322,1,100.0
20261008,500325,649609,44.75
20261008,500327,838,99.29
20261008,500330,33651,34.03
20261008,500331,250850,90.14
20261008,500333,569,76.79
20261008,500335,1696,63.86
20261008,500336,5858,67.06
20261008,500337,474,61.72
20261008,500338,44027,77.52
20261008,500339,37660,28.72
20261008,500342,713,100.0
20261008,500343,141,100.0
20261008,500346,254,99.22
20261008,500350,5274,78.08
20261008,500354,2619,75.72
20261008,500355,13889,73.06
20261008,500356,2310,96.65
20261008,500357,55,100.0
20261008,500360,12125,100.0
20261008,500365,69282,58.98
20261008,500367,2028,10.66
20261008,500368,36999,41.64
20261008,500370,1001,75.04
20261008,500371,395,100.0
20261008,500378,59365,59.66
20261008,500380,2830,47.5
20261008,500387,1437,64.35
20261008,500388,17,100.0
20261008,500390,151207,100.0
20261008,500399,2282,100.0
20261008,500400,138609,50.92
20261008,500402,6238,63.95
20261008,500403,6907,72.22
20261008,500404,11621,62.26
20261008,500405,1641,54.07
20261008,500407,664,89.73
20261008,500408,14281,53.64
20261008,500410,11196,52.17
20261008,500411,1993,51.9
20261008,500412,55684,85.43
20261008,500413,6292,45.43
20261008,500414,8784,51.37
20261008,500420,1702,59.72
20261008,500421,380770,100.0
20261008,500422,9474,100.0
20261008,500425,323967,86.24
20261008,500426,14560,100.0
20261008,500429,118,100.0
20261008,500439,122,61.62
20261008,500440,156629,52.57
20261008,500444,3750,50.33
20261008,500449,122265,100.0
20261008,500450,2,100.0
20261008,500456,7098,63.39
20261008,500458,613,83.29
20261008,500459,310,54.77
20261008,500460,13981,57.22
20261008,500463,78790,42.74
20261008,500464,450,100.0
20261008,500467,36,85.71
20261008,500469,77961,43.34
20261008,500470,758480,55.7
20261008,500472,1205,73.75
20261008,500477,569209,60.41
20261008,500480,3580,56.88
20261008,500483,9768,65.02
20261008,500488,163,55.63
20261008,500490,427,42.91
20261008,500493,5637,53.15
20261008,500495,17439,90.12
20261008,500500,149489,69.78
20261008,500510,79756,20.39
20261008,500520,178223,51.18
20261008,500530,411,49.94
20261008,500540,587,100.0
20261008,500547,151711,58.45
20261008,500550,5696,45.49
20261008,500570,352681,56.87
20261008,500575,11528,52.01
20261008,500620,43569,65.08
20261008,500645,15106,60.56
20261008,500650,444,95.28
20261008,500655,891,63.28
20261008,500660,949,34.06
20261008,500670,14031,48.79
20261008,500672,1929,73.4
20261008,500674,1018,54.29
20261008,500680,1937,58.66
20261008,500690,59933,83.03
20261008,500696,106064,22.78
20261008,500710,2395,79.97
20261008,500730,15821,66.48
20261008,500770,44014,57.56
20261008,500777,20062,40.26
20261008,500780,7981,45.97
20261008,500790,134590,88.37
20261008,500800,5678,46.02
20261008,500820,19486,15.55
20261008,500825,194232,97.36
20261008,500830,29890,74.99
20261008,500840,13428,69.69
20261008,500850,19031,39.79
20261008,500870,76333,63.31
20261008,500875,369376699,99.29
20261008,500877,11692,49.82
20261008,500878,1572,54.19
20261008,500890,12,100.0
20261008,500940,12255,18.16
20261008,501148,205,100.0
20261008,501150,8564,71.42
20261008,501151,4,100.0
20261008,501242,3920,99.44
20261008,501261,1065896,100.0
20261008,501270,1,100.0
20261008,501295,7727,97.58
20261008,501298,25,100.0
20261008,501301,24893,57.81
20261008,501314,17172,65.04
20261008,501343,1083,78.25
20261008,501370,19,100.0
20261008,501391,250,100.0
20261008,501421,218,90.08
20261008,501423,4435,58.54
20261008,501425,4051,56.63
20261008,501430,6,100.0
20261008,501455,25896,37.96
20261008,501477,11,100.0
20261008,501700,4263,80.06
20261008,501831,6024,75.29
20261008,501833,707,67.27
20261008,501848,3618,85.65
20261008,501945,93184,100.0
20261008,502015,19170,76.17
20261008,502090,983,88.56
20261008,502137,81,77.88
20261008,502157,2162,57.39
20261008,502168,3643,72.35
20261008,502175,6352,87.86
20261008,502180,3559,91.82
20261008,502219,17954,65.34
20261008,502250,1,100.0
20261008,502281,4793,100.0
20261008,502330,6610,71.44
20261008,502355,6448,51.85
20261008,502420,80389,96.39
20261008,502445,1267,65.38
20261008,502448,131992,100.0
20261008,502450,2061,73.55
20261008,502587,2002,94.7
20261008,502820,643,84.49
20261008,502865,4242,77.54
20261008,502873,31,91.18
20261008,502893,7,70.0
20261008,502901,529,100.0
20261008,502933,300,96.77
20261008,502937,78988,88.49
20261008,502958,9,39.13
20261008,502986,6752,59.71
20261008,503031,60468,91.5
20261008,503092,20,100.0
20261008,503100,9399,52.84
20261008,503101,1797,58.04
20261008,503162,391,100.0
20261008,503169,243,92.4
20261008,503229,137,100.0
20261008,503310,65523,57.08
20261008,503349,25,100.0
20261008,503624,264,100.0
20261008,503635,67,100.0
20261008,503639,6227,100.0
20261008,503641,65211,86.37
20261008,503657,12111,85.0
20261008,503659,30,100.0
20261008,503663,2296613,73.68
20261008,503675,12126,80.7
20261008,503681,4,100.0
20261008,503685,1876,100.0
20261008,503722,477,93.16
20261008,503776,194,100.0
20261008,503804,589,88.17
20261008,503806,4299,33.42
20261008,503811,478,75.39
20261008,503816,5847,91.89
20261008,503837,10412,100.0
20261008,503863,155501,100.0
20261008,503960,471,59.02
20261008,504000,2638,81.93
20261008,504028,33113,100.0
20261008,504036,891,45.93
20261008,504058,39,100.0
20261008,504067,59597,41.22
20261008,504076,72622,74.14
20261008,504084,150,72.46
20261008,504092,24659,56.19
20261008,504093,4377,74.45
20261008,504112,11763,73.01
20261008,504132,1292,66.22
20261008,504176,8013,86.29
20261008,504180,5817,54.32
20261008,504212,3886,48.98
20261008,504220,22648,97.28
20261008,504240,5176,100.0
20261008,504258,384,99.74
20261008,504273,6118,100.0
20261008,504286,97,100.0
20261008,504340,1124,95.17
20261008,504341,6649,63.95
20261008,504351,2409080,55.75
20261008,504356,19,100.0
20261008,504369,4100,100.0
20261008,504378,30130,80.8
20261008,504380,432,99.31
20261008,504392,14716,100.0
20261008,504397,215,100.0
20261008,504605,131,65.5
20261008,504614,6082,50.83
20261008,504646,910,100.0
20261008,504648,764,93.4
20261008,504697,4,100.0
20261008,504731,2305,66.08
20261008,504741,1830,73.0
20261008,504746,1908,100.0
20261008,504786,462,100.0
20261008,504879,7356,84.98
20261008,504882,8330,91.42
20261008,504903,29650,100.0
20261008,504908,4977,98.77
20261008,504918,12421,49.93
20261008,504959,194,84.35
20261008,504973,95997,97.74
20261008,504988,2,100.0
20261008,505010,40,64.52
20261008,505029,581,97.81
20261008,505036,451,76.18
20261008,505075,7772,100.0
20261008,505160,7752,75.08
20261008,505163,54,90.0
20261008,505192,1246,46.44
20261008,505196,6944,100.0
20261008,505200,13391,76.82
20261008,505212,521,100.0
20261008,505216,4,100.0
20261008,505232,502,100.0
20261008,505242,398,35.16
20261008,505250,1100,100.0
20261008,505255,10436,67.19
20261008,505283,2923,52.56
20261008,505299,965,70.64
20261008,505302,2,100.0
20261008,505324,262,100.0
20261008,505336,4582051,100.0
20261008,505343,491725,97.32
20261008,505355,1982,56.31
20261008,505358,1950,47.25
20261008,505368,880,83.97
20261008,505400,8568,71.76
20261008,505412,1067,70.85
20261008,505502,89785,100.0
20261008,505504,28395,100.0
20261008,505509,4046,79.58
20261008,505515,2437,67.13
20261008,505523,450071,60.16
20261008,505526,9664,73.8
20261008,505533,10035,81.61
20261008,505537,402275,46.17
20261008,505590,6235,75.96
20261008,505650,1234,71.79
20261008,505681,150,100.0
20261008,505688,2878,100.0
20261008,505690,36,90.0
20261008,505693,46517,44.27
20261008,505700,40116,52.72
20261008,505710,37182,68.2
20261008,505712,18624,100.0
20261008,505714,8733,45.01
20261008,505720,3741,64.97
20261008,505725,164067,31.96
20261008,505726,548,54.53
20261008,505729,604219,99.79
20261008,505737,651,82.61
20261008,505744,7881,77.68
20261008,505750,23849,70.15
20261008,505790,566,79.49
20261008,505797,20504,100.0
20261008,505800,1733,93.68
20261008,505807,150,100.0
20261008,505827,737,86.3
20261008,505840,3624,100.0
20261008,505850,781,76.2
20261008,505854,1598,97.2
20261008,505872,2568,54.84
20261008,505890,704,59.56
20261008,505893,232,53.95
20261008,505978,163,98.19
20261008,506003,8464,59.33
20261008,506022,19832,74.73
20261008,506074,304977,100.0
20261008,506076,4949,79.51
20261008,506079,26,100.0
20261008,506105,3,100.0
20261008,506109,15656,37.75
20261008,506122,33579,100.0
20261008,506128,1583,98.63
20261008,506134,8368,62.77
20261008,506146,33507,80.8
20261008,506166,22757,16.72
20261008,506180,4,100.0
20261008,506184,5071,61.35
20261008,506186,10435,73.17
20261008,506194,2373,90.71
20261008,506197,3923,100.0
20261008,506222,785,68.62
20261008,506235,51749,75.66
20261008,506248,499,78.58
20261008,506260,7899,70.85
20261008,506261,7687,100.0
20261008,506285,2092,73.56
20261008,506365,1869,74.73
20261008,506390,1064,72.48
20261008,506395,14374,75.06
20261008,506401,29265,49.93
20261008,506405,10078,49.59
20261008,506414,13920,65.91
20261008,506480,1628,46.81
20261008,506520,11340,62.66
20261008,506525,2410,100.0
20261008,506528,641,100.0
20261008,506532,233,72.59
20261008,506543,100,100.0
20261008,506579,7937,82.64
20261008,506590,23828,46.67
20261008,506597,3057,55.97
20261008,506605,128,95.52
20261008,506618,103,88.79
20261008,506640,2,100.0
20261008,506642,802179,100.0
20261008,506655,24132,60.12
20261008,506680,152,93.83
20261008,506685,2272,76.06
20261008,506687,51,100.0
20261008,506690,2157,33.02
20261008,506734,9,100.0
20261008,506767,1619,44.45
20261008,506808,2112,89.19
20261008,506820,552,65.56
20261008,506852,24877,81.42
20261008,506854,14824,51.38
20261008,506858,1,16.67
20261008,506863,681,83.97
20261008,506879,6333,50.33
20261008,506906,3208,100.0
20261008,506919,846,72.25
20261008,506947,2153,100.0
20261008,506979,641,79.93
20261008,506981,299,51.02
20261008,507155,6920,83.03
20261008,507180,49205,100.0
20261008,507205,10020,43.41
20261008,507265,1529,100.0
20261008,507300,14,100.0
20261008,507315,3648,74.07
20261008,507410,32635,56.11
20261008,507438,229,71.56
20261008,507474,7023,78.77
20261008,507488,18470,30.55
20261008,507490,10239,85.63
20261008,507498,3513,93.51
20261008,507514,36074,61.87
20261008,507515,3116,78.85
20261008,507526,2088,66.54
20261008,507530,2,100.0
20261008,507552,1935,45.2
20261008,507580,3764,100.0
20261008,507598,210,87.87
20261008,507609,1,100.0
20261008,507621,832,71.54
20261008,507685,182739,44.44
20261008,507690,238,63.81
20261008,507717,665,82.71
20261008,507747,452,64.11
20261008,507753,47286,54.21
20261008,507759,100,100.0
20261008,507779,944,56.09
20261008,507785,156,70.91
20261008,507789,4745,81.88
20261008,507794,6124,75.79
20261008,507813,836,86.63
20261008,507815,6295,87.04
20261008,507828,126219,79.27
20261008,507833,1910,61.71
20261008,507836,80,64.52
20261008,507852,1296,92.84
20261008,507864,2003,100.0
20261008,507872,4160,59.67
20261008,507878,336554,61.49
20261008,507880,5487,50.19
20261008,507910,546,99.82
20261008,507912,20094,64.32
20261008,507938,1000,100.0
20261008,507944,858,88.18
20261008,507946,906,87.79
20261008,507948,1995,97.36
20261008,507960,578,94.6
20261008,507962,6571,100.0
20261008,507966,416,47.49
20261008,507968,92,100.0
20261008,507970,1649,94.17
20261008,507981,740,47.41
20261008,507998,10292,82.59
20261008,508136,100,100.0
20261008,508486,87,79.82
20261008,508494,322,96.41
20261008,508571,29,69.05
20261008,508664,584,100.0
20261008,508670,11,100.0
20261008,508807,148,75.9
20261008,508814,4213,82.88
20261008,508867,10,100.0
20261008,508869,29726,80.81
20261008,508875,84,100.0
20261008,508905,334,63.5
20261008,508906,9619,95.27
20261008,508918,5686,99.51
20261008,508933,1861,67.85
20261008,508941,738,90.89
20261008,508954,4678,93.35
20261008,508956,6901,97.73
20261008,508961,20,100.0
20261008,508963,114,100.0
20261008,508969,12617,61.66
20261008,508989,2024,67.85
20261008,509009,1858,89.03
20261008,509015,221,100.0
20261008,509020,4626,89.58
20261008,509024,11204,46.78
20261008,509026,947,98.65
20261008,509038,112,100.0
20261008,509040,443,99.33
20261008,509046,1,100.0
20261008,509048,455,100.0
20261008,509051,1356851,71.95
20261008,509053,11036,89.36
20261008,509055,7736,100.0
20261008,509069,335,94.1
20261008,509073,691,100.0
20261008,509079,1693,52.5
20261008,509084,274,100.0
20261008,509152,111,76.03
20261008,509162,9395,100.0
20261008,509196,793,80.67
20261008,509220,1905,81.69
20261008,509243,103,41.87
20261008,509438,27,93.1
20261008,509449,598,58.97
20261008,509470,8,100.0
20261008,509472,414,94.95
20261008,509480,22960,72.99
20261008,509486,2560,100.0
20261008,509488,54993,60.0
20261008,509496,9257,31.85
20261008,509525,389,91.53
20261008,509546,8,100.0
20261008,509557,323,67.01
20261008,509563,3544,78.44
20261008,509567,1040,54.25
20261008,509597,1,50.0
20261008,509631,32724,63.06
20261008,509635,1253,63.7
20261008,509675,953,84.94
20261008,509692,70,80.46
20261008,509709,40090,94.59
20261008,509715,4428,90.46
20261008,509732,42989,71.28
20261008,509760,833,100.0
20261008,509762,2127,100.0
20261008,509820,1151,47.29
20261008,509835,903,99.23
20261008,509874,8934,100.0
20261008,509887,14,100.0
20261008,509895,34,100.0
20261008,509930,1590,48.14
20261008,509945,16,94.12
20261008,509953,1,100.0
20261008,509960,12,100.0
20261008,509966,9352,73.7
20261008,510245,11139,80.65
20261008,511000,8401,99.99
20261008,511012,226174,100.0
20261008,511016,1348,100.0
20261008,511018,14684,76.02
20261008,511034,11302,77.5
20261008,511066,2311,83.1
20261008,511076,33736,77.79
20261008,511092,11614,100.0
20261008,511108,30,100.0
20261008,511110,200,100.0
20261008,511116,53081,100.0
20261008,511122,2,100.0
20261008,511131,5,55.56
20261008,511144,1316,100.0
20261008,511147,677,100.0
20261008,511153,14119,100.0
20261008,511169,239,100.0
20261008,511187,201,100.0
20261008,511194,300,100.0
20261008,511196,7106,69.12
20261008,511208,20007,80.75
20261008,511218,128901,63.66
20261008,511243,37820,46.57
20261008,511246,1018,99.8
20261008,511260,4594,59.65
20261008,511333,445,80.18
20261008,511355,12747,100.0
20261008,511359,1806,98.96
20261008,511391,100,98.04
20261008,511411,166,99.4
20261008,511413,5,100.0
20261008,511431,56807,67.8
20261008,511447,5314023,64.39
20261008,511451,341,99.71
20261008,511463,1158,100.0
20261008,511473,10041,93.12
20261008,511493,13524,100.0
20261008,511501,413,71.58
20261008,511505,114195,100.0
20261008,511507,500,100.0
20261008,511509,1660,58.8
20261008,511523,92655,100.0
20261008,511525,14208,81.25
20261008,511533,10095,75.41
20261008,511535,2212,99.55
20261008,511539,2,100.0
20261008,511543,6716,100.0
20261008,511549,536,100.0
20261008,511551,4166,80.58
20261008,511557,2837967,100.0
20261008,511559,65,100.0
20261008,511571,227,76.43
20261008,511577,5797,99.98
20261008,511589,2355,93.08
20261008,511593,666,99.55
20261008,511601,424,98.83
20261008,511605,7479,32.79
20261008,511609,2719,98.19
20261008,511611,23493,99.26
20261008,511626,11,100.0
20261008,511628,91100,42.61
20261008,511630,1150,100.0
20261008,511644,134673,70.53
20261008,511654,302,99.34
20261008,511658,5579,90.01
20261008,511664,21874,91.51
20261008,511672,406,100.0
20261008,511676,6601,92.93
20261008,511692,1190,99.5
20261008,511696,7,87.5
20261008,511700,4085244,68.32
20261008,511702,2,66.67
20261008,511710,35224,100.0
20261008,511712,86,92.47
20261008,511714,1,50.0
20261008,511716,2242,100.0
20261008,511724,1702,96.87
20261008,511726,14253,100.0
20261008,511734,21116,100.0
20261008,511740,1117,100.0
20261008,511742,6031,86.74
20261008,511754,879,98.43
20261008,511756,210,100.0
20261008,511758,50,100.0
20261008,511764,5556,85.11
20261008,511766,511,82.15
20261008,511768,19511,53.73
20261008,512008,4429,54.02
20261008,512014,88,47.57
20261008,512018,88958,74.49
20261008,512020,8,100.0
20261008,512025,34894,67.45
20261008,512036,25,100.0
20261008,512038,22136,41.61
20261008,512047,76583,84.28
20261008,512048,292519,80.42
20261008,512062,4752,100.0
20261008,512064,124,100.0
20261008,512065,2833,100.0
20261008,512068,86860,40.4
20261008,512070,52130,54.09
20261008,512093,16333,100.0
20261008,512097,245887,98.48
20261008,512099,61,100.0
20261008,512103,294,72.24
20261008,512115,5986,80.89
20261008,512131,297,100.0
20261008,512149,1493372,71.9
20261008,512161,1488,84.93
20261008,512165,2023,98.39
20261008,512169,68133,100.0
20261008,512175,10060,60.08
20261008,512179,2295,55.7
20261008,512197,411,100.0
20261008,512217,1631,94.77
20261008,512229,16222,100.0
20261008,512237,59423,61.95
20261008,512247,19066,76.38
20261008,512257,7299,64.48
20261008,512267,1041441,70.41
20261008,512277,1377,57.71
20261008,512296,2160,100.0
20261008,512301,26626,100.0
20261008,512329,10759,51.4
20261008,512345,292,100.0
20261008,512359,332887,100.0
20261008,512361,123581,100.0
20261008,512377,1415,100.0
20261008,512379,76507,100.0
20261008,512381,8,100.0
20261008,512393,1783,100.0
20261008,512399,91155,74.26
20261008,512415,5882,100.0
20261008,512425,42,85.71
20261008,512437,77,100.0
20261008,512441,5539782,60.22
20261008,512443,177167,86.63
20261008,512453,812,92.48
20261008,512455,19406,63.84
20261008,512463,144415,60.13
20261008,512479,1,100.0
20261008,512485,1,100.0
20261008,512489,68933,100.0
20261008,512493,2610,100.0
20261008,512499,1430690,100.0
20261008,512519,1360,91.71
20261008,512527,81,100.0
20261008,512529,46765,29.95
20261008,512531,773,89.36
20261008,512553,53,100.0
20261008,512559,2749,62.42
20261008,512565,523,100.0
20261008,512573,4240,46.67
20261008,512587,7053,97.3
20261008,512589,1045,91.83
20261008,512591,1940616,39.0
20261008,512595,1876,95.71
20261008,512597,2,100.0
20261008,512599,108679,38.99
20261008,512600,2845,96.54
20261008,512604,720,100.0
20261008,512608,17807,81.04
20261008,512618,762,100.0
20261008,512624,17003,67.14
20261008,512626,554,95.35
20261008,512634,784,89.81
20261008,513005,206,50.99
20261008,513023,5224,40.5
20261008,513043,4674,82.81
20261008,513059,5856,100.0
20261008,513063,1006,84.33
20261008,513097,28673,76.48
20261008,513108,208,85.95
20261008,513117,961,90.4
20261008,513119,13203,53.21
20261008,513121,4312,94.15
20261008,513173,150,100.0
20261008,513228,42340,60.31
20261008,513250,247150,60.51
20261008,513252,80,90.91
20261008,513262,14199,30.57
20261008,513269,17667,36.57
20261008,513295,3215,80.94
20261008,513303,1002,100.0
20261008,513307,10536,81.34
20261008,513337,1412424,58.12
20261008,513343,40,100.0
20261008,513349,18459,86.16
20261008,513353,3607,91.87
20261008,513361,481241,77.61
20261008,513369,2875,100.0
20261008,513375,4992,57.59
20261008,513377,103943,67.48
20261008,513418,18918,100.0
20261008,513422,100,100.0
20261008,513430,43,100.0
20261008,513436,777,100.0
20261008,513452,191,100.0
20261008,513456,168,100.0
20261008,513472,291340,76.98
20261008,513488,1003,100.0
20261008,513496,1793,100.0
20261008,513498,1848,100.0
20261008,513502,87304,72.81
20261008,513507,100,100.0
20261008,513509,122,100.0
20261008,513511,158,98.75
20261008,513513,450,100.0
20261008,513517,5690,75.57
20261008,513519,3427,58.21
20261008,513528,4064,100.0
20261008,513532,10283,69.42
20261008,513536,13763,52.54
20261008,513540,400,100.0
20261008,513544,801,100.0
20261008,513548,381,97.19
20261008,513554,59,100.0
20261008,513566,5870,100.0
20261008,513575,1652,59.38
20261008,513599,213065,44.7
20261008,513629,329,100.0
20261008,513642,762,72.5
20261008,513683,15241,35.7
20261008,513687,453,100.0
20261008,513693,2117,95.45
20261008,513699,705,92.04
20261008,513709,261,89.69
20261008,513713,28841,85.29
20261008,513721,1337,99.26
20261008,513729,2055,99.28
20261008,514010,121597,100.0
20261008,514028,468,78.66
20261008,514030,661,56.35
20261008,514036,1,50.0
20261008,514043,37343,65.54
20261008,514060,47042,100.0
20261008,514087,51,100.0
20261008,514113,122,100.0
20261008,514142,6747,83.39
20261008,514162,46378,36.99
20261008,514165,13947,72.79
20261008,514167,1910,66.43
20261008,514171,676,72.53
20261008,514175,8225,98.92
20261008,514177,5,100.0
20261008,514183,2605,79.76
20261008,514197,341,78.75
20261008,514211,116042,70.5
20261008,514223,3488,100.0
20261008,514234,2984,85.35
20261008,514238,163,89.07
20261008,514240,2043,99.56
20261008,514248,100,100.0
20261008,514260,170,100.0
20261008,514264,6,54.55
20261008,514266,2729,74.56
20261008,514272,421,100.0
20261008,514274,2385,76.71
20261008,514280,20,100.0
20261008,514286,33311,88.81
20261008,514300,19,100.0
20261008,514302,754,100.0
20261008,514312,10086,96.12
20261008,514316,2972,84.65
20261008,514318,960,88.24
20261008,514322,2,66.67
20261008,514324,237,39.57
20261008,514326,3928,97.64
20261008,514330,1727,50.34
20261008,514332,4620,96.79
20261008,514336,638,100.0
20261008,514354,34563,50.02
20261008,514358,38,69.09
20261008,514360,104138,80.53
20261008,514378,4029,48.35
20261008,514386,3054004,74.16
20261008,514400,379,61.33
20261008,514402,60980,88.69
20261008,514414,527,100.0
20261008,514418,104,98.11
20261008,514428,99,100.0
20261008,514440,51610,96.36
20261008,514442,459,100.0
20261008,514448,1855,64.05
20261008,514454,523,100.0
20261008,514470,64313,99.83
20261008,515008,211054,100.0
20261008,515018,527,99.81
20261008,515030,7058,71.31
20261008,515037,2550,99.92
20261008,515043,5293,54.43
20261008,515055,169683,69.16
20261008,515059,23,100.0
20261008,515085,8793,94.14
20261008,515093,881,88.72
20261008,515147,9470,69.4
20261008,516003,1923,90.03
20261008,516020,11,100.0
20261008,516022,208,100.0
20261008,516030,945,72.08
20261008,516032,24519,66.61
20261008,516038,12280,62.4
20261008,516062,102,100.0
20261008,516064,1769,70.17
20261008,516072,2174,60.79
20261008,516078,3034,100.0
20261008,516082,827,81.56
20261008,516092,164,100.0
20261008,516096,300,100.0
20261008,516098,1276,87.16
20261008,516106,2879,61.37
20261008,516108,6106,91.71
20261008,516110,96452,82.5
20261008,517015,1183,55.46
20261008,517035,32246,38.83
20261008,517041,1334,53.77
20261008,517059,621,40.3
20261008,517063,4991,83.13
20261008,517077,17,100.0
20261008,517096,1660,80.54
20261008,517119,11170,91.5
20261008,517146,22319,52.41
20261008,517168,2141,68.58
20261008,517170,8910,84.22
20261008,517172,114,100.0
20261008,517174,82,48.81
20261008,517201,966,100.0
20261008,517206,189,53.54
20261008,517214,274,100.0
20261008,517230,22,100.0
20261008,517236,1873,100.0
20261008,517238,216,90.38
20261008,517246,22769,100.0
20261008,517258,30,100.0
20261008,517264,2050,95.53
20261008,517271,33725,47.43
20261008,517273,4003,60.75
20261008,517286,49382,100.0
20261008,517288,1913,55.79
20261008,517300,8386,58.61
20261008,517320,31940,100.0
20261008,517334,101801,42.85
20261008,517344,3248,88.96
20261008,517354,15459,63.58
20261008,517356,307683,100.0
20261008,517360,346,99.43
20261008,517370,527,84.73
20261008,517372,3527,81.21
20261008,517380,1210,68.67
20261008,517385,4087,71.66
20261008,517393,224734,100.0
20261008,517397,1315,99.85
20261008,517399,1242,100.0
20261008,517411,1708,92.27
20261008,517415,1320,100.0
20261008,517417,8721,100.0
20261008,517421,1123,94.37
20261008,517429,27,100.0
20261008,517431,66083,80.41
20261008,517437,21,100.0
20261008,517447,6928,97.11
20261008,517449,3465,76.19
20261008,517467,77235,37.64
20261008,517477,725,93.79
20261008,517494,3451,78.32
20261008,517498,105526,56.39
20261008,517500,9346,83.98
20261008,517506,358,49.72
20261008,517514,98,96.08
20261008,517522,1692,64.78
20261008,517530,2114,98.05
20261008,517536,1521,72.15
20261008,517544,3752,52.75
20261008,517546,4028,84.78
20261008,517554,7949844,100.0
20261008,517556,162845,53.17
20261008,517562,1757,95.13
20261008,517569,3532,36.15
20261008,518011,47,100.0
20261008,518053,579,67.56
20261008,518075,1198,87.0
20261008,518091,1252,99.21
20261008,519003,4821,97.73
20261008,519014,250,100.0
20261008,519031,107,100.0
20261008,519091,59,75.64
20261008,519097,973,100.0
20261008,519105,10629,71.71
20261008,519126,1969,66.59
20261008,519136,872,83.13
20261008,519152,17,100.0
20261008,519156,108,66.26
20261008,519183,3787,46.38
20261008,519191,12192,100.0
20261008,519214,1,100.0
20261008,519216,37742,71.88
20261008,519224,223,100.0
20261008,519230,3795,82.73
20261008,519242,4742,100.0
20261008,519260,203,100.0
20261008,519262,18,100.0
20261008,519279,500,100.0
20261008,519285,1,100.0
20261008,519287,16304,100.0
20261008,519295,2169,100.0
20261008,519299,25594,100.0
20261008,519307,50911,100.0
20261008,519331,3966,100.0
20261008,519359,2671,65.39
20261008,519383,4128,72.26
20261008,519397,3013,68.87
20261008,519421,2537,93.93
20261008,519457,380,100.0
20261008,519463,1379,85.87
20261008,519471,10,100.0
20261008,519475,200,100.0
20261008,519477,16774,51.52
20261008,519479,56,100.0
20261008,519483,1974,93.2
20261008,519500,409,73.04
20261008,519506,100,100.0
20261008,519528,1584,99.94
20261008,519532,10145,73.78
20261008,519552,18228,63.9
20261008,519566,4198,81.06
20261008,519574,312,95.41
20261008,519600,2767,62.56
20261008,519602,131204,67.41
20261008,519604,92,97.87
20261008,519606,34634,100.0
20261008,519612,525,83.2
20261008,520008,52250,62.3
20261008,520021,2646,78.47
20261008,520043,1127,76.61
20261008,520051,88633,39.61
20261008,520056,162,60.45
20261008,520057,9450,87.1
20261008,520059,13382,67.42
20261008,520066,31048,56.51
20261008,520073,939,62.14
20261008,520075,1267,58.39
20261008,520086,2416,100.0
20261008,520111,1572,61.38
20261008,520113,1823,51.42
20261008,520119,2345,60.02
20261008,520121,41,100.0
20261008,520123,11,37.93
20261008,520127,26035,80.27
20261008,520141,2402,100.0
20261008,520151,992,100.0
20261008,520155,350,99.15
20261008,521005,1758375,69.08
20261008,521014,16310,84.87
20261008,521016,6624,40.0
20261008,521018,1132,84.67
20261008,521034,274,90.73
20261008,521036,411,100.0
20261008,521048,3005,100.0
20261008,521054,1055,100.0
20261008,521062,1584,87.18
20261008,521064,208310,60.08
20261008,521070,3621066,44.22
20261008,521080,1286,100.0
20261008,521097,70,98.59
20261008,521105,1328,98.66
20261008,521109,3085,83.15
20261008,521113,813,98.78
20261008,521137,75893,100.0
20261008,521141,1061,98.7
20261008,521149,925,94.29
20261008,521163,325,100.0
20261008,521167,22392,100.0
20261008,521178,4261,88.16
20261008,521180,560,100.0
20261008,521194,267,94.68
20261008,521200,300,100.0
20261008,521206,7926,71.64
20261008,521210,222,100.0
20261008,521216,586,100.0
20261008,521220,150,100.0
20261008,521222,15,100.0
20261008,521226,1326,99.85
20261008,521228,58133,89.18
20261008,521238,12792,99.92
20261008,521240,556,100.0
20261008,521244,53,100.0
20261008,521246,21206,93.07
20261008,521248,14067,61.32
20261008,522001,6537,70.45
20261008,522004,16634,77.21
20261008,522005,1476,62.7
20261008,522014,1927,75.1
20261008,522017,1076,74.0
20261008,522027,23,100.0
20261008,522029,6872,87.85
20261008,522034,2655,78.16
20261008,522064,139,74.33
20261008,522073,63,100.0
20261008,522074,4726,53.91
20261008,522091,3211,87.71
20261008,522101,10113,47.12
20261008,522105,6409,100.0
20261008,522108,1349,68.55
20261008,522113,844,62.38
20261008,522122,20,100.0
20261008,522134,12746,75.81
20261008,522150,214544,52.13
20261008,522152,468,100.0
20261008,522163,64456,100.0
20261008,522165,13807,87.41
20261008,522183,41,100.0
20261008,522195,2361,46.06
20261008,522205,119382,83.36
20261008,522207,132,100.0
20261008,522209,640,85.22
20261008,522215,19761,85.67
20261008,522217,310,91.72
20261008,522229,25080,53.69
20261008,522231,19924,69.77
20261008,522235,704,100.0
20261008,522237,476,90.15
20261008,522241,2051,56.21
20261008,522249,1315,47.29
20261008,522251,3439,79.62
20261008,522257,101927,50.88
20261008,522261,411,50.87
20261008,522267,2158,100.0
20261008,522273,775,84.42
20261008,522275,19910,70.43
20261008,522281,10085,53.04
20261008,522285,36731,52.66
20261008,522287,3225,58.27
20261008,522289,8085,70.46
20261008,522292,15,100.0
20261008,522294,901,85.4
20261008,522295,1746,90.7
20261008,522650,3981,77.45
20261008,523007,110,98.21
20261008,523011,5,100.0
20261008,523019,29589,83.33
20261008,523021,427,95.1
20261008,523023,426,100.0
20261008,523025,740,54.81
20261008,523100,1106,79.4
20261008,523105,5656545,100.0
20261008,523116,82,100.0
20261008,523120,283,100.0
20261008,523127,43,97.73
20261008,523144,3382,100.0
20261008,523160,1318,80.46
20261008,523186,27,96.43
20261008,523204,60547,100.0
20261008,523207,249,81.11
20261008,523222,11373,100.0
20261008,523229,6661,69.21
20261008,523232,494,97.44
20261008,523242,200,100.0
20261008,523248,1051,97.68
20261008,523260,351,46.43
20261008,523261,1849,69.64
20261008,523269,1380,81.46
20261008,523277,835828,75.76
20261008,523283,58,100.0
20261008,523289,2892,94.32
20261008,523301,1076,56.66
20261008,523309,38288,95.6
20261008,523319,7641,64.73
20261008,523323,215,71.91
20261008,523329,1,100.0
20261008,523367,4120,54.93
20261008,523369,20725,91.63
20261008,523371,7745,55.35
20261008,523373,300931,76.54
20261008,523384,1026,99.9
20261008,523385,1315,73.83
20261008,523387,133821,64.58
20261008,523391,83,95.4
20261008,523395,110,61.11
20261008,523398,2250,31.35
20261008,523405,34340,41.55
20261008,523411,1283,75.12
20261008,523419,2228,100.0
20261008,523445,2644,50.4
20261008,523457,425,64.1
20261008,523465,1007,58.96
20261008,523467,9072,100.0
20261008,523475,5818,49.74
20261008,523483,1,100.0
20261008,523489,241,100.0
20261008,523519,1542,99.87
20261008,523537,4824,80.57
20261008,523539,20067,48.86
20261008,523550,5064,82.49
20261008,523558,26248,100.0
20261008,523566,2862,99.27
20261008,523574,140,100.0
20261008,523586,4558,92.23
20261008,523594,102,100.0
20261008,523598,30536,24.65
20261008,523606,4329,71.96
20261008,523610,13873,61.94
20261008,523618,4881,43.59
20261008,523620,3,100.0
20261008,523630,57730,74.96
20261008,523642,11180,52.84
20261008,523648,1716,81.52
20261008,523650,1013,87.48
20261008,523660,1920,92.26
20261008,523672,11060,84.56
20261008,523676,1345,88.49
20261008,523694,3968,67.82
20261008,523696,6444,77.16
20261008,523704,4016,46.88
20261008,523708,2073,74.81
20261008,523710,115,100.0
20261008,523716,1266,91.08
20261008,523722,16094,100.0
20261008,523732,2096,99.48
20261008,523736,466,97.9
20261008,523752,20176,74.75
20261008,523754,802,95.59
20261008,523782,3147,77.7
20261008,523790,3100,100.0
20261008,523792,2276,100.0
20261008,523796,10915,100.0
20261008,523826,3122,85.75
20261008,523828,3301,60.48
20261008,523832,1391,65.18
20261008,523836,1740,63.95
20261008,523838,4249,72.89
20261008,523840,1150,63.01
20261008,523842,90010,100.0
20261008,523844,2001,91.62
20261008,523850,502,79.06
20261008,523862,1206,92.06
20261008,523874,3591,100.0
20261008,523888,4776,44.88
20261008,524000,16580,36.23
20261008,524019,158,66.11
20261008,524037,6114,70.45
20261008,524038,1730,83.53
20261008,524051,3189,88.41
20261008,524055,497,100.0
20261008,524075,104,78.79
20261008,524080,3277,78.7
20261008,524091,5508,75.48
20261008,524109,4560,100.0
20261008,524129,216,77.7
20261008,524136,1866,100.0
20261008,524156,3001,97.5
20261008,524164,123464,40.86
20261008,524174,35005,71.03
20261008,524200,2713,61.26
20261008,524202,10584,99.46
20261008,524204,55,100.0
20261008,524208,11782,36.35
20261008,524212,11625,54.81
20261008,524218,4037,100.0
20261008,524226,15022,43.54
20261008,524230,71441,56.31
20261008,524238,103650,100.0
20261008,524280,22816,51.02
20261008,524288,2084,99.86
20261008,524314,1424,89.22
20261008,524322,40666,86.86
20261008,524324,1227,100.0
20261008,524330,1106,98.93
20261008,524332,39852,76.83
20261008,524336,11273,100.0
20261008,524342,10811,49.61
20261008,524348,8393,61.53
20261008,524370,32172,100.0
20261008,524372,3090,51.87
20261008,524394,3267,51.77
20261008,524396,2021,95.2
20261008,524400,251,99.21
20261008,524404,84020,46.92
20261008,524408,4741,97.91
20261008,524412,12931,71.11
20261008,524414,80,100.0
20261008,524434,20138,100.0
20261008,524440,4251,87.76
20261008,524444,6004967,62.55
20261008,524458,602,100.0
20261008,524470,673100,51.53
20261008,524480,2449,94.05
20261008,524488,31324,100.0
20261008,524494,5162,57.89
20261008,524500,3021,64.21
20261008,524502,1247,100.0
20261008,524506,755,80.58
20261008,524516,2715,100.0
20261008,524518,2057,90.02
20261008,524520,62779,70.68
20261008,524522,514,70.41
20261008,524534,654,85.94
20261008,524542,698,99.15
20261008,524548,328,91.88
20261008,524558,1043,45.15
20261008,524564,2006,100.0
20261008,524570,3576,49.84
20261008,524572,314,99.05
20261008,524576,378,99.74
20261008,524582,480,91.6
20261008,524592,12859,100.0
20261008,524594,494,75.65
20261008,524598,720,100.0
20261008,524602,435,99.32
20261008,524606,3375,74.22
20261008,524614,103756,92.05
20261008,524622,18529,89.52
20261008,524624,798,76.51
20261008,524628,80,100.0
20261008,524632,386148,58.45
20261008,524634,584,55.36
20261008,524636,11506,100.0
20261008,524640,8455,79.88
20261008,524648,23530,44.01
20261008,524654,68,100.0
20261008,524661,2863742,61.9
20261008,524663,140214,54.44
20261008,524667,8274,49.47
20261008,524669,81,72.97
20261008,524675,735,100.0
20261008,524687,21849,73.86
20261008,524703,1669,86.25
20261008,524709,21424,75.6
20261008,524711,2866,60.39
20261008,524715,67666,29.51
20261008,524717,7091,53.57
20261008,524723,15,100.0
20261008,524727,356,81.46
20261008,524731,382,29.41
20261008,524735,10421,57.44
20261008,524742,5473,64.74
20261008,524743,20443,64.9
20261008,524748,321,84.47
20261008,524752,1939,100.0
20261008,524768,2325,93.45
20261008,524774,310,72.09
20261008,524790,228,67.06
20261008,524804,6814,56.81
20261008,524808,110,99.1
20261008,524816,28164,60.66
20261008,524818,1366,67.83
20261008,524820,12851,54.99
20261008,524824,3606,100.0
20261008,524828,417,77.37
20261008,526001,20995,98.24
20261008,526025,6134,66.91
20261008,526027,15893,100.0
20261008,526043,397,99.5
20261008,526071,5449,100.0
20261008,526073,523,100.0
20261008,526075,713,100.0
20261008,526081,3330,100.0
20261008,526095,101,62.35
20261008,526113,47,100.0
20261008,526117,1,33.33
20261008,526125,585,83.93
20261008,526133,523,69.0
20261008,526137,961,63.06
20261008,526139,4430,78.45
20261008,526143,722,86.78
20261008,526159,2814,81.19
20261008,526161,50,100.0
20261008,526169,3421,81.74
20261008,526173,29872,89.7
20261008,526179,1320,85.55
20261008,526187,1711,100.0
20261008,526193,494,100.0
20261008,526211,5193,88.02
20261008,526217,2478,100.0
20261008,526227,40345,46.6
20261008,526231,5077,100.0
20261008,526237,1531,100.0
20261008,526241,4524,100.0
20261008,526247,9474,62.61
20261008,526251,5314,54.09
20261008,526263,4240,100.0
20261008,526269,1283,73.11
20261008,526299,48957,71.49
20261008,526315,231,100.0
20261008,526325,3,100.0
20261008,526331,50,100.0
20261008,526335,7780,74.61
20261008,526345,3609,73.01
20261008,526355,4011,99.73
20261008,526365,3757,90.29
20261008,526367,710,47.75
20261008,526371,3744410,86.84
20261008,526373,11,100.0
20261008,526381,5045,97.28
20261008,526397,370,100.0
20261008,526407,154,96.25
20261008,526409,14557,69.21
20261008,526415,126613,73.71
20261008,526423,2308,81.53
20261008,526433,7853,55.79
20261008,526435,137,93.84
20261008,526439,3,100.0
20261008,526441,15229,68.94
20261008,526443,217134,67.79
20261008,526445,25760,100.0
20261008,526468,12868,100.0
20261008,526471,4720,74.23
20261008,526473,8931,99.38
20261008,526479,5569,90.33
20261008,526488,2368,100.0
20261008,526490,40199,86.34
20261008,526492,10888,94.38
20261008,526494,723,100.0
20261008,526500,115,100.0
20261008,526506,4551,100.0
20261008,526508,2716,68.38
20261008,526519,2508,100.0
20261008,526530,3416,91.73
20261008,526532,961,99.59
20261008,526544,2881,73.21
20261008,526546,825,100.0
20261008,526550,5197,88.08
20261008,526554,5,83.33
20261008,526570,578718,86.95
20261008,526582,3371,71.13
20261008,526588,1695,100.0
20261008,526596,1238,79.82
20261008,526604,7106,100.0
20261008,526608,1001,83.91
20261008,526612,389,75.98
20261008,526614,5982,100.0
20261008,526616,5704,93.25
20261008,526622,594930,63.03
20261008,526638,18070,71.57
20261008,526640,2172,98.68
20261008,526642,3949,83.01
20261008,526650,218447,41.44
20261008,526666,69,93.24
20261008,526668,10824,90.0
20261008,526675,21776,82.87
20261008,526677,62,100.0
20261008,526703,1050,87.14
20261008,526705,256,73.56
20261008,526709,35237,81.88
20261008,526711,1923,59.02
20261008,526717,4948,100.0
20261008,526721,1,100.0
20261008,526723,401,88.52
20261008,526725,10,90.91
20261008,526727,17370,73.58
20261008,526729,19733,58.85
20261008,526731,147,84.48
20261008,526739,2361,72.94
20261008,526747,1681,72.43
20261008,526755,3364,100.0
20261008,526761,2049,91.11
20261008,526775,15596,57.92
20261008,526783,35,87.5
20261008,526795,1100,100.0
20261008,526797,2854,59.97
20261008,526807,543,50.42
20261008,526813,3566,60.04
20261008,526817,291,75.19
20261008,526821,772,100.0
20261008,526827,24156,72.16
20261008,526829,111333,62.47
20261008,526839,3,100.0
20261008,526841,108568,77.54
20261008,526847,213,100.0
20261008,526849,210,93.75
20261008,526851,210,100.0
20261008,526853,2863,100.0
20261008,526859,83646,90.29
20261008,526861,1165,80.79
20261008,526865,1408,93.18
20261008,526871,16871,99.98
20261008,526873,985,100.0
20261008,526877,2,100.0
20261008,526881,7297,55.17
20261008,526885,2132,59.3
20261008,526899,18916,66.4
20261008,526901,2563,89.4
20261008,526905,152,88.89
20261008,526921,78,100.0
20261008,526931,140,93.33
20261008,526935,3035271,73.38
20261008,526941,5500,100.0
20261008,526947,3240,72.14
20261008,526951,549,57.13
20261008,526953,1759,100.0
20261008,526959,200,100.0
20261008,526961,64488,79.32
20261008,526965,856,74.63
20261008,526967,1777,100.0
20261008,526971,1696,100.0
20261008,526977,100,100.0
20261008,526981,533,73.82
20261008,526987,91677,74.29
20261008,527001,320832,95.98
20261008,527005,2692,69.87
20261008,530001,829,68.8
20261008,530005,888460,99.28
20261008,530007,21413,52.33
20261008,530017,9697,96.3
20261008,530019,5525,67.77
20261008,530023,817,100.0
20261008,530025,61,100.0
20261008,530027,25535,87.69
20261008,530037,1318,74.21
20261008,530043,145,66.82
20261008,530045,11136,67.56
20261008,530053,14218,86.52
20261008,530057,7971,99.25
20261008,530063,670,100.0
20261008,530067,1079,96.6
20261008,530073,21470,64.48
20261008,530075,8111,51.17
20261008,530077,2016,90.4
20261008,530079,979,77.58
20261008,530109,159912,91.47
20261008,530111,1275,75.85
20261008,530117,5239,65.97
20261008,530119,150,100.0
20261008,530125,708,95.68
20261008,530127,60,100.0
20261008,530129,959,67.02
20261008,530133,638,79.95
20261008,530135,12399,22.69
20261008,530139,1300,100.0
20261008,530141,3,100.0
20261008,530145,50461,100.0
20261008,530163,4516,74.12
20261008,530167,289,100.0
20261008,530169,215,99.54
20261008,530171,95,62.09
20261008,530175,15122,81.05
20261008,530177,110,100.0
20261008,530179,4038,100.0
20261008,530185,26011,77.97
20261008,530187,230,100.0
20261008,530199,4307,77.19
20261008,530201,99206,100.0
20261008,530207,91,100.0
20261008,530213,2672,100.0
20261008,530215,32524,79.57
20261008,530217,16045,77.72
20261008,530233,4633,74.0
20261008,530235,646,69.61
20261008,530239,20308,54.21
20261008,530245,39,62.9
20261008,530249,160307,81.03
20261008,530251,79938,96.97
20261008,530253,35257,87.15
20261008,530255,6509,82.48
20261008,530259,861,100.0
20261008,530263,54394,94.77
20261008,530265,1431,87.74
20261008,530267,10714,62.15
20261008,530271,15,93.75
20261008,530281,1457,100.0
20261008,530289,1313,99.85
20261008,530299,222,51.27
20261008,530305,6454,66.18
20261008,530307,694,71.55
20261008,530309,10864,84.69
20261008,530313,11936,96.66
20261008,530315,1071,96.23
20261008,530317,40341,76.98
20261008,530331,277,76.31
20261008,530343,42031,44.63
20261008,530355,35713,84.12
20261008,530357,29186,80.13
20261008,530361,7574,100.0
20261008,530363,20806,100.0
20261008,530365,3957,71.39
20261008,530367,17827,51.81
20261008,530369,168,99.41
20261008,530377,4687,75.31
20261008,530393,4026,100.0
20261008,530401,101,100.0
20261008,530405,663,94.58
20261008,530407,37164,91.25
20261008,530419,2264,93.52
20261008,530421,54,38.03
20261008,530427,416,100.0
20261008,530429,924,60.23
20261008,530433,343,89.32
20261008,530439,629,100.0
20261008,530443,200,100.0
20261008,530445,5544,100.0
20261008,530449,19,90.48
20261008,530457,19145,88.88
20261008,530459,3,100.0
20261008,530461,19401,97.44
20261008,530475,2589,64.23
20261008,530477,18248,72.32
20261008,530495,1306,85.3
20261008,530499,870,93.05
20261008,530517,3420,67.92
20261008,530521,12309,78.45
20261008,530525,96824,100.0
20261008,530533,559,100.0
20261008,530545,13,86.67
20261008,530547,12,100.0
20261008,530549,35546,70.46
20261008,530555,38707,64.37
20261008,530557,1138229,100.0
20261008,530577,100,100.0
20261008,530579,14279,100.0
20261008,530581,127,100.0
20261008,530585,9422,100.0
20261008,530589,777,82.31
20261008,530595,11495,100.0
20261008,530601,117,100.0
20261008,530615,18324,100.0
20261008,530617,485497,66.59
20261008,530621,2187,100.0
20261008,530627,2466,66.76
20261008,530643,1607,64.93
20261008,530655,10166,42.9
20261008,530663,110569,100.0
20261008,530665,13597,73.6
20261008,530669,155,100.0
20261008,530675,4,100.0
20261008,530677,387,80.62
20261008,530689,5607,96.13
20261008,530695,2464,96.51
20261008,530697,487,100.0
20261008,530699,63772,100.0
20261008,530709,60,100.0
20261008,530711,2909,59.71
20261008,530723,104,100.0
20261008,530735,25,100.0
20261008,530741,2370,100.0
20261008,530745,3058,100.0
20261008,530747,1,50.0
20261008,530757,10,100.0
20261008,530759,10218,77.09
20261008,530765,951,95.0
20261008,530779,139,100.0
20261008,530787,238,100.0
20261008,530789,10,100.0
20261008,530795,105,100.0
20261008,530797,8,100.0
20261008,530799,1537,54.97
20261008,530803,14631,65.35
20261008,530805,28001,85.31
20261008,530809,113,96.58
20261008,530813,3826,39.31
20261008,530821,1239,98.49
20261008,530825,3090,100.0
20261008,530829,529,61.37
20261008,530839,3539,100.0
20261008,530843,1911820,43.52
20261008,530845,321,96.11
20261008,530853,260,100.0
20261008,530855,2726,100.0
20261008,530871,294,96.08
20261008,530879,47155,94.71
20261008,530881,136505,80.38
20261008,530883,11076,100.0
20261008,530889,93,100.0
20261008,530897,3,75.0
20261008,530899,4,80.0
20261008,530907,51627,100.0
20261008,530919,21449,59.42
20261008,530925,1030,59.3
20261008,530927,100,100.0
20261008,530931,202,100.0
20261008,530943,17025,78.18
20261008,530951,1933,78.67
20261008,530953,71,100.0
20261008,530959,1468,92.79
20261008,530961,121548,69.87
20261008,530965,692079,65.58
20261008,530973,164,100.0
20261008,530977,678,97.0
20261008,530979,4398,89.05
20261008,530991,219,64.22
20261008,530993,10,100.0
20261008,530997,331,100.0
20261008,530999,7107,54.11
20261008,531015,2386,81.18
20261008,531017,628,100.0
20261008,531025,357858,47.84
20261008,531027,41,100.0
20261008,531033,11517,91.9
20261008,531035,40809,100.0
20261008,531039,12151,98.38
20261008,531041,22,95.65
20261008,531043,644,100.0
20261008,531049,1659,100.0
20261008,531067,8850,77.45
20261008,531069,221,86.67
20261008,531080,6,100.0
20261008,531082,8846,86.89
20261008,531083,6520,100.0
20261008,531092,4934,81.7
20261008,531099,2420,100.0
20261008,531109,250,61.88
20261008,531111,100,100.0
20261008,531112,19069,52.35
20261008,531119,112,100.0
20261008,531120,98129,69.2
20261008,531126,14468,86.69
20261008,531127,23380,100.0
20261008,531129,23,100.0
20261008,531137,29844,81.04
20261008,531144,106796,100.0
20261008,531146,1495,100.0
20261008,531147,1186,46.6
20261008,531153,742158,75.33
20261008,531155,12,100.0
20261008,531156,5772,100.0
20261008,531157,4945,100.0
20261008,531158,3864,58.31
20261008,531161,61,75.31
20261008,531162,423547,91.93
20261008,531163,499,92.41
20261008,531168,15,100.0
20261008,531169,16,80.0
20261008,531173,68020,81.55
20261008,531176,2513,61.4
20261008,531178,4051,99.98
20261008,531179,586,72.26
20261008,531190,1,100.0
20261008,531191,664,100.0
20261008,531199,51,100.0
20261008,531201,1063,62.94
20261008,531203,10,100.0
20261008,531205,6712287,68.44
20261008,531209,2443,93.42
20261008,531210,2,100.0
20261008,531212,417,99.52
20261008,531213,62110,43.19
20261008,531215,7104,100.0
20261008,531216,18709,77.77
20261008,531219,200,100.0
20261008,531221,33,100.0
20261008,531223,2300,91.67
20261008,531225,698,99.15
20261008,531227,158,100.0
20261008,531228,9,100.0
20261008,531233,38451,66.11
20261008,531234,2,100.0
20261008,531235,12,100.0
20261008,531237,5439,80.47
20261008,531241,3568,73.67
20261008,531253,399,85.99
20261008,531254,991,97.92
20261008,531255,240,92.66
20261008,531257,12296,75.87
20261008,531259,1,100.0
20261008,531262,607,100.0
20261008,531266,108,46.55
20261008,531268,10459,57.17
20261008,531272,321,98.77
20261008,531273,77438,65.76
20261008,531278,50,100.0
20261008,531279,5709,100.0
20261008,531280,16569,100.0
20261008,531281,1589,100.0
20261008,531286,6,100.0
20261008,531287,528,91.51
20261008,531288,138,100.0
20261008,531289,15664,100.0
20261008,531297,4202,99.46
20261008,531301,20,100.0
20261008,531304,2,100.0
20261008,531306,508,86.1
20261008,531307,7396,74.42
20261008,531310,1374,97.59
20261008,531319,16575,78.7
20261008,531322,28840,90.2
20261008,531324,25,100.0
20261008,531328,1792407,55.39
20261008,531335,8727,71.12
20261008,531341,25,50.0
20261008,531344,17854,42.64
20261008,531346,364,90.77
20261008,531349,3713,67.3
20261008,531352,1,100.0
20261008,531357,36893,71.92
20261008,531358,3506,66.95
20261008,531359,2481,60.17
20261008,531364,4632,97.97
20261008,531370,11741,74.89
20261008,531373,11,84.62
20261008,531380,234,100.0
20261008,531381,26,76.47
20261008,531387,14,100.0
20261008,531390,5934,80.02
20261008,531395,830770,100.0
20261008,531397,147,100.0
20261008,531398,1141,80.41
20261008,531399,24055,67.97
20261008,531400,10735,100.0
20261008,531402,9010,80.65
20261008,531406,1510,100.0
20261008,531411,123726,100.0
20261008,531412,14,100.0
20261008,531416,30,100.0
20261008,531417,88400,73.19
20261008,531420,254,100.0
20261008,531426,5251,67.84
20261008,531431,36898,56.74
20261008,531432,200,100.0
20261008,531433,110,100.0
20261008,531436,1079,100.0
20261008,531437,4788,79.68
20261008,531439,901,100.0
20261008,531441,37,100.0
20261008,531449,92099,19.13
20261008,531453,208,95.41
20261008,531454,11715,99.35
20261008,531456,26555,100.0
20261008,531458,32,100.0
20261008,531460,3187,100.0
20261008,531465,27909,100.0
20261008,531471,3542,100.0
20261008,531472,267,100.0
20261008,531486,18000,100.0
20261008,531489,749,86.69
20261008,531494,88633,63.44
20261008,531495,75,100.0
20261008,531497,557,100.0
20261008,531500,27210,100.0
20261008,531502,474479,95.7
20261008,531503,1058,100.0
20261008,531506,6164,71.6
20261008,531508,12984,85.1
20261008,531509,1000,100.0
20261008,531512,194468,83.25
20261008,531515,35651,100.0
20261008,531518,113831,100.0
20261008,531525,77350,100.0
20261008,531529,5392,100.0
20261008,531530,17493,60.54
20261008,531531,693,68.07
20261008,531533,2083,88.9
20261008,531537,2783,100.0
20261008,531539,4239,94.92
20261008,531540,12214,66.12
20261008,531541,410,100.0
20261008,531543,93605,60.12
20261008,531548,2608,61.96
20261008,531550,484,98.78
20261008,531552,655,86.53
20261008,531553,3238,100.0
20261008,531556,34,100.0
20261008,531569,683,63.18
20261008,531574,1389,100.0
20261008,531578,114,100.0
20261008,531583,1995,85.62
20261008,531585,1,100.0
20261008,531591,5356,93.57
20261008,531592,267047,65.06
20261008,531594,3525,99.97
20261008,531595,213128,84.94
20261008,531599,1819,59.17
20261008,531609,7,100.0
20261008,531613,12592,100.0
20261008,531624,34950,100.0
20261008,531626,50571,67.58
20261008,531628,5158,100.0
20261008,531633,1829,65.67
20261008,531635,84,91.3
20261008,531637,6920,87.47
20261008,531638,3952,99.7
20261008,531642,6772,40.59
20261008,531644,201,100.0
20261008,531651,67,100.0
20261008,531652,1879,75.22
20261008,531658,10487,72.21
20261008,531661,15477,100.0
20261008,531663,54807,89.01
20261008,531667,1553,100.0
20261008,531668,2231,100.0
20261008,531671,338249,85.2
20261008,531673,1883,99.95
20261008,531676,1911,100.0
20261008,531680,8453,100.0
20261008,531681,20795,100.0
20261008,531688,405,85.62
20261008,531692,513,64.29
20261008,531694,4157,86.35
20261008,531716,1706,100.0
20261008,531717,890,88.47
20261008,531719,1952,71.37
20261008,531723,456941,100.0
20261008,531726,1360,73.04
20261008,531727,9418,100.0
20261008,531737,87557,83.67
20261008,531739,80281,76.63
20261008,531744,51,92.73
20261008,531746,12484,92.3
20261008,531752,1039584,58.4
20261008,531758,6462,77.73
20261008,531761,1491,52.32
20261008,531762,6096,100.0
20261008,531768,2701,34.59
20261008,531769,1749,100.0
20261008,531771,2681,72.68
20261008,531779,1,100.0
20261008,531780,213855,96.05
20261008,531784,161582,73.34
20261008,531795,5323,66.02
20261008,531802,10170,90.53
20261008,531810,503,84.68
20261008,531812,55205,100.0
20261008,531814,9626,99.26
20261008,531821,23,100.0
20261008,531822,3,100.0
20261008,531832,2449,56.09
20261008,531834,8858,100.0
20261008,531840,3893,83.85
20261008,531841,1009,100.0
20261008,531842,1,100.0
20261008,531845,1507,90.62
20261008,531846,380,100.0
20261008,531859,6717,56.51
20261008,531861,2098,100.0
20261008,531862,3110,59.2
20261008,531867,3201,100.0
20261008,531869,60768,79.21
20261008,531870,2,100.0
20261008,531888,14517,81.28
20261008,531889,232125,72.74
20261008,531893,504729,51.16
20261008,531900,1780,92.13
20261008,531902,103,100.0
20261008,531909,39399,100.0
20261008,531910,18001,100.0
20261008,531911,183930,100.0
20261008,531913,2265,58.41
20261008,531918,1,50.0
20261008,531921,1790,57.08
20261008,531923,9750,81.62
20261008,531925,4493,71.4
20261008,531928,500,100.0
20261008,531929,149,100.0
20261008,531930,654,100.0
20261008,531944,2521,100.0
20261008,531950,27236,65.97
20261008,531952,8892,62.85
20261008,531959,36061,67.12
20261008,531962,2026,68.03
20261008,531968,135,100.0
20261008,531977,115796,100.0
20261008,531978,287,92.88
20261008,531979,1101,98.3
20261008,531982,67808,100.0
20261008,531991,18830,100.0
20261008,531994,6,100.0
20261008,531996,5641,95.46
20261008,531997,77003,87.67
20261008,532001,331,93.77
20261008,532011,3323,99.97
20261008,532015,49983,63.25
20261008,532016,71,100.0
20261008,532019,2352,100.0
20261008,532022,3706997,93.2
20261008,532029,17168,70.45
20261008,532039,4893,78.26
20261008,532041,2262,100.0
20261008,532051,676,63.24
20261008,532053,942,83.88
20261008,532054,708,62.77
20261008,532056,20,100.0
20261008,532057,4816,100.0
20261008,532067,684,71.03
20261008,532070,9033,67.6
20261008,532078,3,100.0
20261008,532090,26810,90.13
20261008,532092,27037,67.95
20261008,532100,55977,78.01
20261008,532102,1793,74.77
20261008,532113,151,100.0
20261008,532123,65348,71.58
20261008,532124,35545,71.12
20261008,532131,1260,92.44
20261008,532134,304760,48.55
20261008,532140,1547,100.0
20261008,532141,340,80.95
20261008,532143,7942,61.65
20261008,532144,77360,58.05
20261008,532145,135,100.0
20261008,532149,315697,51.23
20261008,532150,19960,84.91
20261008,532154,276323,71.05
20261008,532155,43961,43.35
20261008,532156,12072,47.54
20261008,532159,21566,71.66
20261008,532160,12244,74.87
20261008,532162,8474,56.31
20261008,532163,7613,51.86
20261008,532167,100,100.0
20261008,532172,25259,100.0
20261008,532173,4229,80.74
20261008,532174,618035,38.99
20261008,532175,9386,17.63
20261008,532178,223817,37.71
20261008,532180,126970,47.86
20261008,532181,43164,44.32
20261008,532183,22305,70.96
20261008,532187,323134,90.61
20261008,532189,2095,41.09
20261008,532209,34029,43.38
20261008,532210,152884,67.55
20261008,532212,12,100.0
20261008,532215,1633191,84.5
20261008,532216,500,100.0
20261008,532217,625,100.0
20261008,532218,454620,58.19
20261008,532219,1945,98.23
20261008,532221,50040,49.04
20261008,532234,155904,49.01
20261008,532240,1810,62.41
20261008,532256,123,83.11
20261008,532259,6939,74.53
20261008,532268,2939,81.1
20261008,532271,24154,79.39
20261008,532275,4493112,98.35
20261008,532281,58254,26.66
20261008,532284,1642,85.57
20261008,532285,5573,72.01
20261008,532286,1003250,94.56
20261008,532290,6561,63.92
20261008,532296,10642,58.36
20261008,532300,15015,50.84
20261008,532303,555,100.0
20261008,532304,5,100.0
20261008,532305,24078,43.26
20261008,532309,9590,43.47
20261008,532310,2486,99.2
20261008,532313,4248,50.61
20261008,532315,9182,97.28
20261008,532320,152,100.0
20261008,532321,26757,42.85
20261008,532323,32342,73.44
20261008,532324,2084,96.39
20261008,532326,1909,61.3
20261008,532329,2935,100.0
20261008,532331,1081,44.43
20261008,532332,67,100.0
20261008,532333,222,95.28
20261008,532334,589,99.49
20261008,532335,453,86.29
20261008,532339,590,74.87
20261008,532340,9,100.0
20261008,532341,8618,54.18
20261008,532343,21548,62.43
20261008,532344,607,89.13
20261008,532348,201105,58.19
20261008,532349,4361,83.04
20261008,532350,16651,100.0
20261008,532351,69543,100.0
20261008,532354,346662,100.0
20261008,532355,1871,72.94
20261008,532356,25863,44.62
20261008,532357,249,100.0
20261008,532359,14218,92.94
20261008,532362,431,96.64
20261008,532365,7013,52.56
20261008,532366,24301,54.99
20261008,532368,365595,70.62
20261008,532369,1045,74.11
20261008,532370,4381,55.58
20261008,532371,83935,53.22
20261008,532372,5359,96.73
20261008,532373,6170,94.68
20261008,532374,119189,100.0
20261008,532375,10733,66.69
20261008,532376,10,100.0
20261008,532378,2,100.0
20261008,532379,1002,100.0
20261008,532380,174369,56.05
20261008,532382,3179,63.05
20261008,532384,2064,92.47
20261008,532386,13568,100.0
20261008,532387,798,74.09
20261008,532388,81156,49.89
20261008,532390,5152,66.67
20261008,532392,2307,99.96
20261008,532395,8485,42.47
20261008,532397,2814,100.0
20261008,532398,632,97.98
20261008,532400,50187,41.78
20261008,532402,6402,46.55
20261008,532404,10766,98.38
20261008,532406,44937,56.85
20261008,532407,83353,53.94
20261008,532408,31649,100.0
20261008,532410,1500,83.75
20261008,532416,327,100.0
20261008,532419,3,100.0
20261008,532424,30075,58.72
20261008,532425,131509,100.0
20261008,532430,2761,70.63
20261008,532432,824001,93.32
20261008,532435,5669,46.98
20261008,532439,13581,44.87
20261008,532440,544,70.83
20261008,532443,304,70.86
20261008,532454,372633,47.77
20261008,532455,7830,89.21
20261008,532456,2610,100.0
20261008,532457,6250,86.04
20261008,532460,753,64.91
20261008,532461,518557,46.83
20261008,532466,3121,53.02
20261008,532467,331573,81.08
20261008,532468,527,96.88
20261008,532470,3,100.0
20261008,532475,2011,56.68
20261008,532477,203488,56.16
20261008,532478,3843,45.4
20261008,532481,74032,72.86
20261008,532482,49969,89.53
20261008,532483,268713,48.82
20261008,532485,24348,84.64
20261008,532486,5981,65.13
20261008,532488,5543,45.15
20261008,532493,7405,52.51
20261008,532497,129646,94.74
20261008,532500,15070,66.63
20261008,532503,323,86.13
20261008,532504,7907,73.33
20261008,532505,65753,39.23
20261008,532507,4820,99.96
20261008,532508,14350,50.89
20261008,532509,3732,71.66
20261008,532513,910,51.38
20261008,532514,37491,42.58
20261008,532515,2086,80.11
20261008,532521,15,100.0
20261008,532522,4089404,97.96
20261008,532523,67244,46.83
20261008,532524,50822,55.36
20261008,532525,284758,43.72
20261008,532527,11640,42.44
20261008,532528,1208,59.42
20261008,532529,8547,81.63
20261008,532531,3056,32.39
20261008,532538,26252,86.0
20261008,532539,180579,87.45
20261008,532540,139954,22.47
20261008,532541,71717,62.55
20261008,532543,8951,100.0
20261008,532548,1134,68.4
20261008,532553,6842,49.57
20261008,532555,777861,72.21
20261008,532604,120386,63.76
20261008,532605,10389,50.11
20261008,532610,42296,46.55
20261008,532612,10470,56.54
20261008,532613,1524,88.14
20261008,532616,12999,88.57
20261008,532624,15,100.0
20261008,532626,5678,67.03
20261008,532627,1731559,51.28
20261008,532628,5021,100.0
20261008,532629,113,100.0
20261008,532630,4828,42.43
20261008,532633,298,90.85
20261008,532636,128908,74.5
20261008,532637,4212,91.47
20261008,532638,1500,84.08
20261008,532640,1260,100.0
20261008,532641,57470,72.48
20261008,532642,51,62.96
20261008,532644,389,64.19
20261008,532645,18073,70.95
20261008,532648,1283344,52.04
20261008,532649,38537,95.93
20261008,532650,29587,58.26
20261008,532652,31165,43.08
20261008,532654,28433,86.02
20261008,532656,260934,61.73
20261008,532660,1001,100.0
20261008,532661,527,45.63
20261008,532662,12321,96.21
20261008,532663,381,62.05
20261008,532666,224163,88.17
20261008,532667,6803230,56.33
20261008,532668,7359,84.59
20261008,532670,217564,44.02
20261008,532673,9313,100.0
20261008,532674,17013,62.04
20261008,532676,4211,100.0
20261008,532683,1078,67.84
20261008,532684,9250,60.64
20261008,532686,3818,52.27
20261008,532687,204,62.39
20261008,532689,21328,45.38
20261008,532694,6913,71.3
20261008,532695,1178,100.0
20261008,532698,920,60.21
20261008,532699,1777,95.74
20261008,532700,74,88.1
20261008,532701,21514,100.0
20261008,532705,11245,83.4
20261008,532707,91,9.63
20261008,532708,30024,100.0
20261008,532710,6037,92.65
20261008,532712,374538,100.0
20261008,532713,117078,73.35
20261008,532714,35027,38.85
20261008,532716,4061,95.91
20261008,532717,896,63.1
20261008,532719,3693,65.34
20261008,532720,17088,38.38
20261008,532721,7057,80.07
20261008,532722,5026,50.79
20261008,532723,3,100.0
20261008,532725,1438,31.29
20261008,532726,13039,61.78
20261008,532728,634,84.65
20261008,532729,10178,55.19
20261008,532730,209,99.52
20261008,532732,785,69.59
20261008,532733,14928,42.0
20261008,532734,34172,68.25
20261008,532735,16223,37.76
20261008,532737,2372,51.51
20261008,532738,277355,100.0
20261008,532740,13641,51.86
20261008,532741,45107,68.01
20261008,532742,3088,66.25
20261008,532744,5294,95.63
20261008,532748,27528,27.92
20261008,532749,263680,72.66
20261008,532754,287308,39.88
20261008,532755,13999,10.51
20261008,532756,1969,54.38
20261008,532757,1056,78.92
20261008,532759,1406,95.19
20261008,532761,11,100.0
20261008,532762,25062,56.29
20261008,532764,240,65.22
20261008,532767,53568,59.98
20261008,532768,1099,72.73
20261008,532771,38733,100.0
20261008,532772,85086,76.18
20261008,532773,429,90.32
20261008,532774,15,100.0
20261008,532775,1890960,49.83
20261008,532776,4671,89.83
20261008,532777,22576,30.15
20261008,532779,128989,89.12
20261008,532780,34038,100.0
20261008,532782,630,96.18
20261008,532783,9389,45.64
20261008,532784,2627,61.04
20261008,532785,428,99.53
20261008,532790,6409,37.59
20261008,532794,1120187,96.47
20261008,532795,7185,100.0
20261008,532796,5274,50.17
20261008,532797,8879,76.99
20261008,532798,206943,64.49
20261008,532799,17316,61.46
20261008,532801,1158,100.0
20261008,532804,728,64.42
20261008,532805,57622,40.3
20261008,532806,2411,91.78
20261008,532807,111,100.0
20261008,532808,2541,32.07
20261008,532809,700413,52.65
20261008,532810,481575,82.05
20261008,532811,1090,59.47
20261008,532814,290707,94.28
20261008,532815,8895,58.76
20261008,532817,25846,78.9
20261008,532820,4188,88.04
20261008,532822,11770687,56.38
20261008,532825,9593,100.0
20261008,532826,25891,100.0
20261008,532827,849,77.96
20261008,532828,1073,100.0
20261008,532829,2426,22.71
20261008,532830,11179,50.36
20261008,532832,438281,80.21
20261008,532834,36305,71.46
20261008,532835,659,77.53
20261008,532839,1198796,85.6
20261008,532841,232,73.42
20261008,532842,1213,89.32
20261008,532843,12844,45.56
20261008,532845,1053,100.0
20261008,532847,6539,94.4
20261008,532848,190451,30.88
20261008,532850,13017,100.0
20261008,532851,159,86.89
20261008,532853,1786,100.0
20261008,532855,1288,99.08
20261008,532856,43524,54.34
20261008,532859,456,90.48
20261008,532864,66639,52.95
20261008,532866,145373,92.28
20261008,532867,229720,45.83
20261008,532868,17469,32.02
20261008,532869,383,97.21
20261008,532870,25742,100.0
20261008,532872,47383,38.76
20261008,532873,13215,100.0
20261008,532875,11478,57.43
20261008,532878,1295,89.19
20261008,532880,16752,60.13
20261008,532884,8369,65.3
20261008,532885,154006,63.24
20261008,532887,5922,100.0
20261008,532888,71348,69.37
20261008,532889,2937,62.94
20261008,532890,36461,100.0
20261008,532891,10736,64.28
20261008,532892,26120,54.76
20261008,532893,62596,79.08
20261008,532894,21887,86.98
20261008,532895,635,95.2
20261008,532896,361,100.0
20261008,532898,1408162,79.24
20261008,532899,3579,50.87
20261008,532900,274610,41.1
20261008,532902,8889,81.08
20261008,532904,16516,64.84
20261008,532906,4281,81.2
20261008,532907,2,100.0
20261008,532911,102127,80.54
20261008,532915,9508,59.83
20261008,532916,236,99.58
20261008,532918,4175,99.98
20261008,532921,92080,35.81
20261008,532922,109531,36.33
20261008,532923,24620,48.53
20261008,532924,6889,67.9
20261008,532925,21,100.0
20261008,532926,11497,58.65
20261008,532927,4228,63.43
20261008,532928,50738,45.84
20261008,532929,10198,48.05
20261008,532930,9845,100.0
20261008,532931,10258,100.0
20261008,532932,1507,78.29
20261008,532933,74046,85.61
20261008,532934,421,100.0
20261008,532935,925,100.0
20261008,532937,11749,79.34
20261008,532939,996666,49.25
20261008,532940,3912,79.89
20261008,532941,5326,100.0
20261008,532942,43495,61.7
20261008,532944,11102,100.0
20261008,532945,836592,71.07
20261008,532946,755,74.02
20261008,532947,806452,50.98
20261008,532951,1759,88.79
20261008,532952,32,84.21
20261008,532953,25257,69.9
20261008,532955,704723,75.18
20261008,532957,4383,81.06
20261008,532966,10133,52.16
20261008,532967,15201,78.18
20261008,532974,6737,94.4
20261008,532975,8916,100.0
20261008,532976,45447,50.28
20261008,532977,2148,43.98
20261008,532978,28536,22.2
20261008,532980,17099,89.88
20261008,532983,392,48.7
20261008,532985,2562,87.92
20261008,532986,172,99.42
20261008,532989,7129,100.0
20261008,532992,2,0.28
20261008,532993,1470,60.77
20261008,532998,154,85.08
20261008,533001,74,96.1
20261008,533006,84439,100.0
20261008,533007,110844,100.0
20261008,533012,5136,98.5
20261008,533014,1170,99.83
20261008,533022,4387,54.6
20261008,533023,134859,98.13
20261008,533029,660,100.0
20261008,533033,4091,54.23
20261008,533047,1356,27.95
20261008,533048,182082,100.0
20261008,533056,21050,52.81
20261008,533080,5281,58.16
20261008,533088,9186,68.96
20261008,533090,40870,100.0
20261008,533093,12,92.31
20261008,533095,62,78.48
20261008,533096,1050277,53.46
20261008,533098,243554,68.26
20261008,533100,8087,47.55
20261008,533101,4,80.0
20261008,533104,1425,62.78
20261008,533106,7528,47.01
20261008,533107,697,100.0
20261008,533108,598,100.0
20261008,533110,4,100.0
20261008,533121,944,83.03
20261008,533122,888864,61.33
20261008,533137,14400,80.58
20261008,533138,721,54.62
20261008,533146,1663,73.36
20261008,533148,32110,58.36
20261008,533149,4422,99.77
20261008,533150,8718,42.46
20261008,533151,1973,61.08
20261008,533152,5290,94.13
20261008,533155,43564,27.26
20261008,533156,35348,83.07
20261008,533158,1545,36.46
20261008,533160,48898,66.04
20261008,533161,172,99.42
20261008,533162,87580,75.05
20261008,533164,6716,66.73
20261008,533166,106285,86.09
20261008,533167,21245,51.94
20261008,533168,1714,83.45
20261008,533169,37672,57.18
20261008,533170,299,100.0
20261008,533172,25,100.0
20261008,533177,15923,100.0
20261008,533179,55359,78.66
20261008,533181,247,100.0
20261008,533192,14446,100.0
20261008,533193,5352,52.42
20261008,533202,45348,83.36
20261008,533203,52655,99.47
20261008,533206,141818,64.3
20261008,533208,2143,100.0
20261008,533210,1650,97.0
20261008,533217,1458,100.0
20261008,533218,286,65.3
20261008,533229,19868,38.79
20261008,533230,40235,47.17
20261008,533239,14113,92.39
20261008,533244,115759,59.43
20261008,533248,39551,35.43
20261008,533252,1,100.0
20261008,533257,9959,64.73
20261008,533259,1325,84.88
20261008,533260,5268,72.81
20261008,533262,3177,60.55
20261008,533263,172003,63.83
20261008,533267,2494,63.25
20261008,533268,9892,100.0
20261008,533269,21900,51.97
20261008,533271,41701,69.78
20261008,533272,30238,52.2
20261008,533273,1041,47.77
20261008,533274,8557,47.6
20261008,533275,78667,73.92
20261008,533278,161896,73.75
20261008,533282,11366,59.87
20261008,533284,11960,52.39
20261008,533285,93651,70.21
20261008,533286,21276,60.08
20261008,533287,68875,87.2
20261008,533289,345,100.0
20261008,533292,8813,80.23
20261008,533293,4904,37.06
20261008,533294,3306,89.16
20261008,533295,52982,76.26
20261008,533296,2981,85.12
20261008,533298,2246,88.15
20261008,533301,790,100.0
20261008,533302,58,96.67
20261008,533303,969,91.5
20261008,533306,377,88.92
20261008,533315,98570,91.78
20261008,533316,1126,98.95
20261008,533326,127899,64.92
20261008,533329,528,100.0
20261008,533333,466068,41.79
20261008,533336,3,100.0
20261008,533339,34269,56.75
20261008,533343,358,97.02
20261008,533344,12523,59.67
20261008,533385,27197,54.56
20261008,533398,216827,90.5
20261008,533407,56108,70.29
20261008,533408,1596,38.14
20261008,533427,7056,82.85
20261008,533451,1605,93.15
20261008,533452,118,100.0
20261008,533470,38645,93.55
20261008,533477,40,95.24
20261008,533482,9672,93.56
20261008,533506,158019,44.4
20261008,533519,79990,37.32
20261008,533520,2386062,46.45
20261008,533540,8256,68.95
20261008,533543,172458,60.23
20261008,533552,14172,90.42
20261008,533553,68725,41.49
20261008,533570,9777,57.98
20261008,533573,10797,72.4
20261008,533576,641,100.0
20261008,533581,54993,35.11
20261008,533602,63379,88.08
20261008,533608,3221,79.28
20261008,533629,6059,100.0
20261008,533632,27598,100.0
20261008,533638,29969,100.0
20261008,533644,2543,82.75
20261008,533655,15335,59.19
20261008,533676,102324,62.46
20261008,533704,17713,82.81
20261008,533719,1624,78.42
20261008,533758,5281,53.32
20261008,533761,15468,34.6
20261008,533896,1009,97.96
20261008,533941,2915,75.23
20261008,533982,1467,68.14
20261008,534060,529256,78.6
20261008,534064,53137,100.0
20261008,534076,16133,56.72
20261008,534091,60873,62.21
20261008,534139,5131,49.79
20261008,534190,3102,100.0
20261008,534309,450196,48.32
20261008,534312,650,100.0
20261008,534328,608,100.0
20261008,534338,1748,85.19
20261008,534369,13609,100.0
20261008,534392,2253,68.75
20261008,534422,5699,67.21
20261008,534425,278,100.0
20261008,534532,1069,100.0
20261008,534535,660541,100.0
20261008,534597,43032,59.71
20261008,534598,294,78.82
20261008,534600,121322,52.13
20261008,534612,2216,90.82
20261008,534615,5245,88.15
20261008,534618,13550,65.86
20261008,534623,15239,95.32
20261008,534674,259815,71.26
20261008,534675,4755,61.15
20261008,534680,425,38.92
20261008,534691,2451,87.19
20261008,534708,33000,68.75
20261008,534732,8131,66.33
20261008,534733,182416,100.0
20261008,534741,22474,100.0
20261008,534742,2651,76.0
20261008,534748,235793,49.19
20261008,534755,41677,100.0
20261008,534796,1280,96.17
20261008,534804,5046,87.7
20261008,534809,15607099,42.29
20261008,534816,45558,59.21
20261008,534920,1190,100.0
20261008,534976,1465,58.44
20261008,535136,4295,58.32
20261008,535204,8330,100.0
20261008,535205,4603,88.78
20261008,535267,9693,96.02
20261008,535276,10131,92.88
20261008,535322,4330,88.51
20261008,535387,92,97.87
20261008,535431,28097,85.68
20261008,535458,277,100.0
20261008,535514,10,100.0
20261008,535566,199,63.17
20261008,535601,693,100.0
20261008,535602,3069,58.15
20261008,535620,28,100.0
20261008,535621,86,94.51
20261008,535648,6507,70.76
20261008,535657,484,81.9
20261008,535667,4034,99.85
20261008,535693,1243,67.63
20261008,535719,17347,79.64
20261008,535730,435131,65.16
20261008,535754,7922,67.59
20261008,535755,121416,49.28
20261008,535789,302951,59.51
20261008,535910,16569,84.67
20261008,535916,27184,67.8
20261008,535958,144956,67.34
20261008,536073,236212,70.04
20261008,536264,5023,53.22
20261008,536493,370,78.39
20261008,536507,10922,100.0
20261008,536565,3689,97.75
20261008,536659,441687,57.44
20261008,536672,6866,96.87
20261008,536709,1807,100.0
20261008,536773,186,73.23
20261008,536846,16700,100.0
20261008,536960,17324,52.51
20261008,536974,23912,98.68
20261008,537007,16338,61.88
20261008,537008,4804,74.01
20261008,537069,2215,100.0
20261008,537253,10,100.0
20261008,537254,346,100.0
20261008,537259,1090,81.16
20261008,537291,515,64.94
20261008,537292,781,72.92
20261008,537326,44330,91.02
20261008,537392,2111,100.0
20261008,537483,2557,84.36
20261008,537536,3156,63.09
20261008,537669,500,100.0
20261008,537707,355120,67.9
20261008,537708,6937,77.23
20261008,537709,21949,100.0
20261008,537750,8204,59.73
20261008,537766,74916,95.33
20261008,537785,796,91.7
20261008,537800,1176136,100.0
20261008,537820,925207,100.0
20261008,537839,4828,75.36
20261008,537985,88,96.7
20261008,538057,28264,57.44
20261008,538081,61,76.25
20261008,538119,71489,100.0
20261008,538212,16010,100.0
20261008,538268,6784,67.17
20261008,538273,239,81.29
20261008,538351,94366,100.0
20261008,538365,2925,99.69
20261008,538382,2467,100.0
20261008,538401,7113,100.0
20261008,538422,247432,47.8
20261008,538446,11,100.0
20261008,538451,342954,76.67
20261008,538464,41,100.0
20261008,538476,11540,100.0
20261008,538520,1276,100.0
20261008,538521,573,100.0
20261008,538539,14444,76.01
20261008,538540,298538,61.04
20261008,538542,746,98.81
20261008,538546,9099,58.21
20261008,538556,1661,98.93
20261008,538562,15271,45.38
20261008,538563,851,93.41
20261008,538564,666,90.12
20261008,538565,757,78.61
20261008,538567,104288,98.73
20261008,538568,503,100.0
20261008,538569,1901,100.0
20261008,538596,152,100.0
20261008,538597,1770,100.0
20261008,538598,29648,90.31
20261008,538607,344711,65.24
20261008,538609,273,88.64
20261008,538610,1081399,100.0
20261008,538634,4766,90.42
20261008,538635,23350,97.35
20261008,538646,525,100.0
20261008,538647,1,50.0
20261008,538666,1559,55.88
20261008,538668,5763,28.6
20261008,538674,9783,100.0
20261008,538683,9944,85.94
20261008,538685,1171,91.77
20261008,538706,85439,75.75
20261008,538707,1,50.0
20261008,538708,4589,99.67
20261008,538713,362,64.53
20261008,538714,1545,91.8
20261008,538715,3541,100.0
20261008,538716,71,94.67
20261008,538730,2288,78.65
20261008,538732,33184,96.07
20261008,538734,2287,48.54
20261008,538742,2825,100.0
20261008,538743,50,100.0
20261008,538770,7373,91.91
20261008,538772,42084,64.77
20261008,538777,175,100.0
20261008,538778,18158,62.73
20261008,538786,363,99.73
20261008,538787,30781,100.0
20261008,538788,2808,69.45
20261008,538795,2294,96.51
20261008,538812,30606,100.0
20261008,538817,27133,68.26
20261008,538833,509,100.0
20261008,538834,7610,94.71
20261008,538835,22629,45.57
20261008,538836,1552,82.16
20261008,538837,65057,64.78
20261008,538838,4,100.0
20261008,538857,1512,99.93
20261008,538860,127633,100.0
20261008,538862,5920,88.98
20261008,538868,185871,100.0
20261008,538874,3622,100.0
20261008,538881,22,100.0
20261008,538882,8322,64.51
20261008,538890,20593,63.35
20261008,538891,20743,62.94
20261008,538894,1,100.0
20261008,538895,155872,100.0
20261008,538896,8,61.54
20261008,538897,293,100.0
20261008,538902,100,100.0
20261008,538918,959,8.09
20261008,538920,32541,56.89
20261008,538922,176,100.0
20261008,538923,394529,62.91
20261008,538926,14228,66.03
20261008,538928,18754,84.27
20261008,538935,8012,100.0
20261008,538942,1153,79.63
20261008,538943,5,71.43
20261008,538952,3298,100.0
20261008,538961,2651,46.62
20261008,538962,12729,62.59
20261008,538964,50,100.0
20261008,538965,3281,86.41
20261008,538970,90944,100.0
20261008,538975,51974,100.0
20261008,538979,1215,60.03
20261008,538987,784,76.64
20261008,538992,9,100.0
20261008,539005,100,100.0
20261008,539006,1137,48.55
20261008,539011,1061,95.07
20261008,539012,175,100.0
20261008,539013,375,92.14
20261008,539014,1354,77.86
20261008,539016,367,84.95
20261008,539017,32082,59.16
20261008,539018,721,97.83
20261008,539031,407,87.53
20261008,539032,4133,87.88
20261008,539040,30831,75.01
20261008,539041,3750,60.0
20261008,539042,3491,61.07
20261008,539044,1696,100.0
20261008,539045,2777,80.17
20261008,539046,4372,61.59
20261008,539056,18609,63.24
20261008,539083,909841,54.92
20261008,539090,827,75.53
20261008,539091,638539,85.81
20261008,539097,30601,100.0
20261008,539099,17500,100.0
20261008,539110,1,100.0
20261008,539111,137,99.28
20261008,539112,10,100.0
20261008,539113,21,95.45
20261008,539115,296,100.0
20261008,539117,2729,10.08
20261008,539118,5700,72.04
20261008,539120,55,100.0
20261008,539121,21999,50.76
20261008,539122,4241,90.33
20261008,539123,16031,95.49
20261008,539124,822,87.17
20261008,539126,48181,100.0
20261008,539132,232756,86.38
20261008,539141,6804,73.49
20261008,539143,34261,76.57
20261008,539148,3952,58.48
20261008,539149,198,100.0
20261008,539150,24813,47.67
20261008,539151,214816,41.23
20261008,539167,1,100.0
20261008,539174,285,100.0
20261008,539176,331,84.87
20261008,539177,14229,85.94
20261008,539189,42,80.77
20261008,539190,3062,100.0
20261008,539195,7447,80.0
20261008,539196,5668,77.93
20261008,539199,12883,51.12
20261008,539200,17381,100.0
20261008,539201,2041,84.16
20261008,539206,80,100.0
20261008,539216,503004,86.25
20261008,539217,1797315,50.26
20261008,539219,29506,97.5
20261008,539220,603,100.0
20261008,539221,4441,61.96
20261008,539222,23201543,80.57
20261008,539226,3035,56.05
20261008,539227,2098,58.6
20261008,539228,36687,100.0
20261008,539230,2,100.0
20261008,539251,527,100.0
20261008,539252,4864,92.31
20261008,539254,49244,41.59
20261008,539255,1050,69.49
20261008,539265,1200,100.0
20261008,539267,457,100.0
20261008,539268,20457,62.75
20261008,539273,500,100.0
20261008,539275,1322,99.62
20261008,539276,79,100.0
20261008,539278,6536,81.95
20261008,539287,400,99.75
20261008,539289,5847,84.06
20261008,539290,13537,97.85
20261008,539300,1339,96.89
20261008,539301,3380,81.92
20261008,539302,1797,40.43
20261008,539309,22357,100.0
20261008,539310,2064081,100.0
20261008,539312,45,97.83
20261008,539313,1638,88.92
20261008,539314,3357,98.33
20261008,539331,2370,85.56
20261008,539332,10149,63.19
20261008,539334,1140,59.62
20261008,539336,66966,63.34
20261008,539337,5425,65.96
20261008,539346,13254,85.02
20261008,539353,1781,98.89
20261008,539354,1,50.0
20261008,539359,29111,90.66
20261008,539383,1,100.0
20261008,539391,2117,100.0
20261008,539398,1195,89.58
20261008,539399,1228,64.46
20261008,539400,29,100.0
20261008,539402,935,100.0
20261008,539404,9942,57.74
20261008,539405,1243,99.2
20261008,539407,5122,58.48
20261008,539408,10988,100.0
20261008,539409,12,50.0
20261008,539428,39831,100.0
20261008,539435,432,93.51
20261008,539436,171707,57.04
20261008,539437,249206,52.36
20261008,539448,31216,58.15
20261008,539449,15635,72.19
20261008,539450,13085,54.81
20261008,539455,5915,94.47
20261008,539468,1,100.0
20261008,539469,41270,67.93
20261008,539470,399653,49.83
20261008,539479,83295,81.98
20261008,539480,36,53.73
20261008,539486,2974,100.0
20261008,539487,12,16.22
20261008,539492,339,94.17
20261008,539494,9453,89.32
20261008,539495,3,100.0
20261008,539506,54841,56.13
20261008,539515,550,100.0
20261008,539516,5653,61.5
20261008,539517,20001,97.73
20261008,539518,7515,44.75
20261008,539519,642812,100.0
20261008,539522,503,100.0
20261008,539523,6743,73.86
20261008,539524,6252,59.67
20261008,539526,286416,63.21
20261008,539527,10,50.0
20261008,539528,45784,76.9
20261008,539533,524383,62.98
20261008,539542,385,54.53
20261008,539545,15,100.0
20261008,539546,2026,30.27
20261008,539551,12826,61.16
20261008,539552,28092,59.41
20261008,539559,494469,66.28
20261008,539561,1522281,100.0
20261008,539562,51,100.0
20261008,539593,5046,100.0
20261008,539594,798102,86.25
20261008,539596,16,100.0
20261008,539598,92530,84.72
20261008,539599,1,100.0
20261008,539607,759102,53.81
20261008,539620,1874,91.82
20261008,539621,7557,100.0
20261008,539636,2384,57.81
20261008,539658,875,83.33
20261008,539659,2367,83.97
20261008,539660,74102,69.33
20261008,539661,16123,43.23
20261008,539662,4589,96.33
20261008,539669,58600,100.0
20261008,539673,1040,100.0
20261008,539678,4036,79.39
20261008,539679,735525,100.0
20261008,539682,1707,7.38
20261008,539686,16775,70.05
20261008,539692,3845,99.23
20261008,539697,118087,88.75
20261008,539724,20812,100.0
20261008,539725,5579,59.62
20261008,539730,55352,51.62
20261008,539742,42622,100.0
20261008,539760,1790,99.83
20261008,539761,181001,43.14
20261008,539762,235243,53.49
20261008,539767,48864,100.0
20261008,539770,7459,97.66
20261008,539773,42653,100.0
20261008,539784,6,100.0
20261008,539785,4169,64.21
20261008,539787,2640,63.16
20261008,539798,6717,60.65
20261008,539799,13949,56.94
20261008,539800,9401,91.26
20261008,539807,259419,60.17
20261008,539814,662,96.5
20261008,539834,184,97.35
20261008,539835,15237,100.0
20261008,539837,6814,57.94
20261008,539841,11484,57.8
20261008,539843,301,70.49
20261008,539854,4885,99.57
20261008,539871,14598,62.54
20261008,539872,5090,64.65
20261008,539875,881,100.0
20261008,539876,55256,59.28
20261008,539883,140,77.78
20261008,539884,12305,87.77
20261008,539889,95298,63.29
20261008,539894,7813,89.05
20261008,539895,1727363,58.27
20261008,539900,212,67.73
20261008,539911,3925,100.0
20261008,539921,10178,65.08
20261008,539922,672,100.0
20261008,539927,2,100.0
20261008,539938,84,80.0
20261008,539939,232,37.06
20261008,539945,22134,74.93
20261008,539946,80,100.0
20261008,539947,1482,100.0
20261008,539956,3686,46.02
20261008,539957,2010,64.3
20261008,539963,29587,53.68
20261008,539978,6457,57.74
20261008,539979,157,100.0
20261008,539980,2264,85.34
20261008,539984,26,100.0
20261008,539985,9000,56.25
20261008,539986,2291,71.82
20261008,539991,751,100.0
20261008,539992,333774,42.23
20261008,539997,4097,60.09
20261008,540005,3374,47.14
20261008,540006,4606,90.58
20261008,540008,65,85.53
20261008,540023,3024,93.71
20261008,540025,7717,84.15
20261008,540026,2062,80.48
20261008,540047,3728,61.39
20261008,540048,636,53.27
20261008,540061,4300,72.66
20261008,540065,31877,37.96
20261008,540066,535,100.0
20261008,540072,40000,100.0
20261008,540073,40528,65.64
20261008,540078,117105,69.73
20261008,540079,49689,67.73
20261008,540080,2290,93.09
20261008,540082,1350,100.0
20261008,540083,1167,100.0
20261008,540097,24340,81.08
20261008,540115,1894,27.15
20261008,540124,23640,52.35
20261008,540125,12975,100.0
20261008,540132,107528,100.0
20261008,540133,8125,44.84
20261008,540135,665119,51.03
20261008,540136,5132,62.52
20261008,540143,2238,92.67
20261008,540144,10000,80.0
20261008,540145,5236,63.58
20261008,540146,1000,100.0
20261008,540147,3851,81.74
20261008,540153,9892,84.28
20261008,540154,32,100.0
20261008,540159,4384,100.0
20261008,540168,34338,73.99
20261008,540173,23606,37.07
20261008,540174,2809,98.15
20261008,540175,40281,24.53
20261008,540180,267732,80.62
20261008,540181,9212,64.66
20261008,540190,1061054,52.03
20261008,540192,3010,89.85
20261008,540198,3459,79.96
20261008,540199,41,100.0
20261008,540203,1421,47.57
20261008,540204,3555,95.31
20261008,540205,3794,71.13
20261008,540210,9520,99.78
20261008,540212,2349,63.16
20261008,540222,451932,93.65
20261008,540243,63757,100.0
20261008,540252,54653,58.6
20261008,540254,117691,100.0
20261008,540259,1982668,84.59
20261008,540266,33470,86.53
20261008,540267,6779,100.0
20261008,540268,4447,84.38
20261008,540269,10000,100.0
20261008,540293,36280,56.85
20261008,540310,7834,100.0
20261008,540311,1230,93.54
20261008,540332,1000,100.0
20261008,540358,7819,71.89
20261008,540360,461197,100.0
20261008,540361,51024,74.55
20261008,540366,17702,97.25
20261008,540376,13054,58.81
20261008,540377,1212804,75.5
20261008,540386,7395,100.0
20261008,540393,1044,98.3
20261008,540395,525,89.44
20261008,540396,12568,53.77
20261008,540401,16904,64.14
20261008,540403,1393,88.73
20261008,540404,2731,80.42
20261008,540405,3023,98.02
20261008,540425,2910,67.08
20261008,540455,10,100.0
20261008,540481,220,100.0
20261008,540492,87558,53.5
20261008,540497,23,100.0
20261008,540515,3622,100.0
20261008,540519,6186,84.95
20261008,540526,21958,86.91
20261008,540530,148208,53.9
20261008,540544,926,57.59
20261008,540545,67065,100.0
20261008,540565,50613,83.74
20261008,540570,41716,86.6
20261008,540575,10620,59.37
20261008,540590,140,100.0
20261008,540595,45407,39.26
20261008,540596,4763,26.11
20261008,540597,221,97.79
20261008,540602,3182,98.97
20261008,540611,17562,56.01
20261008,540612,46665,64.96
20261008,540613,3000,100.0
20261008,540615,12771,100.0
20261008,540642,209360,67.81
20261008,540647,365,97.59
20261008,540648,213,87.65
20261008,540649,9290,44.95
20261008,540650,1020,56.86
20261008,540654,50846,64.27
20261008,540669,8228,85.29
20261008,540673,6770,61.25
20261008,540678,56124,49.87
20261008,540679,6,85.71
20261008,540680,10052,69.97
20261008,540686,2024,79.84
20261008,540691,72059,62.46
20261008,540692,9193,71.88
20261008,540693,161223,68.95
20261008,540694,2291,100.0
20261008,540696,756,100.0
20261008,540699,11723,56.49
20261008,540700,2514,96.47
20261008,540701,6202,74.09
20261008,540703,10425,100.0
20261008,540704,559,35.54
20261008,540709,71688,100.0
20261008,540710,7226,69.59
20261008,540716,39217,67.57
20261008,540717,47058,68.62
20261008,540718,60625,81.1
20261008,540719,86216,76.87
20261008,540724,549,96.83
20261008,540725,106671,62.56
20261008,540726,10415,74.19
20261008,540727,4705,95.24
20261008,540728,1,100.0
20261008,540730,692162,85.96
20261008,540735,3389,95.17
20261008,540737,2520,59.83
20261008,540738,94889,84.87
20261008,540743,3805,32.72
20261008,540749,4953,60.06
20261008,540750,241548,54.79
20261008,540755,21065,52.81
20261008,540756,6000,100.0
20261008,540757,2249,100.0
20261008,540762,8367,52.54
20261008,540767,13606,52.61
20261008,540768,6223,71.63
20261008,540769,83835,28.23
20261008,540774,1947,79.28
20261008,540775,1583,100.0
20261008,540776,2707,68.99
20261008,540777,341501,77.17
20261008,540786,202378,74.37
20261008,540787,10966,58.85
20261008,540788,1217,100.0
20261008,540789,7303,100.0
20261008,540795,8785,51.56
20261008,540797,1126,48.18
20261008,540809,220998,81.56
20261008,540811,20000,80.0
20261008,540821,22431,63.24
20261008,540824,1902,100.0
20261008,540829,4475,100.0
20261008,540850,7000,100.0
20261008,540874,42707,65.23
20261008,540879,212167,53.55
20261008,540900,25372,33.01
20261008,540901,19817,68.24
20261008,540902,3779,46.01
20261008,540904,458,100.0
20261008,540914,29276,64.55
20261008,540923,985,89.22
20261008,540935,1158,67.64
20261008,540936,27680,91.12
20261008,540937,15145,78.93
20261008,540952,1743,100.0
20261008,540953,32466,73.79
20261008,540954,680,97.84
20261008,540955,13254,100.0
20261008,540956,30248,65.28
20261008,540975,56850,66.04
20261008,540980,20,83.33
20261008,541005,450,100.0
20261008,541019,6020,70.58
20261008,541083,3500,87.5
20261008,541096,1876,85.43
20261008,541097,68,62.96
20261008,541112,4000,66.67
20261008,541143,48844,51.0
20261008,541144,1475,63.33
20261008,541152,13867,91.43
20261008,541153,443368,49.89
20261008,541154,6929,33.22
20261008,541161,119755,100.0
20261008,541163,3502,43.38
20261008,541167,1929,60.09
20261008,541178,2000,100.0
20261008,541195,21777,44.14
20261008,541228,13478,100.0
20261008,541233,254529,63.63
20261008,541269,30,83.33
20261008,541276,22298,60.59
20261008,541299,20000,83.33
20261008,541301,15752,69.91
20261008,541302,4592,99.93
20261008,541303,58519,85.51
20261008,541304,48,97.96
20261008,541313,11847,66.54
20261008,541336,11713,61.01
20261008,541338,9464,61.35
20261008,541347,17142,100.0
20261008,541352,695,14.95
20261008,541353,4000,71.43
20261008,541358,149,100.0
20261008,541400,7002,68.57
20261008,541402,607,85.49
20261008,541403,6047,53.9
20261008,541418,4,100.0
20261008,541444,2160,54.33
20261008,541445,2400,33.33
20261008,541450,138731,40.35
20261008,541540,2709,42.95
20261008,541546,8602,76.05
20261008,541556,32185,50.48
20261008,541557,3379,84.01
20261008,541578,4004,40.86
20261008,541601,2419946,61.65
20261008,541627,6248,100.0
20261008,541634,1806,63.64
20261008,541701,300,100.0
20261008,541702,246459,100.0
20261008,541729,9738,47.47
20261008,541735,142769,59.84
20261008,541741,5778,100.0
20261008,541770,39204,82.17
20261008,541771,19329,100.0
20261008,541778,14242,100.0
20261008,541809,28265,83.95
20261008,541865,46055,88.78
20261008,541890,56894,100.0
20261008,541929,289,56.45
20261008,541946,61370,100.0
20261008,541956,80648,52.26
20261008,541967,38079,33.63
20261008,541972,82,97.62
20261008,541973,1500,100.0
20261008,541974,4298,42.23
20261008,541988,2307,52.38
20261008,542011,34387,54.39
20261008,542012,606883,100.0
20261008,542013,166,68.03
20261008,542019,2507,99.92
20261008,542020,7613,100.0
20261008,542025,144000,100.0
20261008,542034,10925,78.76
20261008,542046,99901,88.89
20261008,542057,3815,76.88
20261008,542066,53153,53.43
20261008,542131,11217,95.37
20261008,542141,7576,73.78
20261008,542146,1250,100.0
20261008,542155,2000,100.0
20261008,542206,942,100.0
20261008,542216,1568,41.9
20261008,542230,1419,95.88
20261008,542231,38682,55.74
20261008,542232,1666,98.46
20261008,542233,2826,93.67
20261008,542248,3054,98.33
20261008,542285,14934,76.2
20261008,542323,22356,32.32
20261008,542332,500,100.0
20261008,542333,948,65.29
20261008,542337,2016,62.15
20261008,542351,177,99.44
20261008,542367,1937,96.32
20261008,542383,381,65.69
20261008,542399,659,55.15
20261008,542437,2020,100.0
20261008,542446,31135,83.33
20261008,542459,4088,88.66
20261008,542460,1038,80.9
20261008,542484,1209,37.3
20261008,542503,40000,100.0
20261008,542513,590,90.35
20261008,542524,1000,100.0
20261008,542543,300000,80.0
20261008,542579,301778,56.36
20261008,542580,1119,100.0
20261008,542597,9396,60.41
20261008,542602,7291,82.77
20261008,542627,23623,100.0
20261008,542628,4373,67.04
20261008,542649,414811,54.24
20261008,542650,2103,28.01
20261008,542651,106161,56.83
20261008,542652,4043,31.46
20261008,542654,610,100.0
20261008,542655,164594,89.38
20261008,542665,2211,40.26
20261008,542666,6697,93.3
20261008,542668,4000,80.0
20261008,542669,127289,79.8
20261008,542670,4352,98.77
20261008,542677,5852,95.9
20261008,542679,51,96.23
20261008,542682,395,98.26
20261008,542684,1913,57.85
20261008,542685,1,100.0
20261008,542694,1671,99.64
20261008,542721,10318,100.0
20261008,542725,1958754,86.7
20261008,542726,3756,43.83
20261008,542727,46250,35.47
20261008,542729,315,100.0
20261008,542730,2448,61.74
20261008,542747,14315,99.55
20261008,542752,156824,95.98
20261008,542758,4272,60.37
20261008,542759,4270,71.02
20261008,542760,45711,59.2
20261008,542765,1500,100.0
20261008,542770,2715,43.35
20261008,542772,5344,45.11
20261008,542773,3824,87.85
20261008,542774,19007,63.24
20261008,542802,80433,40.67
20261008,542803,20033,70.58
20261008,542812,1360,63.02
20261008,542830,25463,49.03
20261008,542850,20000,100.0
20261008,542851,25604,100.0
20261008,542852,33409,87.18
20261008,542857,100448,97.37
20261008,542862,3173,64.62
20261008,542863,154,64.71
20261008,542865,7317,89.43
20261008,542867,7481,56.55
20261008,542904,709917,57.54
20261008,542905,1923,52.33
20261008,542907,2302,64.7
20261008,542909,6,31.58
20261008,542910,7500,100.0
20261008,542911,11,100.0
20261008,542918,4158,100.0
20261008,542919,9531,54.82
20261008,542920,10980,62.18
20261008,542921,87769,72.77
20261008,542922,1905,89.44
20261008,542933,106,100.0
20261008,542934,62000,93.94
20261008,542938,144,100.0
20261008,543064,13694,52.57
20261008,543065,6000,100.0
20261008,543066,127200,79.26
20261008,543071,48,50.53
20261008,543083,1,100.0
20261008,543092,1,50.0
20261008,543110,13,100.0
20261008,543144,994,99.9
20261008,543150,13794,87.13
20261008,543153,6,100.0
20261008,543161,173,79.36
20261008,543171,13696,100.0
20261008,543172,500,100.0
20261008,543173,542,95.09
20261008,543174,1733,94.54
20261008,543175,142,100.0
20261008,543176,505,95.1
20261008,543177,3400,11.77
20261008,543178,19,100.0
20261008,543181,1004,88.85
20261008,543182,18,94.74
20261008,543184,1,50.0
20261008,543186,1315,98.43
20261008,543187,2017,48.79
20261008,543193,6031,49.08
20261008,543207,18647,93.87
20261008,543208,12382,84.19
20261008,543209,24000,100.0
20261008,543210,536,100.0
20261008,543211,227,100.0
20261008,543212,7293,62.0
20261008,543213,3384,82.26
20261008,543214,41593,98.17
20261008,543217,4456,68.7
20261008,543218,771,97.47
20261008,543219,2844,87.94
20261008,543220,714726,90.87
20261008,543221,14642,65.93
20261008,543223,1375,54.22
20261008,543224,382,60.25
20261008,543225,50000,100.0
20261008,543226,8554,95.99
20261008,543227,33925,31.34
20261008,543228,8000,54.01
20261008,543229,10,100.0
20261008,543230,3998,64.88
20261008,543231,6,100.0
20261008,543232,21807,55.41
20261008,543233,4656,85.24
20261008,543235,149241,49.31
20261008,543236,4,100.0
20261008,543237,47590,53.11
20261008,543238,12371,66.07
20261008,543240,3684,66.41
20261008,543241,1910,100.0
20261008,543242,17457,76.99
20261008,543243,40785,64.71
20261008,543244,20000,83.33
20261008,543245,25175,48.74
20261008,543246,591,94.41
20261008,543248,78063,51.79
20261008,543249,20323,64.25
20261008,543250,22035,61.97
20261008,543251,191,97.45
20261008,543252,3876,50.52
20261008,543253,19542,37.06
20261008,543254,4263,44.11
20261008,543255,344,82.69
20261008,543256,11175,75.88
20261008,543257,779449,53.96
20261008,543258,915,55.05
20261008,543259,3852,51.78
20261008,543260,387,63.55
20261008,543261,10815,83.37
20261008,543262,1000,100.0
20261008,543263,43991,40.26
20261008,543264,243,100.0
20261008,543265,21813,50.36
20261008,543266,6501,81.17
20261008,543267,313544,78.96
20261008,543268,2586,89.33
20261008,543270,4188,100.0
20261008,543271,5194,54.22
20261008,543272,259429,74.6
20261008,543273,6324,44.34
20261008,543275,26296,64.15
20261008,543276,50150,94.53
20261008,543277,27005,32.94
20261008,543278,91643,34.68
20261008,543279,5063,70.06
20261008,543280,21125,36.01
20261008,543281,5836,59.87
20261008,543282,300,100.0
20261008,543283,727,100.0
20261008,543284,6454,100.0
20261008,543285,22800,96.61
20261008,543287,16501,44.87
20261008,543288,12574,54.78
20261008,543290,67941,76.6
20261008,543291,194879,57.55
20261008,543292,6712,94.31
20261008,543298,1678,84.88
20261008,543299,7932,48.15
20261008,543300,179635,73.07
20261008,543306,547,92.55
20261008,543308,63739,85.32
20261008,543311,9151,66.21
20261008,543317,1660,75.05
20261008,543318,8690,46.68
20261008,543320,957590,45.89
20261008,543321,5208,49.38
20261008,543322,3845,70.36
20261008,543323,3565,62.64
20261008,543324,4093,36.19
20261008,543325,83517,39.76
20261008,543326,60966,83.08
20261008,543327,6546,78.76
20261008,543328,1341,56.77
20261008,543329,2220,63.39
20261008,543330,44809,44.14
20261008,543331,30086,43.94
20261008,543332,1507,62.58
20261008,543333,5861,55.84
20261008,543334,2455,64.22
20261008,543335,717896,88.54
20261008,543336,11601,42.89
20261008,543341,27974,81.1
20261008,543346,3000,100.0
20261008,543347,210,49.65
20261008,543348,60,90.91
20261008,543349,7306,55.91
20261008,543350,2395,48.56
20261008,543351,3600,100.0
20261008,543357,20,100.0
20261008,543358,4203,44.78
20261008,543363,9400,83.93
20261008,543364,23806,72.94
20261008,543365,81326,51.58
20261008,543366,1200,100.0
20261008,543367,20866,54.1
20261008,543373,4978,100.0
20261008,543374,6018,55.39
20261008,543375,2500,100.0
20261008,543376,1494,93.38
20261008,543377,80000,72.73
20261008,543378,5000,71.43
20261008,543383,109,85.16
20261008,543384,52740,44.85
20261008,543386,327722,37.07
20261008,543387,5130,55.41
20261008,543388,623,95.26
20261008,543389,53047,52.33
20261008,543390,63893,45.66
20261008,543391,1500,66.67
20261008,543396,356894,40.67
20261008,543397,4042,44.62
20261008,543398,36030,43.57
20261008,543399,8819,67.26
20261008,543400,46000,71.88
20261008,543401,3665,62.13
20261008,543410,3900,100.0
20261008,543411,17860,51.51
20261008,543412,11402,47.64
20261008,543413,30865,52.45
20261008,543414,25065,52.23
20261008,543415,11043,60.73
20261008,543416,1094,97.07
20261008,543417,5054,74.41
20261008,543418,5,100.0
20261008,543419,19321,71.76
20261008,543420,4588,70.45
20261008,543425,2315,48.62
20261008,543426,8075,73.33
20261008,543427,2279,68.58
20261008,543428,9059,37.98
20261008,543433,13819,91.72
20261008,543434,10389,57.3
20261008,543436,800,100.0
20261008,543437,175692,48.35
20261008,543438,2626,80.8
20261008,543440,283,57.99
20261008,543441,28313,66.1
20261008,543442,303,96.5
20261008,543449,5244,32.47
20261008,543450,31162,68.13
20261008,543452,55165,41.99
20261008,543454,2522,89.75
20261008,543458,64135,35.77
20261008,543462,6523,39.62
20261008,543463,7366,59.21
20261008,543464,5000,100.0
20261008,543465,3643,87.22
20261008,543470,75,91.46
20261008,543471,18784,55.97
20261008,543472,1157,84.58
20261008,543473,5798,70.98
20261008,543474,11150,68.52
20261008,543480,1,100.0
20261008,543481,257539,42.88
20261008,543482,12273,72.64
20261008,543489,28685,65.23
20261008,543490,30084,43.12
20261008,543497,11200,93.33
20261008,543498,166678,53.87
20261008,543499,17886,62.27
20261008,543500,8000,100.0
20261008,543501,1604,100.0
20261008,543512,194230,99.01
20261008,543513,8058,100.0
20261008,543514,8392,100.0
20261008,543515,12375,68.75
20261008,543516,327600,100.0
20261008,543517,3570,70.89
20261008,543518,3000,100.0
20261008,543520,114000,100.0
20261008,543522,3750,71.43
20261008,543523,11258,59.09
20261008,543524,1907,35.11
20261008,543525,36778,32.33
20261008,543526,43187,49.6
20261008,543527,492,74.1
20261008,543528,6356,27.96
20261008,543529,248668,77.0
20261008,543530,118380,62.92
20261008,543531,5995,91.1
20261008,543532,713,33.3
20261008,543533,9671,56.47
20261008,543534,2323,50.49
20261008,543535,667,86.06
20261008,543539,1499,75.4
20261008,543540,1200,100.0
20261008,543542,900,6.25
20261008,543544,150000,75.76
20261008,543545,33400,100.0
20261008,543546,8000,100.0
20261008,543547,5261,71.17
20261008,543563,1281,71.13
20261008,543568,8370,67.77
20261008,543569,5291,100.0
20261008,543570,5745,94.86
20261008,543571,4180,45.77
20261008,543572,53414,77.83
20261008,543573,24747,35.02
20261008,543574,1606,59.77
20261008,543575,1809,88.11
20261008,543576,2130,56.22
20261008,543577,201,95.26
20261008,543578,3700,100.0
20261008,543590,1344415,47.86
20261008,543591,4138,83.41
20261008,543592,51440,43.99
20261008,543593,13414,56.54
20261008,543594,42000,87.5
20261008,543596,1790,52.39
20261008,543597,6080,47.35
20261008,543599,1633,65.11
20261008,543600,5153,54.02
20261008,543605,6,100.0
20261008,543606,2000,33.33
20261008,543607,264,100.0
20261008,543608,299,100.0
20261008,543614,2980,88.8
20261008,543615,9600,92.31
20261008,543616,36600,87.14
20261008,543618,750,100.0
20261008,543619,2500,84.75
20261008,543620,112197,80.37
20261008,543622,18000,57.69
20261008,543623,4500,100.0
20261008,543626,108823,54.52
20261008,543627,103,86.55
20261008,543628,13655,84.07
20261008,543635,47172,44.07
20261008,543636,6088,61.76
20261008,543637,7200,100.0
20261008,543638,23786,86.05
20261008,543643,50012,73.45
20261008,543644,15824,67.88
20261008,543645,2,100.0
20261008,543650,22678,54.02
20261008,543652,11865,60.44
20261008,543653,15131,62.05
20261008,543654,1099,43.27
20261008,543655,75000,100.0
20261008,543656,4000,100.0
20261008,543657,7155,48.12
20261008,543663,4306,34.22
20261008,543664,38857,41.2
20261008,543665,2084,99.05
20261008,543666,1019,82.91
20261008,543667,3119672,67.1
20261008,543668,1420,17.27
20261008,543669,6324,57.59
20261008,543670,14094,57.15
20261008,543671,246168,98.79
20261008,543677,23455,94.61
20261008,543686,1992,75.45
20261008,543687,290,81.92
20261008,543688,94820,63.6
20261008,543689,4385,58.53
20261008,543699,104,100.0
20261008,543709,7750,70.45
20261008,543710,5787,70.62
20261008,543711,14776,67.84
20261008,543712,586,98.32
20261008,543713,20000,52.63
20261008,543714,1854,75.06
20261008,543720,36699,60.94
20261008,543725,12486,86.37
20261008,543732,9454,92.14
20261008,543737,1060,87.68
20261008,543738,577,100.0
20261008,543743,512,96.42
20261008,543744,1000,50.0
20261008,543745,6000,100.0
20261008,543746,7800,38.24
20261008,543747,20970,90.82
20261008,543748,23064,42.7
20261008,543766,273,100.0
20261008,543767,545,77.3
20261008,543768,92988,45.92
20261008,543774,617,63.02
20261008,543775,26892,65.72
20261008,543776,17983,66.17
20261008,543781,57504,82.44
20261008,543782,7020,86.67
20261008,543787,2145,65.0
20261008,543798,12000,100.0
20261008,543805,8250,78.57
20261008,543806,5600,43.75
20261008,543811,5565,74.0
20261008,543812,1837,52.44
20261008,543813,1102,100.0
20261008,543814,1000,100.0
20261008,543819,746,77.87
20261008,543828,1144000,91.67
20261008,543829,4425,36.39
20261008,543853,1991,98.96
20261008,543858,19,100.0
20261008,543860,1523,100.0
20261008,543861,942,96.12
20261008,543874,21000,91.3
20261008,543875,2,100.0
20261008,543895,7000,66.67
20261008,543896,5699,39.65
20261008,543897,500,100.0
20261008,543898,1535,96.0
20261008,543899,4440,71.17
20261008,543900,9277,50.81
20261008,543901,1,100.0
20261008,543902,12000,100.0
20261008,543903,16898,85.72
20261008,543904,113102,88.46
20261008,543905,800,100.0
20261008,543910,545,87.34
20261008,543911,79970,71.07
20261008,543912,888,97.48
20261008,543913,3140,81.56
20261008,543914,17691,100.0
20261008,543915,1744,94.02
20261008,543916,21200,100.0
20261008,543917,4357,69.37
20261008,543918,11781,61.23
20261008,543919,38005,90.07
20261008,543920,18910,52.95
20261008,543921,2000,100.0
20261008,543922,6415,76.28
20261008,543923,6170,48.55
20261008,543924,10000,100.0
20261008,543926,7200,85.71
20261008,543927,373,100.0
20261008,543928,5300,74.65
20261008,543929,46129,57.08
20261008,543930,2874,100.0
20261008,543931,4800,53.33
20261008,543932,8827,54.61
20261008,543933,78407,77.49
20261008,543934,225,100.0
20261008,543935,25678,99.77
20261008,543936,1221486,36.36
20261008,543937,1200,100.0
20261008,543939,10500,72.41
20261008,543940,768992,59.52
20261008,543941,1200,75.0
20261008,543942,191165,53.27
20261008,543943,49000,72.06
20261008,543944,72,67.29
20261008,543945,74385,38.55
20261008,543946,218616,99.99
20261008,543947,5,100.0
20261008,543948,638,51.2
20261008,543949,301,89.32
20261008,543950,6424,38.54
20261008,543952,3449,55.25
20261008,543953,1500,16.67
20261008,543954,17494,78.69
20261008,543955,10239,89.3
20261008,543956,7606,96.74
20261008,543957,17814,65.31
20261008,543958,13531,98.56
20261008,543959,1143161,91.1
20261008,543960,1754,51.21
20261008,543962,11123,59.39
20261008,543963,705000,83.93
20261008,543965,19235,58.26
20261008,543969,1296,87.16
20261008,543971,161400,60.18
20261008,543972,57982,46.45
20261008,543973,2,100.0
20261008,543974,20089,60.18
20261008,543975,13,92.86
20261008,543976,7304,45.78
20261008,543977,5146,56.62
20261008,543978,46021,45.54
20261008,543979,25600,100.0
20261008,543980,5243,58.07
20261008,543981,12131,54.92
20261008,543982,26400,86.27
20261008,543983,9848,49.7
20261008,543984,14723,54.02
20261008,543985,41985,68.68
20261008,543986,131723,96.9
20261008,543988,11416,59.41
20261008,543989,9956,67.94
20261008,543990,10651,23.91
20261008,543991,7600,95.0
20261008,543992,28124,58.81
20261008,543993,759,80.57
20261008,543994,233215,71.93
20261008,543995,16245,60.75
20261008,543996,39435,82.5
20261008,543997,26100,41.43
20261008,543998,6115,100.0
20261008,543999,3415,94.15
20261008,544000,12000,100.0
20261008,544001,44125,100.0
20261008,544003,4539,71.45
20261008,544004,2471,57.72
20261008,544006,30098,81.42
20261008,544007,34412,53.35
20261008,544008,1558,52.4
20261008,544009,61080,89.46
20261008,544010,9200,100.0
20261008,544012,45339,28.83
20261008,544014,13168,19.09
20261008,544020,56450,100.0
20261008,544021,19636,40.35
20261008,544022,14690,66.59
20261008,544023,19750,100.0
20261008,544025,4200,87.5
20261008,544026,532281,56.43
20261008,544027,38328,62.86
20261008,544028,162726,62.86
20261008,544029,35686,56.5
20261008,544030,1369,17.96
20261008,544035,1600,100.0
20261008,544036,8800,91.67
20261008,544037,23300,75.4
20261008,544042,14001,65.42
20261008,544043,1,100.0
20261008,544044,826,67.76
20261008,544045,1019,60.47
20261008,544046,3250,49.09
20261008,544047,10500,77.78
20261008,544052,10000,100.0
20261008,544053,306550,37.87
20261008,544054,2881,65.97
20261008,544055,20514,73.58
20261008,544057,3844,58.59
20261008,544058,8175,79.02
20261008,544059,2000,100.0
20261008,544060,10148,100.0
20261008,544061,18913,45.31
20261008,544066,22506,99.99
20261008,544067,2225,55.72
20261008,544072,800,100.0
20261008,544073,33000,75.0
20261008,544074,2400,100.0
20261008,544079,2140,92.24
20261008,544080,11,100.0
20261008,544081,92827,63.08
20261008,544082,10000,83.33
20261008,544083,500,50.0
20261008,544088,3006,62.72
20261008,544089,224083,81.28
20261008,544090,11,100.0
20261008,544091,6800,100.0
20261008,544092,743,87.82
20261008,544093,611,70.88
20261008,544094,1200,100.0
20261008,544095,11327,58.3
20261008,544100,3716,75.84
20261008,544102,200,72.73
20261008,544104,7,100.0
20261008,544105,7500,100.0
20261008,544107,8686,32.94
20261008,544108,16800,62.22
20261008,544109,5759,97.69
20261008,544110,676,44.27
20261008,544111,3599,84.44
20261008,544112,644,79.7
20261008,544117,392,85.4
20261008,544118,4049,44.36
20261008,544119,14174,55.12
20261008,544120,8350,88.36
20261008,544121,1000,100.0
20261008,544122,1343,61.95
20261008,544123,467,99.15
20261008,544124,2526,99.61
20261008,544129,4113,72.2
20261008,544130,32095,54.78
20261008,544131,7814,80.71
20261008,544132,108277,59.77
20261008,544133,29716,49.91
20261008,544134,1490,73.69
20261008,544135,16852,100.0
20261008,544136,510,92.22
20261008,544137,8275,66.71
20261008,544138,16150,68.39
20261008,544139,6000,100.0
20261008,544140,5460,42.48
20261008,544141,17600,75.86
20261008,544142,14399,59.41
20261008,544143,17500,92.11
20261008,544144,847,83.94
20261008,544149,502,97.29
20261008,544150,52750,74.04
20261008,544151,26000,100.0
20261008,544156,18000,100.0
20261008,544157,500,100.0
20261008,544158,1708,77.67
20261008,544159,10020,91.83
20261008,544160,76800,100.0
20261008,544161,5198,53.88
20261008,544162,107659,88.9
20261008,544164,10000,100.0
20261008,544165,46500,88.57
20261008,544166,9600,100.0
20261008,544167,4980,57.89
20261008,544168,2000,66.67
20261008,544169,4000,33.33
20261008,544170,2000,100.0
20261008,544171,4000,100.0
20261008,544172,9167,61.69
20261008,544173,25000,100.0
20261008,544174,5030,42.74
20261008,544175,6000,55.56
20261008,544176,7603,67.75
20261008,544177,4000,80.0
20261008,544179,131866,95.92
20261008,544180,22513,76.14
20261008,544181,16693,46.87
20261008,544182,363,99.45
20261008,544184,6345,66.09
20261008,544185,3420,80.23
20261008,544186,10063,81.8
20261008,544187,5403,100.0
20261008,544188,4000,50.0
20261008,544189,5500,73.33
20261008,544191,22300,84.59
20261008,544192,22317,51.2
20261008,544193,62452,96.43
20261008,544194,64344,95.01
20261008,544195,10000,100.0
20261008,544196,145,83.82
20261008,544197,231,100.0
20261008,544198,13997,62.3
20261008,544199,1600,100.0
20261008,544200,26750,88.0
20261008,544201,72000,100.0
20261008,544202,4537,62.94
20261008,544203,18530,38.56
20261008,544204,397,82.19
20261008,544205,1366,100.0
20261008,544206,28218,52.12
20261008,544207,33,89.19
20261008,544209,322956,97.73
20261008,544210,1748,55.26
20261008,544212,12366,61.65
20261008,544213,7800,92.86
20261008,544214,2000,100.0
20261008,544215,3022,99.47
20261008,544216,19800,84.18
20261008,544217,12293,65.38
20261008,544218,4955,88.06
20261008,544219,8400,93.33
20261008,544221,12000,100.0
20261008,544222,5289,51.65
20261008,544223,1010246,93.94
20261008,544224,62400,76.47
20261008,544225,2777164,35.01
20261008,544226,54017,43.72
20261008,544227,21658,87.96
20261008,544229,236440,68.2
20261008,544230,4247,71.98
20261008,544232,1652,51.08
20261008,544233,50,100.0
20261008,544234,21553,99.99
20261008,544235,66758,44.25
20261008,544236,2400,100.0
20261008,544237,2400,100.0
20261008,544238,24132,46.49
20261008,544239,7725,56.61
20261008,544240,7841,70.25
20261008,544241,15734,71.48
20261008,544243,22123,68.57
20261008,544244,3350,66.97
20261008,544246,16,100.0
20261008,544247,2641,74.94
20261008,544248,5400,69.23
20261008,544249,4115,88.36
20261008,544250,389,69.59
20261008,544251,59200,100.0
20261008,544252,128435,54.05
20261008,544253,21705,47.92
20261008,544254,2855,79.66
20261008,544256,8224,38.77
20261008,544257,1500,100.0
20261008,544258,7861,65.48
20261008,544259,18000,75.0
20261008,544260,20120,59.07
20261008,544261,10280,70.09
20261008,544262,18174,56.28
20261008,544263,10220,57.0
20261008,544264,4698,56.98
20261008,544265,1200,50.0
20261008,544266,184,94.85
20261008,544267,6400,61.54
20261008,544268,226223,66.46
20261008,544269,6000,100.0
20261008,544270,3600,75.0
20261008,544271,13284,62.66
20261008,544272,1600,66.67
20261008,544273,6967,96.27
20261008,544274,10013,50.81
20261008,544275,7378,95.16
20261008,544276,47078,82.43
20261008,544277,25241,65.62
20261008,544278,21830,100.0
20261008,544279,3907,56.07
20261008,544280,323085,93.19
20261008,544281,47068,100.0
20261008,544282,772997,44.85
20261008,544283,64303,48.7
20261008,544284,4445,68.94
20261008,544285,145381,42.21
20261008,544286,131272,23.95
20261008,544288,12612,48.61
20261008,544289,277691,54.45
20261008,544290,17365,62.07
20261008,544291,14800,62.45
20261008,544292,5113,61.67
20261008,544293,2728,71.66
20261008,544294,6123,46.4
20261008,544296,18400,66.67
20261008,544301,2576,99.0
20261008,544302,284,2.69
20261008,544303,3300,91.67
20261008,544304,3200,100.0
20261008,544305,551936,42.03
20261008,544306,13201,60.18
20261008,544307,9766701,94.72
20261008,544308,3719,100.0
20261008,544309,2527,31.99
20261008,544310,62000,60.78
20261008,544311,17603,56.08
20261008,544312,4000,100.0
20261008,544313,4000,100.0
20261008,544314,2257,72.76
20261008,544315,1273,76.92
20261008,544316,15359,60.97
20261008,544317,15619,29.05
20261008,544318,1366,59.99
20261008,544319,3906,49.2
20261008,544320,3094,54.29
20261008,544321,154,74.04
20261008,544322,10401,48.63
20261008,544323,3763,88.81
20261008,544324,2000,100.0
20261008,544325,90260,50.66
20261008,544326,1359,99.93
20261008,544327,4000,100.0
20261008,544328,7759,69.26
20261008,544329,92000,95.83
20261008,544330,8000,100.0
20261008,544331,16000,61.54
20261008,544332,4800,92.31
20261008,544333,25976,62.44
20261008,544334,28500,100.0
20261008,544335,70000,100.0
20261008,544336,15323,47.21
20261008,544337,5000,100.0
20261008,544338,14093,73.58
20261008,544339,3367,81.8
20261008,544340,20800,81.25
20261008,544341,9600,100.0
20261008,544342,20197,100.0
20261008,544343,5200,86.67
20261008,544344,1655,64.77
20261008,544345,2031,60.7
20261008,544347,600,100.0
20261008,544348,25200,61.76
20261008,544349,1600,100.0
20261008,544350,14318,74.46
20261008,544351,3200,100.0
20261008,544352,72,97.3
20261008,544353,28800,82.76
20261008,544354,10800,65.45
20261008,544355,815,69.07
20261008,544356,1368,44.23
20261008,544361,1257,74.38
20261008,544362,477536,94.64
20261008,544363,118,88.06
20261008,544364,1323,80.62
20261008,544365,10000,100.0
20261008,544367,14623,53.62
20261008,544368,1200,50.0
20261008,544369,93600,100.0
20261008,544371,1049,100.0
20261008,544373,8000,100.0
20261008,544375,240,45.2
20261008,544376,1600,93.84
20261008,544377,13177,100.0
20261008,544379,6541,65.19
20261008,544381,6000,71.43
20261008,544382,1640,85.06
20261008,544384,154598,58.49
20261008,544385,922,77.74
20261008,544386,229,100.0
20261008,544387,12500,43.1
20261008,544389,757,91.98
20261008,544390,12981,53.01
20261008,544392,18000,60.0
20261008,544393,3200,100.0
20261008,544394,6618,48.09
20261008,544395,576040,50.57
20261008,544396,1705,55.79
20261008,544397,141450,44.91
20261008,544398,12000,100.0
20261008,544399,3600,100.0
20261008,544400,154000,62.1
20261008,544402,9643,59.5
20261008,544403,30458,38.34
20261008,544404,1304,88.95
20261008,544405,49926,40.66
20261008,544406,13600,70.83
20261008,544407,35790,54.5
20261008,544408,11824,45.8
20261008,544410,12639,60.3
20261008,544411,8932,78.91
20261008,544412,3000,50.0
20261008,544413,11656,72.39
20261008,544414,8630,55.31
20261008,544415,381,99.48
20261008,544416,1149,79.24
20261008,544418,8991,58.08
20261008,544419,35706,66.81
20261008,544420,20845,48.29
20261008,544421,43724,58.35
20261008,544422,6000,83.33
20261008,544423,2565,93.65
20261008,544424,1759,99.72
20261008,544425,21600,100.0
20261008,544427,2540,64.63
20261008,544428,18000,93.75
20261008,544429,16475,57.57
20261008,544430,71843,60.33
20261008,544432,4935,79.69
20261008,544433,9600,100.0
20261008,544434,67200,100.0
20261008,544435,31200,79.59
20261008,544436,6000,100.0
20261008,544437,1200,100.0
20261008,544438,11704,80.15
20261008,544439,13067,77.41
20261008,544440,26250,100.0
20261008,544441,3200,57.14
20261008,544442,1800,75.0
20261008,544443,1467,78.16
20261008,544444,34800,100.0
20261008,544445,2000,100.0
20261008,544446,4006,60.36
20261008,544447,2326,73.82
20261008,544448,10284,64.34
20261008,544449,247899,89.53
20261008,544450,670,100.0
20261008,544451,2000,71.43
20261008,544452,10000,100.0
20261008,544453,9000,65.22
20261008,544454,754,93.9
20261008,544455,47619,52.88
20261008,544456,21476,100.0
20261008,544457,7076,84.27
20261008,544458,169500,57.65
20261008,544459,85721,26.09
20261008,544460,16000,90.91
20261008,544461,128,94.81
20261008,544463,7200,100.0
20261008,544464,20000,100.0
20261008,544465,6811,60.99
20261008,544466,56062,87.84
20261008,544467,274944,61.2
20261008,544468,1200,100.0
20261008,544469,19933,100.0
20261008,544470,20700,53.44
20261008,544471,12000,100.0
20261008,544473,100365,81.95
20261008,544476,119330,41.36
20261008,544477,10354,53.85
20261008,544479,2624,71.97
20261008,544480,346629,78.77
20261008,544481,8370,80.99
20261008,544483,1200,100.0
20261008,544484,12801,33.15
20261008,544485,7719,72.57
20261008,544486,146980,99.03
20261008,544487,15748,75.34
20261008,544488,69879,50.24
20261008,544489,15600,81.25
20261008,544490,8040,37.46
20261008,544491,1764,70.45
20261008,544492,1213,65.96
20261008,544493,204,60.71
20261008,544495,1200,100.0
20261008,544496,43561,70.16
20261008,544497,2204025,73.93
20261008,544498,8000,55.56
20261008,544499,95,100.0
20261008,544500,2000,100.0
20261008,544501,39000,100.0
20261008,544502,5831,100.0
20261008,544503,1000,100.0
20261008,544504,3200,100.0
20261008,544506,7200,85.71
20261008,544507,31471,81.9
20261008,544508,1200,100.0
20261008,544510,6400,100.0
20261008,544511,8800,64.71
20261008,544512,6636,64.67
20261008,544513,8141,88.95
20261008,544515,67768,45.04
20261008,544516,41500,58.45
20261008,544517,8314,75.09
20261008,544518,65600,100.0
20261008,544519,7352,48.6
20261008,544520,7200,60.0
20261008,544521,6958,85.09
20261008,544522,24,100.0
20261008,544523,8984,51.7
20261008,544524,41600,72.22
20261008,544525,17979,66.29
20261008,544526,1564,45.49
20261008,544527,5594,42.57
20261008,544528,10711,58.25
20261008,544529,16800,100.0
20261008,544530,19656,63.42
20261008,544531,6000,100.0
20261008,544532,6105,66.47
20261008,544533,3779,62.12
20261008,544534,2319,26.19
20261008,544535,30400,76.0
20261008,544537,52834,59.34
20261008,544538,50000,100.0
20261008,544540,40850,50.82
20261008,544541,11400,70.37
20261008,544542,7000,70.0
20261008,544543,4739,79.26
20261008,544544,8400,100.0
20261008,544545,5023,62.87
20261008,544546,14400,80.0
20261008,544547,3258,98.37
20261008,544548,3200,100.0
20261008,544550,36849,61.45
20261008,544552,2400,100.0
20261008,544554,178000,100.0
20261008,544555,4800,100.0
20261008,544556,1600,100.0
20261008,544557,4642,72.78
20261008,544558,1625,81.05
20261008,544559,9600,85.71
20261008,544560,8000,100.0
20261008,544562,10800,74.86
20261008,544563,23000,100.0
20261008,544564,5666,98.95
20261008,544565,92000,100.0
20261008,544566,7500,62.5
20261008,544567,5200,92.86
20261008,544568,18000,78.95
20261008,544569,329868,56.27
20261008,544570,4713,61.02
20261008,544572,628,51.06
20261008,544574,48470,54.25
20261008,544575,10000,90.91
20261008,544576,7162,40.51
20261008,544577,32166,100.0
20261008,544578,1724,53.13
20261008,544579,284,77.38
20261008,544580,9305,57.61
20261008,544581,7296,99.84
20261008,544582,10800,100.0
20261008,544583,12284,48.82
20261008,544584,9000,100.0
20261008,544586,100759,93.59
20261008,544587,1717,58.1
20261008,544595,1820,77.45
20261008,544597,8543,69.75
20261008,544598,12408,99.77
20261008,544599,2441,40.69
20261008,544600,78880,44.72
20261008,544601,16,94.12
20261008,544602,221113,65.65
20261008,544603,1001058,55.1
20261008,544604,14726,72.27
20261008,544605,33491,74.85
20261008,544606,454726,39.0
20261008,544607,14400,100.0
20261008,544608,311378,82.06
20261008,544609,234520,40.77
20261008,544610,7200,70.59
20261008,544611,16800,93.33
20261008,544612,551694,96.61
20261008,544613,14580,50.38
20261008,544614,6062,60.54
20261008,544615,209,100.0
20261008,544616,20000,90.91
20261008,544617,21109,54.32
20261008,544618,2,66.67
20261008,544619,7566,45.15
20261008,544620,6,100.0
20261008,544621,1000,100.0
20261008,544622,426989,47.0
20261008,544623,14400,80.0
20261008,544624,6000,100.0
20261008,544626,12000,100.0
20261008,544627,12000,100.0
20261008,544628,24000,37.5
20261008,544629,4000,100.0
20261008,544630,1200,100.0
20261008,544631,710,78.37
20261008,544632,248392,45.84
20261008,544633,141882,42.05
20261008,544634,279821,48.32
20261008,544635,32000,83.33
20261008,544636,4000,66.67
20261008,544637,90000,76.92
20261008,544638,58,34.12
20261008,544639,235,95.92
20261008,544640,7200,85.71
20261008,544641,7800,92.86
20261008,544642,17781,50.05
20261008,544644,576,57.37
20261008,544645,12628,66.43
20261008,544646,10000,100.0
20261008,544647,8092,59.91
20261008,544648,4000,66.67
20261008,544654,19607,90.52
20261008,544655,27277,99.98
20261008,544656,400,100.0
20261008,544657,30600,71.83
20261008,544658,47607,70.06
20261008,544660,9030,52.71
20261008,544661,126,100.0
20261008,544662,39,69.64
20261008,544663,30000,76.92
20261008,544664,12750,58.2
20261008,544665,3200,100.0
20261008,544666,52028,61.93
20261008,544668,9600,88.89
20261008,544669,3600,100.0
20261008,544670,7200,100.0
20261008,544671,4000,66.67
20261008,544672,1772,100.0
20261008,544673,4800,100.0
20261008,544674,261,99.24
20261008,544675,11200,100.0
20261008,544676,5600,70.0
20261008,544677,3200,100.0
20261008,544678,95441,62.44
20261008,544679,1611,40.66
20261008,544681,38000,71.7
20261008,544682,2400,100.0
20261008,544683,15000,100.0
20261008,544684,28800,100.0
20261008,544685,122635,43.99
20261008,544687,36000,75.0
20261008,544688,4000,100.0
20261008,544693,6400,100.0
20261008,544694,17000,100.0
20261008,544695,33000,100.0
20261008,544699,36589,48.06
20261008,544700,10384,54.67
20261008,544701,5247,67.83
20261008,544702,12620,80.78
20261008,544703,14298,100.0
20261008,544704,5053,83.49
20261008,544705,27938,77.78
20261008,544707,14400,92.31
20261008,544708,39600,94.29
20261008,544709,26561,64.44
20261008,544710,102000,51.52
20261008,544711,21000,70.0
20261008,544716,924,82.65
20261008,544717,10065,55.45
20261008,544718,233818,37.3
20261008,544719,30,96.77
20261008,544720,45762,62.57
20261008,544721,35681,88.75
20261008,544722,5093,98.0
20261008,544723,209643,95.95
20261008,544724,15000,83.33
20261008,544725,38366,21.51
20261008,544726,39483,83.4
20261008,544731,72489,87.02
20261008,544732,20,100.0
20261008,544733,7688,55.57
20261008,544734,2253,88.18
20261008,544735,110000,59.46
20261008,544736,25,100.0
20261008,544737,8814,69.86
20261008,544738,25000,62.5
20261008,544739,50288,41.22
20261008,544740,76800,100.0
20261008,544741,14400,100.0
20261008,544742,13704,50.47
20261008,544743,60685,70.35
20261008,544744,7011,54.42
20261008,544745,7666,91.83
20261008,544746,8000,100.0
20261008,544747,7200,54.55
20261008,544748,47227,37.39
20261008,544750,17311,48.32
20261008,544751,21600,58.06
20261008,544752,4,100.0
20261008,544753,20385,83.48
20261008,544754,212937,80.65
20261008,544755,22400,100.0
20261008,544756,16332,77.53
20261008,544757,1093,82.0
20261008,544758,13730,87.37
20261008,544760,706,100.0
20261008,544761,18,100.0
20261008,544762,8981,99.87
20261008,544763,988,99.1
20261008,544764,5141,92.05
20261008,544765,9600,100.0
20261008,544766,30,100.0
20261008,544767,12000,100.0
20261008,544768,8000,100.0
20261008,544769,25200,91.3
20261008,544770,12800,72.73
20261008,544771,2000,100.0
20261008,544772,4000,100.0
20261008,544773,64000,62.14
20261008,544774,8000,88.89
20261008,544777,44603,73.02
20261008,544779,36800,83.64
20261008,544780,232827,57.28
20261008,544781,817296,54.29
20261008,544782,696115,50.27
20261008,544783,309736,100.0
20261008,544784,1593588,55.78
20261008,544785,23410,100.0
20261008,544786,2396,76.04
20261008,544793,42000,100.0
20261008,544794,180000,83.33
20261008,544795,15158,82.61
20261008,544796,3200,100.0
20261008,544797,174000,100.0
20261008,544798,1200,100.0
20261008,544799,114118,53.24
20261008,544800,4800,75.0
20261008,544801,75767,100.0
20261008,544802,75566,62.7
20261008,544803,39454,51.5
20261008,544804,4800,100.0
20261008,544806,16435,75.63
20261008,544807,3000,100.0
20261008,544808,64550,55.64
20261008,544809,72000,70.59
20261008,544810,60800,64.41
20261008,544811,43000,100.0
20261008,544812,30000,100.0
20261008,544813,1000,50.0
20261008,544814,41321,38.88
20261008,544821,12296,48.16
20261008,544822,215004,92.32
20261008,544823,42000,100.0
20261008,544825,16160,72.16
20261008,544826,60800,65.52
20261008,544827,769,83.14
20261008,544829,19354,55.95
20261008,544830,149684,99.28
20261008,544831,5282,97.02
20261008,544832,27000,90.0
20261008,544833,14596,59.09
20261008,544834,14400,66.67
20261008,544837,68698,48.57
20261008,544838,35241,61.36
20261008,544839,15817,52.71
20261008,544840,58000,100.0
20261008,544841,1640,99.88
20261008,544842,1568,62.85
20261008,544843,9600,100.0
20261008,544844,34000,69.67
20261008,544845,227,95.78
20261008,544847,14099,53.19
20261008,544848,6400,100.0
20261008,544849,1000,100.0
20261008,544850,397,91.06
20261008,544851,27130,36.24
20261008,544853,29467,66.41
20261008,544854,21600,85.71
20261008,544855,1563,100.0
20261008,544856,20000,69.44
20261008,544857,469,99.58
20261008,544858,20400,89.47
20261008,544859,13000,72.22
20261008,544860,196837,56.58
20261008,544861,1575,100.0
20261008,544862,2610,63.49
20261008,544863,14400,85.71
20261008,544864,16628,49.54
20261008,544865,61460,39.68
20261008,544866,476281,83.45
20261008,544867,23355,41.96
20261008,544868,133934,100.0
20261008,544869,4000,100.0
20261008,544870,53808,59.36
20261008,544871,66079,35.02
20261008,544872,12000,76.92
20261008,544873,14439,76.17
20261008,544874,56,100.0
20261008,544876,13200,78.57
20261008,544877,40000,100.0
20261008,544878,140,99.29
20261008,544879,283360,63.0
20261008,544880,43140,38.18
20261008,544881,18345,71.99
20261008,544882,89718,47.35
20261008,544883,24000,77.42
20261008,544884,9600,44.44
20261008,544885,13909,62.14
20261008,544886,36993,37.5
20261008,544887,75,97.4
20261008,544888,12664,46.93
20261008,544889,12427,37.38
20261008,544890,43879,44.79
20261008,544891,1183085,36.23
20261008,544892,1034,78.27
20261008,544893,30781,56.37
20261008,544894,130317,42.45
20261008,544895,128000,66.12
20261008,544897,150000,90.91
20261008,544898,205883,73.06
20261008,544899,28996,53.55
20261008,544900,16000,88.89
20261008,544901,1972,73.31
20261008,544902,2000,100.0
20261008,544903,107928,33.69
20261008,544904,39600,62.26
20261008,544905,40000,47.62
20261008,544906,12086,49.45
20261008,544907,1,100.0
20261008,544908,3621,98.58
20261008,544909,250162,43.83
20261008,544910,12000,100.0
20261008,544911,834061,31.98
20261008,544912,28057,44.79
20261008,544913,326548,42.42
20261008,544914,321702,46.11
20261008,544915,141173,33.76
20261008,544916,31732,42.08
20261008,544917,49893,26.4
20261008,544918,33897,32.75
20261008,544919,13200,91.67
20261008,544920,44800,71.79
20261008,544921,112964,37.41
20261008,544922,14400,81.82
20261008,544923,50050,65.62
20261008,544924,118400,60.78
20261008,544925,78000,90.91
20261008,544927,200,100.0
20261008,544928,11200,77.78
20261008,544929,306314,38.07
20261008,544930,15600,86.67
20261008,544931,14400,100.0
20261008,544932,14000,36.84
20261008,544933,136000,60.71
20261008,544934,117160,42.42
20261008,544935,1122864,43.81
20261008,544936,1349722,54.36
20261008,544937,839420,65.62
20261008,544938,27412,100.0
20261008,544939,24000,100.0
20261008,544940,151200,100.0
20261008,544941,216000,100.0
20261008,544942,72444,67.73
20261008,544943,26400,100.0
20261008,544944,9600,100.0
20261008,544945,103775,57.12
20261008,544946,2000,100.0
20261008,544947,2000,100.0
20261008,544948,65600,100.0
20261008,544949,47090,100.0
20261008,544950,41799,100.0
20261008,544951,33895,55.98
20261008,544952,45105,63.67
20261008,544953,13222707,41.28
20261008,544954,80000,100.0
20261008,544955,1200,100.0
20261008,544957,63812,38.5
20261008,544958,92400,100.0
20261008,544959,55590,56.94
20261008,544960,276260,53.39
20261008,544961,4000,100.0
20261008,544962,1907089,40.14
20261008,544963,25647,100.0
20261008,544964,224000,100.0
20261008,544965,59112,100.0
20261008,544967,2000,100.0
20261008,544970,84,100.0
20261008,544971,145200,100.0
20261008,544972,301200,100.0
20261008,544973,48880,100.0
20261008,544974,1102743,100.0
20261008,544975,2974800,100.0
20261008,544976,77200,100.0
20261008,544977,2066000,100.0
20261008,544978,1814000,100.0
20261008,544979,2942400,100.0
20261008,544980,886000,100.0
20261008,555555,757,90.99
20261008,570002,128,100.0
20261008,570004,1527,86.13
20261008,570005,33733,100.0
20261008,590003,84175,51.69
20261008,590005,320,67.94
20261008,590006,767,74.32
20261008,590013,1045,69.99
20261008,590018,54,100.0
20261008,590021,1077,71.94
20261008,590022,1055,100.0
20261008,590024,7286,56.68
20261008,590025,951,100.0
20261008,590030,14519,74.3
20261008,590031,374,55.41
20261008,590041,84752,100.0
20261008,590051,15538,57.22
20261008,590056,14,87.5
20261008,590057,2700,100.0
20261008,590062,21204,73.8
20261008,590065,125,100.0
20261008,590066,2388,57.29
20261008,590068,1,100.0
20261008,590070,1585,98.45
20261008,590071,825,63.07
20261008,590072,10,83.33
20261008,590073,5333,39.57
20261008,590075,386,88.33
20261008,590078,2904,70.59
20261008,590086,396,76.45
20261008,590095,374246,59.67
20261008,590096,205587,78.57
20261008,590097,14414,52.1
20261008,590098,54061,55.58
20261008,590099,1267,31.18
20261008,590101,30456,81.44
20261008,590103,451234,82.97
20261008,590104,11089,64.08
20261008,590106,9060,57.03
20261008,590107,1691,70.78
20261008,590108,56737,58.63
20261008,590109,657,68.87
20261008,590110,453,70.67
20261008,590113,5656,73.17
20261008,590115,222,67.89
20261008,590134,1916,79.54
20261008,590136,48272,94.95
20261008,590137,587,41.14
20261008,590138,34509,75.66
20261008,590139,5672,99.82
20261008,590140,715898,43.99
20261008,590141,373776,76.49
20261008,590142,87846,65.46
20261008,590143,61793,81.04
20261008,590144,31912,68.13
20261008,590145,321634,56.82
20261008,590146,510,51.31
20261008,590147,55,100.0
20261008,590148,57218,79.44
20261008,590149,22716,75.31
20261008,590150,19596,72.54
20261008,590151,14012,39.02
20261008,590152,32308,69.25
20261008,590153,73624,83.01
20261008,590154,23469,67.51
20261008,590155,22464,64.03
20261008,590156,44902,99.66
20261008,590157,13227,87.56
20261008,590158,32293,79.96
20261008,590159,9156,99.41
20261008,590160,417,99.52
20261008,590161,648289,72.25
20261008,710058,10847,90.78
20261008,751142,112342,100.0
20261008,751143,36169,100.0
20261008,751144,883602,100.0
20261008,800177,4112,100.0
20261008,800290,1,100.0
20261008,800297,37,78.72
20261008,800303,1,100.0
20261008,800304,1000,100.0
20261008,800313,2,100.0
20261008,800314,7,100.0
20261008,800318,9,100.0
20261008,800320,17,100.0
20261008,800322,63,79.75
20261008,800324,68,100.0
20261008,800325,100,90.09
20261008,800326,10000,100.0
20261008,800327,8,88.89
20261008,800328,3,100.0
20261008,800329,3,100.0
20261008,800330,500,100.0
20261008,800331,4,57.14
20261008,800334,10344,100.0
20261008,800339,39,100.0
20261008,800340,62,76.54
20261008,800341,33,76.74
20261008,800342,6,85.71
20261008,800367,32,96.97
20261008,800385,1,50.0
20261008,800386,3,60.0
20261008,800428,874,100.0
20261008,800434,5,100.0
20261008,800435,7700,100.0
20261008,800436,2,100.0
20261008,800437,2,100.0
20261008,800438,81,100.0
20261008,800439,7,87.5
20261008,800440,500,100.0
20261008,800441,12485,80.11
20261008,800488,18,90.0
20261008,800489,1,100.0
20261008,800517,1,100.0
20261008,800573,63,94.03
20261008,800575,16,100.0
20261008,800580,24,61.54
20261008,800588,7281,85.35
20261008,800596,150,87.72
20261008,800603,67,81.71
20261008,800605,244,79.48
20261008,800607,4000,88.81
20261008,800676,800000,100.0
20261008,800692,1541400,100.0
20261008,800693,1541400,100.0
20261008,800694,1541400,100.0
20261008,800695,1541400,100.0
20261008,800696,1541400,100.0
20261008,800697,1541400,100.0
20261008,800698,1541400,100.0
20261008,800702,1541400,100.0
20261008,800735,550600,100.0
20261008,800807,510,100.0
20261008,800809,10,100.0
20261008,800815,6621,100.0
20261008,800816,1125,100.0
20261008,805247,2000,100.0
20261008,810807,100,50.0
20261008,810976,1,100.0
20261008,810991,1000,100.0
20261008,811028,1,100.0
20261008,811132,100,100.0
20261008,811154,117000,100.0
20261008,890217,709,99.86
20261008,890226,54573,99.98
20261008,890228,231,85.87
20261008,890234,650500,100.0
20261008,890238,1720,100.0
20261008,890239,860,100.0
20261008,890240,2793,67.99
20261008,935510,1,100.0
20261008,935544,5,100.0
20261008,935584,634,100.0
20261008,935638,11,50.0
20261008,935642,400,87.91
20261008,935682,700,100.0
20261008,936294,69,100.0
20261008,936332,149,100.0
20261008,936386,75,100.0
20261008,936656,80,100.0
20261008,936724,18,100.0
20261008,936744,40,100.0
20261008,936810,111,100.0
20261008,936814,0,0.0
20261008,936944,50,100.0
20261008,937017,135,100.0
20261008,937037,155,100.0
20261008,937053,1,100.0
20261008,937057,2,100.0
20261008,937221,80,100.0
20261008,937369,143,100.0
20261008,937381,1,100.0
20261008,937385,3857,97.79
20261008,937419,13,100.0
20261008,937455,50,100.0
20261008,937469,289,100.0
20261008,937501,3,100.0
20261008,937503,100,100.0
20261008,937537,97,100.0
20261008,937619,550,100.0
20261008,937621,1439,100.0
20261008,937743,350,100.0
20261008,937799,200,100.0
20261008,937805,272,96.45
20261008,937807,190,100.0
20261008,937819,6,100.0
20261008,937887,104,100.0
20261008,937889,1600,55.17
20261008,937895,1,100.0
20261008,937939,86,100.0
20261008,937985,14,100.0
20261008,937999,208,100.0
20261008,938001,49,100.0
20261008,938007,1000,61.73
20261008,938011,30,100.0
20261008,938067,1,100.0
20261008,938091,1,100.0
20261008,938111,78,100.0
20261008,938113,50,100.0
20261008,938220,100,100.0
20261008,938224,1,100.0
20261008,938256,129,100.0
20261008,938284,107,100.0
20261008,938348,35,100.0
20261008,938364,5356,92.73
20261008,938370,445,93.68
20261008,938372,600,100.0
20261008,938526,20,50.0
20261008,938530,112,100.0
20261008,938546,17,100.0
20261008,938578,100,100.0
20261008,938604,1,100.0
20261008,938618,200,100.0
20261008,938658,23,100.0
20261008,938664,10,100.0
20261008,938706,485,100.0
20261008,938742,750,92.71
20261008,938850,2,100.0
20261008,938904,7,100.0
20261008,938910,60,100.0
20261008,938952,123,100.0
20261008,938956,0,0.0
20261008,939050,43,100.0
20261008,939140,10,100.0
20261008,939152,10,100.0
20261008,939190,305,67.03
20261008,939194,27,100.0
20261008,939216,3,100.0
20261008,939218,600,100.0
20261008,939276,1,100.0
20261008,939299,94,100.0
20261008,939303,48,100.0
20261008,939337,397,100.0
20261008,939399,1,100.0
20261008,939407,15,100.0
20261008,939409,90,100.0
20261008,939437,29,100.0
20261008,939461,750,100.0
20261008,939563,1,100.0
20261008,939583,40,51.28
20261008,939585,200,100.0
20261008,939591,233,100.0
20261008,939623,42,100.0
20261008,939629,50,100.0
20261008,939635,143,94.08
20261008,939649,215,100.0
20261008,939655,88,100.0
20261008,939657,165,100.0
20261008,939725,100,100.0
20261008,939727,1168,99.74
20261008,939731,450,76.92
20261008,939817,30,100.0
20261008,939823,9,75.0
20261008,939851,28,100.0
20261008,939857,166,100.0
20261008,939959,500,100.0
20261008,939965,180,59.02
20261008,939967,24,100.0
20261008,939969,70,100.0
20261008,940067,39,100.0
20261008,940077,1,100.0
20261008,940103,100,100.0
20261008,940115,100,100.0
20261008,940159,110,100.0
20261008,940211,1,100.0
20261008,940227,1,100.0
20261008,940251,10,100.0
20261008,940255,118,100.0
20261008,940325,30,100.0
20261008,940329,120,100.0
20261008,940335,50,100.0
20261008,940339,4,100.0
20261008,940349,75,100.0
20261008,940355,152,100.0
20261008,940367,6,100.0
20261008,940395,19,100.0
20261008,940435,1,100.0
20261008,940439,7,100.0
20261008,940441,20,100.0
20261008,940443,15,100.0
20261008,940445,286,60.59
20261008,940467,10,100.0
20261008,940473,120,100.0
20261008,940505,100,100.0
20261008,940509,100,100.0
20261008,940517,230,100.0
20261008,940519,38,100.0
20261008,940539,20,100.0
20261008,940619,3,60.0
20261008,940629,41,100.0
20261008,940631,10,100.0
20261008,940651,45,100.0
20261008,940655,135,81.82
20261008,940657,5,100.0
20261008,940661,3981,99.01
20261008,940667,100,100.0
20261008,940671,6,100.0
20261008,940675,770,100.0
20261008,940677,10,100.0
20261008,940681,1,100.0
20261008,940685,42,100.0
20261008,940687,4,100.0
20261008,940689,20,100.0
20261008,940693,226,100.0
20261008,940699,25,100.0
20261008,940709,140,100.0
20261008,940713,15,100.0
20261008,940715,703,98.6
20261008,940719,106,100.0
20261008,940731,2,100.0
20261008,940745,111,100.0
20261008,940751,401,100.0
20261008,940759,10,100.0
20261008,940763,10,76.92
20261008,940767,10,100.0
20261008,940783,7,100.0
20261008,940789,50,100.0
20261008,940795,10,100.0
20261008,940797,50,100.0
20261008,940803,33,100.0
20261008,940837,126,100.0
20261008,940841,607,100.0
20261008,940853,3,75.0
20261008,940855,275,99.28
20261008,940857,161,100.0
20261008,940859,2,100.0
20261008,940866,1,100.0
20261008,940868,26,100.0
20261008,940870,1,100.0
20261008,940872,61,100.0
20261008,940874,170,100.0
20261008,940886,57,98.28
20261008,940900,50,100.0
20261008,940904,40,100.0
20261008,940915,3,100.0
20261008,940933,20,100.0
20261008,940937,60,85.71
20261008,940951,20,100.0
20261008,940955,33,100.0
20261008,940957,20,100.0
20261008,940963,2,100.0
20261008,940975,100,100.0
20261008,940989,81,100.0
20261008,940991,1,100.0
20261008,941015,10,100.0
20261008,941021,3,100.0
20261008,941037,60,50.0
20261008,941041,122,100.0
20261008,941045,125,86.21
20261008,941047,150,100.0
20261008,941049,20,100.0
20261008,941063,13,100.0
20261008,941105,10,100.0
20261008,941107,154,100.0
20261008,941117,20,100.0
20261008,941127,376,95.92
20261008,941133,155,100.0
20261008,941135,103,100.0
20261008,941143,245,100.0
20261008,941151,250,100.0
20261008,941165,103,100.0
20261008,941173,990,100.0
20261008,941175,39,100.0
20261008,941177,10,50.0
20261008,941185,776,61.05
20261008,941189,382,100.0
20261008,941193,1314,99.77
20261008,941195,314,94.01
20261008,941199,15,100.0
20261008,941213,4,100.0
20261008,941231,100,100.0
20261008,941251,348,99.43
20261008,941253,105,100.0
20261008,941255,50,100.0
20261008,941259,101,100.0
20261008,941261,200,100.0
20261008,941267,50,100.0
20261008,941273,104,100.0
20261008,941275,5,100.0
20261008,941279,1,100.0
20261008,941281,5,100.0
20261008,941285,244,100.0
20261008,941287,100,100.0
20261008,941291,1560,83.11
20261008,961728,1010,100.0
20261008,961730,525,100.0
20261008,961732,2150,97.73
20261008,961734,100,100.0
20261008,961777,50,100.0
20261008,961785,295,100.0
20261008,961792,90,50.0
20261008,961800,10,100.0
20261008,961803,83,100.0
20261008,961804,200,100.0
20261008,961810,80,100.0
20261008,961822,450,100.0
20261008,961830,208,100.0
20261008,961839,1,100.0
20261008,961841,50,100.0
20261008,961853,250,100.0
20261008,961865,215,50.0
20261008,961885,14,73.68
20261008,961889,44,50.0
20261008,961895,1620,100.0
20261008,961897,405,100.0
20261008,961921,1279,100.0
20261008,972691,100,76.92
20261008,972715,12,85.71
20261008,973491,10358,94.59
20261008,973878,1,100.0
20261008,973881,4,50.0
20261008,973993,1,100.0
20261008,974286,1,100.0
20261008,974288,1,100.0
20261008,974634,10,100.0
20261008,975010,1,100.0
20261008,975017,1,100.0
20261008,975223,1,100.0
20261008,975273,2,100.0
20261008,975375,4,100.0
20261008,975572,1,100.0
20261008,975625,2,100.0
20261008,975863,1,100.0
20261008,975986,5,100.0
20261008,976036,5,100.0
20261008,976086,1,100.0
20261008,976090,2,100.0
20261008,976248,21,100.0
20261008,976289,5,100.0
20261008,976325,15,100.0
20261008,976346,1,100.0
20261008,976376,2,100.0
20261008,976389,1,100.0
20261008,976411,4,100.0
20261008,976448,1,100.0
20261008,976483,3,100.0
20261008,976549,1,100.0
20261008,976550,4,100.0
20261008,976554,4,100.0
20261008,976560,1,100.0
20261008,976685,6,100.0
20261008,976696,1,100.0
20261008,976705,1,100.0
20261008,976712,38,84.44
20261008,976730,1,100.0
20261008,976751,8,100.0
20261008,976752,1,100.0
20261008,976767,2,100.0
20261008,976776,1,100.0
20261008,976808,63,100.0
20261008,976831,1,100.0
20261008,976855,5,100.0
20261008,976868,4,100.0
20261008,976896,1,100.0
20261008,976905,14,100.0
20261008,976915,1,100.0
20261008,976933,1,100.0
20261008,976965,10,100.0
20261008,976976,1,100.0
20261008,976985,5,100.0
20261008,977001,2,100.0
20261008,977008,1,100.0
20261008,977010,11,100.0
20261008,977012,1,50.0
20261008,977017,49,100.0
20261008,977022,2,100.0
20261008,977023,10,100.0
20261008,977038,10,100.0
20261008,977040,1,100.0
20261008,977044,2,100.0
20261008,977093,1,100.0
20261008,977117,6,100.0
20261008,977142,1,100.0
20261008,977187,1,100.0
20261008,977205,39,100.0
20261008,977226,2,100.0
20261008,977241,12,100.0
20261008,977249,32,100.0
20261008,977261,2,100.0
20261008,977309,42,97.67
20261008,977330,3,100.0
20261008,977331,3,100.0
20261008,977335,80,100.0
20261008,977367,10,100.0
20261008,977379,2,100.0
20261008,977380,10,100.0
20261008,977382,7,87.5
20261008,977383,10,100.0
20261008,977397,1,100.0
20261008,977418,8,100.0
20261008,977440,10,90.91
20261008,977445,14,100.0
20261008,977468,1,100.0
20261008,977469,2,50.0
20261008,977477,30,100.0
20261008,977495,35,50.0
20261008,977516,7,100.0
20261008,977532,17,100.0
20261008,977534,2,100.0
20261008,977541,66,100.0
20261008,977544,1,100.0
20261008,977564,51,100.0
20261008,977576,62,100.0
20261008,977596,6,100.0
20261008,977623,8,100.0
20261008,977633,3,100.0
20261008,977634,1,100.0
20261008,977645,1,100.0
20261008,977648,5,100.0
20261008,977649,10,100.0
20261008,977657,20,100.0
20261008,977662,77,100.0
20261008,977671,3,100.0
20261008,977678,2,100.0
20261008,977680,2,5.26
20261008,977694,4,100.0
20261008,977700,2,100.0
20261008,977712,2,100.0
20261008,977725,20,100.0
20261008,977730,85,100.0
20261008,977732,186,83.41
20261008,977735,13,100.0
20261008,977736,2,100.0
20261008,977740,135,100.0
20261008,977753,86,100.0
20261008,977774,19,100.0
20261008,977801,54,100.0
20261008,977803,15,100.0
20261008,977806,52,77.61
20261008,977807,1,100.0
20261008,977846,12,92.31
20261008,977852,16,100.0
20261008,977855,13,100.0
20261008,977868,78,92.86
20261008,977869,103,96.26
20261008,977875,1,100.0
20261008,977903,2,100.0
20261008,977913,13,100.0
20261008,977921,6,100.0
20261008,977935,152,58.24
20261008,977940,10,100.0
20261008,977948,50,100.0
20261008,977984,10,100.0
20261008,977986,38,100.0
20261008,977987,3,100.0
20261008,977994,1,100.0
20261008,978003,10,100.0
20261008,978004,1,100.0
20261008,978024,9,81.82
20261008,978034,49,100.0
20261008,978035,2,100.0
20261008,978039,44,100.0
20261008,978046,13,100.0
20261008,978051,1,100.0
20261008,978075,1,100.0
20261008,978087,21,100.0
20261008,978094,31,100.0
20261008,978115,6,100.0
20261008,978163,2,66.67
20261008,978166,1,100.0
20261008,978167,363,99.45
20261008,978169,423,99.76
20261008,978171,4,100.0
20261008,978173,12,92.31
20261008,978196,17,100.0
20261008,978197,21,100.0
20261008,978229,4,100.0
20261008,978235,20,100.0
20261008,978240,1,100.0
20261008,978245,5,100.0
20261008,978279,592,100.0
20261008,978283,308,99.35
