DATE,SYMBOL,DELIV_QTY,DELIV_PER
20260930,500002,8091,41.51
20260930,500003,37723,50.04
20260930,500008,37080,57.34
20260930,500009,5306,100.0
20260930,500012,36058,64.81
20260930,500013,10,100.0
20260930,500014,23341,90.86
20260930,500016,1458,93.82
20260930,500020,13817,59.75
20260930,500023,2492,93.47
20260930,500027,621,51.97
20260930,500028,3429,70.18
20260930,500031,5530,77.77
20260930,500032,440734,55.47
20260930,500033,3227,56.7
20260930,500034,76233,45.25
20260930,500038,20411,30.98
20260930,500039,9337,75.29
20260930,500040,6470,57.77
20260930,500041,11,100.0
20260930,500042,496,58.49
20260930,500043,1844,46.18
20260930,500048,3120,33.47
20260930,500049,201422,45.48
20260930,500051,39032,100.0
20260930,500052,19962,53.34
20260930,500058,11871,86.4
20260930,500059,600,100.0
20260930,500060,52939,53.38
20260930,500067,9155,44.18
20260930,500069,534,99.81
20260930,500074,4293,87.11
20260930,500078,531,68.34
20260930,500083,12268,82.91
20260930,500084,54020,60.05
20260930,500085,16821,51.71
20260930,500086,61685,42.55
20260930,500087,9824,45.23
20260930,500089,140,95.24
20260930,500092,1246,50.73
20260930,500093,245506,73.64
20260930,500096,8130,45.21
20260930,500097,3139,52.65
20260930,500101,12050,47.01
20260930,500103,147156,44.59
20260930,500104,62207,47.94
20260930,500106,990684,46.5
20260930,500108,30347,68.61
20260930,500109,685369,38.27
20260930,500110,42488,42.3
20260930,500112,112605,26.44
20260930,500113,660012,64.27
20260930,500114,11710,24.46
20260930,500116,110880,47.68
20260930,500117,68538,71.21
20260930,500119,35913,61.12
20260930,500120,3,75.0
20260930,500123,132,62.56
20260930,500124,87240,57.83
20260930,500125,7108,47.99
20260930,500126,263,50.38
20260930,500128,50942,45.02
20260930,500133,72,78.26
20260930,500135,513714,90.81
20260930,500136,222911,69.49
20260930,500142,1401,100.0
20260930,500143,8651,100.0
20260930,500144,13968,47.32
20260930,500147,259,42.32
20260930,500148,3232,48.72
20260930,500150,602,55.43
20260930,500151,3235,100.0
20260930,500153,54421,100.0
20260930,500159,120,100.0
20260930,500160,18100,95.69
20260930,500163,9691,49.19
20260930,500164,2021,62.71
20260930,500165,12308,65.9
20260930,500166,3847,65.05
20260930,500168,534,69.8
20260930,500170,5125,98.92
20260930,500171,4135,70.36
20260930,500173,982,96.27
20260930,500174,3896,96.87
20260930,500178,51,100.0
20260930,500179,22479,84.31
20260930,500180,435458,38.83
20260930,500182,9112,58.64
20260930,500183,47896,100.0
20260930,500184,48360,46.52
20260930,500185,322379,43.83
20260930,500186,4086,62.52
20260930,500187,4946,46.94
20260930,500188,57572,51.94
20260930,500189,110,100.0
20260930,500191,1118,100.0
20260930,500192,40683,80.91
20260930,500193,2466,87.79
20260930,500199,1039,60.62
20260930,500201,8983,49.51
20260930,500206,551,100.0
20260930,500207,42308,48.73
20260930,500209,258733,38.27
20260930,500210,423,40.52
20260930,500213,814,94.0
20260930,500214,4419,48.1
20260930,500215,465,80.87
20260930,500219,73605,88.69
20260930,500220,1899,100.0
20260930,500227,223,73.11
20260930,500228,53595,69.69
20260930,500233,353434,86.07
20260930,500234,54,100.0
20260930,500235,3195,66.53
20260930,500236,650,100.0
20260930,500238,58821,39.51
20260930,500239,2172,95.43
20260930,500240,14795,100.0
20260930,500241,9759,52.45
20260930,500243,174,67.44
20260930,500245,1184,56.35
20260930,500246,308,100.0
20260930,500247,401739,56.59
20260930,500248,13,100.0
20260930,500249,74854,31.51
20260930,500250,136,79.07
20260930,500251,100133,81.58
20260930,500252,22,52.38
20260930,500253,41865,39.92
20260930,500257,62962,74.99
20260930,500259,2258,100.0
20260930,500260,3815,58.14
20260930,500262,1572,62.11
20260930,500264,2940,69.88
20260930,500265,33680,43.67
20260930,500266,132,41.9
20260930,500267,362,100.0
20260930,500268,32453,51.15
20260930,500270,218,91.6
20260930,500271,104313,81.44
20260930,500277,124,100.0
20260930,500279,25588,60.22
20260930,500280,2197,81.25
20260930,500282,21,100.0
20260930,500284,1599,80.96
20260930,500285,1809183,47.6
20260930,500288,931242,45.51
20260930,500290,261,71.51
20260930,500292,8626,59.42
20260930,500294,68299,47.89
20260930,500295,225168,62.5
20260930,500296,355,98.61
20260930,500298,234,79.86
20260930,500300,4723,65.84
20260930,500304,5559,61.15
20260930,500306,47080,64.96
20260930,500307,227,99.13
20260930,500312,1463047,83.29
20260930,500313,1000,100.0
20260930,500314,8484,62.52
20260930,500317,6204,83.38
20260930,500319,2064,83.73
20260930,500322,206,100.0
20260930,500325,480879,49.53
20260930,500327,3127,74.61
20260930,500330,30632,38.22
20260930,500331,14700,56.17
20260930,500333,52,48.6
20260930,500335,526,67.01
20260930,500336,11359,77.36
20260930,500337,314,94.29
20260930,500338,12014,59.42
20260930,500339,59954,44.97
20260930,500342,813,60.27
20260930,500343,12,100.0
20260930,500346,192,94.58
20260930,500350,757,77.01
20260930,500354,13386,95.88
20260930,500355,4811,47.73
20260930,500356,843,100.0
20260930,500357,247,100.0
20260930,500360,9290,100.0
20260930,500365,69466,56.73
20260930,500367,1865,10.21
20260930,500368,296632,77.51
20260930,500370,268,79.76
20260930,500371,3981,100.0
20260930,500378,30623,46.2
20260930,500380,1676,53.31
20260930,500387,4732,94.79
20260930,500390,190246,100.0
20260930,500399,344,100.0
20260930,500400,231383,73.83
20260930,500402,4150,71.77
20260930,500403,9308,76.21
20260930,500404,27821,54.52
20260930,500405,9328,46.37
20260930,500407,302,94.08
20260930,500408,7804,48.98
20260930,500410,2822,44.25
20260930,500411,105284,94.8
20260930,500412,11923,73.0
20260930,500413,8532,59.42
20260930,500414,21463,46.82
20260930,500418,1,100.0
20260930,500420,7907,72.36
20260930,500421,38147,100.0
20260930,500422,23748,100.0
20260930,500425,161698,41.62
20260930,500426,9437,100.0
20260930,500429,602,100.0
20260930,500439,16,84.21
20260930,500440,47593,48.25
20260930,500444,4782,47.02
20260930,500449,881702,68.13
20260930,500450,47,100.0
20260930,500456,18161,62.44
20260930,500458,5208,82.04
20260930,500459,788,70.17
20260930,500460,68864,59.18
20260930,500463,42848,44.34
20260930,500467,1062,99.91
20260930,500469,192972,73.07
20260930,500470,1746037,69.93
20260930,500472,421,76.27
20260930,500477,324157,54.0
20260930,500480,61001,85.14
20260930,500483,4884,70.92
20260930,500488,194,60.82
20260930,500490,496,51.45
20260930,500493,10400,50.06
20260930,500495,2251,56.86
20260930,500500,137412,65.17
20260930,500510,103126,60.41
20260930,500520,91658,59.12
20260930,500530,3834,87.79
20260930,500540,164,100.0
20260930,500547,213400,58.37
20260930,500550,3427,57.43
20260930,500570,1551151,85.59
20260930,500575,20011,43.68
20260930,500620,17127,49.49
20260930,500645,6180,34.6
20260930,500650,247,88.53
20260930,500655,479,36.82
20260930,500660,1217,47.21
20260930,500670,29013,48.26
20260930,500672,948,46.47
20260930,500674,446,65.11
20260930,500680,2010,62.44
20260930,500690,26705,72.06
20260930,500696,30725,60.38
20260930,500710,245,51.8
20260930,500730,9477,49.16
20260930,500770,32309,44.39
20260930,500777,49414,39.06
20260930,500780,1270,59.46
20260930,500790,7692,51.02
20260930,500800,374878,95.81
20260930,500820,6203,52.58
20260930,500825,14915,81.46
20260930,500830,110623,93.84
20260930,500840,8617,60.86
20260930,500850,865470,93.14
20260930,500870,117336,60.22
20260930,500875,197216,40.58
20260930,500877,30713,44.09
20260930,500878,2139,49.79
20260930,500890,13,100.0
20260930,500940,29824,50.12
20260930,501148,2,100.0
20260930,501150,30477,72.6
20260930,501242,514,100.0
20260930,501261,1386386,100.0
20260930,501270,1,100.0
20260930,501295,7533,91.71
20260930,501298,51,87.93
20260930,501301,8860,36.9
20260930,501314,87248,94.84
20260930,501343,670,96.96
20260930,501370,110,91.67
20260930,501386,4000,100.0
20260930,501391,1,100.0
20260930,501421,97,93.27
20260930,501423,2346,47.58
20260930,501425,1665,56.69
20260930,501455,58736,43.02
20260930,501700,1988,87.81
20260930,501831,7050,97.05
20260930,501833,3923,91.45
20260930,501848,4161,92.43
20260930,501945,37464,100.0
20260930,502015,2575,54.27
20260930,502090,1154,92.54
20260930,502137,795,53.14
20260930,502157,348,42.91
20260930,502168,938,65.69
20260930,502175,1128,73.49
20260930,502180,943,72.54
20260930,502219,9334,36.57
20260930,502281,22591,100.0
20260930,502330,8524,66.56
20260930,502355,2974,51.46
20260930,502420,70909,97.43
20260930,502445,1925,95.06
20260930,502448,26584,100.0
20260930,502450,2938,91.64
20260930,502587,1926,94.13
20260930,502820,835,49.79
20260930,502865,12046,79.69
20260930,502873,131,50.38
20260930,502893,1,100.0
20260930,502901,1038,99.9
20260930,502933,29,96.67
20260930,502937,107796,88.05
20260930,502958,3,60.0
20260930,502986,12511,42.06
20260930,503031,9690,82.07
20260930,503092,29,60.42
20260930,503100,8207,70.12
20260930,503101,333,52.69
20260930,503162,287,99.65
20260930,503169,494,77.07
20260930,503229,1,100.0
20260930,503310,15393,53.04
20260930,503349,25,100.0
20260930,503624,489,100.0
20260930,503635,308,100.0
20260930,503639,727,100.0
20260930,503641,13970,86.09
20260930,503657,9321,81.96
20260930,503659,508,100.0
20260930,503663,400529,78.85
20260930,503675,58189,97.58
20260930,503685,24,100.0
20260930,503722,1035,98.76
20260930,503776,228,100.0
20260930,503804,996,100.0
20260930,503806,5485,57.91
20260930,503811,601,80.56
20260930,503816,3222,96.32
20260930,503837,1901,100.0
20260930,503960,212,60.23
20260930,504000,4523,97.52
20260930,504028,156119,100.0
20260930,504036,1950,69.25
20260930,504058,33,100.0
20260930,504067,34779,49.22
20260930,504076,15546,84.79
20260930,504080,3,100.0
20260930,504084,130,80.75
20260930,504092,2609,92.29
20260930,504093,183,64.44
20260930,504112,1552,50.49
20260930,504132,885,60.16
20260930,504176,3171,69.08
20260930,504180,4510,98.86
20260930,504212,4841,78.51
20260930,504220,2093,83.42
20260930,504240,4888,100.0
20260930,504258,199,75.95
20260930,504273,44376,100.0
20260930,504286,91,100.0
20260930,504340,4188,83.11
20260930,504341,15411,69.93
20260930,504351,876679,100.0
20260930,504356,2,100.0
20260930,504369,29354,100.0
20260930,504378,56656,85.0
20260930,504380,1138,95.39
20260930,504392,14617,100.0
20260930,504605,236,75.4
20260930,504614,8197,61.78
20260930,504646,1738,100.0
20260930,504648,159,81.96
20260930,504697,60,100.0
20260930,504731,11919,68.85
20260930,504741,135,57.45
20260930,504746,5091,84.67
20260930,504786,174,100.0
20260930,504810,14,100.0
20260930,504879,14428,96.88
20260930,504882,639,93.01
20260930,504903,35849,100.0
20260930,504908,448,97.82
20260930,504918,6962,48.37
20260930,504959,255,78.7
20260930,504973,33901,92.36
20260930,505010,23,74.19
20260930,505029,750,94.34
20260930,505036,289,88.65
20260930,505075,1645,100.0
20260930,505160,7314,65.66
20260930,505163,91,72.22
20260930,505192,2084,59.97
20260930,505196,5856,100.0
20260930,505200,12935,67.51
20260930,505212,3420,100.0
20260930,505216,8,100.0
20260930,505232,196,100.0
20260930,505242,330,45.21
20260930,505250,3194,91.1
20260930,505255,3040,46.99
20260930,505283,3185,54.72
20260930,505299,283,65.06
20260930,505302,23,79.31
20260930,505324,24684,100.0
20260930,505336,4121095,100.0
20260930,505343,335854,59.81
20260930,505355,658,48.63
20260930,505358,19202,60.98
20260930,505368,735,90.97
20260930,505400,8029,27.71
20260930,505412,263,80.92
20260930,505502,47712,100.0
20260930,505504,7287,100.0
20260930,505509,10703,48.33
20260930,505515,85284,82.36
20260930,505523,231609,56.45
20260930,505526,11500,71.27
20260930,505533,1239,41.42
20260930,505537,134334,28.69
20260930,505590,862,77.31
20260930,505650,5953,96.8
20260930,505681,140,100.0
20260930,505688,361,100.0
20260930,505690,172,96.09
20260930,505693,142874,73.14
20260930,505700,24095,44.34
20260930,505710,24104,58.61
20260930,505712,15621,100.0
20260930,505714,4769,28.57
20260930,505720,2668,49.04
20260930,505725,111044,30.29
20260930,505726,468,62.32
20260930,505729,2011,77.89
20260930,505737,4138,96.68
20260930,505744,5705,48.46
20260930,505750,2771,70.72
20260930,505790,615,39.83
20260930,505797,5050,92.3
20260930,505800,20646,99.65
20260930,505827,2999,69.01
20260930,505840,10617,100.0
20260930,505850,305,98.07
20260930,505854,1582,83.26
20260930,505872,11935,86.81
20260930,505890,1264,46.83
20260930,505893,171,62.41
20260930,505978,225,91.84
20260930,506003,926,60.05
20260930,506022,34025,54.9
20260930,506074,7297,100.0
20260930,506076,1274,51.96
20260930,506079,45,100.0
20260930,506105,301,100.0
20260930,506109,311904,95.19
20260930,506122,306333,100.0
20260930,506128,777,87.7
20260930,506134,36985,100.0
20260930,506146,18498,68.06
20260930,506166,5136,54.4
20260930,506180,28,100.0
20260930,506184,11357,65.87
20260930,506186,3856,99.79
20260930,506194,641,89.15
20260930,506196,1,100.0
20260930,506197,14650,100.0
20260930,506222,701,69.82
20260930,506235,64785,67.92
20260930,506248,10,100.0
20260930,506260,5466,64.47
20260930,506261,9051,100.0
20260930,506285,742,71.55
20260930,506365,61,100.0
20260930,506390,126,100.0
20260930,506395,150091,96.06
20260930,506401,4081,55.44
20260930,506405,12605,66.71
20260930,506414,12809,36.34
20260930,506480,2534,61.87
20260930,506520,9664,97.33
20260930,506525,3956,100.0
20260930,506528,388,100.0
20260930,506532,992,80.26
20260930,506579,13319,83.46
20260930,506590,36471,41.31
20260930,506597,1881,56.1
20260930,506605,3,60.0
20260930,506618,100,98.04
20260930,506640,59,100.0
20260930,506642,233239,100.0
20260930,506655,20790,78.35
20260930,506680,67,98.53
20260930,506685,956196,69.28
20260930,506687,27,100.0
20260930,506690,8654,49.21
20260930,506734,493,100.0
20260930,506767,579,56.0
20260930,506808,81,98.78
20260930,506820,481,81.11
20260930,506852,30831,58.46
20260930,506854,8857,60.38
20260930,506858,71,100.0
20260930,506863,846,79.74
20260930,506879,7969,50.63
20260930,506906,536,100.0
20260930,506919,273,95.79
20260930,506935,3,100.0
20260930,506947,661,100.0
20260930,506979,497,85.4
20260930,506981,628,97.52
20260930,507155,7383,65.9
20260930,507180,78520,100.0
20260930,507205,40533,36.95
20260930,507265,356,100.0
20260930,507300,48,88.89
20260930,507315,4759,88.59
20260930,507410,32499,70.28
20260930,507438,188,89.95
20260930,507474,1555,63.68
20260930,507486,206,100.0
20260930,507488,2273,67.19
20260930,507490,8781,77.96
20260930,507498,1466,71.69
20260930,507514,69604,60.67
20260930,507515,4,100.0
20260930,507526,6233,81.7
20260930,507552,1373,87.01
20260930,507580,1113,100.0
20260930,507598,1788,88.38
20260930,507609,42,100.0
20260930,507621,3484,87.78
20260930,507685,559265,58.63
20260930,507690,996,62.37
20260930,507717,303,67.48
20260930,507747,789,96.81
20260930,507753,19424,39.14
20260930,507759,50307,100.0
20260930,507779,1126,72.74
20260930,507785,15,100.0
20260930,507789,15406,61.48
20260930,507794,8362,69.88
20260930,507813,719,69.13
20260930,507815,35946,97.84
20260930,507817,10,83.33
20260930,507828,65457,70.09
20260930,507833,17459,78.9
20260930,507836,36,92.31
20260930,507852,212,98.6
20260930,507864,20,100.0
20260930,507872,8963,85.04
20260930,507878,158100,67.79
20260930,507880,6545,39.22
20260930,507910,2143,99.44
20260930,507912,1409,43.18
20260930,507944,572,77.82
20260930,507946,50,100.0
20260930,507948,575,77.81
20260930,507960,417,99.76
20260930,507962,5400,100.0
20260930,507966,8,88.89
20260930,507968,111,99.11
20260930,507970,517,100.0
20260930,507981,780,98.48
20260930,507998,15540,92.78
20260930,508136,21,100.0
20260930,508486,39,75.0
20260930,508494,237,100.0
20260930,508664,6170,100.0
20260930,508807,116,74.84
20260930,508814,1550,79.53
20260930,508867,460,100.0
20260930,508869,236190,81.77
20260930,508875,133,100.0
20260930,508905,7205,99.43
20260930,508906,1513,100.0
20260930,508918,9012,84.26
20260930,508933,1752,61.09
20260930,508941,966,82.85
20260930,508954,2415,75.19
20260930,508956,481,90.24
20260930,508969,11432,87.01
20260930,508980,963,100.0
20260930,508989,571,50.49
20260930,509009,2367,86.2
20260930,509015,2075,100.0
20260930,509020,65655,79.88
20260930,509024,8034,68.4
20260930,509026,62,88.57
20260930,509038,91,100.0
20260930,509040,282,91.86
20260930,509046,79,100.0
20260930,509048,414,100.0
20260930,509051,1182649,58.26
20260930,509053,4673,80.39
20260930,509055,14398,100.0
20260930,509069,88,100.0
20260930,509079,2084,60.51
20260930,509084,4,100.0
20260930,509152,3,100.0
20260930,509162,24439,100.0
20260930,509196,1195,100.0
20260930,509220,3962,88.62
20260930,509243,47,35.34
20260930,509423,32,100.0
20260930,509438,12,70.59
20260930,509449,980,79.93
20260930,509470,24,92.31
20260930,509472,1,25.0
20260930,509480,17778,76.45
20260930,509486,2452,100.0
20260930,509488,71103,40.43
20260930,509496,5951,44.26
20260930,509525,1014,90.86
20260930,509546,7642,100.0
20260930,509557,843,70.37
20260930,509563,1589,85.85
20260930,509567,1069,80.26
20260930,509597,52,80.0
20260930,509631,110878,52.93
20260930,509635,8,88.89
20260930,509675,514,85.1
20260930,509692,21,100.0
20260930,509709,4434,96.43
20260930,509715,1294,81.59
20260930,509732,2531,45.81
20260930,509762,2410,100.0
20260930,509820,2629,56.04
20260930,509835,219,97.33
20260930,509874,39601,100.0
20260930,509895,1123,87.8
20260930,509930,2473,50.95
20260930,509945,79,98.75
20260930,509953,48,100.0
20260930,509966,17504,84.27
20260930,510245,5373,75.01
20260930,511000,4486,98.05
20260930,511012,337345,100.0
20260930,511016,3803,100.0
20260930,511018,41532,53.77
20260930,511034,6056,44.86
20260930,511066,2144,97.23
20260930,511076,7930,56.31
20260930,511092,9356,100.0
20260930,511108,16,88.89
20260930,511110,20,100.0
20260930,511116,119235,100.0
20260930,511122,114,99.13
20260930,511131,1172,93.76
20260930,511144,9651,100.0
20260930,511147,1555,78.65
20260930,511153,1054,100.0
20260930,511169,107,100.0
20260930,511176,12,100.0
20260930,511185,30,100.0
20260930,511187,6,100.0
20260930,511194,101,100.0
20260930,511196,4081,48.51
20260930,511208,53283,78.82
20260930,511218,325618,81.62
20260930,511243,13236,46.67
20260930,511246,5,100.0
20260930,511260,1402,52.73
20260930,511333,99,70.71
20260930,511355,7818,100.0
20260930,511359,102,99.03
20260930,511377,50,100.0
20260930,511391,2424,90.79
20260930,511401,100,100.0
20260930,511411,3961,85.68
20260930,511413,570,96.45
20260930,511431,69731,76.08
20260930,511441,611,100.0
20260930,511447,2173778,50.28
20260930,511463,122,100.0
20260930,511473,2714,96.45
20260930,511493,6844,100.0
20260930,511501,1170,91.48
20260930,511505,8560,100.0
20260930,939775,23,100.0
20260930,939825,49,100.0
20260930,939829,15,100.0
20260930,939831,409,100.0
20260930,939839,108,100.0
20260930,939841,144,100.0
20260930,939855,100,100.0
20260930,939873,105,100.0
20260930,939877,25,100.0
20260930,939901,1,100.0
20260930,939965,48,100.0
20260930,939973,16,100.0
20260930,940049,10,100.0
20260930,940053,5,100.0
20260930,940085,87,100.0
20260930,940127,25,100.0
20260930,940175,9,100.0
20260930,940179,50,100.0
20260930,940233,666,100.0
20260930,940255,10,100.0
20260930,940261,95,100.0
20260930,940275,25,100.0
20260930,940315,1,100.0
20260930,940317,6,100.0
20260930,940319,44,100.0
20260930,940321,74,100.0
20260930,940327,30,100.0
20260930,940331,45,100.0
20260930,940335,105,100.0
20260930,940339,160,61.54
20260930,940351,59,100.0
20260930,940361,1,100.0
20260930,940383,60,100.0
20260930,940385,100,100.0
20260930,940393,45,100.0
20260930,940399,10,100.0
20260930,940421,20,100.0
20260930,940423,7,100.0
20260930,940425,30,100.0
20260930,940435,77,100.0
20260930,940439,111,100.0
20260930,940459,143,100.0
20260930,940473,26,100.0
20260930,940483,1,100.0
20260930,940501,5,100.0
20260930,940513,100,100.0
20260930,940517,82,100.0
20260930,940533,29,100.0
20260930,940547,10,100.0
20260930,940555,1,100.0
20260930,940635,64,100.0
20260930,940641,10,100.0
20260930,940643,50,100.0
20260930,940649,5,100.0
20260930,940661,10,52.63
20260930,940663,111,90.24
20260930,940671,100,100.0
20260930,940675,500,98.81
20260930,940677,10,100.0
20260930,940681,304,100.0
20260930,940683,22,100.0
20260930,940693,109,100.0
20260930,940697,5,100.0
20260930,940705,30,100.0
20260930,940709,87,93.55
20260930,940713,656,97.47
20260930,940715,103,85.12
20260930,940719,100,100.0
20260930,940727,195,50.65
20260930,940731,15,100.0
20260930,940745,10,100.0
20260930,940757,13,100.0
20260930,940759,50,100.0
20260930,940781,100,100.0
20260930,940783,1,100.0
20260930,940785,142,100.0
20260930,940795,100,50.5
20260930,940817,1,100.0
20260930,940819,1,100.0
20260930,940835,17,100.0
20260930,940837,100,97.09
20260930,940841,884,100.0
20260930,940853,30,96.77
20260930,940855,5,100.0
20260930,940861,20,100.0
20260930,940872,10,100.0
20260930,940886,401,99.75
20260930,940906,81,100.0
20260930,940910,25,100.0
20260930,940933,3,100.0
20260930,940939,150,100.0
20260930,940951,100,100.0
20260930,940955,148,100.0
20260930,940975,72,98.63
20260930,940987,9,100.0
20260930,940999,10,100.0
20260930,941015,46,100.0
20260930,941019,40,100.0
20260930,941035,21,100.0
20260930,941037,181,97.84
20260930,941041,21,100.0
20260930,941047,10,100.0
20260930,941049,2000,71.71
20260930,941057,100,100.0
20260930,941061,1,100.0
20260930,941095,60,100.0
20260930,941105,35,100.0
20260930,941117,218,59.56
20260930,941119,46,100.0
20260930,941121,12,100.0
20260930,941125,994,95.58
20260930,941127,175,100.0
20260930,941129,101,99.02
20260930,941133,100,100.0
20260930,941135,31,91.18
20260930,941143,360,95.49
20260930,941149,393,100.0
20260930,941151,3,100.0
20260930,941157,2,100.0
20260930,941163,25,100.0
20260930,941165,22,100.0
20260930,941173,254,100.0
20260930,941179,10,100.0
20260930,941185,393,98.25
20260930,941189,7,46.67
20260930,941193,716,98.62
20260930,941195,50,54.94
20260930,941199,85,100.0
20260930,941203,50,73.53
20260930,941231,250,92.59
20260930,941251,1180,95.93
20260930,941253,510,100.0
20260930,941255,110,100.0
20260930,941257,11,100.0
20260930,941259,320,100.0
20260930,941261,20,100.0
20260930,941263,100,100.0
20260930,941265,350,87.5
20260930,941267,133,100.0
20260930,941269,2,100.0
20260930,941271,36,100.0
20260930,941273,269,100.0
20260930,950497,4,100.0
20260930,960495,1,100.0
20260930,961718,15,100.0
20260930,961728,10,100.0
20260930,961730,100,100.0
20260930,961732,4318,97.16
20260930,961734,1,50.0
20260930,961744,0,0.0
20260930,961756,400,100.0
20260930,961765,251,100.0
20260930,961779,20,100.0
20260930,961785,601,100.0
20260930,961792,4,100.0
20260930,961796,70,100.0
20260930,961804,244,100.0
20260930,961809,102,98.08
20260930,961810,204,95.33
20260930,961826,317,59.7
20260930,961839,50,96.15
20260930,961863,522,100.0
20260930,961885,50,100.0
20260930,961895,100,100.0
20260930,961897,100,100.0
20260930,961921,200,66.23
20260930,972721,89,100.0
20260930,972893,17,100.0
20260930,973232,1,100.0
20260930,973491,3991,99.97
20260930,973878,5,100.0
20260930,974043,1,100.0
20260930,974284,1,100.0
20260930,974654,3,100.0
20260930,974720,5,100.0
20260930,975229,1,100.0
20260930,975231,5,100.0
20260930,975282,1,100.0
20260930,975375,2,100.0
20260930,975519,3,100.0
20260930,975572,1,50.0
20260930,975625,3,100.0
20260930,975690,6,100.0
20260930,975790,4,100.0
20260930,976020,13,100.0
20260930,976036,1,100.0
20260930,976233,10,100.0
20260930,976275,6,100.0
20260930,976291,2,100.0
20260930,976325,179,74.9
20260930,976346,2,100.0
20260930,976411,7,100.0
20260930,976427,4,100.0
20260930,976437,32,100.0
20260930,976445,1,100.0
20260930,976448,1,100.0
20260930,976519,3,100.0
20260930,976560,1,100.0
20260930,976597,1,100.0
20260930,976600,4,100.0
20260930,976675,3,100.0
20260930,976690,1,100.0
20260930,976712,30,100.0
20260930,976727,1,100.0
20260930,976751,1,100.0
20260930,976752,7,100.0
20260930,976757,1,100.0
20260930,976776,3,100.0
20260930,976799,1,100.0
20260930,976808,35,87.5
20260930,976831,1,100.0
20260930,976859,1,100.0
20260930,976868,8,100.0
20260930,976893,1,100.0
20260930,976915,9,100.0
20260930,976924,21,100.0
20260930,976926,7,100.0
20260930,976941,6,100.0
20260930,977001,7,100.0
20260930,977004,1,100.0
20260930,977011,3,100.0
20260930,977017,37,97.37
20260930,977028,2,100.0
20260930,977038,24,100.0
20260930,977044,12,85.71
20260930,977117,4,100.0
20260930,977128,20,100.0
20260930,977169,1,100.0
20260930,977172,1,100.0
20260930,977187,8,100.0
20260930,977200,29,100.0
20260930,977226,7,70.0
20260930,977241,534,100.0
20260930,977249,13,92.86
20260930,977280,1,100.0
20260930,977288,1,100.0
20260930,977298,42,100.0
20260930,977309,28,100.0
20260930,977367,3,75.0
20260930,977382,5,100.0
20260930,977383,4,100.0
20260930,977397,1,100.0
20260930,977411,9,100.0
20260930,977424,4,100.0
20260930,977440,4,100.0
20260930,977443,4,100.0
20260930,977453,110,98.21
20260930,977456,25,100.0
20260930,977477,170,100.0
20260930,977487,1,100.0
20260930,977488,9,100.0
20260930,977515,3,100.0
20260930,977516,1,100.0
20260930,977529,3,100.0
20260930,977541,53,86.89
20260930,977575,1,100.0
20260930,977576,15,75.0
20260930,977596,19,95.0
20260930,977633,4,100.0
20260930,977642,8,100.0
20260930,977648,1,100.0
20260930,977649,8,100.0
20260930,977657,4,100.0
20260930,977662,24,96.0
20260930,977680,2,100.0
20260930,977705,1,100.0
20260930,977712,1,100.0
20260930,977725,46,100.0
20260930,977730,93,100.0
20260930,977732,226,94.96
20260930,977740,62,100.0
20260930,977753,11,100.0
20260930,977759,2,100.0
20260930,977773,24,100.0
20260930,977774,13,100.0
20260930,977801,49,84.48
20260930,977806,10,100.0
20260930,977842,1,100.0
20260930,977846,20,100.0
20260930,977852,11,100.0
20260930,977859,1,100.0
20260930,977868,153,97.45
20260930,977869,72,100.0
20260930,977882,2,100.0
20260930,977892,1,100.0
20260930,977913,1,100.0
20260930,977915,1,100.0
20260930,977921,2,100.0
20260930,977935,159,94.08
20260930,977956,1,100.0
20260930,977979,10,100.0
20260930,977984,7,100.0
20260930,977996,10,100.0
20260930,978003,10,100.0
20260930,978004,13,100.0
20260930,978007,5,100.0
20260930,978008,1,100.0
20260930,978016,1,100.0
20260930,978019,2,100.0
20260930,978024,12,75.0
20260930,978033,2,100.0
20260930,978039,6,100.0
20260930,978051,23,100.0
20260930,978055,7,100.0
20260930,978062,1,100.0
20260930,978068,6,100.0
20260930,978083,10,100.0
20260930,978086,18,100.0
20260930,978094,7,100.0
20260930,978115,11,100.0
20260930,978127,30,100.0
20260930,978163,1,100.0
20260930,978166,16,100.0
20260930,978167,28,63.64
20260930,978169,329,100.0
20260930,978196,29,100.0
20260930,978197,39,100.0
20260930,511509,6301,99.12
20260930,511523,56376,100.0
20260930,511525,50508,65.62
20260930,511533,642,96.25
20260930,511535,264,99.62
20260930,511539,1656,100.0
20260930,511543,1011,100.0
20260930,511549,931,69.22
20260930,511551,273,77.56
20260930,511557,1134028,100.0
20260930,511571,1181,69.1
20260930,511577,3461,59.14
20260930,511589,11207,87.7
20260930,511593,116,98.3
20260930,511601,1276,98.69
20260930,511605,8262,64.43
20260930,511609,493,81.49
20260930,511611,2919,97.82
20260930,511626,510,100.0
20260930,511628,93092,69.56
20260930,511630,23674,87.74
20260930,511644,98225,100.0
20260930,511654,174,99.43
20260930,511658,38266,77.63
20260930,511664,8325,99.94
20260930,511672,2738,100.0
20260930,511676,1776,74.12
20260930,511692,8460,81.87
20260930,511696,68,90.67
20260930,511700,5664340,52.3
20260930,511702,1193,82.73
20260930,511710,6728,100.0
20260930,511712,5023,86.71
20260930,511714,118,63.1
20260930,511716,2983,100.0
20260930,511724,1010,81.45
20260930,511726,44868,100.0
20260930,511734,3891,100.0
20260930,511740,2861,99.96
20260930,511742,5256,56.82
20260930,511754,256,87.07
20260930,511756,279,100.0
20260930,511758,5,100.0
20260930,511764,5001,87.26
20260930,511766,327,90.83
20260930,511768,4559,72.32
20260930,512008,4900,76.08
20260930,512014,195,70.91
20260930,512018,33173,89.31
20260930,512025,30053,63.81
20260930,512036,12,100.0
20260930,512038,60022,33.67
20260930,512047,111626,92.96
20260930,512048,53103,52.71
20260930,512062,2842,100.0
20260930,512064,623,95.7
20260930,512065,1284,100.0
20260930,512068,48407,49.04
20260930,512070,368619,86.26
20260930,512093,70967,100.0
20260930,512097,260737,91.41
20260930,512099,5,100.0
20260930,512103,58995,91.24
20260930,512109,10,100.0
20260930,512115,3499,63.97
20260930,512131,115,100.0
20260930,512149,1533207,50.24
20260930,512161,334,76.96
20260930,512165,1049,84.19
20260930,512169,46301,100.0
20260930,512175,30045,76.96
20260930,512179,3191,77.36
20260930,512197,6,100.0
20260930,512217,1947,99.95
20260930,512229,1381,100.0
20260930,512237,12052,79.88
20260930,512247,13810,68.82
20260930,512257,26974,91.38
20260930,512267,13978,88.37
20260930,512277,420,78.5
20260930,512296,6694,54.82
20260930,512301,20302,100.0
20260930,512329,7942,46.66
20260930,512345,7,100.0
20260930,512359,903472,58.18
20260930,512361,30098,100.0
20260930,512379,27848,100.0
20260930,512381,1307,86.9
20260930,512393,11627,100.0
20260930,512399,125830,76.32
20260930,512415,2368,60.97
20260930,512437,1266,100.0
20260930,512441,5293572,71.25
20260930,512443,31015,93.58
20260930,512453,1240,93.37
20260930,512455,10944,52.37
20260930,512463,230394,50.92
20260930,512477,7,100.0
20260930,512489,533,100.0
20260930,512493,1117,66.85
20260930,512499,1604518,100.0
20260930,512519,244,99.59
20260930,512527,849,100.0
20260930,512529,21733,50.3
20260930,512531,1590,77.67
20260930,512559,2643,41.14
20260930,512565,147,97.35
20260930,512573,17920,56.62
20260930,512587,13985,86.58
20260930,512589,1254,51.16
20260930,512591,1992008,54.14
20260930,512595,222,85.71
20260930,512597,26,100.0
20260930,512599,19484,41.26
20260930,512600,4940,85.78
20260930,512608,15966,99.95
20260930,512624,15249,66.31
20260930,512626,6053,56.48
20260930,512634,220,75.6
20260930,513005,634,54.19
20260930,513023,44867,76.78
20260930,513043,4707,83.95
20260930,513059,2609,100.0
20260930,513063,1423,99.79
20260930,513097,5701,46.41
20260930,513108,171,81.43
20260930,513117,1837,86.81
20260930,513119,19875,63.24
20260930,513121,2140,93.82
20260930,513149,127,100.0
20260930,513173,3271,98.38
20260930,513228,25232,68.19
20260930,513250,109465,57.93
20260930,513252,21,95.45
20260930,513262,55887,47.21
20260930,513269,28478,31.48
20260930,513295,165,100.0
20260930,513303,101,81.45
20260930,513307,9414,68.67
20260930,513337,1837468,64.48
20260930,513343,325,100.0
20260930,513349,6408,52.6
20260930,513353,2726,69.52
20260930,513361,69106,66.26
20260930,513369,2390,100.0
20260930,513375,11003,33.14
20260930,513377,70046,52.47
20260930,513397,20,100.0
20260930,513418,163175,100.0
20260930,513422,181,100.0
20260930,513430,3,100.0
20260930,513436,46,100.0
20260930,513452,25,100.0
20260930,513456,1956,92.39
20260930,513460,2395,100.0
20260930,513472,50653,72.3
20260930,513488,956,100.0
20260930,513496,1035,100.0
20260930,513498,1499,76.91
20260930,513502,115911,69.71
20260930,513507,100,100.0
20260930,513509,631,100.0
20260930,513511,102,47.22
20260930,513513,330,100.0
20260930,513517,2706,70.49
20260930,513519,3195,73.62
20260930,513528,29139,100.0
20260930,513532,371,100.0
20260930,513536,29587,48.2
20260930,513544,217,100.0
20260930,513548,609,100.0
20260930,513554,180,100.0
20260930,513566,1580,100.0
20260930,513575,5012,96.48
20260930,513599,174883,52.14
20260930,513629,1001,99.9
20260930,513642,1271,69.3
20260930,513683,20651,28.38
20260930,513687,1538,100.0
20260930,513693,2940,86.88
20260930,513699,1206,100.0
20260930,513709,1832,75.08
20260930,513713,40753,94.2
20260930,513721,434,100.0
20260930,513729,53,100.0
20260930,514010,76541,100.0
20260930,514028,1489,100.0
20260930,514030,4027,76.82
20260930,514036,276,99.28
20260930,514043,18276,51.39
20260930,514045,67,100.0
20260930,514060,25811,100.0
20260930,514087,111,90.98
20260930,514113,109,100.0
20260930,514138,154,98.09
20260930,514142,72087,92.18
20260930,514162,135213,49.58
20260930,514165,14236,73.51
20260930,514167,1915,59.31
20260930,514171,798,99.01
20260930,514175,9445,86.56
20260930,514177,50,100.0
20260930,514183,10033,76.4
20260930,514197,478,73.09
20260930,514211,98467,80.08
20260930,514223,2396,100.0
20260930,514234,3647,79.8
20260930,514238,39779,99.96
20260930,514240,280,77.78
20260930,514248,2900,100.0
20260930,514260,645,100.0
20260930,514264,632,75.42
20260930,514266,23930,92.48
20260930,514272,190,71.7
20260930,514274,3031,92.52
20260930,514280,335,75.62
20260930,514286,2669,93.75
20260930,514300,5,100.0
20260930,514312,958,2.59
20260930,514316,395,94.05
20260930,514318,40,86.96
20260930,514322,145,100.0
20260930,514324,3414,72.3
20260930,514326,9068,76.2
20260930,514330,3066,82.09
20260930,514332,9663,93.01
20260930,514336,3730,100.0
20260930,514354,35139,64.77
20260930,514358,164,98.8
20260930,514360,83018,71.1
20260930,514378,1503,99.08
20260930,514386,520393,91.3
20260930,514400,10,100.0
20260930,514402,11763,89.42
20260930,514414,277,100.0
20260930,514418,94,81.03
20260930,514440,42602,79.27
20260930,514442,1021,100.0
20260930,514448,2580,83.12
20260930,514450,30,100.0
20260930,514454,338,100.0
20260930,514470,2765,86.03
20260930,515008,17166,100.0
20260930,515018,2569,82.95
20260930,515030,1635,44.97
20260930,515037,2496,100.0
20260930,515043,1766,63.03
20260930,515055,31522,42.64
20260930,515059,2101,100.0
20260930,515085,50941,77.27
20260930,515093,92,50.83
20260930,515147,12016,58.72
20260930,516003,6161,84.41
20260930,516016,873,97.22
20260930,516020,19,79.17
20260930,516022,23,100.0
20260930,516030,2787,87.95
20260930,516032,46939,65.16
20260930,516038,8274,65.34
20260930,516064,2365,63.17
20260930,516072,2974,49.7
20260930,516078,7214,100.0
20260930,516082,644,73.43
20260930,516096,376,100.0
20260930,516098,1602,94.07
20260930,516106,1481,93.67
20260930,516108,5815,89.09
20260930,516110,34627,64.69
20260930,517015,785,42.43
20260930,517035,116831,52.72
20260930,517041,695,69.29
20260930,517059,541,68.48
20260930,517063,5437,74.81
20260930,517077,33,100.0
20260930,517096,898,79.68
20260930,517119,10014,63.36
20260930,517146,7758,37.94
20260930,517168,879,59.27
20260930,517170,14890,89.3
20260930,517172,20,100.0
20260930,517174,54,60.0
20260930,517201,4398,100.0
20260930,517206,277,49.29
20260930,517214,3984,94.47
20260930,517230,28,100.0
20260930,517236,926,94.88
20260930,517238,355,72.9
20260930,517246,24734,100.0
20260930,517258,1,100.0
20260930,517264,5408,75.75
20260930,517271,29068,32.76
20260930,517273,130,83.87
20260930,517286,142531,100.0
20260930,517288,1406,84.95
20260930,517300,7253,72.6
20260930,517320,21523,100.0
20260930,517334,250516,49.07
20260930,517336,200,100.0
20260930,517344,1598,78.64
20260930,517354,53435,55.37
20260930,517356,597182,100.0
20260930,517360,2853,99.65
20260930,517370,627,80.49
20260930,517372,2221,89.66
20260930,517380,1708,70.55
20260930,517385,1089,49.93
20260930,517393,296283,100.0
20260930,517397,35,100.0
20260930,517399,28096,100.0
20260930,517411,2572,99.61
20260930,517415,376,100.0
20260930,517417,10703,60.54
20260930,517421,825,98.8
20260930,517429,2041,100.0
20260930,517431,21746,77.23
20260930,517437,5,100.0
20260930,517447,259,97.0
20260930,517449,608,79.69
20260930,517467,32844,62.35
20260930,517477,6011,97.47
20260930,517494,2159,78.34
20260930,517498,105453,67.87
20260930,517500,15909,72.5
20260930,517506,1273,71.96
20260930,517514,5885,87.12
20260930,517522,1716,50.29
20260930,517530,382,98.96
20260930,517536,132,51.97
20260930,517544,1918,52.85
20260930,517546,11126,59.47
20260930,517554,10860199,100.0
20260930,517556,179397,53.08
20260930,517562,256,98.84
20260930,517569,5345,52.4
20260930,518011,680,89.01
20260930,518053,1187,65.11
20260930,518075,787,84.53
20260930,518091,2073,98.15
20260930,519003,1283,73.61
20260930,519031,364,100.0
20260930,519091,77,74.04
20260930,519097,5382,100.0
20260930,519105,17408,68.71
20260930,519126,4457,69.82
20260930,519136,858,100.0
20260930,519152,22,100.0
20260930,519156,169,36.11
20260930,519183,4601,85.36
20260930,519191,2899,100.0
20260930,519214,93,100.0
20260930,519216,15816,75.08
20260930,519224,392,100.0
20260930,519230,4413,88.4
20260930,519234,18,81.82
20260930,519238,629,100.0
20260930,519242,40185,100.0
20260930,519260,50099,100.0
20260930,519262,445,93.88
20260930,519279,11,100.0
20260930,519287,38654,100.0
20260930,519295,305,99.67
20260930,519299,4877,100.0
20260930,519307,98847,100.0
20260930,519331,1123,99.47
20260930,519359,165,100.0
20260930,519367,117,92.13
20260930,519383,63,100.0
20260930,519397,10082,80.4
20260930,519413,300,100.0
20260930,519421,1998,83.46
20260930,519457,1007,94.64
20260930,519463,9764,83.09
20260930,519471,270,100.0
20260930,519475,7,100.0
20260930,519477,29917,50.76
20260930,519479,65,100.0
20260930,519483,1626,62.71
20260930,519500,6092,91.5
20260930,519528,183,99.46
20260930,519532,222,100.0
20260930,519552,6014,52.23
20260930,519566,1290,66.02
20260930,519574,166,69.17
20260930,519600,1537,38.37
20260930,519602,179516,55.66
20260930,519604,107,100.0
20260930,519606,11310,100.0
20260930,519612,2187,85.56
20260930,520008,20178,62.17
20260930,520021,682,51.74
20260930,520043,531,91.08
20260930,520051,79440,51.23
20260930,520056,202,63.52
20260930,520057,2252,72.83
20260930,520059,86371,46.35
20260930,520066,33591,51.64
20260930,520073,1685,68.78
20260930,520075,9428,99.58
20260930,520086,545,100.0
20260930,520111,1089,49.77
20260930,520113,76074,37.62
20260930,520119,488,72.4
20260930,520121,7760,72.45
20260930,520123,3064,100.0
20260930,520127,199789,71.94
20260930,520131,100,100.0
20260930,520141,2936,69.49
20260930,520151,1,100.0
20260930,520155,1,50.0
20260930,521005,2071369,87.15
20260930,521014,140,100.0
20260930,521016,19977,42.47
20260930,521018,223,73.84
20260930,521034,60,100.0
20260930,521036,1260,100.0
20260930,521048,250,100.0
20260930,521054,11,100.0
20260930,521062,72614,95.4
20260930,521064,239158,72.67
20260930,521068,100,100.0
20260930,521070,678119,55.41
20260930,521080,2077,100.0
20260930,521097,35,100.0
20260930,521105,8394,79.63
20260930,521109,1402,75.42
20260930,521113,2105,81.97
20260930,521131,1157,91.61
20260930,521137,57622,100.0
20260930,521141,1392,85.4
20260930,521149,569,67.66
20260930,521163,40,97.56
20260930,521167,40465,100.0
20260930,521178,4104,87.41
20260930,521180,1342,100.0
20260930,521194,14,100.0
20260930,521206,2331,80.1
20260930,521216,368,72.44
20260930,521220,216,100.0
20260930,521228,74423,82.56
20260930,521232,200,100.0
20260930,521234,2169,60.57
20260930,521238,48384,73.93
20260930,521240,309,93.64
20260930,521244,419,100.0
20260930,521246,7318,71.33
20260930,521248,33480,63.94
20260930,522001,1482,100.0
20260930,522004,2808,85.71
20260930,522005,26343,74.9
20260930,522014,2231,74.64
20260930,522017,598,68.03
20260930,522027,101,100.0
20260930,522029,1562,77.44
20260930,522034,4009,60.33
20260930,522036,64,100.0
20260930,522064,148,82.22
20260930,522073,30,100.0
20260930,522074,13091,61.51
20260930,522091,2722,80.51
20260930,522101,9331,57.33
20260930,522105,6482,100.0
20260930,522108,471,67.87
20260930,522113,42376,95.06
20260930,522122,102,90.27
20260930,522134,2471,99.92
20260930,522152,181,96.28
20260930,522163,46858,100.0
20260930,522165,3561,88.56
20260930,522183,21,100.0
20260930,522195,4218,62.78
20260930,522205,8408,48.87
20260930,522207,402,69.19
20260930,522209,12731,87.9
20260930,522215,7681,63.87
20260930,522217,242,36.17
20260930,522229,5144,64.73
20260930,522231,13716,75.23
20260930,522235,125,100.0
20260930,522237,1159,89.5
20260930,522241,2290,74.54
20260930,522249,5533,72.71
20260930,522251,1430,79.71
20260930,522257,26597,100.0
20260930,522261,2579,52.76
20260930,522267,1,50.0
20260930,522273,76,73.79
20260930,522275,10365,46.9
20260930,522281,7775,55.77
20260930,522285,111790,48.6
20260930,522287,114068,95.27
20260930,522289,22053,97.08
20260930,522292,44242,100.0
20260930,522294,98,53.26
20260930,522295,417,61.87
20260930,522650,2649,78.42
20260930,523007,3396,90.75
20260930,523019,10957,64.51
20260930,523021,1030,99.23
20260930,523023,1562,99.43
20260930,523025,2697,66.15
20260930,523062,10,100.0
20260930,523100,3589,80.96
20260930,523105,2065206,100.0
20260930,523116,30,100.0
20260930,523120,2554,100.0
20260930,523127,4234,86.14
20260930,523144,1,100.0
20260930,523160,2006,84.11
20260930,523186,203,89.43
20260930,523204,807,100.0
20260930,523207,1286,98.17
20260930,523222,8566,100.0
20260930,523229,2954,61.1
20260930,523232,343,81.67
20260930,523242,4200,100.0
20260930,523260,3562,64.04
20260930,523261,1726,54.64
20260930,523269,451,99.34
20260930,523277,3530157,52.49
20260930,523283,51,100.0
20260930,523289,1731,62.83
20260930,523301,230,76.41
20260930,523309,5614,72.49
20260930,523315,78,100.0
20260930,523319,5345,86.5
20260930,523323,222,73.51
20260930,523367,1666,64.8
20260930,523369,14395,83.19
20260930,523371,7939,56.91
20260930,523373,308196,64.78
20260930,523384,720,100.0
20260930,523385,700,59.63
20260930,523387,98473,96.03
20260930,523391,16,100.0
20260930,523395,37,45.68
20260930,523398,2099,39.78
20260930,523405,68769,69.37
20260930,523411,507,100.0
20260930,523419,11155,92.72
20260930,523425,23,100.0
20260930,523445,858,54.58
20260930,523457,911,56.41
20260930,523465,229,90.16
20260930,523467,108579,100.0
20260930,523475,104,64.6
20260930,523483,20,100.0
20260930,523489,103,100.0
20260930,523519,2000,75.64
20260930,523537,1083,68.37
20260930,523539,11785,46.15
20260930,523550,681,100.0
20260930,523558,32777,100.0
20260930,523566,100,99.01
20260930,523574,12559,100.0
20260930,523586,4240,94.24
20260930,523594,229,89.45
20260930,523598,22514,38.34
20260930,523606,487,57.43
20260930,523610,15335,29.18
20260930,523618,1935,61.6
20260930,523630,38305,59.69
20260930,523638,492,78.85
20260930,523642,2160,36.99
20260930,523648,3332,65.28
20260930,523650,6888,89.59
20260930,523660,1125,92.9
20260930,523672,5518,76.29
20260930,523676,935,81.73
20260930,523694,1797,76.05
20260930,523696,4446,84.99
20260930,523704,4227,58.34
20260930,523708,183,30.86
20260930,523710,26,96.3
20260930,523716,1279,90.13
20260930,523722,58601,95.61
20260930,523732,2336,79.11
20260930,523736,2323,98.52
20260930,523752,69377,79.37
20260930,523754,776,98.85
20260930,523782,4183,75.71
20260930,523792,27521,100.0
20260930,523796,944,100.0
20260930,523826,6180,97.12
20260930,523828,3769,72.94
20260930,523832,181,100.0
20260930,523836,87,12.36
20260930,523838,1735,65.89
20260930,523840,10954,57.66
20260930,523842,60984,100.0
20260930,523844,54005,100.0
20260930,523850,2260,84.71
20260930,523862,51,100.0
20260930,523874,11305,100.0
20260930,523888,3592,26.43
20260930,524000,25084,57.0
20260930,524019,234,46.89
20260930,524037,981,99.8
20260930,524038,1618,94.18
20260930,524051,304,39.53
20260930,524055,155,100.0
20260930,524075,76,76.77
20260930,524080,540,99.82
20260930,524091,5477,60.87
20260930,524109,6253,76.54
20260930,524129,245,99.59
20260930,524136,702,100.0
20260930,524156,2301,85.73
20260930,524164,80876,37.59
20260930,524174,51998,71.91
20260930,524200,1099,65.42
20260930,524202,5875,86.61
20260930,524204,105,100.0
20260930,524208,32751,45.19
20260930,524210,2514,97.78
20260930,524212,48224,48.97
20260930,524218,12642,100.0
20260930,524226,6660,40.27
20260930,524230,56842,38.24
20260930,524238,309076,100.0
20260930,524280,13892,58.65
20260930,524288,1236,99.68
20260930,524314,214,41.39
20260930,524322,47174,55.93
20260930,524324,1138,100.0
20260930,524330,270,92.15
20260930,524332,12169,73.83
20260930,524336,25954,100.0
20260930,524342,5537,43.53
20260930,524348,4054,58.86
20260930,524370,63385,100.0
20260930,524372,2106,69.03
20260930,524394,12690,46.18
20260930,524396,2594,96.32
20260930,524400,937,90.36
20260930,524404,98791,44.29
20260930,524408,731,97.47
20260930,524412,6086,73.12
20260930,524414,526,100.0
20260930,524434,7075,60.11
20260930,524440,5409,81.79
20260930,524444,8990037,76.03
20260930,524458,2390,100.0
20260930,524470,3085077,40.72
20260930,524480,46,73.02
20260930,524488,422549,46.54
20260930,524494,3205,53.74
20260930,524500,2365,100.0
20260930,524502,400,100.0
20260930,524506,1435,100.0
20260930,524514,100,100.0
20260930,524516,155896,100.0
20260930,524518,3346,55.58
20260930,524520,111456,52.13
20260930,524522,120,96.77
20260930,524534,861,86.71
20260930,524542,330,99.7
20260930,524548,116,88.55
20260930,524558,809,38.29
20260930,524564,1886,100.0
20260930,524570,28,96.55
20260930,524572,2094,86.6
20260930,524576,9525,98.86
20260930,524580,504,99.8
20260930,524582,11,78.57
20260930,524592,13622,100.0
20260930,524594,479,69.32
20260930,524598,1988,100.0
20260930,524602,8061,87.95
20260930,524606,5506,78.47
20260930,524614,12554,68.28
20260930,524622,5731,87.64
20260930,524624,148,56.92
20260930,524628,25,100.0
20260930,524632,354395,45.92
20260930,524634,593,51.97
20260930,524636,6586,100.0
20260930,524640,7427,100.0
20260930,524648,14846,51.22
20260930,524654,813,100.0
20260930,524661,1589547,51.9
20260930,524663,315102,60.98
20260930,524667,63885,43.68
20260930,524669,253,76.9
20260930,524675,295,42.08
20260930,524687,24774,66.72
20260930,524703,1626,95.25
20260930,524709,13742,73.42
20260930,524711,14854,91.31
20260930,524715,42902,55.38
20260930,524717,22700,60.43
20260930,524723,4,100.0
20260930,524727,108,100.0
20260930,524731,212,91.38
20260930,524735,17716,40.34
20260930,524742,3017,42.52
20260930,524743,25164,63.62
20260930,524748,1433,99.03
20260930,524752,1148,69.7
20260930,524768,1711,87.7
20260930,524774,302,69.27
20260930,524790,639,75.8
20260930,524804,7872,43.77
20260930,524808,14040,72.9
20260930,524816,22052,55.6
20260930,524818,1427,73.07
20260930,524820,6898,73.68
20260930,524824,4395,77.09
20260930,524828,202,83.47
20260930,526001,6251,100.0
20260930,526025,4581,82.21
20260930,526027,63425,100.0
20260930,526043,541,80.99
20260930,526071,694,100.0
20260930,526073,579,100.0
20260930,526075,480,100.0
20260930,526081,2314,100.0
20260930,526095,427,100.0
20260930,526113,12,100.0
20260930,526115,208,100.0
20260930,526125,641,100.0
20260930,526133,1099,100.0
20260930,526137,1809,72.8
20260930,526139,9096,91.6
20260930,526143,788,97.52
20260930,526159,2867,60.31
20260930,526161,10,100.0
20260930,526169,2900,78.74
20260930,526173,17197,49.16
20260930,526179,254,60.62
20260930,526187,1245,100.0
20260930,526193,9353,97.69
20260930,526211,2078,92.98
20260930,526217,637,100.0
20260930,526227,76195,37.77
20260930,526231,11337,100.0
20260930,526237,655,86.75
20260930,526241,3113,100.0
20260930,526247,2960,66.58
20260930,526251,350,77.26
20260930,526263,18254,100.0
20260930,526269,465,66.05
20260930,526299,23581,54.92
20260930,526315,3007,100.0
20260930,526325,207,100.0
20260930,526331,130,100.0
20260930,526335,42521,77.09
20260930,526345,1930,79.07
20260930,526355,29,100.0
20260930,526365,11238,98.58
20260930,526367,355,61.63
20260930,526371,402096,54.74
20260930,526373,159,100.0
20260930,526381,30553,98.02
20260930,526397,271,100.0
20260930,526407,761,93.37
20260930,526409,137682,90.28
20260930,526415,165143,61.08
20260930,526423,893,84.64
20260930,526431,1550,100.0
20260930,526433,6592,55.14
20260930,526435,2067,86.34
20260930,526439,4879,99.9
20260930,526441,3814,100.0
20260930,526443,175072,55.27
20260930,526445,31386,100.0
20260930,526468,4231,100.0
20260930,526471,2117,69.94
20260930,526473,19505,68.24
20260930,526479,748,57.01
20260930,526481,500,100.0
20260930,526488,14427,79.48
20260930,526490,17143,57.85
20260930,526492,2073,56.03
20260930,526494,1155,100.0
20260930,526500,1557,100.0
20260930,526506,1037,100.0
20260930,526508,5830,69.91
20260930,526519,591,100.0
20260930,526525,18,100.0
20260930,526530,15938,100.0
20260930,526532,4875,96.04
20260930,526544,38070,68.07
20260930,526546,3984,100.0
20260930,526550,118,100.0
20260930,526570,72812,60.66
20260930,526574,26,100.0
20260930,526582,31469,45.52
20260930,526588,1000,100.0
20260930,526596,508,56.13
20260930,526604,2695,100.0
20260930,526608,87,70.16
20260930,526612,637,66.7
20260930,526614,6588,100.0
20260930,526616,6000,84.99
20260930,526622,484555,57.19
20260930,526628,200,100.0
20260930,526638,3208,98.28
20260930,526640,709,93.54
20260930,526642,5686,93.91
20260930,526650,1682495,74.41
20260930,526666,20,74.07
20260930,526668,1752,91.39
20260930,526675,25181,99.21
20260930,526677,229,100.0
20260930,526703,49,75.38
20260930,526705,115,74.19
20260930,526709,41281,78.07
20260930,526711,1032,100.0
20260930,526717,6995,100.0
20260930,526721,291,87.92
20260930,526723,22,100.0
20260930,526725,53,96.36
20260930,526727,5111,72.06
20260930,526729,13757,71.23
20260930,526731,257,84.54
20260930,526739,1616,69.87
20260930,526747,3665,86.17
20260930,526755,13973,97.9
20260930,526761,1,33.33
20260930,526775,57562,62.04
20260930,526783,146,70.19
20260930,526795,500,100.0
20260930,526797,16896,66.01
20260930,526807,2288,47.8
20260930,526813,250,83.33
20260930,526817,2,100.0
20260930,526821,895,100.0
20260930,526823,30489,100.0
20260930,526827,28282,92.95
20260930,526829,30126,44.32
20260930,526839,162,97.01
20260930,526841,143327,59.63
20260930,526847,162,99.39
20260930,526849,78,95.12
20260930,526851,17,62.96
20260930,526853,2510,100.0
20260930,526859,101883,98.14
20260930,526861,9484,82.54
20260930,526865,1355,100.0
20260930,526869,100,90.09
20260930,526871,1867,83.83
20260930,526873,4792,100.0
20260930,526877,1,100.0
20260930,526881,6042,47.41
20260930,526885,2740,75.32
20260930,526899,56964,96.07
20260930,526901,3463,74.11
20260930,526905,151,100.0
20260930,526921,2,100.0
20260930,526931,1,50.0
20260930,526935,4776561,65.78
20260930,526947,1639,68.52
20260930,526951,410,73.74
20260930,526953,4057,97.85
20260930,526961,22089,81.0
20260930,526965,285,100.0
20260930,526967,100,100.0
20260930,526971,597,100.0
20260930,526981,982,94.42
20260930,526987,38450,78.72
20260930,527001,397060,96.97
20260930,527005,3684,74.82
20260930,530001,1759,71.85
20260930,530005,10422,53.22
20260930,530007,40205,44.44
20260930,530017,18049,70.38
20260930,530019,35943,75.59
20260930,530023,1561,100.0
20260930,530025,1933,99.95
20260930,530027,268,100.0
20260930,530037,113,100.0
20260930,530043,7,100.0
20260930,530045,4601,15.27
20260930,530053,20930,90.45
20260930,530057,20332,85.49
20260930,530063,2040,100.0
20260930,530065,431,100.0
20260930,530067,777,31.7
20260930,530073,10298,73.15
20260930,530075,11298,44.66
20260930,530077,9443,75.35
20260930,530079,8632,63.52
20260930,530109,131902,73.74
20260930,530111,323,77.27
20260930,530117,4071,71.58
20260930,530119,60,100.0
20260930,530125,3207,89.38
20260930,530127,14,100.0
20260930,530129,2116,72.81
20260930,530133,54,100.0
20260930,530135,12525,40.83
20260930,530139,4444,100.0
20260930,530145,124119,100.0
20260930,530163,25437,88.71
20260930,530167,16,100.0
20260930,530169,108,100.0
20260930,530171,744,37.03
20260930,530175,1325,76.37
20260930,530177,2105,100.0
20260930,530179,2959,100.0
20260930,530185,30513,70.31
20260930,530187,32416,100.0
20260930,530197,262,100.0
20260930,530199,354964,99.56
20260930,530201,29062,100.0
20260930,530207,801,100.0
20260930,530213,799,91.84
20260930,530215,4366,79.25
20260930,530217,650,96.73
20260930,530233,699,87.92
20260930,530235,40,97.56
20260930,530239,10817,46.21
20260930,530245,360,92.54
20260930,530249,161575,65.13
20260930,530251,20082,100.0
20260930,530253,13958,67.62
20260930,530255,12288,99.39
20260930,530259,659,100.0
20260930,530263,100936,76.43
20260930,530265,6683,88.08
20260930,530267,1219,100.0
20260930,530271,3,100.0
20260930,530281,2829,100.0
20260930,530289,256,73.78
20260930,530299,1540,99.87
20260930,530305,7354,59.13
20260930,530307,3161,68.15
20260930,530309,1909,84.43
20260930,530313,2496,99.56
20260930,530315,3058,84.38
20260930,530317,6316,84.64
20260930,530331,1,50.0
20260930,530341,135,100.0
20260930,530343,50733,50.52
20260930,530355,6348,55.91
20260930,530357,16775,64.34
20260930,530361,1235,100.0
20260930,530363,33424,100.0
20260930,530365,1358,84.93
20260930,530367,17567,54.79
20260930,530369,52,96.3
20260930,530377,4532,86.55
20260930,530393,2461,100.0
20260930,530401,66,98.51
20260930,530405,577,85.86
20260930,530407,32594,92.42
20260930,530419,6373,98.61
20260930,530421,604,81.29
20260930,530427,2310,69.52
20260930,530429,201,62.42
20260930,530433,2019,90.46
20260930,530439,3272,100.0
20260930,530445,279,82.79
20260930,530449,1382,77.42
20260930,530457,4403,70.64
20260930,530461,14800,91.56
20260930,530469,18100,100.0
20260930,530475,996,57.47
20260930,530477,19531,78.11
20260930,530495,127,100.0
20260930,530499,134,88.74
20260930,530517,9410,66.99
20260930,530521,8861,77.19
20260930,530525,103679,100.0
20260930,530545,627,86.48
20260930,530549,14365,44.77
20260930,530555,45259,53.08
20260930,530557,1759907,100.0
20260930,530577,3,100.0
20260930,530579,73334,100.0
20260930,530581,105,100.0
20260930,530585,11758,100.0
20260930,530589,706,87.59
20260930,530595,6540,100.0
20260930,530601,100,100.0
20260930,530615,20449,100.0
20260930,530617,158124,88.61
20260930,530621,1025,100.0
20260930,530627,8209,73.6
20260930,530643,1323,79.79
20260930,530655,11408,54.08
20260930,530663,38706,99.77
20260930,530665,16178,73.83
20260930,530675,1570,99.37
20260930,530677,1881,94.95
20260930,530689,5024,52.32
20260930,530695,4802,90.16
20260930,530697,1170,87.25
20260930,530699,2369,100.0
20260930,530709,1388,100.0
20260930,530711,3342,47.37
20260930,530723,80,100.0
20260930,530735,101,99.02
20260930,530741,4070,100.0
20260930,530745,2147,100.0
20260930,530747,45,50.56
20260930,530755,1000,100.0
20260930,530759,1224,72.51
20260930,530779,276,99.64
20260930,530787,1441,100.0
20260930,530795,6,100.0
20260930,530799,2,100.0
20260930,530803,12988,48.74
20260930,530805,24614,76.4
20260930,530809,64,100.0
20260930,530813,6394,50.97
20260930,530821,405,100.0
20260930,530825,1505,100.0
20260930,530829,5968,96.95
20260930,530839,6943,100.0
20260930,530843,1839471,37.06
20260930,530845,3105,81.69
20260930,530853,148,100.0
20260930,530855,509,77.24
20260930,530871,725,88.41
20260930,530879,1330,28.27
20260930,530881,63497,83.96
20260930,530883,24256,100.0
20260930,530889,56,100.0
20260930,530897,46,95.83
20260930,530899,162,100.0
20260930,530907,8705,100.0
20260930,530909,1,100.0
20260930,530919,26936,45.46
20260930,530925,2355,95.93
20260930,530943,71611,77.49
20260930,530951,137,93.2
20260930,530953,241,99.59
20260930,530959,3981,95.51
20260930,530961,206477,53.48
20260930,530965,625518,57.75
20260930,530973,208,100.0
20260930,530977,12,50.0
20260930,530979,8596,97.4
20260930,530991,113,51.36
20260930,530993,1530,99.87
20260930,530997,3055,91.91
20260930,530999,3079,48.76
20260930,531003,92,100.0
20260930,531015,57725,93.44
20260930,531017,1874,71.42
20260930,531025,1043507,76.89
20260930,531027,3,100.0
20260930,531033,15404,100.0
20260930,531035,38231,100.0
20260930,531041,96,96.97
20260930,531043,676,100.0
20260930,531049,31,100.0
20260930,531067,541,100.0
20260930,531069,325,87.37
20260930,531080,351,97.23
20260930,531082,26307,88.5
20260930,531083,242,100.0
20260930,531091,424,100.0
20260930,531092,1529,89.21
20260930,531099,1758,100.0
20260930,531109,1026,97.53
20260930,531112,7667,42.18
20260930,531119,442,100.0
20260930,531120,118826,71.56
20260930,531126,45617,83.11
20260930,531127,73402,100.0
20260930,531129,1366,73.2
20260930,531137,54815,84.36
20260930,531144,118912,64.78
20260930,531146,2237,100.0
20260930,531147,50717,61.64
20260930,531153,169096,87.08
20260930,531156,5790,100.0
20260930,531157,3268,100.0
20260930,531158,2143,94.12
20260930,531161,447,95.31
20260930,531162,21047,41.33
20260930,531163,1218,70.45
20260930,531168,10,100.0
20260930,531169,360,70.59
20260930,531173,12677,81.85
20260930,531176,3222,80.65
20260930,531178,1777,100.0
20260930,531179,670,49.34
20260930,531191,314,100.0
20260930,531199,37,100.0
20260930,531201,424,63.95
20260930,531205,9420889,45.06
20260930,531209,1118,94.43
20260930,531210,3879,100.0
20260930,531212,1004,99.9
20260930,531213,32887,33.02
20260930,531215,1753,61.36
20260930,531216,325969,74.61
20260930,531221,408,100.0
20260930,531223,7469,97.44
20260930,531225,960,16.11
20260930,531227,954,99.79
20260930,531228,252,100.0
20260930,531233,12012,71.5
20260930,531234,984,99.19
20260930,531235,50,100.0
20260930,531237,827,100.0
20260930,531241,1540,82.84
20260930,531246,1,100.0
20260930,531253,1242,84.09
20260930,531254,13281,99.38
20260930,531255,111,100.0
20260930,531257,12733,78.29
20260930,531259,67,100.0
20260930,531266,85,59.86
20260930,531268,5948,82.65
20260930,531272,4,100.0
20260930,531273,46619,88.27
20260930,531274,7,100.0
20260930,531278,342,77.03
20260930,531279,17946,100.0
20260930,531280,3639,100.0
20260930,531281,6945,100.0
20260930,531283,10,100.0
20260930,531287,1679,99.88
20260930,531288,1,100.0
20260930,531289,41504,100.0
20260930,531297,7122,85.94
20260930,531301,246,100.0
20260930,531306,472,92.37
20260930,531307,2031,83.75
20260930,531310,2041,88.32
20260930,531319,2064,60.87
20260930,531322,6553,99.89
20260930,531324,1388,99.64
20260930,531328,1925575,77.25
20260930,531334,3880,89.61
20260930,531335,9220,43.8
20260930,531338,356,100.0
20260930,531340,5,100.0
20260930,531341,455,100.0
20260930,531344,32238,49.58
20260930,531346,326,89.56
20260930,531349,1288,73.77
20260930,531352,200,100.0
20260930,531357,5512,79.77
20260930,531358,6687,57.49
20260930,531359,1102,70.37
20260930,531360,1,100.0
20260930,531364,3809,91.26
20260930,531370,22308,73.51
20260930,531373,1130,61.08
20260930,531380,15,100.0
20260930,531381,15,100.0
20260930,531390,2470,56.89
20260930,531395,546006,100.0
20260930,531396,3,100.0
20260930,531398,319,90.11
20260930,531399,19720,75.28
20260930,531400,49077,100.0
20260930,531402,29598,79.84
20260930,531406,95,100.0
20260930,531411,4896679,100.0
20260930,531412,10,100.0
20260930,531416,514,99.61
20260930,531417,12245,73.57
20260930,531420,63,100.0
20260930,531426,1856,73.65
20260930,531431,22044,39.84
20260930,531433,6438,100.0
20260930,531436,4303,73.38
20260930,531437,6677,86.78
20260930,531439,3771,100.0
20260930,531441,1,100.0
20260930,531449,90067,26.59
20260930,531453,8916,99.7
20260930,531454,2819,98.15
20260930,531456,39285,95.05
20260930,531458,72882,100.0
20260930,531460,1751,100.0
20260930,531465,50234,100.0
20260930,531471,105280,100.0
20260930,531472,1459,64.61
20260930,531486,4994,100.0
20260930,531489,250,84.18
20260930,531494,698230,90.8
20260930,531497,2888,99.9
20260930,531500,22056,100.0
20260930,531502,691819,68.06
20260930,531503,1,50.0
20260930,531505,110,100.0
20260930,531506,1,100.0
20260930,531508,544,92.99
20260930,531512,233365,74.5
20260930,531515,852,100.0
20260930,531518,170227,100.0
20260930,531525,67234,100.0
20260930,531529,11063,100.0
20260930,531530,15522,92.59
20260930,531531,1461,53.58
20260930,531533,1566,73.25
20260930,531537,367,100.0
20260930,531539,2427,95.51
20260930,531540,51831,89.27
20260930,531541,22426,100.0
20260930,531543,81377,58.87
20260930,531548,2344,68.28
20260930,531550,417,94.56
20260930,531552,645,81.13
20260930,531553,9467,100.0
20260930,531556,1,100.0
20260930,531557,177,100.0
20260930,531569,3165,86.88
20260930,531572,1764,100.0
20260930,531574,10123,100.0
20260930,531578,15,100.0
20260930,531582,2,100.0
20260930,531583,768,90.67
20260930,531585,10,100.0
20260930,531591,972,100.0
20260930,531592,126432,79.82
20260930,531594,10,100.0
20260930,531595,11879,46.92
20260930,531599,3056,62.83
20260930,531600,50,100.0
20260930,531608,506,97.5
20260930,531609,2,100.0
20260930,531613,1433,100.0
20260930,531624,3041,100.0
20260930,531626,45438,64.52
20260930,531628,3320,100.0
20260930,531633,743,80.67
20260930,531635,176,96.7
20260930,531637,2046,79.24
20260930,531638,0,0.0
20260930,531642,49160,86.18
20260930,531644,357,99.44
20260930,531651,4,100.0
20260930,531652,13585,95.02
20260930,531658,17056,71.92
20260930,531661,7236,100.0
20260930,531663,54305,93.63
20260930,531667,12069,100.0
20260930,531668,7243,100.0
20260930,531671,26129,86.93
20260930,531673,3236,92.27
20260930,531676,2073,100.0
20260930,531680,8492,100.0
20260930,531681,13807,100.0
20260930,531688,790,58.52
20260930,531692,2,100.0
20260930,531694,114,100.0
20260930,531716,1220,100.0
20260930,531717,1272,80.56
20260930,531719,427,81.64
20260930,531723,3645470,100.0
20260930,531726,2479,87.32
20260930,531727,2080,100.0
20260930,531737,98345,81.66
20260930,531739,501149,80.39
20260930,531744,2377,100.0
20260930,531746,1808,88.71
20260930,531752,2153164,51.3
20260930,531758,32562,60.27
20260930,531761,2050,59.04
20260930,531762,1366,100.0
20260930,531768,2637,50.44
20260930,531769,2952,100.0
20260930,531771,8356,94.85
20260930,531778,1536,100.0
20260930,531779,10,100.0
20260930,531780,19507,89.63
20260930,531784,135726,63.06
20260930,531795,2319,72.97
20260930,531797,138,100.0
20260930,531802,5539,64.87
20260930,531810,61,98.39
20260930,531812,13063,100.0
20260930,531814,20816,62.51
20260930,531832,4880,84.43
20260930,531834,4294,100.0
20260930,531840,2287,95.09
20260930,531841,2040,100.0
20260930,531842,3229,97.94
20260930,531845,11091,58.96
20260930,531846,36,100.0
20260930,531847,91,95.79
20260930,531859,27559,58.91
20260930,531861,639,78.02
20260930,531862,8496,92.94
20260930,531867,4403,100.0
20260930,531869,54008,77.54
20260930,531870,146,100.0
20260930,531878,3244,99.97
20260930,531888,1458,90.45
20260930,531889,243388,60.58
20260930,531892,5,100.0
20260930,531893,1087872,70.29
20260930,531900,6853,86.38
20260930,531902,151,100.0
20260930,531909,11989,100.0
20260930,531910,9588,100.0
20260930,531911,74,100.0
20260930,531913,22068,97.57
20260930,531918,195,100.0
20260930,531921,636,64.37
20260930,531923,4711,90.25
20260930,531925,501,100.0
20260930,531928,50,100.0
20260930,531929,501,100.0
20260930,531930,3024,100.0
20260930,531931,11,100.0
20260930,531944,9,60.0
20260930,531950,7998,86.91
20260930,531952,5488,100.0
20260930,531959,32370,96.63
20260930,531962,1276,89.11
20260930,531977,386083,100.0
20260930,531978,454,73.58
20260930,531979,711,77.11
20260930,531982,8422,100.0
20260930,531991,77565,89.76
20260930,531994,10,100.0
20260930,531996,1728,100.0
20260930,531997,25042,100.0
20260930,532001,745,100.0
20260930,532011,1973,63.42
20260930,532015,53768,76.62
20260930,532016,303,80.16
20260930,532019,1944,100.0
20260930,532022,712187,100.0
20260930,532029,29760,96.2
20260930,532039,10161,97.06
20260930,532041,4745,100.0
20260930,532042,455,100.0
20260930,532051,1650,73.83
20260930,532053,3,20.0
20260930,532054,861,64.49
20260930,532056,115,100.0
20260930,532057,37,71.15
20260930,532067,6464,53.74
20260930,532070,31494,55.14
20260930,532078,50,100.0
20260930,532090,33466,83.9
20260930,532092,42460,83.68
20260930,532100,868,73.43
20260930,532102,5694,95.49
20260930,532113,362,100.0
20260930,532123,56381,75.73
20260930,532124,1178,100.0
20260930,532131,1249,99.92
20260930,532134,276639,51.75
20260930,532140,2814,59.87
20260930,532141,2354,90.16
20260930,532143,7625,54.0
20260930,532144,33698,40.33
20260930,532145,598,99.83
20260930,532149,167266,60.55
20260930,532150,12555,73.39
20260930,532154,429529,51.26
20260930,532155,67464,60.31
20260930,532156,3427,50.52
20260930,532159,6505,98.94
20260930,532160,16487,86.44
20260930,532162,5513,36.59
20260930,532163,12350,54.03
20260930,532167,133,97.08
20260930,532172,197829,60.88
20260930,532173,2537,100.0
20260930,532174,208170,40.35
20260930,532175,26176,30.56
20260930,532178,123984,46.03
20260930,532180,20205,67.65
20260930,532181,56783,61.92
20260930,532183,18434,76.55
20260930,532187,58153,69.53
20260930,532189,60178,36.82
20260930,532209,34078,44.97
20260930,532210,225095,44.08
20260930,532212,335,99.41
20260930,532215,40298,29.72
20260930,532216,51,98.08
20260930,532217,4779,100.0
20260930,532218,623755,51.49
20260930,532219,9563,92.43
20260930,532221,13871,35.16
20260930,532230,1,100.0
20260930,532234,38778,30.87
20260930,532240,2257,61.94
20260930,532256,163,99.39
20260930,532259,2315,42.9
20260930,532262,58,95.08
20260930,532268,410,77.95
20260930,532271,28734,99.89
20260930,532275,46308,92.81
20260930,532281,326069,91.43
20260930,532284,2324,68.7
20260930,532285,9882,75.72
20260930,532286,3888,39.24
20260930,532290,2649,87.48
20260930,532296,16118,51.54
20260930,532300,41077,54.62
20260930,532303,7000,100.0
20260930,532304,926,100.0
20260930,532305,61158,67.04
20260930,532309,16338,57.88
20260930,532310,752,75.73
20260930,532313,2060,74.18
20260930,532315,3144,100.0
20260930,532320,1292,100.0
20260930,532321,13899,37.27
20260930,532323,210198,71.12
20260930,532324,536,100.0
20260930,532326,11182,93.5
20260930,532329,2648,100.0
20260930,532331,12085,51.16
20260930,532333,45,100.0
20260930,532335,5577,46.22
20260930,532339,7826,98.48
20260930,532340,70,100.0
20260930,532341,4553,66.1
20260930,532343,107608,95.32
20260930,532344,376,87.04
20260930,532348,601002,51.69
20260930,532349,5708,73.78
20260930,532350,625,100.0
20260930,532351,68727,100.0
20260930,532354,14805,100.0
20260930,532355,9045,94.92
20260930,532356,8036,62.12
20260930,532359,85394,74.96
20260930,532362,4805,79.87
20260930,532365,1498,61.34
20260930,532366,45686,46.35
20260930,532368,286432,68.84
20260930,532369,4758,59.85
20260930,532370,2360,58.42
20260930,532371,145745,42.24
20260930,532372,806,96.07
20260930,532373,17701,88.08
20260930,532374,39561,100.0
20260930,532375,2857,51.57
20260930,532376,1330,88.02
20260930,532378,1,100.0
20260930,532379,24985,100.0
20260930,532380,41005,73.09
20260930,532382,6261,68.99
20260930,532384,21147,92.52
20260930,532386,32303,100.0
20260930,532388,202841,52.93
20260930,532390,1288,78.39
20260930,532392,11799,80.84
20260930,532395,36435,38.82
20260930,532397,770,100.0
20260930,532398,897,100.0
20260930,532400,71747,54.82
20260930,532402,2571,80.44
20260930,532404,718,75.34
20260930,532406,74386,54.48
20260930,532407,90679,57.1
20260930,532408,11355,100.0
20260930,532410,361,75.21
20260930,532416,2404,86.94
20260930,532419,2485,100.0
20260930,532424,199732,93.08
20260930,532425,31602,100.0
20260930,532430,1482,45.06
20260930,532432,62917,77.13
20260930,532435,1016,100.0
20260930,532439,14827,41.48
20260930,532440,1151,58.78
20260930,532443,11033,97.36
20260930,532444,4565,100.0
20260930,532454,2767669,90.83
20260930,532455,6739,66.47
20260930,532456,29694,100.0
20260930,532457,2292,49.3
20260930,532460,790,56.35
20260930,532461,419532,59.04
20260930,532466,2092,36.88
20260930,532467,69729,93.95
20260930,532468,277,80.76
20260930,532475,5365,84.66
20260930,532477,243527,43.69
20260930,532478,4002,40.81
20260930,532481,20186,71.94
20260930,532482,54221,57.06
20260930,532483,475829,47.17
20260930,532485,8534,83.71
20260930,532486,3089,61.52
20260930,532488,35193,81.85
20260930,532493,5448,40.93
20260930,532497,5935,52.88
20260930,532500,10691,48.66
20260930,532503,1534,96.9
20260930,532504,5481,65.04
20260930,532505,184985,62.96
20260930,532507,8787,79.49
20260930,532508,12016,47.55
20260930,532509,1346,59.43
20260930,532513,32698,35.7
20260930,532514,91470,54.9
20260930,532515,802,78.63
20260930,532521,1859,94.9
20260930,532522,23213,65.87
20260930,532523,52279,54.6
20260930,532524,45963,49.69
20260930,532525,342827,40.11
20260930,532527,19034,68.02
20260930,532528,2652,45.62
20260930,532529,3309,43.32
20260930,532531,10928,24.91
20260930,532538,7499,79.15
20260930,532539,6990,41.83
20260930,532540,144632,58.81
20260930,532541,44449,37.95
20260930,532543,671,100.0
20260930,532548,1737,61.49
20260930,532553,3245,60.15
20260930,532555,85548,58.28
20260930,532604,39075,54.64
20260930,532605,10772,50.23
20260930,532610,32572,47.39
20260930,532612,32485,45.22
20260930,532613,19,100.0
20260930,532614,1304,100.0
20260930,532616,2189,98.38
20260930,532624,136,100.0
20260930,532626,11215,53.33
20260930,532627,1878075,54.13
20260930,532628,23928,100.0
20260930,532629,664,100.0
20260930,532630,4391,56.62
20260930,532633,400,90.09
20260930,532636,35857,48.72
20260930,532637,14582,94.49
20260930,532638,647,44.25
20260930,532640,1042,100.0
20260930,532641,126718,87.87
20260930,532642,126,57.01
20260930,532644,3868,66.43
20260930,532645,686,93.33
20260930,532648,3096699,48.26
20260930,532649,37688,80.17
20260930,532650,75457,70.62
20260930,532651,139,100.0
20260930,532652,20599,34.8
20260930,532654,47865,49.69
20260930,532656,55410,97.55
20260930,532660,8910,100.0
20260930,532661,705,38.57
20260930,532662,9993,95.19
20260930,532663,751,89.4
20260930,532666,168776,62.09
20260930,532667,2602592,59.04
20260930,532668,7854,56.82
20260930,532670,340933,55.68
20260930,532673,65982,70.78
20260930,532674,1013,100.0
20260930,532676,5918,90.84
20260930,532683,577,50.97
20260930,532684,18397,69.53
20260930,532686,7004,48.94
20260930,532687,1156,74.06
20260930,532689,21367,50.15
20260930,532694,23764,75.08
20260930,532695,1423,99.86
20260930,532698,3781,67.18
20260930,532699,239,67.9
20260930,532700,563,92.45
20260930,532701,7779,100.0
20260930,532705,3980,73.43
20260930,532707,338,100.0
20260930,532708,162470,100.0
20260930,532710,10987,77.52
20260930,532712,466917,100.0
20260930,532713,125076,74.62
20260930,532714,39556,50.77
20260930,532716,7026,65.49
20260930,532717,378,56.59
20260930,532719,17669,64.99
20260930,532720,20714,55.66
20260930,532721,861384,99.44
20260930,532722,21012,52.75
20260930,532723,101,100.0
20260930,532725,25369,54.4
20260930,532726,1175,44.16
20260930,532728,6256,96.62
20260930,532729,3506,31.65
20260930,532730,5421,58.28
20260930,532732,694,93.91
20260930,532733,394514,22.83
20260930,532734,59125,64.85
20260930,532735,470035,46.63
20260930,532737,1721,91.45
20260930,532738,22035,100.0
20260930,532740,4474,58.68
20260930,532741,19110,71.25
20260930,532742,2178,78.4
20260930,532744,501,99.4
20260930,532748,56638,60.13
20260930,532749,587236,73.46
20260930,532754,210721,40.11
20260930,532755,13919,41.32
20260930,532756,5544,57.32
20260930,532757,146,54.28
20260930,532759,35687,30.3
20260930,532761,11,100.0
20260930,532762,14528,61.44
20260930,532764,66,100.0
20260930,532767,105058,59.73
20260930,532768,995,41.13
20260930,532771,367302,62.94
20260930,532772,34302,62.77
20260930,532773,340,87.18
20260930,532774,919,63.34
20260930,532775,2086527,33.01
20260930,532776,14279,62.1
20260930,532777,31742,60.08
20260930,532779,74241,91.48
20260930,532780,12340,100.0
20260930,532782,12965,100.0
20260930,532783,18172,53.54
20260930,532784,1593,60.43
20260930,532785,120,89.55
20260930,532790,4170,46.15
20260930,532794,43270,72.63
20260930,532795,5788,100.0
20260930,532796,2326,45.84
20260930,532797,7380,55.81
20260930,532798,72976,54.63
20260930,532799,36975,49.31
20260930,532801,1378,100.0
20260930,532804,566,54.53
20260930,532805,99063,46.87
20260930,532806,605,96.65
20260930,532807,2040,82.22
20260930,532808,4062,53.62
20260930,532809,187796,42.49
20260930,532810,269744,68.05
20260930,532811,2360,65.0
20260930,532812,600,100.0
20260930,532814,14601,48.45
20260930,532815,5730,49.05
20260930,532817,8951,92.93
20260930,532820,485,84.35
20260930,532822,11596031,45.66
20260930,532825,13405,100.0
20260930,532826,11382,76.84
20260930,532827,6027,74.73
20260930,532828,1652,100.0
20260930,532829,4277,30.67
20260930,532830,7279,60.94
20260930,532832,57132,48.31
20260930,532834,15232,64.4
20260930,532835,806,64.33
20260930,532839,375583,76.79
20260930,532841,454,87.14
20260930,532842,2147,83.38
20260930,532843,181245,61.15
20260930,532845,31864,79.23
20260930,532847,7777,99.45
20260930,532848,1380444,40.12
20260930,532850,6685,100.0
20260930,532851,609,79.09
20260930,532853,745,100.0
20260930,532855,1170,55.61
20260930,532856,53136,50.37
20260930,532859,715,77.38
20260930,532864,5187,66.65
20260930,532866,2,100.0
20260930,532867,30449,57.99
20260930,532868,56013,43.16
20260930,532869,4681,89.45
20260930,532870,24543,100.0
20260930,532872,49263,53.4
20260930,532873,7276,100.0
20260930,532875,6558,49.22
20260930,532878,252,98.05
20260930,532880,11989,55.46
20260930,532884,36062,82.65
20260930,532885,455816,71.33
20260930,532887,35246,100.0
20260930,532888,172930,90.95
20260930,532889,1533,43.5
20260930,532890,371275,77.15
20260930,532891,3798,66.91
20260930,532892,27017,64.44
20260930,532893,12142,50.43
20260930,532894,9067,67.09
20260930,532895,137,97.16
20260930,532896,1144,89.58
20260930,532898,104747,55.42
20260930,532899,4253,49.38
20260930,532900,139665,32.6
20260930,532902,29577,74.73
20260930,532904,2204,82.67
20260930,532906,4612,77.68
20260930,532907,472,100.0
20260930,532911,119679,95.64
20260930,532915,8559,52.4
20260930,532916,12485,86.68
20260930,532918,478,95.03
20260930,532921,79874,71.07
20260930,532922,159926,42.84
20260930,532923,5673,52.81
20260930,532924,662,83.48
20260930,532925,4,100.0
20260930,532926,33860,45.41
20260930,532927,3294,47.31
20260930,532928,36226,54.42
20260930,532929,10519,52.62
20260930,532930,15321,100.0
20260930,532931,9333,100.0
20260930,532932,3296,69.36
20260930,532933,14041,83.94
20260930,532934,228,100.0
20260930,532935,963,100.0
20260930,532937,4577,82.28
20260930,532939,1668075,56.85
20260930,532940,3043,78.45
20260930,532941,10357,100.0
20260930,532942,98942,74.98
20260930,532944,8957,100.0
20260930,532945,435735,68.65
20260930,532946,169,45.43
20260930,532947,780809,62.47
20260930,532951,3536,84.21
20260930,532952,251,100.0
20260930,532953,13284,59.75
20260930,532955,665043,73.3
20260930,532957,1638,98.79
20260930,532966,35835,46.77
20260930,532967,10361,50.71
20260930,532974,1423,99.65
20260930,532975,3045,100.0
20260930,532976,14028,64.49
20260930,532977,2964,51.53
20260930,532978,24293,64.45
20260930,532980,15593,93.27
20260930,532983,1670,58.47
20260930,532985,1182,20.12
20260930,532986,201,100.0
20260930,532989,2106,100.0
20260930,532992,6,100.0
20260930,532993,2226,87.29
20260930,532994,1034,63.67
20260930,532998,652,99.69
20260930,533001,7,100.0
20260930,533006,45842,100.0
20260930,533007,143472,100.0
20260930,533012,2125,97.08
20260930,533014,723,75.39
20260930,533022,2652,59.58
20260930,533023,46376,96.93
20260930,533029,868,100.0
20260930,533033,3186,67.27
20260930,533047,1172,56.95
20260930,533048,184174,100.0
20260930,533056,19212,83.35
20260930,533080,3172,66.62
20260930,533088,8604,79.59
20260930,533090,4440141,63.5
20260930,533093,31,91.18
20260930,533095,25,78.12
20260930,533096,1204878,56.59
20260930,533098,1398367,85.1
20260930,533100,2655,80.53
20260930,533101,27,45.0
20260930,533104,5043,54.48
20260930,533106,224228,78.64
20260930,533107,947,100.0
20260930,533110,54,98.18
20260930,533121,441,55.68
20260930,533122,621297,55.17
20260930,533137,7498,79.24
20260930,533138,13417,49.86
20260930,533146,1221,59.53
20260930,533148,21713,40.8
20260930,533149,15883,99.64
20260930,533150,13739,46.34
20260930,533151,7702,71.09
20260930,533152,12676,83.97
20260930,533155,18021,46.0
20260930,533156,25135,65.72
20260930,533158,889,60.11
20260930,533160,12409,53.99
20260930,533161,16,100.0
20260930,533162,125482,68.67
20260930,533164,12241,57.76
20260930,533166,73156,92.16
20260930,533167,5335,90.92
20260930,533168,344,98.57
20260930,533169,29880,46.03
20260930,533172,421,74.91
20260930,533177,1291,100.0
20260930,533179,20974,50.67
20260930,533181,879,100.0
20260930,533192,43499,100.0
20260930,533193,4620,59.22
20260930,533202,89491,98.75
20260930,533203,1898,99.37
20260930,533206,222164,56.53
20260930,533208,5956,100.0
20260930,533210,5735,86.28
20260930,533212,2100,95.45
20260930,533217,303,100.0
20260930,533218,145,100.0
20260930,533221,1,100.0
20260930,533227,113,96.58
20260930,533229,7278,49.41
20260930,533230,38729,37.47
20260930,533239,13498,84.78
20260930,533244,1126928,94.31
20260930,533248,92818,54.95
20260930,533252,9003,100.0
20260930,533257,8327,80.75
20260930,533259,135,63.08
20260930,533260,2230,91.96
20260930,533262,7757,77.91
20260930,533263,114256,70.55
20260930,533267,1854,86.68
20260930,533268,69,100.0
20260930,533269,8360,42.13
20260930,533270,285,92.53
20260930,533271,28815,65.37
20260930,533272,457985,38.96
20260930,533273,12982,64.34
20260930,533274,14595,46.07
20260930,533275,146780,63.79
20260930,533278,301084,59.98
20260930,533282,9186,45.42
20260930,533284,1517,91.72
20260930,533285,36842,49.95
20260930,533286,10093,60.19
20260930,533287,57524,87.54
20260930,533289,127,100.0
20260930,533292,11545,82.73
20260930,533293,42331,33.59
20260930,533294,154,100.0
20260930,533295,41092,72.33
20260930,533296,15950,95.8
20260930,533298,5876,95.16
20260930,533301,29852,100.0
20260930,533302,263,64.78
20260930,533303,2945,96.46
20260930,533306,334,93.3
20260930,533315,6896,100.0
20260930,533316,763,49.07
20260930,533326,519465,43.71
20260930,533329,1355,72.42
20260930,533333,530114,40.35
20260930,533336,135,87.66
20260930,533339,7288,55.59
20260930,533343,248,65.96
20260930,533344,65207,71.27
20260930,533385,21762,62.43
20260930,533398,13377,56.61
20260930,533407,2868,100.0
20260930,533408,3722,64.7
20260930,533427,17212,67.89
20260930,533451,310,100.0
20260930,533452,849,100.0
20260930,533470,11049,84.93
20260930,533477,278,88.25
20260930,533482,5944,100.0
20260930,533506,46235,62.16
20260930,533519,4919213,89.53
20260930,533520,479003,67.69
20260930,533540,9282,100.0
20260930,533543,2677,80.83
20260930,533552,3409,71.81
20260930,533553,176653,62.09
20260930,533570,28980,80.74
20260930,533573,6690,50.2
20260930,533576,811,77.68
20260930,533581,35859,56.8
20260930,533602,87887,81.6
20260930,533608,668,46.23
20260930,533629,13671,100.0
20260930,533632,52621,100.0
20260930,533638,20286,100.0
20260930,533644,1303,82.63
20260930,533655,6284,50.68
20260930,533676,99649,74.55
20260930,533704,830808,63.33
20260930,533719,5851,67.72
20260930,533758,7354,52.97
20260930,533761,13565,58.37
20260930,533896,107,51.94
20260930,533941,6411,89.07
20260930,533982,2912,85.22
20260930,534060,484679,75.88
20260930,534064,7718,100.0
20260930,534076,6940,31.79
20260930,534091,72730,55.59
20260930,534139,8363,55.23
20260930,534190,215,100.0
20260930,534309,364078,54.62
20260930,534312,1904,100.0
20260930,534328,56,98.25
20260930,534338,4982,96.01
20260930,534369,25909,100.0
20260930,534392,5525,71.13
20260930,534422,16717,66.51
20260930,534425,78,100.0
20260930,534532,10788,92.99
20260930,534535,763573,100.0
20260930,534597,145170,59.11
20260930,534598,336,71.49
20260930,534600,55498,55.48
20260930,534612,1307,85.26
20260930,534615,619,100.0
20260930,534618,3275,48.63
20260930,534623,13701,75.17
20260930,534674,253483,66.43
20260930,534675,14749,68.78
20260930,534680,427,84.06
20260930,534691,956,93.45
20260930,534708,9000,100.0
20260930,534732,923,93.23
20260930,534733,445510,100.0
20260930,534741,55527,100.0
20260930,534742,3701,69.91
20260930,534748,247958,67.02
20260930,534755,45095,100.0
20260930,534796,1132,89.63
20260930,534804,798,61.91
20260930,534809,6311055,45.25
20260930,534816,372186,82.28
20260930,534920,3,100.0
20260930,534976,2929,50.35
20260930,535136,1200,66.56
20260930,535204,3298,100.0
20260930,535205,12325,60.84
20260930,535267,1476,86.32
20260930,535276,4900,65.58
20260930,535322,1932,57.76
20260930,535387,96,93.2
20260930,535431,36336,82.4
20260930,535458,157,86.26
20260930,535566,86,71.67
20260930,535601,487,100.0
20260930,535602,2001,54.88
20260930,535621,334,95.7
20260930,535648,2838,55.87
20260930,535657,4627,60.65
20260930,535667,4318,94.49
20260930,535693,746,76.67
20260930,535719,4107,73.69
20260930,535730,532211,73.82
20260930,535754,7655,65.25
20260930,535755,129478,43.57
20260930,535789,60858,29.98
20260930,535910,21375,87.31
20260930,535916,124182,97.08
20260930,535958,241058,82.96
20260930,536073,70128,73.8
20260930,536264,7268,95.49
20260930,536493,32,84.21
20260930,536507,7650,100.0
20260930,536565,2284,91.87
20260930,536659,933755,63.69
20260930,536672,15210,83.99
20260930,536709,14390,100.0
20260930,536737,3600,100.0
20260930,536773,162,91.53
20260930,536846,597,100.0
20260930,536960,14253,60.71
20260930,536974,8535,92.54
20260930,537007,30005,64.51
20260930,537008,2985,38.25
20260930,537069,3285,100.0
20260930,537253,25,100.0
20260930,537254,14353,100.0
20260930,537259,2078,49.43
20260930,537291,127,64.47
20260930,537292,2326,88.27
20260930,537326,3167,96.35
20260930,537392,3026,100.0
20260930,537483,1312,78.56
20260930,537536,3948,96.5
20260930,537707,115865,78.58
20260930,537708,3067,47.21
20260930,537709,5070,100.0
20260930,537750,266,47.5
20260930,537766,44461,87.41
20260930,537784,12000,100.0
20260930,537785,6,50.0
20260930,537800,1903025,62.63
20260930,537820,255683,100.0
20260930,537839,12263,79.67
20260930,537985,1,100.0
20260930,538057,28953,64.26
20260930,538081,3052,99.77
20260930,538092,5,100.0
20260930,538119,14918,100.0
20260930,538212,22764,100.0
20260930,538268,719,74.28
20260930,538273,308,100.0
20260930,538351,31470,100.0
20260930,538365,781,98.74
20260930,538401,116701,47.35
20260930,538422,85773,65.91
20260930,538446,6778,85.87
20260930,538451,872316,67.48
20260930,538464,4652,100.0
20260930,538476,20705,100.0
20260930,538520,16970,99.99
20260930,538521,1539,100.0
20260930,538539,302160,96.72
20260930,538540,149523,95.62
20260930,538542,2092,29.81
20260930,538546,8885,55.61
20260930,538556,11217,26.08
20260930,538562,12471,57.04
20260930,538563,33,100.0
20260930,538564,751,99.47
20260930,538565,2897,61.82
20260930,538567,1574,74.92
20260930,538568,5742,100.0
20260930,538569,3016,100.0
20260930,538596,683,100.0
20260930,538597,1636,75.08
20260930,538598,5557,86.76
20260930,538607,189916,56.36
20260930,538609,733,93.38
20260930,538610,430231,100.0
20260930,538611,103,100.0
20260930,538634,385,95.06
20260930,538635,31506,94.35
20260930,538646,1703,97.04
20260930,538647,103,100.0
20260930,538666,1746,53.99
20260930,538668,7600,18.29
20260930,538674,1024,100.0
20260930,538683,5648,59.3
20260930,538685,1662,59.98
20260930,538706,218039,78.93
20260930,538708,1487,93.76
20260930,538713,627,91.8
20260930,538714,506,93.7
20260930,538715,3852,100.0
20260930,538716,21,100.0
20260930,538730,946,80.24
20260930,538732,725,78.29
20260930,538734,3188,55.19
20260930,538742,13324,100.0
20260930,538743,1000,100.0
20260930,538770,6,100.0
20260930,538772,33533,61.95
20260930,538778,8578,70.01
20260930,538786,1306,100.0
20260930,538787,120923,68.4
20260930,538788,5374,51.79
20260930,538794,16000,100.0
20260930,538795,892,71.3
20260930,538812,1548,100.0
20260930,538817,56373,81.58
20260930,538833,5,100.0
20260930,538834,28527,87.17
20260930,538835,7893,47.1
20260930,538836,1802,70.67
20260930,538837,119288,79.49
20260930,538838,50,100.0
20260930,538857,5355,73.46
20260930,538860,19038,100.0
20260930,538862,3740,92.99
20260930,538868,206005,100.0
20260930,538874,5007,100.0
20260930,538881,1650,99.94
20260930,538882,10974,55.56
20260930,538890,3292,62.62
20260930,538891,27895,43.34
20260930,538895,1832,100.0
20260930,538896,135,96.43
20260930,538897,5472,100.0
20260930,538902,9170,100.0
20260930,538918,4990,98.54
20260930,538920,38807,62.89
20260930,538922,4077,61.67
20260930,538923,42876,100.0
20260930,538926,28103,71.03
20260930,538928,11844,90.93
20260930,538935,7,100.0
20260930,538942,1153,99.91
20260930,538952,5571,100.0
20260930,538961,4477,72.74
20260930,538962,5050,57.52
20260930,538964,88,100.0
20260930,538965,10700,98.75
20260930,538970,96313,74.49
20260930,538975,324541,100.0
20260930,538979,3991,86.91
20260930,538987,2477,89.78
20260930,538992,283,100.0
20260930,538993,280,100.0
20260930,539006,678,43.63
20260930,539011,608,88.76
20260930,539012,34,100.0
20260930,539013,414,65.2
20260930,539014,2419,96.22
20260930,539016,312,92.58
20260930,539017,79289,87.73
20260930,539018,989,95.56
20260930,539031,1452,99.32
20260930,539032,12890,95.39
20260930,539040,39295,80.4
20260930,539041,10000,100.0
20260930,539042,6293,56.21
20260930,539044,4013,100.0
20260930,539045,2988,80.37
20260930,539046,2395,59.9
20260930,539056,11786,63.35
20260930,539083,302972,49.32
20260930,539090,14576,40.03
20260930,539091,7015122,100.0
20260930,539097,63027,100.0
20260930,539098,4000,100.0
20260930,539110,20,100.0
20260930,539111,280,100.0
20260930,539113,367,81.56
20260930,539115,664,100.0
20260930,539117,4032,12.35
20260930,539118,3434,60.27
20260930,539120,1805,100.0
20260930,539121,1453,84.48
20260930,539122,5320,61.67
20260930,539123,238,96.36
20260930,539124,316,79.0
20260930,539126,29555,100.0
20260930,539132,576684,54.46
20260930,539141,1338,63.96
20260930,539143,38066,67.4
20260930,539148,755,52.36
20260930,539149,1264,97.98
20260930,539150,19991,49.73
20260930,539151,18205,40.76
20260930,539174,216,99.54
20260930,539176,599,100.0
20260930,539177,3209,40.69
20260930,539189,760,70.37
20260930,539190,10,100.0
20260930,539195,11666,87.96
20260930,539196,15250,72.01
20260930,539199,4435,40.17
20260930,539200,16461,100.0
20260930,539201,14702,73.52
20260930,539216,2999852,91.13
20260930,539217,1196119,83.12
20260930,539218,1,100.0
20260930,539219,84632,60.51
20260930,539220,27,72.97
20260930,539221,3848,65.43
20260930,539222,1106315,73.44
20260930,539224,1,100.0
20260930,539226,7462,84.56
20260930,539227,3773,82.36
20260930,539228,49251,100.0
20260930,539251,1,100.0
20260930,539252,1168,100.0
20260930,539254,15052,37.19
20260930,539255,1400,86.47
20260930,539265,1200,100.0
20260930,539267,709,99.3
20260930,539268,12476,60.4
20260930,539275,144,95.36
20260930,539276,91,100.0
20260930,539278,6430,63.31
20260930,539289,9013,61.08
20260930,539290,7679,84.17
20260930,539300,845,85.1
20260930,539301,967,43.91
20260930,539302,8973,43.3
20260930,539309,565269,100.0
20260930,539310,110399,100.0
20260930,539312,72,82.76
20260930,539313,2006,90.93
20260930,539314,56088,88.39
20260930,539331,13780,83.32
20260930,539332,14684,68.35
20260930,539334,2366,61.87
20260930,539336,24062,63.67
20260930,539337,5950,54.84
20260930,539346,8158,97.9
20260930,539353,533,83.8
20260930,539354,1,100.0
20260930,539359,26534,74.86
20260930,539391,494,100.0
20260930,539398,1255,75.83
20260930,539399,574,83.07
20260930,539400,9,60.0
20260930,539402,4172,100.0
20260930,539404,8511,55.0
20260930,539405,4557,100.0
20260930,539406,100,99.01
20260930,539407,4430,39.74
20260930,539408,21495,100.0
20260930,539428,36170,99.66
20260930,539435,636,61.04
20260930,539436,11490,61.37
20260930,539437,506141,44.2
20260930,539448,15170,43.32
20260930,539449,27565,80.43
20260930,539450,6280,67.35
20260930,539455,2102,82.53
20260930,539468,1,100.0
20260930,539469,35028,37.59
20260930,539470,440353,69.56
20260930,539479,179393,73.8
20260930,539480,6,100.0
20260930,539487,3,100.0
20260930,539492,302,96.79
20260930,539494,5249,71.67
20260930,539495,846,98.83
20260930,539506,132544,76.14
20260930,539515,1194,100.0
20260930,539516,8168,84.33
20260930,539517,30292,84.1
20260930,539518,1079,50.26
20260930,539519,1723865,100.0
20260930,539522,170,100.0
20260930,539523,1430,52.94
20260930,539524,12273,62.34
20260930,539526,171531,75.72
20260930,539527,65,89.04
20260930,539528,44628,84.0
20260930,539533,1902595,59.7
20260930,539542,263,62.47
20260930,539545,341,100.0
20260930,539546,1597,19.74
20260930,539551,29538,57.0
20260930,539552,26002,83.51
20260930,539559,350349,100.0
20260930,539561,1983509,100.0
20260930,539562,4510,100.0
20260930,539593,6444,100.0
20260930,539594,393753,68.77
20260930,539596,300,100.0
20260930,539598,25514,61.79
20260930,539599,1,100.0
20260930,539607,467083,48.42
20260930,539620,4112,90.61
20260930,539621,61193,100.0
20260930,539636,8632,71.66
20260930,539658,335,37.98
20260930,539659,3976,85.87
20260930,539660,46170,65.58
20260930,539661,43646,93.82
20260930,539662,5597,90.6
20260930,539669,403925,100.0
20260930,539673,24477,100.0
20260930,539678,4573,56.02
20260930,539679,2985707,100.0
20260930,539682,1411,4.07
20260930,539686,19366,61.53
20260930,539692,2631,62.93
20260930,539697,4776,100.0
20260930,539724,4458,100.0
20260930,539725,4732,56.95
20260930,539730,4974,61.87
20260930,539742,12182,100.0
20260930,539760,1300,70.31
20260930,539761,117447,59.53
20260930,539762,7083,74.72
20260930,539767,86589,42.98
20260930,539770,4772,94.22
20260930,539773,93878,48.4
20260930,539785,19244,60.23
20260930,539787,3612,47.07
20260930,539798,4375,70.54
20260930,539799,6077,65.2
20260930,539800,12128,93.45
20260930,539807,556568,67.59
20260930,539814,862,91.12
20260930,539834,1376,79.86
20260930,539835,2509,100.0
20260930,539837,5644,54.04
20260930,539841,13614,47.56
20260930,539843,2078,81.91
20260930,539854,218,84.17
20260930,539871,3747,68.56
20260930,539872,5253,67.76
20260930,539875,310,100.0
20260930,539876,70448,50.99
20260930,539883,300,55.25
20260930,539884,10210,99.95
20260930,539889,34932,55.68
20260930,539894,24873,83.35
20260930,539895,132349,100.0
20260930,539900,5032,90.39
20260930,539911,1004,100.0
20260930,539921,3175,61.52
20260930,539922,40,100.0
20260930,539938,1161,49.22
20260930,539939,1248,56.32
20260930,539945,26497,54.63
20260930,539946,5,100.0
20260930,539947,363,100.0
20260930,539956,2812,50.75
20260930,539957,3316,29.6
20260930,539963,58356,83.46
20260930,539978,14205,48.94
20260930,539979,80,100.0
20260930,539980,4283,58.71
20260930,539984,573,100.0
20260930,539985,13000,100.0
20260930,539986,7416,53.36
20260930,539991,597,100.0
20260930,539992,519308,44.98
20260930,539997,1740,64.06
20260930,540005,6144,40.61
20260930,540006,66356,89.84
20260930,540008,331,98.81
20260930,540023,12336,75.8
20260930,540025,3584,61.94
20260930,540026,1,100.0
20260930,540047,4567,69.01
20260930,540048,287,59.67
20260930,540061,3270,64.97
20260930,540065,48074,43.66
20260930,540066,1590,100.0
20260930,540072,150000,100.0
20260930,540073,31524,51.01
20260930,540078,16149,68.65
20260930,540079,77127,72.02
20260930,540080,8902,89.86
20260930,540082,450,100.0
20260930,540083,1575,100.0
20260930,540097,3234,85.51
20260930,540115,5303,58.17
20260930,540124,19741,44.28
20260930,540125,30235,100.0
20260930,540132,31971,100.0
20260930,540133,19442,56.14
20260930,540135,842536,77.55
20260930,540136,3115,73.69
20260930,540143,1402,96.56
20260930,540145,15904,48.14
20260930,540146,2000,100.0
20260930,540147,37910,71.33
20260930,540153,23930,89.67
20260930,540154,200,100.0
20260930,540159,9010,96.66
20260930,540168,57102,72.36
20260930,540173,225426,90.31
20260930,540174,501,95.98
20260930,540175,460908,79.55
20260930,540180,512586,75.94
20260930,540181,1356,99.12
20260930,540189,203,100.0
20260930,540190,1105226,70.13
20260930,540192,6604,83.75
20260930,540198,1829,58.98
20260930,540199,15,93.75
20260930,540203,4067,66.85
20260930,540204,4563,87.87
20260930,540205,3362,60.63
20260930,540210,384,100.0
20260930,540212,29554,41.0
20260930,540222,37814,51.59
20260930,540243,13914,100.0
20260930,540252,88242,76.63
20260930,540254,122897,100.0
20260930,540259,831371,66.47
20260930,540266,33254,72.12
20260930,540267,15043,68.09
20260930,540268,3075,73.58
20260930,540293,6449,46.11
20260930,540310,7879,100.0
20260930,540311,793,67.26
20260930,540358,3698,65.92
20260930,540360,493497,100.0
20260930,540361,277097,96.38
20260930,540366,7738,88.73
20260930,540376,15169,67.48
20260930,540377,1885857,65.66
20260930,540386,18387,100.0
20260930,540393,4010,97.71
20260930,540395,1,100.0
20260930,540396,11962,40.84
20260930,540401,32953,69.71
20260930,540403,855,61.47
20260930,540404,1289,74.9
20260930,540405,5202,92.45
20260930,540425,2035,60.15
20260930,540455,4,100.0
20260930,540467,5,100.0
20260930,540481,11,100.0
20260930,540492,106905,83.79
20260930,540497,742,98.41
20260930,540515,3,100.0
20260930,540519,2408,63.32
20260930,540526,40260,82.65
20260930,540530,107952,50.54
20260930,540544,810,46.21
20260930,540545,5732,100.0
20260930,540565,44947,79.94
20260930,540570,167530,94.72
20260930,540575,3672,77.88
20260930,540590,50,100.0
20260930,540595,19464,40.74
20260930,540596,1930,53.76
20260930,540597,2823,92.59
20260930,540602,9934,99.47
20260930,540611,8402,44.64
20260930,540612,12385,79.0
20260930,540615,14620,100.0
20260930,540642,752771,56.74
20260930,540648,740,18.95
20260930,540649,3413,63.09
20260930,540650,2192,95.06
20260930,540652,2250,100.0
20260930,540654,33007,80.16
20260930,540669,2752,97.73
20260930,540673,15315,71.69
20260930,540678,24146,43.07
20260930,540680,6738,65.22
20260930,540686,7161,73.95
20260930,540691,49557,50.57
20260930,540692,2266,43.86
20260930,540693,223285,67.86
20260930,540694,10560,100.0
20260930,540696,4252,100.0
20260930,540699,6108,36.93
20260930,540700,4268,97.96
20260930,540701,7667,82.14
20260930,540703,21503,100.0
20260930,540704,82,85.42
20260930,540709,99524,100.0
20260930,540710,8348,86.72
20260930,540716,6301,27.36
20260930,540717,81100,89.0
20260930,540718,50750,78.53
20260930,540719,44803,86.22
20260930,540724,2997,72.9
20260930,540725,10594,39.39
20260930,540726,9548,62.08
20260930,540727,1778,35.52
20260930,540728,30,88.24
20260930,540729,3000,100.0
20260930,540730,458280,80.56
20260930,540735,627,99.84
20260930,540737,2554,66.84
20260930,540738,6786,64.01
20260930,540743,4651,46.88
20260930,540749,8172,67.78
20260930,540750,198419,54.33
20260930,540755,21732,52.8
20260930,540757,160,100.0
20260930,540762,4479,45.4
20260930,540767,12802,54.49
20260930,540768,16791,70.78
20260930,540769,53592,50.08
20260930,540774,725,48.72
20260930,540775,10505,100.0
20260930,540776,857,68.07
20260930,540777,33118,40.21
20260930,540782,1000,100.0
20260930,540786,61580,100.0
20260930,540787,7808,53.03
20260930,540788,2442,65.22
20260930,540789,6288,100.0
20260930,540795,3754,38.07
20260930,540796,30,100.0
20260930,540797,3181,40.83
20260930,540809,45614,79.58
20260930,540811,80000,88.89
20260930,540821,33336,98.79
20260930,540824,10235,100.0
20260930,540829,4618,100.0
20260930,540850,6000,100.0
20260930,540874,16050,79.41
20260930,540879,147885,39.35
20260930,540900,31788,54.74
20260930,540901,19218,85.34
20260930,540902,44113,87.69
20260930,540904,248,100.0
20260930,540914,38052,97.8
20260930,540923,100,100.0
20260930,540935,4555,61.54
20260930,540936,12491,56.38
20260930,540937,43885,54.43
20260930,540952,9401,84.57
20260930,540953,32527,88.61
20260930,540954,19471,51.91
20260930,540955,10359,100.0
20260930,540956,39975,66.37
20260930,540961,355,50.0
20260930,540975,647533,90.64
20260930,540980,10,58.82
20260930,541005,250,100.0
20260930,541019,7533,69.43
20260930,541083,1250,55.56
20260930,541096,2394,62.57
20260930,541097,14469,99.86
20260930,541143,36784,43.26
20260930,541144,1654,65.69
20260930,541152,5298,91.49
20260930,541153,240572,43.26
20260930,541154,109606,70.15
20260930,541161,9107,100.0
20260930,541163,2566,48.68
20260930,541167,829,61.5
20260930,541178,2000,100.0
20260930,541195,50801,52.82
20260930,541206,2204,89.3
20260930,541228,3638,100.0
20260930,541233,139651,65.75
20260930,541269,592,96.57
20260930,541276,19094,95.39
20260930,541299,20000,100.0
20260930,541301,4663,66.71
20260930,541302,544,26.72
20260930,541303,453667,47.46
20260930,541304,8,17.78
20260930,541313,8812,81.93
20260930,541336,2354,77.41
20260930,541337,36000,100.0
20260930,541338,116308,77.77
20260930,541347,9473,100.0
20260930,541352,586,43.38
20260930,541353,16800,91.3
20260930,541358,1789,100.0
20260930,541400,3936,69.58
20260930,541402,4350,95.46
20260930,541403,5347,60.32
20260930,541418,546,79.94
20260930,541444,15997,86.36
20260930,541445,2400,42.86
20260930,541450,18269,37.85
20260930,541503,551,100.0
20260930,541540,5377,54.97
20260930,541546,33321,73.73
20260930,541556,581328,34.38
20260930,541557,117,55.71
20260930,541578,7682,72.52
20260930,541601,2694399,79.03
20260930,541627,100,100.0
20260930,541634,3061,90.08
20260930,541702,426766,100.0
20260930,541729,15781,55.79
20260930,541735,95733,73.87
20260930,541741,1889,100.0
20260930,541770,13588,51.25
20260930,541771,12081,100.0
20260930,541778,833,100.0
20260930,541809,18129,59.13
20260930,541865,13212,80.66
20260930,541890,213350,100.0
20260930,541929,43,95.56
20260930,541946,56363,77.56
20260930,541956,1157780,28.84
20260930,541967,30614,56.71
20260930,541972,844,93.99
20260930,541973,1500,100.0
20260930,541974,1663,52.83
20260930,541983,1000,100.0
20260930,541988,4869,50.91
20260930,542011,8777,46.46
20260930,542012,848835,100.0
20260930,542013,1896,94.42
20260930,542019,23874,87.18
20260930,542020,7861,100.0
20260930,542034,9048,57.36
20260930,542046,442185,56.39
20260930,542057,2116,59.12
20260930,542066,35950,56.62
20260930,542123,734,100.0
20260930,542131,99139,96.79
20260930,542141,3442,54.93
20260930,542145,3600,100.0
20260930,542146,5000,100.0
20260930,542176,616,100.0
20260930,542206,17463,100.0
20260930,542216,1131,35.1
20260930,542230,361,48.72
20260930,542231,78943,80.18
20260930,542232,9826,99.39
20260930,542233,881,94.83
20260930,542248,1780,84.08
20260930,542285,45413,36.01
20260930,542323,143632,53.93
20260930,542332,1225,100.0
20260930,542333,1713,87.13
20260930,542337,13374,88.45
20260930,542367,3064,92.96
20260930,542383,4146,82.21
20260930,542399,1704,70.82
20260930,542437,6479,100.0
20260930,542446,37362,100.0
20260930,542459,15291,78.91
20260930,542460,467,60.97
20260930,542484,7264,56.01
20260930,542513,251,95.08
20260930,542524,450,98.68
20260930,542543,300000,100.0
20260930,542579,374775,54.66
20260930,542580,1355,100.0
20260930,542597,3824,33.18
20260930,542602,67480,94.06
20260930,542627,1841,100.0
20260930,542628,7134,74.43
20260930,542649,665707,44.71
20260930,542650,8085,54.11
20260930,542651,30519,29.93
20260930,542652,7177,55.16
20260930,542654,3337,89.3
20260930,542655,252956,81.8
20260930,542665,2059,38.12
20260930,542666,15194,89.62
20260930,542668,4000,100.0
20260930,542669,153973,69.0
20260930,542670,3312,92.59
20260930,542677,1076,100.0
20260930,542678,137,100.0
20260930,542679,50,100.0
20260930,542684,809,100.0
20260930,542685,5502,99.93
20260930,542721,30084,100.0
20260930,542725,2044120,77.2
20260930,542726,3084,53.37
20260930,542727,70700,68.98
20260930,542729,276,97.87
20260930,542730,5074,59.29
20260930,542747,2111,81.47
20260930,542752,9436,56.36
20260930,542758,12487,38.43
20260930,542759,6212,63.85
20260930,542760,62335,72.95
20260930,542770,5474,99.73
20260930,542772,30097,61.51
20260930,542773,112760,91.62
20260930,542774,60662,93.7
20260930,542801,3000,100.0
20260930,542802,50312,76.98
20260930,542803,5342,78.0
20260930,542812,3702,76.02
20260930,542830,66274,52.54
20260930,542850,2000,100.0
20260930,542851,25670,100.0
20260930,542852,5014,96.02
20260930,542857,9536,51.97
20260930,542862,73360,95.45
20260930,542863,92,75.41
20260930,542865,1956,74.97
20260930,542867,10247,81.13
20260930,542904,317086,49.16
20260930,542905,4321,86.26
20260930,542907,1475,72.91
20260930,542909,80,73.39
20260930,542910,4500,100.0
20260930,542918,3374,100.0
20260930,542919,19140,45.72
20260930,542920,7539,53.85
20260930,542921,25690,73.24
20260930,542922,1537,95.23
20260930,542933,10,100.0
20260930,543064,13298,50.42
20260930,543065,2000,100.0
20260930,543066,27158,55.7
20260930,543071,211,80.53
20260930,543079,102,99.03
20260930,543083,1,100.0
20260930,543092,4102,97.3
20260930,543110,1,100.0
20260930,543144,294,100.0
20260930,543150,10397,91.1
20260930,543161,93,98.94
20260930,543165,50,100.0
20260930,543167,1961,100.0
20260930,543171,7477,80.56
20260930,543172,2625,100.0
20260930,543173,22,91.67
20260930,543174,3094,87.28
20260930,543175,2689,100.0
20260930,543176,113,64.57
20260930,543177,45653,78.1
20260930,543181,523,100.0
20260930,543182,25,96.15
20260930,543184,24,88.89
20260930,543186,101,92.66
20260930,543187,1773,44.47
20260930,543193,338,47.41
20260930,543207,77717,70.12
20260930,543208,38166,70.22
20260930,543209,12000,100.0
20260930,543210,1233,100.0
20260930,543211,11792,22.06
20260930,543212,36394,50.07
20260930,543213,3254,68.12
20260930,543214,295,87.8
20260930,543216,4372,87.69
20260930,543217,3150,66.04
20260930,543218,1653,98.39
20260930,543219,3293,66.84
20260930,543220,368173,56.77
20260930,543221,24402,79.75
20260930,543223,13580,82.44
20260930,543224,677,74.64
20260930,543225,50000,100.0
20260930,543226,1859,61.93
20260930,543227,16024,60.45
20260930,543228,6084,58.87
20260930,543229,53,96.36
20260930,543230,3494,50.86
20260930,543231,1765,99.66
20260930,543232,35654,48.31
20260930,543233,2920,74.36
20260930,543234,126,99.21
20260930,543235,74515,46.57
20260930,543236,150,55.35
20260930,543237,33658,51.97
20260930,543238,1059,45.96
20260930,543240,9771,56.55
20260930,543241,3029,37.61
20260930,543242,13543,75.72
20260930,543243,103481,57.29
20260930,543244,4000,100.0
20260930,543245,6374,29.78
20260930,543246,312,71.89
20260930,543248,29349,58.82
20260930,543249,5640,67.86
20260930,543250,7,11.11
20260930,543251,413,94.94
20260930,543252,76,100.0
20260930,543253,19157,42.95
20260930,543254,1713,56.05
20260930,543255,213,77.45
20260930,543256,7780,88.61
20260930,543257,505119,27.53
20260930,543258,816,56.51
20260930,543259,59038,90.4
20260930,543260,1664,56.83
20260930,543261,53268,94.04
20260930,543262,4000,80.0
20260930,543263,117833,46.77
20260930,543264,271,100.0
20260930,543265,59110,29.06
20260930,543266,935,66.79
20260930,543267,620616,56.08
20260930,543268,10478,86.0
20260930,543270,1543,100.0
20260930,543271,15542,47.67
20260930,543272,698432,50.59
20260930,543273,7886,44.11
20260930,543275,1469,55.12
20260930,543276,1268,45.2
20260930,543277,20969,54.76
20260930,543278,152432,50.26
20260930,543279,7901,82.51
20260930,543280,431151,90.66
20260930,543281,24977,89.74
20260930,543283,1637,100.0
20260930,543284,4610,55.49
20260930,543285,1600,100.0
20260930,543287,82441,76.81
20260930,543288,27367,60.35
20260930,543290,74454,75.64
20260930,543291,25455,65.99
20260930,543292,6812,90.33
20260930,543298,7841,69.3
20260930,543299,6322,51.95
20260930,543300,236569,71.43
20260930,543306,186,80.17
20260930,543308,750320,94.15
20260930,543310,16000,100.0
20260930,543311,4973,38.14
20260930,543317,391,56.91
20260930,543318,7470,39.8
20260930,543320,223022,40.07
20260930,543321,2017,53.64
20260930,543322,2962,56.06
20260930,543323,3740,65.75
20260930,543324,831,6.15
20260930,543325,26956,51.79
20260930,543326,48762,60.68
20260930,543327,5388,98.07
20260930,543328,1776,48.31
20260930,543329,1577,56.75
20260930,543330,51305,54.6
20260930,543331,16740,43.74
20260930,543332,1011,63.71
20260930,543333,1444,48.7
20260930,543334,9294,57.17
20260930,543335,11643,38.95
20260930,543336,15246,70.62
20260930,543341,12042,69.69
20260930,543346,15000,83.33
20260930,543347,31,93.94
20260930,543348,574,85.16
20260930,543349,62350,92.07
20260930,543350,4458,55.48
20260930,543351,6000,83.33
20260930,543357,96,98.97
20260930,543358,10430,46.71
20260930,543363,4000,95.24
20260930,543364,8955,35.51
20260930,543365,22816,83.38
20260930,543366,4800,100.0
20260930,543367,14510,51.88
20260930,543373,10084,100.0
20260930,543374,77104,91.66
20260930,543375,2500,100.0
20260930,543376,128,92.75
20260930,543377,40000,100.0
20260930,543378,39000,93.98
20260930,543383,411,99.52
20260930,543384,34444,49.79
20260930,543385,5200000,100.0
20260930,543386,46432,91.18
20260930,543387,1317,56.91
20260930,543388,231,80.21
20260930,543389,86701,75.81
20260930,543390,497674,60.01
20260930,543391,11250,62.5
20260930,543396,44809,39.34
20260930,543397,10479,48.55
20260930,543398,7624,54.42
20260930,543399,2765,53.02
20260930,543400,136000,87.18
20260930,543401,1752,54.36
20260930,543410,5850,50.0
20260930,543411,19887,55.48
20260930,543412,6656,55.08
20260930,543413,35431,41.76
20260930,543414,14924,72.93
20260930,543415,6804,56.08
20260930,543416,1573,69.76
20260930,543417,5251,58.48
20260930,543419,13296,65.34
20260930,543420,16161,81.79
20260930,543425,3156,41.03
20260930,543426,1570,54.18
20260930,543427,2745,88.07
20260930,543428,14938,41.22
20260930,543433,875,65.01
20260930,543434,6556,50.84
20260930,543437,23413,37.07
20260930,543438,3395,99.3
20260930,543440,542,100.0
20260930,543441,19880,61.27
20260930,543442,204,100.0
20260930,543449,8444,62.68
20260930,543450,9822,57.62
20260930,543451,44886,100.0
20260930,543452,57514,45.72
20260930,543453,2250,100.0
20260930,543454,656,80.0
20260930,543458,49595,46.59
20260930,543460,1000,100.0
20260930,543461,5000,100.0
20260930,543462,6025,85.35
20260930,543463,6952,55.42
20260930,543464,17000,89.47
20260930,543465,4044,95.26
20260930,543470,502,76.64
20260930,543471,114619,79.95
20260930,543472,115,99.14
20260930,543473,142854,90.67
20260930,543474,252561,89.8
20260930,543475,800,100.0
20260930,543481,114275,88.54
20260930,543482,8751,65.36
20260930,543489,13630,63.71
20260930,543490,171196,60.31
20260930,543497,16000,71.43
20260930,543498,303586,60.72
20260930,543499,53270,75.76
20260930,543500,32000,100.0
20260930,543501,239,63.4
20260930,543512,2544,99.53
20260930,543513,3111,100.0
20260930,543514,8776,40.47
20260930,543515,13125,83.33
20260930,543516,254800,100.0
20260930,543517,1979,65.38
20260930,543519,9000,100.0
20260930,543520,273000,100.0
20260930,543522,1500,100.0
20260930,543523,6362,64.08
20260930,543524,6275,50.14
20260930,543525,27153,29.57
20260930,543526,381907,76.38
20260930,543527,34897,97.39
20260930,543528,3555,58.2
20260930,543529,120095,54.13
20260930,543530,120008,61.2
20260930,543531,14562,64.29
20260930,543532,556,49.03
20260930,543533,17353,49.85
20260930,543534,7616,49.39
20260930,543535,259,83.82
20260930,543538,4000,100.0
20260930,543539,136,100.0
20260930,543542,18200,71.37
20260930,543543,2600,65.0
20260930,543544,149250,69.1
20260930,543545,33400,100.0
20260930,543546,152000,82.61
20260930,543547,5695,59.92
20260930,543563,2616,74.83
20260930,543568,10300,31.4
20260930,543569,8339,99.75
20260930,543570,6149,82.21
20260930,543571,4408,72.96
20260930,543572,21633,52.12
20260930,543573,131720,52.92
20260930,543574,7548,84.91
20260930,543575,753,62.13
20260930,543576,2399,71.55
20260930,543577,132,100.0
20260930,543578,5550,85.71
20260930,543590,667203,70.91
20260930,543591,6416,81.82
20260930,543592,48273,50.18
20260930,543593,6629,77.79
20260930,543594,51000,65.38
20260930,543596,3840,45.18
20260930,543597,7797,92.03
20260930,543599,2255,63.49
20260930,543600,3695,65.55
20260930,543605,2093,98.96
20260930,543606,20000,68.97
20260930,543607,290,94.77
20260930,543608,112,52.34
20260930,543614,944,88.06
20260930,543615,4000,50.0
20260930,543616,107400,79.56
20260930,543619,4300,76.11
20260930,543620,39394,53.28
20260930,543623,1500,100.0
20260930,543626,252963,42.37
20260930,543627,5026,97.12
20260930,543628,6587,66.23
20260930,543635,88383,44.48
20260930,543636,9519,75.54
20260930,543637,3600,50.0
20260930,543638,13793,85.8
20260930,543643,10268,67.66
20260930,543644,5925,70.56
20260930,543650,14474,50.94
20260930,543652,29583,66.35
20260930,543653,154693,95.43
20260930,543654,15749,50.72
20260930,543657,5640,50.89
20260930,543663,15660,33.21
20260930,543664,25068,42.34
20260930,543665,1775,98.12
20260930,543666,659,72.9
20260930,543667,17834,36.68
20260930,543668,14,100.0
20260930,543669,625,87.17
20260930,543670,42185,80.85
20260930,543671,2279,72.88
20260930,543677,21769,92.65
20260930,543678,23000,95.83
20260930,543686,1734,68.03
20260930,543687,1597,81.23
20260930,543688,234651,70.83
20260930,543689,1505,48.91
20260930,543699,9,100.0
20260930,543709,5000,55.56
20260930,543710,1231,41.64
20260930,543711,9186,63.91
20260930,543712,1056,100.0
20260930,543713,13000,56.52
20260930,543714,12610,40.32
20260930,543720,37795,57.99
20260930,543725,5997,84.2
20260930,543732,2469,59.01
20260930,543737,670,100.0
20260930,543743,15057,93.12
20260930,543745,36000,66.67
20260930,543746,6000,33.33
20260930,543747,19656,55.43
20260930,543748,26873,37.89
20260930,543766,93,100.0
20260930,543767,7329,93.55
20260930,543768,210279,53.91
20260930,543774,357,87.93
20260930,543775,16683,35.44
20260930,543776,7510,48.13
20260930,543781,8718,59.29
20260930,543782,1440,61.54
20260930,543787,495,75.0
20260930,543799,2250,75.0
20260930,543805,8250,78.57
20260930,543806,2600,34.21
20260930,543811,9628,97.68
20260930,543812,6241,55.66
20260930,543813,1,100.0
20260930,543814,4000,100.0
20260930,543819,399,58.25
20260930,543828,36000,81.82
20260930,543829,2272,78.1
20260930,543831,11625,67.39
20260930,543848,24000,85.71
20260930,543853,5725,99.95
20260930,543858,11,100.0
20260930,543860,174,100.0
20260930,543861,3215,86.29
20260930,543874,25000,83.33
20260930,543895,76750,92.19
20260930,543896,4018343,91.56
20260930,543897,2500,100.0
20260930,543898,495,65.82
20260930,543899,4609,90.66
20260930,543900,13140,46.73
20260930,543902,14000,36.84
20260930,543903,171234,84.05
20260930,543904,24807,48.16
20260930,543905,1600,100.0
20260930,543910,202,100.0
20260930,543911,54359,43.96
20260930,543912,1080,89.7
20260930,543913,4021,79.12
20260930,543914,8220,100.0
20260930,543915,5466,68.53
20260930,543916,17200,100.0
20260930,543917,4340,89.78
20260930,543918,14756,56.44
20260930,543919,15704,92.01
20260930,543920,8907,50.81
20260930,543921,1000,100.0
20260930,543922,892,55.96
20260930,543923,7897,63.17
20260930,543924,8000,100.0
20260930,543926,54000,67.16
20260930,543927,1040,96.03
20260930,543928,2000,62.5
20260930,543929,30459,71.28
20260930,543930,7,100.0
20260930,543931,13000,66.33
20260930,543932,10431,53.86
20260930,543933,10542,46.25
20260930,543934,105,100.0
20260930,543936,15119,41.3
20260930,543937,2400,80.0
20260930,543939,5000,71.43
20260930,543940,841814,67.95
20260930,543941,1200,100.0
20260930,543942,92107,61.74
20260930,543943,19000,86.36
20260930,543944,1473,91.72
20260930,543945,25298,39.38
20260930,543946,300003,96.1
20260930,543947,101,66.01
20260930,543948,384,39.83
20260930,543950,15438,37.18
20260930,543952,1479,30.97
20260930,543953,3000,14.81
20260930,543954,12684,92.0
20260930,543955,16497,82.77
20260930,543956,3100,99.87
20260930,543957,23686,77.8
20260930,543958,9283,98.37
20260930,543959,14340,57.61
20260930,543960,3430,62.0
20260930,543962,112,100.0
20260930,543963,15000,62.5
20260930,543965,16394,44.64
20260930,543969,646,82.4
20260930,543970,3000,100.0
20260930,543971,50000,71.84
20260930,543972,33380,49.94
20260930,543973,455,99.34
20260930,543974,21075,44.83
20260930,543975,52,100.0
20260930,543976,3924,64.37
20260930,543977,7444,37.88
20260930,543978,89410,41.78
20260930,543979,32000,100.0
20260930,543980,8925,60.28
20260930,543981,9460,54.25
20260930,543982,18200,95.79
20260930,543983,10731,71.86
20260930,543984,30275,58.37
20260930,543985,36505,60.02
20260930,543986,5893,69.36
20260930,543988,5597,52.72
20260930,543989,30353,80.61
20260930,543990,4710,19.98
20260930,543991,4000,90.91
20260930,543992,47150,70.93
20260930,543993,346,99.71
20260930,543994,90962,56.26
20260930,543995,15045,69.61
20260930,543996,5471,72.37
20260930,543997,42300,42.73
20260930,543998,9426,100.0
20260930,543999,2311,57.34
20260930,544000,6000,100.0
20260930,544001,7875,100.0
20260930,544003,8302,76.64
20260930,544004,1369,61.28
20260930,544006,72005,93.18
20260930,544007,8169,50.1
20260930,544008,696,30.29
20260930,544009,13988,52.6
20260930,544011,2400,66.67
20260930,544012,2654,39.49
20260930,544013,3000,100.0
20260930,544014,16746,36.79
20260930,544015,1500,75.0
20260930,544020,79066,100.0
20260930,544021,17159,40.28
20260930,544022,7009,48.92
20260930,544023,32250,100.0
20260930,544026,272146,55.05
20260930,544027,17390,62.21
20260930,544028,43137,44.95
20260930,544029,21425,50.29
20260930,544030,1601,17.61
20260930,544035,8000,100.0
20260930,544037,8900,58.17
20260930,544042,12936,73.2
20260930,544043,5,100.0
20260930,544044,639,65.14
20260930,544045,1742,61.75
20260930,544046,5472,51.24
20260930,544047,63000,72.41
20260930,544053,543413,49.36
20260930,544054,2998,77.27
20260930,544055,3425,55.91
20260930,544057,1719,60.38
20260930,544058,4922,92.41
20260930,544059,4000,66.67
20260930,544060,51517,100.0
20260930,544061,172235,30.48
20260930,544066,177,73.75
20260930,544067,1815392,98.4
20260930,544073,2000,100.0
20260930,544074,9000,100.0
20260930,544079,1072,98.98
20260930,544081,67643,74.48
20260930,544082,10000,55.56
20260930,544083,2000,100.0
20260930,544088,3780,64.4
20260930,544089,507378,65.73
20260930,544090,60,63.16
20260930,544091,10400,100.0
20260930,544092,53,91.38
20260930,544093,145,71.08
20260930,544095,7856,61.79
20260930,544100,3814,92.15
20260930,544101,2400,100.0
20260930,544102,1,100.0
20260930,544103,1,100.0
20260930,544104,1,33.33
20260930,544105,6000,100.0
20260930,544106,3600,100.0
20260930,544107,8229,74.5
20260930,544108,6000,90.91
20260930,544109,1808,98.42
20260930,544110,914,49.27
20260930,544111,9732,58.12
20260930,544112,197,58.28
20260930,544117,523,55.11
20260930,544118,4875,32.11
20260930,544119,41864,47.74
20260930,544120,6529,67.37
20260930,544121,2000,66.67
20260930,544122,2513,42.06
20260930,544123,363,90.75
20260930,544124,343,96.08
20260930,544129,2631,75.26
20260930,544130,52611,71.05
20260930,544131,5284,81.94
20260930,544132,306871,66.05
20260930,544133,41474,62.65
20260930,544134,357,68.52
20260930,544135,13950,100.0
20260930,544136,1136,98.78
20260930,544137,4632,58.74
20260930,544138,27960,40.92
20260930,544139,2000,100.0
20260930,544140,5902,43.15
20260930,544141,18400,95.83
20260930,544142,3995,65.07
20260930,544143,500,100.0
20260930,544144,408,84.12
20260930,544149,111,76.55
20260930,544150,39500,62.7
20260930,544151,6000,100.0
20260930,544156,3000,100.0
20260930,544157,2000,80.0
20260930,544158,1642,53.77
20260930,544159,48524,91.18
20260930,544160,97600,100.0
20260930,544161,16107,37.99
20260930,544162,85417,98.64
20260930,544163,3000,60.0
20260930,544165,60000,78.43
20260930,544166,15600,100.0
20260930,544167,5115,56.49
20260930,544168,1000,100.0
20260930,544169,8000,44.44
20260930,544170,4000,100.0
20260930,544171,2400,100.0
20260930,544172,18606,53.82
20260930,544173,2000,100.0
20260930,544174,4105,66.89
20260930,544175,1200,100.0
20260930,544176,4448,48.63
20260930,544179,27179,57.66
20260930,544180,5659,63.96
20260930,544181,15382,70.11
20260930,544182,68,100.0
20260930,544184,5999,90.37
20260930,544185,661,72.88
20260930,544186,10825,91.79
20260930,544187,15146,100.0
20260930,544188,32000,72.73
20260930,544189,10000,64.52
20260930,544191,10521,78.97
20260930,544192,58991,67.13
20260930,544193,176513,73.09
20260930,544194,7939,88.83
20260930,544195,4000,100.0
20260930,544196,142,90.45
20260930,544197,1305,100.0
20260930,544198,2842,48.33
20260930,544199,4000,71.43
20260930,544200,16409,95.11
20260930,544201,534000,100.0
20260930,544202,3759,57.92
20260930,544203,23866,48.18
20260930,544204,2739,99.93
20260930,544205,662,100.0
20260930,544206,20626,54.64
20260930,544207,5,83.33
20260930,544209,33595,81.5
20260930,544210,2619,48.89
20260930,544212,34433,84.87
20260930,544213,15600,83.87
20260930,544214,2000,100.0
20260930,544215,2195,93.56
20260930,544216,27939,77.08
20260930,544217,7057,81.45
20260930,544218,3444,92.28
20260930,544219,5400,81.82
20260930,544222,2940,53.65
20260930,544223,5742,52.6
20260930,544224,61320,71.47
20260930,544225,815307,33.4
20260930,544226,73033,37.11
20260930,544227,10462,66.18
20260930,544228,40,100.0
20260930,544229,54551,60.68
20260930,544230,31837,59.75
20260930,544232,1112,58.07
20260930,544233,7026,42.14
20260930,544235,2313,61.35
20260930,544236,2400,100.0
20260930,544237,800,100.0
20260930,544238,294905,85.65
20260930,544239,5931,82.1
20260930,544240,4182,47.68
20260930,544241,19257,49.06
20260930,544243,27107,55.3
20260930,544244,4367,60.64
20260930,544246,17,94.44
20260930,544247,1656,72.95
20260930,544248,12600,80.77
20260930,544249,2623,96.36
20260930,544250,80,45.2
20260930,544252,338476,59.37
20260930,544253,12981,55.25
20260930,544254,2565,92.63
20260930,544256,10297,57.2
20260930,544257,500,100.0
20260930,544258,1594,83.59
20260930,544259,3000,100.0
20260930,544260,32062,54.04
20260930,544261,5968,49.93
20260930,544262,2260,27.67
20260930,544263,5430,50.82
20260930,544264,5439,57.52
20260930,544266,172,63.24
20260930,544267,24800,67.39
20260930,544268,100085,58.08
20260930,544271,7817,55.89
20260930,544272,4800,92.31
20260930,544273,43772,91.08
20260930,544274,10416,44.21
20260930,544275,5803,92.48
20260930,544276,25929,66.34
20260930,544277,37194,46.77
20260930,544278,38286,100.0
20260930,544279,19320,89.11
20260930,544280,15459,57.19
20260930,544281,84232,100.0
20260930,544282,402068,46.53
20260930,544283,120876,78.45
20260930,544284,5150,51.83
20260930,544285,356428,56.16
20260930,544286,18410,51.46
20260930,544288,361820,94.45
20260930,544289,108365,37.37
20260930,544290,24499,68.74
20260930,544291,14700,74.24
20260930,544292,14168,67.75
20260930,544293,5626,81.79
20260930,544294,7674,48.45
20260930,544296,8000,54.05
20260930,544301,1853,87.74
20260930,544302,278,2.5
20260930,544303,2100,87.5
20260930,544305,23336,44.27
20260930,544306,15760,57.03
20260930,544307,391054,67.85
20260930,544308,12346,99.08
20260930,544309,5947,61.43
20260930,544310,29000,60.73
20260930,544311,7218,41.34
20260930,544312,28000,70.0
20260930,544313,8000,100.0
20260930,544314,3159,60.3
20260930,544315,1210,59.43
20260930,544316,19555,56.89
20260930,544317,161580,35.47
20260930,544318,1946,60.95
20260930,544319,8808,63.08
20260930,544320,269155,99.24
20260930,544321,1803,78.05
20260930,544322,8727,42.59
20260930,544323,5593,64.27
20260930,544325,51495,61.39
20260930,544326,22970,99.66
20260930,544328,4663,68.98
20260930,544329,148000,94.87
20260930,544330,14000,100.0
20260930,544331,6000,75.0
20260930,544332,9200,69.7
20260930,544333,17724,34.48
20260930,544334,9750,100.0
20260930,544335,34000,100.0
20260930,544336,19545,44.86
20260930,544337,9000,100.0
20260930,544338,3810,68.87
20260930,544339,4266,72.5
20260930,544340,17600,100.0
20260930,544341,11200,58.33
20260930,544342,77032,100.0
20260930,544343,5200,81.25
20260930,544344,797,52.99
20260930,544345,2947,59.79
20260930,544346,160,100.0
20260930,544347,1800,100.0
20260930,544348,2400,40.0
20260930,544349,14400,100.0
20260930,544350,3703,50.06
20260930,544351,3200,100.0
20260930,544352,60,51.72
20260930,544353,7200,75.0
20260930,544354,12600,82.35
20260930,544355,410,82.83
20260930,544356,1422,54.46
20260930,544361,880,80.59
20260930,544362,4890,47.21
20260930,544363,25,100.0
20260930,544364,258,95.2
20260930,544365,4000,100.0
20260930,544367,14807,48.44
20260930,544368,1200,100.0
20260930,544369,800,100.0
20260930,544370,600,100.0
20260930,544371,7527,100.0
20260930,544372,9000,60.0
20260930,544375,390,40.25
20260930,544376,1386,61.0
20260930,544377,1463,100.0
20260930,544378,4000,80.0
20260930,544379,1731,80.81
20260930,544382,2731,57.85
20260930,544383,19200,100.0
20260930,544384,122308,62.49
20260930,544385,380,45.73
20260930,544386,872,100.0
20260930,544387,10500,80.77
20260930,544389,1365,95.32
20260930,544390,9201,46.55
20260930,544391,3000,100.0
20260930,544392,4000,66.67
20260930,544393,16000,100.0
20260930,544394,7606,94.58
20260930,544395,1696014,58.32
20260930,544396,4285,61.98
20260930,544397,140730,48.37
20260930,544399,38400,76.19
20260930,544400,8000,66.67
20260930,544401,93,100.0
20260930,544402,12064,45.74
20260930,544403,69236,47.67
20260930,544404,3857,92.14
20260930,544405,105522,59.65
20260930,544406,56800,66.36
20260930,544407,46266,59.81
20260930,544408,27601,40.44
20260930,544409,1000,100.0
20260930,544410,9946,65.26
20260930,544411,19136,72.23
20260930,544412,12000,66.67
20260930,544413,9628,64.97
20260930,544414,14057,73.08
20260930,544415,145,100.0
20260930,544416,901,73.55
20260930,544417,4800,66.67
20260930,544418,9313,59.58
20260930,544419,68512,31.22
20260930,544420,17436,51.7
20260930,544421,160081,69.57
20260930,544422,3600,100.0
20260930,544423,3500,64.71
20260930,544424,3054,71.06
20260930,544425,3600,100.0
20260930,544427,1947,99.79
20260930,544428,3600,75.0
20260930,544429,7017,52.08
20260930,544430,211184,50.2
20260930,544432,5523,91.43
20260930,544433,1200,100.0
20260930,544434,57600,100.0
20260930,544435,44000,80.88
20260930,544436,1200,100.0
20260930,544437,1200,100.0
20260930,544438,11483,92.8
20260930,544439,7689,64.79
20260930,544440,31500,100.0
20260930,544441,4800,100.0
20260930,544442,13800,76.67
20260930,544443,781,48.0
20260930,544444,28800,100.0
20260930,544445,5000,100.0
20260930,544446,11128,62.65
20260930,544447,3268,53.08
20260930,544448,65425,39.44
20260930,544449,14704,58.85
20260930,544450,906,100.0
20260930,544451,76800,68.82
20260930,544452,10000,100.0
20260930,544453,21000,81.4
20260930,544454,481,69.51
20260930,544455,27275,60.6
20260930,544456,13830,100.0
20260930,544457,7256,86.56
20260930,544458,101000,59.94
20260930,544459,65039,40.45
20260930,544460,84800,100.0
20260930,544461,51,100.0
20260930,544463,22800,95.0
20260930,544464,58000,100.0
20260930,544465,4178,58.34
20260930,544466,13130,57.69
20260930,544467,270059,57.5
20260930,544468,1200,100.0
20260930,544469,110067,100.0
20260930,544470,1128,60.1
20260930,544471,16000,88.89
20260930,544473,74571,83.63
20260930,544475,28000,51.85
20260930,544476,6810,55.94
20260930,544477,1421,99.86
20260930,544478,808,100.0
20260930,544479,521,57.63
20260930,544480,136943,65.05
20260930,544481,12307,83.24
20260930,544482,3000,100.0
20260930,544483,1200,100.0
20260930,544484,29644,40.53
20260930,544485,6711,59.81
20260930,544486,152604,89.12
20260930,544487,3276,66.4
20260930,544488,43366,60.39
20260930,544490,3069,18.7
20260930,544491,4654,71.27
20260930,544492,2522,74.55
20260930,544493,185,82.22
20260930,544494,4800,60.0
20260930,544495,3600,75.0
20260930,544496,73894,56.39
20260930,544497,2347717,81.76
20260930,544498,17600,100.0
20260930,544499,463,97.06
20260930,544500,20000,90.91
20260930,544501,20000,100.0
20260930,544502,3,100.0
20260930,544503,1000,100.0
20260930,544504,2000,100.0
20260930,544505,6000,75.0
20260930,544506,15000,100.0
20260930,544507,60509,53.78
20260930,544508,1200,100.0
20260930,544509,1600,100.0
20260930,544510,4800,100.0
20260930,544511,7200,81.82
20260930,544512,30230,72.55
20260930,544513,656,98.35
20260930,544515,82238,44.73
20260930,544516,262000,65.5
20260930,544517,994,54.05
20260930,544518,48000,100.0
20260930,544519,15664,58.59
20260930,544520,19200,100.0
20260930,544521,1940,68.67
20260930,544522,97,98.98
20260930,544523,10593,83.01
20260930,544524,26400,73.33
20260930,544525,67712,47.3
20260930,544526,2426,68.32
20260930,544527,1881,50.65
20260930,544528,3142,63.09
20260930,544529,6800,100.0
20260930,544530,15584,68.01
20260930,544531,25800,70.49
20260930,544532,10488,43.58
20260930,544533,2574,77.32
20260930,544534,2382,22.85
20260930,544535,7200,100.0
20260930,544536,39,90.7
20260930,544537,45653,67.56
20260930,544538,110000,100.0
20260930,544539,8000,100.0
20260930,544540,6618,49.74
20260930,544541,111600,71.26
20260930,544542,8000,72.73
20260930,544543,6707,97.08
20260930,544544,25200,100.0
20260930,544545,51006,82.67
20260930,544546,8400,100.0
20260930,544548,8000,20.0
20260930,544550,14067,50.78
20260930,544551,30000,85.71
20260930,544553,40000,94.34
20260930,544554,26000,100.0
20260930,544555,9600,100.0
20260930,544557,9272,51.18
20260930,544558,1733,85.16
20260930,544559,3200,66.67
20260930,544560,2000,100.0
20260930,544562,11221,63.89
20260930,544563,6500,100.0
20260930,544564,1057,100.0
20260930,544565,2000,100.0
20260930,544566,9000,85.71
20260930,544567,800,100.0
20260930,544568,64800,71.05
20260930,544569,208258,53.09
20260930,544570,5376,76.9
20260930,544572,2005,63.65
20260930,544574,54047,53.68
20260930,544575,1000,100.0
20260930,544576,13978,64.76
20260930,544577,17,89.47
20260930,544578,23101,71.03
20260930,544579,4478,76.64
20260930,544580,5869,46.41
20260930,544581,37013,88.26
20260930,544582,7200,100.0
20260930,544583,6444,43.88
20260930,544584,22000,100.0
20260930,544585,6000,100.0
20260930,544586,189666,92.49
20260930,544587,4431,77.68
20260930,544594,1200,100.0
20260930,544595,1124,62.79
20260930,544596,9600,66.67
20260930,544597,3668,50.8
20260930,544598,11056,100.0
20260930,544599,1230,66.41
20260930,544600,1611559,94.58
20260930,544601,500,99.8
20260930,544602,69128,70.08
20260930,544603,444629,49.37
20260930,544604,92605,88.8
20260930,544605,21830,68.63
20260930,544606,455836,39.22
20260930,544607,8400,100.0
20260930,544608,27412,54.28
20260930,544609,153031,54.41
20260930,544610,14400,66.67
20260930,544611,6000,62.5
20260930,544612,38304,74.53
20260930,544613,6276,52.97
20260930,544614,3156,61.17
20260930,544615,2398,100.0
20260930,544616,12000,63.16
20260930,544617,36396,70.79
20260930,544618,1,100.0
20260930,544619,4142,42.46
20260930,544621,7000,87.5
20260930,544622,545251,59.51
20260930,544625,4200,100.0
20260930,544626,9000,100.0
20260930,544627,8000,100.0
20260930,544628,6000,100.0
20260930,544629,1000,100.0
20260930,544631,1591,72.98
20260930,544632,6609114,89.17
20260930,544633,94006,58.17
20260930,544634,259533,37.21
20260930,544635,8000,62.5
20260930,544636,4000,100.0
20260930,544637,16800,33.73
20260930,544638,281,64.16
20260930,544639,492,69.79
20260930,544640,1200,100.0
20260930,544641,1200,66.67
20260930,544642,19346,73.54
20260930,544644,414,55.35
20260930,544645,51394,59.29
20260930,544646,20000,66.67
20260930,544647,6198,62.95
20260930,544654,854,100.0
20260930,544655,329,100.0
20260930,544656,311600,47.1
20260930,544657,22800,86.36
20260930,544658,17664,71.18
20260930,544659,0,0.0
20260930,544660,12022,99.99
20260930,544661,799,87.8
20260930,544662,26,89.66
20260930,544663,4000,80.0
20260930,544664,12988,61.37
20260930,544665,80000,86.21
20260930,544666,94211,81.26
20260930,544667,43200,100.0
20260930,544668,31800,85.48
20260930,544669,16200,100.0
20260930,544670,14400,100.0
20260930,544671,4000,80.0
20260930,544673,8000,83.33
20260930,544674,962,100.0
20260930,544675,28800,100.0
20260930,544676,8000,100.0
20260930,544677,6400,100.0
20260930,544678,410491,68.13
20260930,544679,4399,42.76
20260930,544681,24000,55.81
20260930,544682,75600,96.92
20260930,544683,12000,80.0
20260930,544684,32400,100.0
20260930,544685,4493975,78.45
20260930,544686,6000,100.0
20260930,544687,22000,78.57
20260930,544688,10000,71.43
20260930,544694,139000,100.0
20260930,544695,37000,100.0
20260930,544699,30898,61.29
20260930,544700,4824,51.43
20260930,544701,5950,100.0
20260930,544702,5613,71.69
20260930,544703,5461,80.39
20260930,544704,1035,50.86
20260930,544705,1684,74.28
20260930,544707,0,0.0
20260930,544708,6000,83.33
20260930,544709,21181,60.01
20260930,544710,78000,76.47
20260930,544711,5000,50.0
20260930,544716,3461,86.03
20260930,544717,19342,45.94
20260930,544718,5613,57.43
20260930,544720,28674,35.49
20260930,544721,48886,75.48
20260930,544722,3694,88.46
20260930,544723,40598,84.33
20260930,544724,9000,100.0
20260930,544725,1718,94.6
20260930,544726,18435,56.81
20260930,544731,38678,69.9
20260930,544732,667,82.14
20260930,544733,3409,42.15
20260930,544734,1028,95.81
20260930,544735,151000,66.52
20260930,544736,194,65.32
20260930,544737,1045,99.9
20260930,544738,2000,66.67
20260930,544739,25255,34.07
20260930,544740,331200,100.0
20260930,544742,14263,67.21
20260930,544743,21096,53.57
20260930,544744,14305,68.84
20260930,544745,194,94.63
20260930,544746,65600,68.33
20260930,544747,2400,66.67
20260930,544748,102067,54.54
20260930,544750,9153,41.79
20260930,544751,128400,72.79
20260930,544753,256,87.97
20260930,544754,903834,93.12
20260930,544755,8800,100.0
20260930,544756,7966,76.46
20260930,544757,57,96.61
20260930,544758,13293,83.19
20260930,544759,51000,51.52
20260930,544760,995,99.9
20260930,544761,1480,97.3
20260930,544762,417,99.76
20260930,544763,2116,99.11
20260930,544764,26076,90.18
20260930,544765,40000,100.0
20260930,544766,2683,100.0
20260930,544767,3000,100.0
20260930,544768,8000,66.67
20260930,544769,7200,85.71
20260930,544770,9600,60.0
20260930,544771,8000,80.0
20260930,544772,16000,100.0
20260930,544773,206000,54.35
20260930,544774,21000,100.0
20260930,544777,16659,56.54
20260930,544778,12000,100.0
20260930,544779,6400,80.0
20260930,544780,360580,49.81
20260930,544781,879551,54.88
20260930,544782,1444222,57.77
20260930,544783,55400,100.0
20260930,544784,6035731,55.77
20260930,544785,52337,100.0
20260930,544786,7468,81.98
20260930,544793,205000,100.0
20260930,544794,142800,83.22
20260930,544795,2827,75.31
20260930,544796,2000,100.0
20260930,544797,54000,75.0
20260930,544799,95351,41.07
20260930,544800,1600,100.0
20260930,544801,16404,100.0
20260930,544802,77994,68.3
20260930,544803,36148,56.33
20260930,544804,27600,82.14
20260930,544805,4200,100.0
20260930,544806,3426,56.03
20260930,544808,124093,54.89
20260930,544809,50000,69.44
20260930,544810,17600,52.38
20260930,544811,39000,95.12
20260930,544812,40000,100.0
20260930,544814,6805,46.1
20260930,544821,5357,54.38
20260930,544822,18459,59.55
20260930,544823,31200,100.0
20260930,544825,18258,58.85
20260930,544826,34800,63.04
20260930,544827,77,7.65
20260930,544829,67453,60.4
20260930,544830,304989,92.08
20260930,544831,5291,58.83
20260930,544832,21600,54.55
20260930,544833,7578,48.24
20260930,544834,13200,84.62
20260930,544835,10000,100.0
20260930,544837,37355,56.27
20260930,544838,107319,62.46
20260930,544839,17542,65.91
20260930,544840,191000,94.55
20260930,544841,40,51.28
20260930,544842,159,61.87
20260930,544843,33600,87.5
20260930,544844,42000,60.69
20260930,544845,2274,80.1
20260930,544846,53,100.0
20260930,544847,163589,66.98
20260930,544849,135,99.26
20260930,544850,128,63.05
20260930,544851,8343,41.29
20260930,544852,51600,95.56
20260930,544853,24126,53.64
20260930,544854,22800,61.29
20260930,544855,8290,78.22
20260930,544856,4800,75.0
20260930,544858,31200,65.0
20260930,544859,30000,81.08
20260930,544860,197589,53.3
20260930,544861,77004,100.0
20260930,544862,900,59.8
20260930,544863,16800,70.0
20260930,544864,44604,58.82
20260930,544865,57032,49.76
20260930,544866,2456536,90.26
20260930,544867,22071,44.58
20260930,544868,190528,100.0
20260930,544869,21000,70.0
20260930,544870,379258,35.97
20260930,544871,127133,62.44
20260930,544872,16800,77.78
20260930,544873,39789,93.15
20260930,544874,1351,68.47
20260930,544876,38400,88.89
20260930,544877,49000,100.0
20260930,544878,2001,75.68
20260930,544879,209122,55.27
20260930,544880,57790,45.17
20260930,544881,21732,69.75
20260930,544882,185947,53.09
20260930,544883,37000,86.05
20260930,544884,30000,73.53
20260930,544885,38756,66.06
20260930,544886,43720,56.8
20260930,544887,148,71.15
20260930,544888,71774,42.95
20260930,544889,85551,53.25
20260930,544890,62792,47.96
20260930,544891,436619,58.33
20260930,544892,799,69.48
20260930,544893,29072,38.1
20260930,544894,260728,66.57
20260930,544895,363200,57.76
20260930,544897,30000,76.92
20260930,544898,15601,100.0
20260930,544899,14831,42.48
20260930,544900,27000,65.85
20260930,544901,4454,56.12
20260930,544902,6000,60.0
20260930,544903,119915,40.23
20260930,544904,39600,56.9
20260930,544905,194000,75.19
20260930,544906,17867,62.44
20260930,544907,5,100.0
20260930,544908,7597,94.81
20260930,544909,95689,50.56
20260930,544910,26000,100.0
20260930,544911,61882,33.51
20260930,544912,69329,44.98
20260930,544913,282738,43.13
20260930,544914,180019,50.34
20260930,544915,53187,37.94
20260930,544916,127655,34.29
20260930,544917,524547,71.17
20260930,544918,131555,66.63
20260930,544919,92400,100.0
20260930,544920,134400,100.0
20260930,544921,111711,55.78
20260930,544922,124800,100.0
20260930,544923,36070,100.0
20260930,544924,154800,100.0
20260930,544925,287400,100.0
20260930,544926,4000,100.0
20260930,544927,2699,99.93
20260930,544928,32000,100.0
20260930,544929,109218,100.0
20260930,544930,57600,100.0
20260930,544931,800,100.0
20260930,544932,86000,100.0
20260930,544933,80000,100.0
20260930,544934,605572,39.8
20260930,544935,818239,100.0
20260930,544936,6773268,50.05
20260930,544937,1532213,64.59
20260930,544938,29369,100.0
20260930,544939,723000,100.0
20260930,544940,764400,100.0
20260930,544941,290400,100.0
20260930,544942,381240,38.98
20260930,544943,134400,100.0
20260930,544944,97600,100.0
20260930,544945,684579,31.28
20260930,544946,1192000,100.0
20260930,544947,1020000,100.0
20260930,544948,1460800,100.0
20260930,544949,159733,100.0
20260930,544950,643948,100.0
20260930,544951,517271,37.66
20260930,555555,1347,93.54
20260930,570004,3206,99.57
20260930,570005,18509,100.0
20260930,590003,970848,93.38
20260930,590005,173,67.58
20260930,590006,1753,81.69
20260930,590013,809,60.15
20260930,590021,2168,59.64
20260930,590022,151,100.0
20260930,590024,2015,43.59
20260930,590025,2338,100.0
20260930,590030,13930,59.2
20260930,590031,767,89.5
20260930,590041,28384,100.0
20260930,590051,7968,61.88
20260930,590056,116,42.8
20260930,590057,1690,100.0
20260930,590062,3212,46.04
20260930,590065,396,89.19
20260930,590066,2625,78.22
20260930,590068,90,100.0
20260930,590070,9045,95.68
20260930,590071,1299,61.04
20260930,590073,3222,49.98
20260930,590075,833,83.3
20260930,590078,2084,61.42
20260930,590086,327,80.94
20260930,590095,597967,75.45
20260930,590096,118568,61.47
20260930,590097,14216,61.91
20260930,590098,124312,61.57
20260930,590099,10187,60.79
20260930,590101,8368,50.97
20260930,590103,437489,77.94
20260930,590104,17862,74.82
20260930,590106,18307,57.0
20260930,590107,5819,77.79
20260930,590108,19904,39.79
20260930,590109,626,84.59
20260930,590110,127,43.49
20260930,590113,6975,70.86
20260930,590115,227,100.0
20260930,590134,2025,80.26
20260930,590136,4834,59.53
20260930,590137,509,68.41
20260930,590138,20555,63.39
20260930,590139,2716,51.29
20260930,590140,819221,33.43
20260930,590141,361755,74.62
20260930,590142,146672,64.74
20260930,590143,194985,91.78
20260930,590144,24535,73.51
20260930,590145,305800,59.59
20260930,590146,1159,95.0
20260930,590147,468040,99.94
20260930,590148,78350,99.18
20260930,590149,48630,82.89
20260930,590150,30656,95.03
20260930,590151,39295,74.94
20260930,590152,14481,74.3
20260930,590153,66197,96.15
20260930,590154,62536,74.98
20260930,590155,17182,71.65
20260930,590156,36039,81.03
20260930,590157,7010,90.0
20260930,590158,17283,57.73
20260930,590159,369,99.73
20260930,590160,157,83.96
20260930,590161,621127,59.09
20260930,710058,505,100.0
20260930,751142,101788,100.0
20260930,751143,33728,100.0
20260930,751144,1284345,100.0
20260930,800177,4990,100.0
20260930,800292,1,100.0
20260930,800295,2,100.0
20260930,800297,21,51.22
20260930,800300,4,100.0
20260930,800314,1,100.0
20260930,800318,25,83.33
20260930,800320,2,100.0
20260930,800322,42,100.0
20260930,800324,180,55.38
20260930,800325,7,87.5
20260930,800330,100,100.0
20260930,800331,2,100.0
20260930,800333,16,100.0
20260930,800339,9,100.0
20260930,800340,74,93.67
20260930,800341,44,74.58
20260930,800342,1,100.0
20260930,800367,23,85.19
20260930,800385,31,86.11
20260930,800386,31,68.89
20260930,800434,5,100.0
20260930,800437,38,86.36
20260930,800439,9,75.0
20260930,800440,15000,100.0
20260930,800441,5095,53.32
20260930,800488,147,93.63
20260930,800517,1003,100.0
20260930,800573,10,100.0
20260930,800575,61,100.0
20260930,800580,19,82.61
20260930,800588,23176,96.19
20260930,800596,150,87.21
20260930,800598,5800,99.47
20260930,800599,14447,100.0
20260930,800603,38,100.0
20260930,800605,327,84.06
20260930,800607,43455,99.77
20260930,800618,1,100.0
20260930,800758,99,100.0
20260930,800807,2321,79.4
20260930,800808,5003,99.98
20260930,800809,3972,85.0
20260930,805247,500,50.0
20260930,805252,8600,100.0
20260930,805253,100,51.28
20260930,810876,71,100.0
20260930,810978,200,100.0
20260930,811131,100,50.0
20260930,890217,2979,90.82
20260930,890226,12365,99.98
20260930,890228,10,100.0
20260930,890234,620892,100.0
20260930,890238,264,100.0
20260930,890239,186,100.0
20260930,890240,2831,92.06
20260930,935568,300,100.0
20260930,935574,41,97.62
20260930,935584,1,100.0
20260930,935642,167,100.0
20260930,935666,36,100.0
20260930,936132,41,100.0
20260930,936224,180,100.0
20260930,936226,51,100.0
20260930,936230,2,100.0
20260930,936254,754,100.0
20260930,936398,21,100.0
20260930,936400,20,100.0
20260930,936412,621,100.0
20260930,936416,5,100.0
20260930,936476,10,100.0
20260930,936578,10,50.0
20260930,936656,216,100.0
20260930,936722,50,100.0
20260930,936724,10,100.0
20260930,936975,100,100.0
20260930,937017,38,100.0
20260930,937037,1800,100.0
20260930,937065,20,100.0
20260930,937093,204,100.0
20260930,937345,100,52.91
20260930,937369,5,100.0
20260930,937381,17,100.0
20260930,937399,130,100.0
20260930,937443,52,100.0
20260930,937451,55,100.0
20260930,937453,15,100.0
20260930,937469,500,100.0
20260930,937487,360,100.0
20260930,937501,6,100.0
20260930,937619,575,100.0
20260930,937621,70,100.0
20260930,937637,3,100.0
20260930,937711,6,100.0
20260930,937743,84,100.0
20260930,937777,206,100.0
20260930,937807,5,100.0
20260930,937825,150,100.0
20260930,938001,1697,100.0
20260930,938113,5,50.0
20260930,938143,1,100.0
20260930,938212,250,100.0
20260930,938222,100,100.0
20260930,938330,133,100.0
20260930,938348,210,100.0
20260930,938370,84,100.0
20260930,938424,272,100.0
20260930,938446,365,100.0
20260930,938490,549,90.0
20260930,938526,1,50.0
20260930,938530,78,100.0
20260930,938558,25,100.0
20260930,938658,470,100.0
20260930,938664,528,100.0
20260930,938706,1000,83.33
20260930,938804,100,50.0
20260930,938850,65,94.2
20260930,938900,48,100.0
20260930,938902,50,100.0
20260930,938904,2,100.0
20260930,938924,510,50.5
20260930,938942,10,100.0
20260930,938956,250,61.73
20260930,938994,45,100.0
20260930,938998,47,100.0
20260930,939002,6,100.0
20260930,939018,20,100.0
20260930,939140,3,100.0
20260930,939166,349,100.0
20260930,939208,6,100.0
20260930,939212,25,100.0
20260930,939264,50,100.0
20260930,939299,729,100.0
20260930,939305,99,100.0
20260930,939335,9,100.0
20260930,939357,5,100.0
20260930,939389,200,100.0
20260930,939477,100,100.0
20260930,939575,100,100.0
20260930,939617,2,100.0
20260930,939619,10,100.0
20260930,939623,27,100.0
20260930,939627,67,100.0
20260930,939631,7,100.0
20260930,939711,68,77.27
20260930,939715,10,100.0
20260930,939725,50,100.0
20260930,939727,169,100.0
20260930,939739,5,100.0
20260930,939743,37,100.0
