DATE,SYMBOL,DELIV_QTY,DELIV_PER
20260915,544285,227873,36.74
20260915,544286,51411,40.32
20260915,544288,56359,41.88
20260915,544289,89741,68.63
20260915,544290,57916,61.05
20260915,544291,32300,80.55
20260915,544292,15457,54.29
20260915,544293,2314,69.36
20260915,544294,26985,50.27
20260915,544296,15200,64.41
20260915,544301,4484,43.13
20260915,544302,1985,15.63
20260915,544303,300,100.0
20260915,544304,6400,66.67
20260915,544305,100681,55.34
20260915,544306,32426,68.26
20260915,544307,247395,63.59
20260915,544308,57345,98.73
20260915,544309,3059,48.58
20260915,544310,64750,59.4
20260915,544311,28287,50.03
20260915,544314,24933,96.76
20260915,544315,21005,70.25
20260915,544316,10987,61.82
20260915,544317,27430,63.32
20260915,544318,2765,77.36
20260915,544319,5255,57.01
20260915,544320,4461,66.86
20260915,544321,531,92.99
20260915,544322,8035,47.57
20260915,544323,19642,70.79
20260915,544324,2000,100.0
20260915,544325,104906,61.92
20260915,544326,3360,94.57
20260915,544327,106000,89.83
20260915,544328,11839,60.78
20260915,544329,42000,95.45
20260915,544330,29000,70.73
20260915,544331,14000,100.0
20260915,544332,10800,79.41
20260915,544333,18581,100.0
20260915,544334,6750,100.0
20260915,544335,5000,100.0
20260915,544336,106643,47.14
20260915,544338,25685,89.57
20260915,544339,3739,70.56
20260915,544340,4800,100.0
20260915,544341,1600,100.0
20260915,544342,26631,100.0
20260915,544343,35600,96.74
20260915,544344,1023,54.24
20260915,544345,11844,82.98
20260915,544346,51,67.11
20260915,544347,5400,100.0
20260915,544348,4800,66.67
20260915,544349,1600,100.0
20260915,544350,2644,34.54
20260915,544351,4800,100.0
20260915,544352,135,87.1
20260915,544353,1200,100.0
20260915,544354,7800,74.29
20260915,544355,337,93.87
20260915,544356,2257,71.06
20260915,544361,1612,68.48
20260915,544362,23868,59.55
20260915,544363,3,75.0
20260915,544364,1522,87.47
20260915,544365,58000,69.05
20260915,544367,15838,59.39
20260915,544368,1200,100.0
20260915,544369,12000,100.0
20260915,544370,600,50.0
20260915,544371,756,62.22
20260915,544372,6000,100.0
20260915,544373,1600,100.0
20260915,544375,159,67.66
20260915,544376,11430,85.52
20260915,544377,2522,100.0
20260915,544379,9095,70.48
20260915,544380,714,54.38
20260915,544381,2400,100.0
20260915,544382,3842,99.95
20260915,544383,12000,100.0
20260915,544384,299360,38.16
20260915,544385,4036,82.81
20260915,544386,936,100.0
20260915,544387,36500,53.68
20260915,544388,2000,100.0
20260915,544389,558,78.92
20260915,544390,8076,59.24
20260915,544393,1600,100.0
20260915,544394,5164,91.89
20260915,544395,848971,55.23
20260915,544396,1066,65.16
20260915,544397,109956,41.92
20260915,544398,96000,72.73
20260915,544399,3600,100.0
20260915,544400,20000,83.33
20260915,544401,100,100.0
20260915,544402,2722,74.62
20260915,544403,9197,46.61
20260915,544404,2203,74.88
20260915,544405,58265,43.31
20260915,544406,27200,91.89
20260915,544407,73763,37.73
20260915,544408,4674,47.36
20260915,544409,3000,75.0
20260915,544410,13100,49.62
20260915,544411,9272,75.24
20260915,544412,9000,100.0
20260915,544413,14578,78.03
20260915,544414,24144,71.33
20260915,544415,450,95.74
20260915,544416,280,80.46
20260915,544417,4800,100.0
20260915,544418,28064,72.64
20260915,544419,27224,49.31
20260915,544420,58435,39.21
20260915,544421,55176,62.6
20260915,544423,4339,90.83
20260915,544424,6367,92.46
20260915,544425,7200,100.0
20260915,544427,385,99.74
20260915,544428,1200,100.0
20260915,544429,10980,66.98
20260915,544430,62424,74.98
20260915,544432,17578,83.59
20260915,544433,10800,56.25
20260915,544434,148800,100.0
20260915,544435,21600,96.43
20260915,544437,8400,87.5
20260915,544438,37990,99.2
20260915,544439,31421,79.07
20260915,544440,30750,100.0
20260915,544441,9600,80.0
20260915,544442,16800,100.0
20260915,544443,3343,69.81
20260915,544444,31200,100.0
20260915,544445,8000,100.0
20260915,544446,11302,69.26
20260915,544447,248,54.99
20260915,544448,2949,49.4
20260915,544449,37330,55.67
20260915,544450,2312,100.0
20260915,544451,1200,100.0
20260915,544452,8000,100.0
20260915,544453,21000,94.59
20260915,544454,738,78.85
20260915,544455,45463,55.81
20260915,544456,22116,100.0
20260915,544457,7668,87.58
20260915,544458,272500,63.3
20260915,544459,30856,47.53
20260915,544460,35200,100.0
20260915,544461,25,92.59
20260915,544462,1,100.0
20260915,544463,13200,100.0
20260915,544464,8000,100.0
20260915,544465,13314,56.22
20260915,544466,14788,59.2
20260915,544467,294765,71.88
20260915,544469,82985,100.0
20260915,544470,41355,86.12
20260915,544471,4000,100.0
20260915,544472,3200,100.0
20260915,544473,183975,93.89
20260915,544474,9600,100.0
20260915,544475,26000,65.0
20260915,544476,9918,78.35
20260915,544477,7361,59.81
20260915,544478,3251,100.0
20260915,544479,2969,55.87
20260915,544480,33844,66.56
20260915,544481,39800,94.08
20260915,544482,10000,83.33
20260915,544483,2400,100.0
20260915,544484,25960,40.18
20260915,544485,34348,84.17
20260915,544486,69077,99.95
20260915,544487,3298,68.22
20260915,544488,106955,51.92
20260915,544489,2400,100.0
20260915,544490,26674,37.98
20260915,544491,3059,60.85
20260915,544492,2734,69.46
20260915,544493,3103,91.45
20260915,544494,6400,100.0
20260915,544495,1200,100.0
20260915,544496,100852,65.08
20260915,544497,1942585,41.5
20260915,544498,20800,100.0
20260915,544499,608,98.54
20260915,544500,12000,85.71
20260915,544501,74000,60.66
20260915,544502,831,100.0
20260915,544503,20000,76.92
20260915,544504,24800,83.78
20260915,544505,44000,84.62
20260915,544506,600,100.0
20260915,544507,94982,53.94
20260915,544508,19200,100.0
20260915,544510,1600,100.0
20260915,544511,8800,73.33
20260915,544512,2648,85.28
20260915,544513,3065,95.48
20260915,544514,5600,100.0
20260915,544515,261723,51.27
20260915,544516,54500,63.74
20260915,544517,4250,72.45
20260915,544518,43200,100.0
20260915,544519,2149,54.77
20260915,544520,24000,100.0
20260915,544521,7426,74.57
20260915,544522,89,86.41
20260915,544523,2684,56.7
20260915,544524,44000,72.37
20260915,544525,18881,72.62
20260915,544526,2790,59.55
20260915,544527,5816,54.56
20260915,544528,3556,71.94
20260915,544529,9600,100.0
20260915,544530,5922,75.48
20260915,544531,19800,73.33
20260915,544532,15611,51.66
20260915,544533,3911,62.37
20260915,544534,21325,58.05
20260915,544535,14400,64.29
20260915,544536,18,100.0
20260915,544537,28525,56.5
20260915,544538,44000,100.0
20260915,544539,3200,100.0
20260915,544540,27071,59.2
20260915,544541,59400,82.5
20260915,544542,3000,100.0
20260915,544543,4485,84.72
20260915,544544,9600,100.0
20260915,544545,5232,57.88
20260915,544546,6000,83.33
20260915,544547,456,98.06
20260915,544548,6400,80.0
20260915,544549,2000,40.0
20260915,544550,19058,53.32
20260915,544551,1000,100.0
20260915,544552,2400,100.0
20260915,544554,50000,100.0
20260915,544555,22800,100.0
20260915,544556,1600,50.0
20260915,544557,1852,95.12
20260915,544558,8158,91.01
20260915,544559,9600,100.0
20260915,544560,2000,100.0
20260915,544561,18000,75.0
20260915,544562,7870,67.69
20260915,544563,20000,100.0
20260915,544564,34,100.0
20260915,544565,2000,100.0
20260915,544567,2400,100.0
20260915,544568,48000,86.96
20260915,544569,179616,43.67
20260915,544570,4410,71.94
20260915,544572,902,28.15
20260915,544574,70396,71.83
20260915,544576,33197,70.65
20260915,544577,377,78.87
20260915,544578,29425,64.35
20260915,544579,2173,100.0
20260915,544580,7114,71.03
20260915,544581,19119,85.97
20260915,544582,7200,66.67
20260915,544583,56923,76.51
20260915,544584,4000,100.0
20260915,544586,179398,82.78
20260915,544587,1121,62.21
20260915,544594,8400,58.33
20260915,544595,1432,70.58
20260915,544597,151927,93.58
20260915,544598,60238,100.0
20260915,544599,1862,63.85
20260915,544600,95059,49.18
20260915,544601,120,84.51
20260915,544602,182770,62.92
20260915,544603,772755,48.83
20260915,544604,8397,46.12
20260915,544605,44962,52.68
20260915,544606,2418857,47.52
20260915,544607,22800,90.48
20260915,544608,289526,65.46
20260915,544609,227562,41.23
20260915,544610,35400,81.94
20260915,544611,7200,85.71
20260915,544612,34020,49.23
20260915,544613,9091,44.73
20260915,544614,12561,55.02
20260915,544615,4192,78.31
20260915,544616,8000,72.73
20260915,544617,82183,54.64
20260915,544618,40,90.91
20260915,544619,9466,72.18
20260915,544622,585734,60.75
20260915,544623,4800,100.0
20260915,544624,21000,100.0
20260915,544625,2400,80.0
20260915,544626,12500,100.0
20260915,544627,2000,100.0
20260915,544628,20000,55.56
20260915,544629,2000,100.0
20260915,544631,874,55.99
20260915,544632,509185,47.21
20260915,544633,36202,70.22
20260915,544634,152126,42.98
20260915,544635,6400,66.67
20260915,544637,23400,37.86
20260915,544638,1197,65.95
20260915,544639,27,12.0
20260915,544640,1200,33.33
20260915,544641,11400,67.86
20260915,544642,16168,49.95
20260915,544643,1000,100.0
20260915,544644,5771,56.48
20260915,544645,8985,53.38
20260915,544646,90000,56.25
20260915,544647,15114,63.77
20260915,544654,13371,93.95
20260915,544655,3950,100.0
20260915,544656,12000,100.0
20260915,544657,11400,95.0
20260915,544658,98770,84.99
20260915,544660,20730,96.63
20260915,544661,688,72.73
20260915,544662,11,100.0
20260915,544664,44808,61.99
20260915,544665,1600,100.0
20260915,544666,41613,63.22
20260915,544667,1200,100.0
20260915,544668,97800,80.3
20260915,544669,9000,100.0
20260915,544670,103200,100.0
20260915,544671,5000,62.5
20260915,544672,717,61.7
20260915,544673,57600,80.0
20260915,544674,946,97.13
20260915,544675,83200,100.0
20260915,544676,1600,100.0
20260915,544677,1600,100.0
20260915,544678,148487,65.15
20260915,544679,9492,40.98
20260915,544681,49000,67.12
20260915,544682,38400,78.05
20260915,544683,18000,100.0
20260915,544684,49200,100.0
20260915,544685,72683,38.64
20260915,544686,1000,100.0
20260915,544687,8000,100.0
20260915,544688,2000,100.0
20260915,544693,9600,100.0
20260915,544694,1000,50.0
20260915,544695,101000,100.0
20260915,544698,6400,80.0
20260915,544699,144527,79.09
20260915,544700,5898,42.59
20260915,544701,2014,61.09
20260915,544702,6064,96.96
20260915,544703,24476,100.0
20260915,544704,19879,63.7
20260915,544705,87113,56.48
20260915,544706,100,100.0
20260915,544708,3600,100.0
20260915,544709,35866,73.57
20260915,544710,36000,75.0
20260915,544711,6000,100.0
20260915,544716,2021,97.96
20260915,544717,12998,47.9
20260915,544718,6003,54.31
20260915,544719,41,100.0
20260915,544720,34053,55.99
20260915,544721,13103,75.91
20260915,544722,3459,98.83
20260915,544723,39505,91.81
20260915,544725,6449,98.9
20260915,544726,56241,100.0
20260915,544731,23672,52.7
20260915,544732,3966,85.36
20260915,544733,3201,45.53
20260915,544734,4166,87.71
20260915,544735,156000,52.17
20260915,544736,1604,25.44
20260915,544737,1295,66.11
20260915,544738,8000,66.67
20260915,544739,38353,37.61
20260915,544740,60800,100.0
20260915,544741,16800,100.0
20260915,544742,1969,74.58
20260915,544743,344629,89.61
20260915,544744,5731,65.17
20260915,544745,2518,70.32
20260915,544746,14400,90.0
20260915,544747,2400,50.0
20260915,544748,168483,58.73
20260915,544750,11718,78.05
20260915,544751,14400,100.0
20260915,544753,1036,88.17
20260915,544754,182168,44.3
20260915,544755,10400,100.0
20260915,544756,24964,83.04
20260915,544757,1250,91.98
20260915,544758,151500,91.45
20260915,544759,3000,100.0
20260915,544760,599,87.19
20260915,544761,72,96.0
20260915,544762,1451,94.9
20260915,544763,8382,63.24
20260915,544764,162728,53.43
20260915,544765,54400,100.0
20260915,544766,3160,100.0
20260915,544767,39000,86.67
20260915,544769,2400,66.67
20260915,544770,64000,41.67
20260915,544771,10000,83.33
20260915,544772,6000,100.0
20260915,544773,112000,55.17
20260915,544774,17000,68.0
20260915,544777,18789,68.93
20260915,544778,4000,50.0
20260915,544779,9600,60.0
20260915,544780,164347,48.82
20260915,544781,1031601,61.42
20260915,544782,2064406,62.62
20260915,544783,156233,100.0
20260915,544784,2484628,76.7
20260915,544785,23967,100.0
20260915,544786,2784,72.9
20260915,544793,75000,100.0
20260915,544794,18000,78.95
20260915,544795,5103,81.95
20260915,544796,4800,100.0
20260915,544797,18000,100.0
20260915,544799,23601,59.21
20260915,544802,77498,41.95
20260915,544803,25373,63.93
20260915,544806,58305,41.01
20260915,544807,33000,100.0
20260915,544808,17980,64.42
20260915,544809,176000,61.54
20260915,544810,11200,100.0
20260915,544811,17000,68.0
20260915,544812,34000,68.0
20260915,544813,2000,100.0
20260915,544814,97976,74.57
20260915,544821,3536,62.56
20260915,544822,50388,56.2
20260915,544823,61200,100.0
20260915,544825,14257,74.56
20260915,544826,50000,66.14
20260915,544827,2465,95.54
20260915,544829,152606,73.77
20260915,544830,286645,83.28
20260915,544831,4995,67.58
20260915,544832,18600,79.49
20260915,544833,24650,55.91
20260915,544834,12000,71.43
20260915,544835,12000,66.67
20260915,544837,111042,51.89
20260915,544838,116977,41.46
20260915,544839,20145,63.62
20260915,544840,267000,65.28
20260915,544841,17038,94.47
20260915,544842,618,99.2
20260915,544843,25200,84.0
20260915,544844,59600,60.32
20260915,544845,20740,75.4
20260915,544846,250,99.6
20260915,544847,11005,57.3
20260915,544848,1600,100.0
20260915,544849,167,100.0
20260915,544850,1929,94.14
20260915,544851,92868,34.36
20260915,544852,7200,100.0
20260915,544853,741621,95.16
20260915,544854,97200,93.1
20260915,544855,22278,52.59
20260915,544856,7200,60.0
20260915,544857,1000,100.0
20260915,544858,30000,73.53
20260915,544859,43000,93.48
20260915,544860,226505,53.59
20260915,544861,826,100.0
20260915,544862,4150,74.4
20260915,544863,153600,66.32
20260915,544864,111907,63.34
20260915,544865,193152,57.88
20260915,544866,163180,40.27
20260915,544867,186711,63.47
20260915,544868,376363,43.98
20260915,544869,7000,100.0
20260915,544870,62229,71.53
20260915,544871,237810,60.62
20260915,544872,6000,100.0
20260915,544873,13519,88.49
20260915,544874,473,70.28
20260915,544875,105,86.78
20260915,544876,33600,93.33
20260915,544877,55000,100.0
20260915,544878,12,100.0
20260915,544879,140523,94.93
20260915,544880,102782,53.47
20260915,544881,115506,37.48
20260915,544882,325369,46.39
20260915,544883,5000,100.0
20260915,544884,217200,52.46
20260915,544885,83534,58.34
20260915,544886,77123,35.1
20260915,544887,52,98.11
20260915,544888,69961,57.47
20260915,544889,61640,46.31
20260915,544890,61058,40.68
20260915,544891,232401,100.0
20260915,544892,3654,87.96
20260915,544893,8261,100.0
20260915,544894,735370,62.41
20260915,544895,169600,100.0
20260915,544897,327000,100.0
20260915,544898,255887,39.31
20260915,544899,9238,100.0
20260915,544900,80000,100.0
20260915,544901,18686,55.05
20260915,544902,58000,100.0
20260915,544903,108111,46.7
20260915,544904,4800,100.0
20260915,544905,4000,100.0
20260915,544906,2876,100.0
20260915,544908,1392,82.86
20260915,544909,3041966,46.76
20260915,544910,412000,100.0
20260915,555555,1055,88.06
20260915,570002,10788,100.0
20260915,570004,30,100.0
20260915,570005,40135,100.0
20260915,590003,84621,64.31
20260915,590005,1967,66.79
20260915,590006,1303,82.21
20260915,590013,1779,79.03
20260915,590021,1471,72.04
20260915,590024,3563,58.52
20260915,590025,10348,100.0
20260915,590030,21679,59.98
20260915,590031,115,78.23
20260915,590041,107209,49.1
20260915,590051,17416,62.65
20260915,590057,21129,100.0
20260915,590062,23906,73.22
20260915,590065,74,97.37
20260915,590066,2294,66.88
20260915,590068,1600,97.32
20260915,590070,889,96.42
20260915,590071,1782,67.94
20260915,590072,346,100.0
20260915,590073,13908,40.92
20260915,590075,1570,75.63
20260915,590078,2426,58.19
20260915,590086,172,70.49
20260915,590095,1057899,58.62
20260915,590096,97771,76.08
20260915,590097,14855,64.54
20260915,590098,102452,57.97
20260915,590099,5196,70.06
20260915,590101,17595,72.16
20260915,590103,209305,70.08
20260915,590104,38828,71.43
20260915,590106,35865,79.72
20260915,590107,13271,64.3
20260915,590108,75865,71.08
20260915,590109,607,79.66
20260915,590110,331,77.16
20260915,590113,14667,72.45
20260915,590115,132,95.65
20260915,590134,1132,90.63
20260915,590136,37187,79.58
20260915,590137,641,78.36
20260915,590138,23457,75.28
20260915,590139,1554,71.19
20260915,590140,1902122,49.08
20260915,590141,2119031,67.39
20260915,590142,250883,90.49
20260915,590143,165388,87.16
20260915,590144,61109,79.38
20260915,590145,398049,61.02
20260915,590146,724794,99.97
20260915,590147,159,70.35
20260915,590148,512026,91.35
20260915,590149,23064,74.28
20260915,590150,38239,83.08
20260915,590151,76379,88.06
20260915,590152,245207,86.78
20260915,590153,64190,81.93
20260915,590154,75066,80.32
20260915,590155,52587,74.09
20260915,590156,85117,87.98
20260915,590157,35431,71.33
20260915,590158,35489,69.61
20260915,590159,5011,69.91
20260915,590160,406,73.02
20260915,590161,765832,51.72
20260915,751131,9000,100.0
20260915,751132,50000,100.0
20260915,751139,11582401,100.0
20260915,751140,5272,100.0
20260915,751141,2760,100.0
20260915,751142,15256,100.0
20260915,800164,1000,100.0
20260915,800177,3160,55.2
20260915,800291,5,83.33
20260915,800294,500,100.0
20260915,800295,3,100.0
20260915,800296,1,100.0
20260915,800297,3,100.0
20260915,800312,1,100.0
20260915,800314,1,100.0
20260915,800318,61,92.42
20260915,800320,47,90.38
20260915,800324,2,100.0
20260915,800325,78,83.87
20260915,800327,19,100.0
20260915,800329,55,72.37
20260915,800331,6,100.0
20260915,800332,3,100.0
20260915,800333,9,81.82
20260915,800334,200,50.0
20260915,800339,41,100.0
20260915,800340,85,100.0
20260915,800341,19,95.0
20260915,800342,16,88.89
20260915,800360,1,50.0
20260915,800367,84,98.82
20260915,800385,36,94.74
20260915,800386,100,100.0
20260915,800428,271,73.05
20260915,800434,28,87.5
20260915,800437,12,92.31
20260915,800438,30,65.22
20260915,800441,16849,74.06
20260915,800442,200,100.0
20260915,800443,20,95.24
20260915,800452,2685,100.0
20260915,800488,72,85.71
20260915,800489,3,100.0
20260915,800573,29,100.0
20260915,800574,25,100.0
20260915,800575,36,85.71
20260915,800580,167,87.43
20260915,800588,1601,100.0
20260915,800596,252,90.65
20260915,800603,194,77.91
20260915,800605,332,82.38
20260915,800607,20651,97.48
20260915,800618,1,100.0
20260915,800807,5873,98.77
20260915,800808,15982,79.42
20260915,800809,11996,100.0
20260915,800815,2050,100.0
20260915,800816,304,100.0
20260915,805250,1000,100.0
20260915,805253,100,100.0
20260915,805258,900,100.0
20260915,805259,1000,100.0
20260915,805265,2000,100.0
20260915,810975,100,100.0
20260915,810990,100,100.0
20260915,811012,150,100.0
20260915,890217,1821,98.91
20260915,890226,5314,100.0
20260915,890228,550,100.0
20260915,890234,48324,100.0
20260915,890238,3183,100.0
20260915,935514,17,100.0
20260915,935574,1,100.0
20260915,935584,120,99.17
20260915,935618,10,100.0
20260915,935642,482,100.0
20260915,935666,20,100.0
20260915,935674,4248,98.04
20260915,500002,3359,42.49
20260915,500003,17327,44.4
20260915,500008,39989,59.06
20260915,500009,6526,100.0
20260915,500012,29775,81.65
20260915,500013,56736,100.0
20260915,500014,3029,43.77
20260915,500016,40887,76.15
20260915,500020,17649,62.85
20260915,500023,1452,69.91
20260915,500027,1358,75.11
20260915,500028,19138,92.6
20260915,500031,4802,60.26
20260915,500032,734904,44.72
20260915,500033,2033,52.45
20260915,500034,100678,60.8
20260915,500038,50087,35.52
20260915,500039,21087,63.89
20260915,500040,8259,52.6
20260915,500041,40,75.47
20260915,500042,3161,78.97
20260915,500043,7682,66.91
20260915,500048,16362,50.7
20260915,500049,1078414,59.49
20260915,500051,15841,100.0
20260915,500052,110928,55.0
20260915,500058,33027,94.58
20260915,500059,653,100.0
20260915,500060,59167,51.74
20260915,500067,15958,47.3
20260915,500068,3,100.0
20260915,500069,45,93.75
20260915,500074,4816,84.05
20260915,500078,4702,58.47
20260915,500083,40845,68.04
20260915,500084,109690,57.84
20260915,500085,33450,79.78
20260915,500086,68272,54.1
20260915,500087,30108,75.75
20260915,500089,707,92.78
20260915,500092,664,46.83
20260915,500093,206064,64.39
20260915,500096,122868,43.72
20260915,500097,11441,67.85
20260915,500101,29527,34.83
20260915,500103,119678,51.33
20260915,500104,40404,38.84
20260915,500106,2909307,39.42
20260915,500108,50865,71.73
20260915,500109,248535,47.62
20260915,500110,48683,36.96
20260915,500112,564748,68.77
20260915,500113,433099,65.61
20260915,500114,9351,55.46
20260915,500116,1376022,43.56
20260915,500117,68883,71.94
20260915,500119,28427,69.04
20260915,500120,292,96.05
20260915,500123,374,43.69
20260915,500124,10551,37.79
20260915,500125,7715,55.7
20260915,500126,292,80.66
20260915,500128,89315,63.97
20260915,500133,72,69.9
20260915,500135,67577,51.11
20260915,500136,2619,86.38
20260915,500142,5,100.0
20260915,500143,1021,100.0
20260915,500144,38439,38.8
20260915,500147,1568,50.18
20260915,500148,2954,52.19
20260915,500150,308,60.04
20260915,500151,119,100.0
20260915,500153,14762,100.0
20260915,500160,26048,89.83
20260915,500163,13868,59.48
20260915,500164,3212,46.62
20260915,500165,24554,76.63
20260915,500166,3160,88.02
20260915,500168,386,86.74
20260915,500170,128,100.0
20260915,500171,4322,69.19
20260915,500173,6757,90.41
20260915,500174,1200,100.0
20260915,500178,279,100.0
20260915,500179,26753,80.45
20260915,500180,3709230,78.63
20260915,500182,147317,90.41
20260915,500183,550908,100.0
20260915,500184,72051,27.92
20260915,500185,748066,47.05
20260915,500186,28206,42.76
20260915,500187,3634,50.61
20260915,500188,60386,57.79
20260915,500189,4778,89.14
20260915,500191,774,100.0
20260915,500192,80112,44.55
20260915,500193,16228,96.53
20260915,500199,1638,70.36
20260915,500201,8150,100.0
20260915,500206,249,95.77
20260915,500207,166654,45.62
20260915,500209,874784,63.52
20260915,500210,668,56.18
20260915,500213,2956,83.01
20260915,500214,12280,52.66
20260915,500215,59,79.73
20260915,500219,26479,49.33
20260915,500220,955,100.0
20260915,500227,12398,64.02
20260915,500228,28352,58.28
20260915,500233,1008,60.0
20260915,500234,2,100.0
20260915,500235,4795,61.71
20260915,500236,859,100.0
20260915,500238,9659,55.39
20260915,500239,3356,88.18
20260915,500240,24672,100.0
20260915,500241,6552,66.61
20260915,500243,923,57.51
20260915,500245,4055,72.06
20260915,500246,416,100.0
20260915,500247,44836,42.72
20260915,500249,37736,90.92
20260915,500250,535,62.06
20260915,500251,20862,64.92
20260915,500252,88,50.0
20260915,500253,22920,30.21
20260915,500257,36039,77.62
20260915,500259,642,100.0
20260915,500260,515,46.19
20260915,500262,100,100.0
20260915,500264,11193,68.05
20260915,500265,12665,56.92
20260915,500266,461,74.96
20260915,500267,352,100.0
20260915,500268,72711,48.62
20260915,500270,1109,89.22
20260915,500271,2507,47.41
20260915,500277,7751,98.71
20260915,500279,76268,61.77
20260915,500280,1919,63.65
20260915,500282,705,98.46
20260915,500284,1451,84.95
20260915,500285,6919664,64.45
20260915,500288,829376,44.39
20260915,500290,306,62.32
20260915,500292,23177,65.94
20260915,500294,236761,66.81
20260915,500295,544938,66.43
20260915,500296,1593,74.16
20260915,500298,301,63.1
20260915,500300,3934,42.63
20260915,500304,11343,72.21
20260915,500306,19707,55.54
20260915,500307,1007,90.15
20260915,500312,325187,61.14
20260915,500313,1620,100.0
20260915,500314,34371,86.79
20260915,500317,1969,81.43
20260915,500319,1433,94.71
20260915,500322,605,100.0
20260915,500325,790072,68.28
20260915,500327,13841,99.27
20260915,500330,760680,38.63
20260915,500331,23476,64.02
20260915,500333,408,85.0
20260915,500335,3049,69.8
20260915,500336,8576,68.49
20260915,500338,25168,85.22
20260915,500339,110660,40.87
20260915,500342,210,100.0
20260915,500343,1224,96.38
20260915,500346,4714,80.79
20260915,500350,1856,100.0
20260915,500354,178,71.49
20260915,500355,48880,54.7
20260915,500356,366,99.73
20260915,500357,3973,100.0
20260915,500358,701,100.0
20260915,500360,6725,100.0
20260915,500365,44182,67.46
20260915,500367,10542,39.37
20260915,500368,40367,34.45
20260915,500370,938,74.44
20260915,500371,4654,100.0
20260915,500378,49043,44.59
20260915,500380,4497,62.77
20260915,500387,307,51.0
20260915,500388,654,100.0
20260915,500390,15033,100.0
20260915,500399,16940,100.0
20260915,500400,241496,56.98
20260915,500402,3419,59.78
20260915,500403,12793,63.7
20260915,500404,11638,73.87
20260915,500405,3345,68.66
20260915,500407,173,83.57
20260915,500408,22038,45.77
20260915,500410,7621,43.22
20260915,500411,4335,63.26
20260915,500412,22048,61.9
20260915,500413,41896,70.72
20260915,500414,9942,42.45
20260915,500418,31,100.0
20260915,500420,2809,45.04
20260915,500421,77144,100.0
20260915,500422,563,100.0
20260915,500425,36400,55.79
20260915,500426,17585,87.63
20260915,500429,2308,100.0
20260915,500439,10,90.91
20260915,500440,56954,59.3
20260915,500444,7649,41.38
20260915,500449,30083,63.24
20260915,500456,39754,80.36
20260915,500458,656,83.89
20260915,500459,758,58.53
20260915,500460,2482,85.97
20260915,500463,35893,37.92
20260915,500464,188,100.0
20260915,500467,1895,95.61
20260915,500469,58511,54.65
20260915,500470,654588,51.82
20260915,500472,4200,89.13
20260915,500477,658067,57.49
20260915,500480,105520,89.9
20260915,500483,11119,63.69
20260915,500488,1136,55.28
20260915,500490,510,61.97
20260915,500493,5456,57.77
20260915,500495,15744,83.09
20260915,500500,111123,90.15
20260915,500510,51724,68.03
20260915,500520,64068,62.79
20260915,500530,417,39.23
20260915,500540,309,100.0
20260915,500547,68834,48.1
20260915,500550,7468,52.55
20260915,500570,694678,55.33
20260915,500575,11397,40.89
20260915,500620,43306,67.97
20260915,500645,9242,54.08
20260915,500650,384,60.0
20260915,500655,1358,61.95
20260915,500660,1666,64.37
20260915,500670,11170,52.84
20260915,500672,4377,37.24
20260915,500674,3958,87.66
20260915,500680,1743,56.12
20260915,500690,74004,68.5
20260915,500696,137568,85.72
20260915,500710,933,60.08
20260915,500730,27758,51.12
20260915,500770,43186,98.74
20260915,500777,50627,59.92
20260915,500780,7481,90.84
20260915,500790,19084,62.58
20260915,500800,42777,52.69
20260915,500820,6353,46.83
20260915,500825,9020,68.53
20260915,500830,16487,59.16
20260915,500840,2016931,98.4
20260915,500850,28100,38.18
20260915,500870,105430,68.35
20260915,500875,488971,60.32
20260915,500877,8628,53.21
20260915,500878,3885,69.69
20260915,500890,124,100.0
20260915,500940,45467,59.92
20260915,501148,2,100.0
20260915,501150,13107,76.63
20260915,501151,7,100.0
20260915,501242,14057,91.13
20260915,501261,389076,100.0
20260915,501295,7011,98.12
20260915,501298,27,100.0
20260915,501301,648951,33.7
20260915,501311,2,100.0
20260915,501314,60384,83.24
20260915,501343,7758,78.79
20260915,501351,41,100.0
20260915,501370,772,68.87
20260915,501391,113,97.41
20260915,501421,105,78.95
20260915,501423,6704,63.61
20260915,501425,467,50.27
20260915,501430,9,90.0
20260915,501455,30182,58.61
20260915,501477,76,61.79
20260915,501622,75,100.0
20260915,501630,101,100.0
20260915,501700,1376,91.86
20260915,501831,8554,79.29
20260915,501833,2234,92.24
20260915,501848,21673,91.9
20260915,501945,18874,100.0
20260915,502015,5797,80.45
20260915,502090,2503,89.71
20260915,502137,3473,62.86
20260915,502157,1346,51.14
20260915,502168,525,68.63
20260915,502175,4690,82.28
20260915,502180,13102,87.93
20260915,502219,25531,51.09
20260915,502250,184,100.0
20260915,502271,2101,100.0
20260915,502281,1902,100.0
20260915,502294,899,86.86
20260915,502330,49440,65.9
20260915,502355,8790,66.96
20260915,502420,82787,90.7
20260915,502445,15,78.95
20260915,502448,238665,100.0
20260915,502450,2078,61.97
20260915,502587,3702,94.56
20260915,502589,440,100.0
20260915,502820,965,99.9
20260915,502865,51125,69.84
20260915,502873,3794,86.7
20260915,502893,10,100.0
20260915,502901,1270,88.07
20260915,502933,170,100.0
20260915,502937,123801,100.0
20260915,502958,6,100.0
20260915,502986,10227,62.0
20260915,503031,9919,75.43
20260915,503092,53,100.0
20260915,503100,113684,96.7
20260915,503101,1831,55.98
20260915,503127,24,100.0
20260915,503162,12578,68.52
20260915,503169,1329,79.44
20260915,503229,2,100.0
20260915,503310,51926,34.77
20260915,503349,131,100.0
20260915,503624,1079,92.7
20260915,503635,1344,100.0
20260915,503639,793,100.0
20260915,503641,41418,73.4
20260915,503657,6475,78.09
20260915,503663,723611,83.12
20260915,503675,12291,97.04
20260915,503681,1,100.0
20260915,503685,11,100.0
20260915,503722,617,81.18
20260915,503776,4,100.0
20260915,503804,1232,100.0
20260915,503806,70931,92.02
20260915,503811,924,65.35
20260915,503816,585,79.48
20260915,503863,116,99.15
20260915,503960,1237,78.99
20260915,504000,12273,97.38
20260915,504028,35859,100.0
20260915,504036,5008,66.25
20260915,504058,281,100.0
20260915,504067,1071643,32.62
20260915,504076,35036,56.78
20260915,504080,28,100.0
20260915,504084,203,83.54
20260915,504092,2825,76.23
20260915,504093,1045,89.93
20260915,504112,1806,37.01
20260915,504132,314,56.27
20260915,504176,13631,65.48
20260915,504180,1841,67.44
20260915,504212,8420,49.32
20260915,504220,5708,74.95
20260915,504240,16684,59.07
20260915,504258,653,69.03
20260915,504273,18537,100.0
20260915,504286,320,100.0
20260915,504340,6065,92.02
20260915,504341,7042,68.3
20260915,504346,5,100.0
20260915,504351,2962508,74.93
20260915,504356,984,100.0
20260915,504369,6517,100.0
20260915,504375,50,100.0
20260915,504378,22096,52.06
20260915,504380,1203,62.95
20260915,504392,101,100.0
20260915,504397,1220,100.0
20260915,504398,61,100.0
20260915,504605,682,78.94
20260915,504614,31525,65.71
20260915,504646,936,100.0
20260915,504648,682,86.66
20260915,504697,124,100.0
20260915,504731,430,41.19
20260915,504741,2579,67.27
20260915,504746,967,72.98
20260915,504786,3404,100.0
20260915,504810,139,97.89
20260915,504840,235,98.33
20260915,504879,10085,84.8
20260915,504882,11347,87.54
20260915,504903,30665,100.0
20260915,504908,577,99.31
20260915,504918,43352,49.16
20260915,504959,237,93.68
20260915,504973,1232,53.08
20260915,505010,159,99.38
20260915,505029,1529,89.15
20260915,505036,356,75.91
20260915,505075,8445,100.0
20260915,505160,20951,70.32
20260915,505163,1010,76.63
20260915,505192,2464,67.77
20260915,505196,3583,100.0
20260915,505200,6922,50.07
20260915,505212,674,85.53
20260915,505216,46,79.31
20260915,505232,68,100.0
20260915,505242,803,56.19
20260915,505250,101,100.0
20260915,505255,19762,41.89
20260915,505283,7089,63.37
20260915,505299,1234,77.51
20260915,505302,20,95.24
20260915,505324,10993,91.6
20260915,505336,2051040,100.0
20260915,505343,520828,61.91
20260915,505355,5761,77.11
20260915,505358,5819,67.25
20260915,505368,136,100.0
20260915,505400,3125,69.44
20260915,505412,898,50.48
20260915,505502,13927,100.0
20260915,505504,1778,100.0
20260915,505509,5594,28.36
20260915,505515,4775,97.13
20260915,505523,567503,94.89
20260915,505526,5645,64.38
20260915,505533,3737,44.94
20260915,505537,334399,42.14
20260915,505590,150,93.75
20260915,505650,14468,69.91
20260915,505681,1,100.0
20260915,505688,3202,100.0
20260915,505690,181,88.29
20260915,505693,56682,69.49
20260915,505700,11433,49.1
20260915,505703,969,100.0
20260915,505710,16941,56.42
20260915,505712,14526,100.0
20260915,505714,4610,32.61
20260915,505720,3541,75.01
20260915,505725,115282,20.0
20260915,505726,1136,55.31
20260915,505729,12250,73.92
20260915,505737,335,97.38
20260915,505744,14526,57.65
20260915,505750,8753,66.1
20260915,505790,3234,77.89
20260915,505797,11739,49.92
20260915,505800,5620,99.01
20260915,505827,2303,97.3
20260915,505840,6546,100.0
20260915,505850,3057,79.67
20260915,505854,5167,89.35
20260915,505872,2556,88.69
20260915,505890,1860,57.46
20260915,505893,375,96.9
20260915,505978,1022,61.94
20260915,506003,1338,100.0
20260915,506022,15133,60.53
20260915,506074,50638,100.0
20260915,506076,277,55.62
20260915,506079,1301,100.0
20260915,506105,103,82.4
20260915,506109,28203,40.35
20260915,506122,1517,100.0
20260915,506128,1459,98.18
20260915,506134,11463,100.0
20260915,506146,88330,87.96
20260915,506166,7294,60.06
20260915,506180,89,100.0
20260915,506184,25864,98.25
20260915,506186,12066,95.75
20260915,506194,323,99.69
20260915,506197,9709,100.0
20260915,506222,656,63.08
20260915,506235,36784,59.12
20260915,506248,55,100.0
20260915,506260,15407,67.35
20260915,506261,6189,100.0
20260915,506285,701,77.54
20260915,506390,20,66.67
20260915,506395,3625,58.29
20260915,506401,8120,57.81
20260915,506405,5807,61.88
20260915,506414,9832,85.52
20260915,506480,9075,55.25
20260915,506520,9410,50.83
20260915,506525,27451,100.0
20260915,506528,152,100.0
20260915,506532,2085,72.45
20260915,506543,30,100.0
20260915,506579,9139,90.58
20260915,506590,64231,53.48
20260915,506597,4588,73.43
20260915,506605,35,77.78
20260915,506618,247,93.92
20260915,506640,52,100.0
20260915,506642,419171,100.0
20260915,506655,20437,65.57
20260915,506680,1530,99.8
20260915,506685,16997,87.31
20260915,506687,353,100.0
20260915,506690,2807,60.97
20260915,506734,2097,100.0
20260915,506767,1919,48.39
20260915,506808,2895,87.54
20260915,506820,970,81.17
20260915,506852,18203,74.99
20260915,506854,10356,51.42
20260915,506858,490,100.0
20260915,506863,780,69.77
20260915,506879,19412,34.62
20260915,506906,189,100.0
20260915,506919,1870,95.02
20260915,506947,168,100.0
20260915,506975,100,100.0
20260915,506979,1340,99.93
20260915,506981,267,99.26
20260915,507155,14898,95.51
20260915,507180,271184,100.0
20260915,507205,16274,53.19
20260915,507265,172,100.0
20260915,507300,44,100.0
20260915,507315,5321,83.18
20260915,507410,28852,53.61
20260915,507438,330,97.35
20260915,507474,1980,78.04
20260915,507486,3,100.0
20260915,507488,1539,70.34
20260915,507490,5589,99.8
20260915,507498,555,95.69
20260915,507514,34401,68.23
20260915,507515,967,90.71
20260915,507526,3371,89.02
20260915,507552,1360,71.81
20260915,507580,576,100.0
20260915,507598,1928,71.99
20260915,507621,4132,88.03
20260915,507685,742035,60.4
20260915,507690,1913,65.49
20260915,507717,634,77.41
20260915,507747,1732,68.46
20260915,507753,22283,72.16
20260915,507759,192,100.0
20260915,507779,3335,74.61
20260915,507785,11,100.0
20260915,507789,3987,78.53
20260915,507794,27041,58.83
20260915,507813,381,82.65
20260915,507815,5802,92.98
20260915,507828,120372,88.76
20260915,507833,13087,86.88
20260915,507836,87,85.29
20260915,507852,20,100.0
20260915,507864,1,100.0
20260915,507872,19214,96.3
20260915,507878,450351,59.03
20260915,507880,10949,66.77
20260915,507910,3444,96.2
20260915,507912,1834,84.71
20260915,507944,676,74.7
20260915,507946,239,100.0
20260915,507948,812,95.08
20260915,507960,763,84.12
20260915,507962,3353,100.0
20260915,507966,586,66.74
20260915,507970,163,100.0
20260915,507981,2560,73.25
20260915,507984,794,100.0
20260915,507998,5505,60.78
20260915,508136,17,100.0
20260915,508486,172,64.42
20260915,508494,3748,74.92
20260915,508571,166,95.4
20260915,508664,968,100.0
20260915,508670,61,100.0
20260915,508807,254,79.13
20260915,508814,1412,56.1
20260915,508860,10270,100.0
20260915,508869,8267,72.14
20260915,508875,6849,66.9
20260915,508905,90,100.0
20260915,508906,173,100.0
20260915,508918,20030,86.83
20260915,508922,94541,100.0
20260915,508933,1682,63.54
20260915,508941,5719,91.2
20260915,508954,45831,85.46
20260915,508956,614,96.85
20260915,508961,530,100.0
20260915,508963,1,100.0
20260915,508969,23243,86.7
20260915,508980,605,100.0
20260915,508989,2246,83.74
20260915,509009,527,99.25
20260915,509015,65,100.0
20260915,509020,36662,94.0
20260915,509024,1503,76.22
20260915,509038,188,99.47
20260915,509040,12342,62.72
20260915,509046,5,100.0
20260915,509048,12536,100.0
20260915,509051,873315,66.95
20260915,509053,4464,47.47
20260915,509055,17267,77.26
20260915,509069,1172,54.01
20260915,509073,198,100.0
20260915,509079,3777,68.31
20260915,509084,44,100.0
20260915,509152,293,74.37
20260915,509162,11953,100.0
20260915,509196,373,93.72
20260915,509220,1501,90.69
20260915,509243,300,73.35
20260915,509423,43,72.88
20260915,509438,22,44.9
20260915,509449,3603,80.33
20260915,509470,6,100.0
20260915,509472,148,98.67
20260915,509480,10837,61.03
20260915,509486,1692,100.0
20260915,509488,36599,32.57
20260915,509496,5473,51.71
20260915,509525,397,68.45
20260915,509546,8273,89.2
20260915,509557,56449,93.95
20260915,509563,4478,74.55
20260915,509567,1723,43.7
20260915,509597,110,78.01
20260915,509631,72357,100.0
20260915,509635,29,82.86
20260915,509675,340,72.34
20260915,509692,134,100.0
20260915,509709,7531,95.73
20260915,509715,2487,80.28
20260915,509732,9115,70.17
20260915,509760,14,100.0
20260915,509762,315,100.0
20260915,509820,8082,60.38
20260915,509835,1136,91.84
20260915,509874,11466,100.0
20260915,509895,2,66.67
20260915,509930,3227,48.6
20260915,509945,2,100.0
20260915,509953,6,100.0
20260915,509960,12,92.31
20260915,509966,6662,68.3
20260915,510245,22772,70.02
20260915,511000,14015,99.1
20260915,511012,265050,100.0
20260915,511016,1443,100.0
20260915,511018,19759,22.97
20260915,511034,19018,57.95
20260915,511066,1090,73.2
20260915,511076,93521,50.99
20260915,511092,7338,100.0
20260915,511110,2098,87.56
20260915,511116,9080020,100.0
20260915,511122,25,75.76
20260915,511131,55,100.0
20260915,511144,14478,100.0
20260915,511147,5244,89.32
20260915,511153,424,100.0
20260915,511169,18,100.0
20260915,511187,501,100.0
20260915,511194,598,100.0
20260915,511196,9782,55.13
20260915,511208,240466,61.09
20260915,511218,134413,62.68
20260915,511243,16602,63.76
20260915,511246,154,100.0
20260915,935690,125,100.0
20260915,936130,100,100.0
20260915,936224,10,100.0
20260915,936230,13,100.0
20260915,936254,125,100.0
20260915,936384,1302,68.24
20260915,936386,300,100.0
20260915,936398,1,100.0
20260915,936412,352,100.0
20260915,936528,276,100.0
20260915,936532,4,100.0
20260915,936722,50,100.0
20260915,936744,240,100.0
20260915,936810,2,50.0
20260915,936944,200,100.0
20260915,936977,300,100.0
20260915,937053,1,100.0
20260915,937057,904,100.0
20260915,937059,1,100.0
20260915,937149,83,100.0
20260915,937205,800,100.0
20260915,937241,1,100.0
20260915,937373,100,66.67
20260915,937381,75,100.0
20260915,937451,90,100.0
20260915,937455,120,71.86
20260915,937619,100,64.52
20260915,937621,154,100.0
20260915,937637,204,67.11
20260915,937723,312,86.19
20260915,937777,50,100.0
20260915,937803,59,100.0
20260915,937825,150,100.0
20260915,937889,11,100.0
20260915,937939,7,53.85
20260915,937971,3,100.0
20260915,938005,325,100.0
20260915,938011,80,100.0
20260915,938105,1500,100.0
20260915,938109,100,100.0
20260915,938111,50,100.0
20260915,938125,46,37.7
20260915,938212,400,100.0
20260915,938218,131,100.0
20260915,938256,39,50.0
20260915,938330,80,100.0
20260915,938364,26,96.3
20260915,938372,390,100.0
20260915,938382,21,100.0
20260915,938384,122,100.0
20260915,938424,200,52.63
20260915,938442,10,100.0
20260915,938530,114,100.0
20260915,938532,112,52.83
20260915,938604,21,100.0
20260915,938634,63,100.0
20260915,938658,300,100.0
20260915,938664,100,100.0
20260915,938742,100,100.0
20260915,938784,15,100.0
20260915,938790,100,100.0
20260915,938846,10,31.25
20260915,938850,79,100.0
20260915,938862,50,50.0
20260915,938868,26,100.0
20260915,938874,268,100.0
20260915,938882,300,100.0
20260915,938892,400,67.8
20260915,938898,483,100.0
20260915,938902,115,100.0
20260915,938912,51,50.5
20260915,938918,5,100.0
20260915,938952,10,100.0
20260915,939002,59,45.38
20260915,939010,29,100.0
20260915,939030,4,100.0
20260915,939190,100,100.0
20260915,939202,100,60.61
20260915,939204,100,100.0
20260915,939206,100,100.0
20260915,939264,25,100.0
20260915,939299,50,100.0
20260915,939309,14,100.0
20260915,939321,80,100.0
20260915,939335,5,50.0
20260915,939389,5,71.43
20260915,939409,51,100.0
20260915,939473,40,100.0
20260915,939477,100,100.0
20260915,939545,54,100.0
20260915,939559,50,100.0
20260915,939563,50,100.0
20260915,939591,800,100.0
20260915,939627,1,100.0
20260915,939633,1,100.0
20260915,939657,20,100.0
20260915,939715,1,100.0
20260915,939725,100,72.99
20260915,939727,752,100.0
20260915,939733,51,100.0
20260915,939743,5,100.0
20260915,939747,124,77.99
20260915,939751,120,100.0
20260915,939807,5,100.0
20260915,939823,2,100.0
20260915,939829,38,100.0
20260915,939835,8,100.0
20260915,939849,254,91.04
20260915,939857,115,100.0
20260915,939861,23,100.0
20260915,939863,150,100.0
20260915,939877,10,100.0
20260915,939879,31,100.0
20260915,939895,1,100.0
20260915,939901,5,100.0
20260915,939923,3,100.0
20260915,939973,30,100.0
20260915,939977,10,100.0
20260915,940037,4,100.0
20260915,940055,100,83.33
20260915,940067,1,100.0
20260915,940069,51,100.0
20260915,940101,1,100.0
20260915,940103,150,100.0
20260915,940115,48,57.83
20260915,940153,14,100.0
20260915,940157,110,100.0
20260915,940159,116,100.0
20260915,940161,55,100.0
20260915,940163,70,100.0
20260915,940179,99,100.0
20260915,940201,1,100.0
20260915,940219,20,100.0
20260915,940223,1,100.0
20260915,940227,72,100.0
20260915,940239,190,100.0
20260915,940247,15,100.0
20260915,940255,114,100.0
20260915,940307,5,100.0
20260915,940309,50,100.0
20260915,940311,100,100.0
20260915,940315,15,100.0
20260915,940317,286,100.0
20260915,940325,147,64.47
20260915,940385,25,100.0
20260915,940393,2,100.0
20260915,940399,386,100.0
20260915,940415,2,50.0
20260915,940449,333,100.0
20260915,940471,3,100.0
20260915,940473,1,100.0
20260915,940479,50,100.0
20260915,940489,10,50.0
20260915,940501,225,94.54
20260915,940503,48,100.0
20260915,940517,151,100.0
20260915,940577,501,50.0
20260915,940605,2,100.0
20260915,940619,1,100.0
20260915,940631,102,100.0
20260915,940637,17,100.0
20260915,940643,100,95.24
20260915,940649,95,100.0
20260915,940653,100,100.0
20260915,940655,534,54.55
20260915,940663,150,100.0
20260915,940685,16,100.0
20260915,940687,16,100.0
20260915,940699,35,100.0
20260915,940701,75,100.0
20260915,940703,4,100.0
20260915,940705,10,100.0
20260915,940713,565,84.71
20260915,940715,11,100.0
20260915,940719,32,100.0
20260915,940753,10,100.0
20260915,940767,3,100.0
20260915,940777,5,50.0
20260915,940789,10,100.0
20260915,940793,10,100.0
20260915,940797,10,100.0
20260915,940801,201,86.64
20260915,940817,29,100.0
20260915,940819,15,100.0
20260915,940821,50,100.0
20260915,940833,217,100.0
20260915,940837,957,100.0
20260915,940841,2,100.0
20260915,940843,111,100.0
20260915,940849,98,90.74
20260915,940855,6,100.0
20260915,940859,105,100.0
20260915,940886,228,100.0
20260915,940921,10,100.0
20260915,940927,10,100.0
20260915,940949,53,100.0
20260915,940951,20,100.0
20260915,940955,206,95.37
20260915,940961,1,100.0
20260915,940965,10,100.0
20260915,940969,50,100.0
20260915,940977,295,100.0
20260915,940981,50,100.0
20260915,940983,40,100.0
20260915,940987,100,100.0
20260915,940991,2,100.0
20260915,940995,65,100.0
20260915,941005,3,100.0
20260915,941007,100,100.0
20260915,941015,176,100.0
20260915,941019,49,100.0
20260915,941021,40,100.0
20260915,941023,119,100.0
20260915,941035,571,79.53
20260915,941039,51,100.0
20260915,941041,10,100.0
20260915,941043,1,100.0
20260915,941045,1,100.0
20260915,941047,115,100.0
20260915,941055,70,100.0
20260915,941061,241,50.0
20260915,941063,70,98.59
20260915,941069,30,100.0
20260915,941075,51,100.0
20260915,941079,20,100.0
20260915,941115,20,100.0
20260915,941117,109,100.0
20260915,941119,3,100.0
20260915,941125,102,87.93
20260915,941127,645,100.0
20260915,941133,123,100.0
20260915,941137,19,100.0
20260915,941149,510,100.0
20260915,941151,150,93.75
20260915,941155,17,50.0
20260915,941159,790,100.0
20260915,941173,45,100.0
20260915,941185,684,80.85
20260915,941189,980,100.0
20260915,941191,50,100.0
20260915,941193,4776,100.0
20260915,941195,700,75.68
20260915,941201,60,100.0
20260915,941203,250,100.0
20260915,941205,1,100.0
20260915,941223,100,100.0
20260915,941229,10,100.0
20260915,941231,459,100.0
20260915,941237,10,100.0
20260915,957809,1,100.0
20260915,958179,5,100.0
20260915,960183,2,100.0
20260915,961728,196,99.49
20260915,961796,860,87.58
20260915,961797,100,100.0
20260915,961804,289,97.31
20260915,961810,305,100.0
20260915,961822,350,99.43
20260915,961826,100,100.0
20260915,961839,42,100.0
20260915,961851,10,100.0
20260915,961863,50,100.0
20260915,961885,30,100.0
20260915,961895,2823,92.47
20260915,961897,50,100.0
20260915,972715,12,100.0
20260915,972721,3,100.0
20260915,972893,63,100.0
20260915,973027,2,100.0
20260915,973201,2,100.0
20260915,973232,1,100.0
20260915,973491,188,100.0
20260915,973993,1,100.0
20260915,974152,1,100.0
20260915,974287,1,100.0
20260915,974288,1,100.0
20260915,974654,3,100.0
20260915,974963,1,100.0
20260915,974998,2,100.0
20260915,975057,2,100.0
20260915,975251,5,100.0
20260915,975257,1,100.0
20260915,975268,1,100.0
20260915,975375,8,88.89
20260915,975437,3,100.0
20260915,975519,5,100.0
20260915,975571,1,100.0
20260915,975572,2,66.67
20260915,975640,9,100.0
20260915,975663,1,100.0
20260915,975690,10,100.0
20260915,975788,2,100.0
20260915,975790,2,100.0
20260915,975913,2,100.0
20260915,975955,1,100.0
20260915,976020,23,100.0
20260915,976048,9,100.0
20260915,976146,22,78.57
20260915,976148,1,100.0
20260915,976183,5,100.0
20260915,976228,37,100.0
20260915,976248,1,100.0
20260915,976261,20,100.0
20260915,976275,1,100.0
20260915,976280,3,100.0
20260915,976290,5,100.0
20260915,976293,1,100.0
20260915,976305,5,100.0
20260915,976325,183,86.73
20260915,976346,1,50.0
20260915,976376,5,100.0
20260915,976411,9,100.0
20260915,976421,1,100.0
20260915,976437,66,89.19
20260915,976519,5,100.0
20260915,976533,10,100.0
20260915,976535,5,100.0
20260915,976600,1,100.0
20260915,976660,2,100.0
20260915,976675,6,100.0
20260915,976685,100,100.0
20260915,976690,3,100.0
20260915,976712,50,100.0
20260915,976757,50,100.0
20260915,976776,11,100.0
20260915,976808,88,98.88
20260915,976832,1,100.0
20260915,976855,4,100.0
20260915,976872,7,100.0
20260915,976875,10,100.0
20260915,976893,50,100.0
20260915,976896,5,100.0
20260915,976905,10,100.0
20260915,976924,20,100.0
20260915,976929,5,100.0
20260915,976930,5,100.0
20260915,976933,3,100.0
20260915,976943,100,100.0
20260915,976967,1,100.0
20260915,976968,4,100.0
20260915,976976,1,100.0
20260915,976985,6,100.0
20260915,977001,3,100.0
20260915,977008,1,100.0
20260915,977017,55,100.0
20260915,977022,9,100.0
20260915,977044,6,100.0
20260915,977073,1,100.0
20260915,977089,3,100.0
20260915,977093,2314,100.0
20260915,977107,5,100.0
20260915,977117,60,100.0
20260915,977123,1,50.0
20260915,977128,16,100.0
20260915,977132,3,100.0
20260915,977134,2,100.0
20260915,977160,2,100.0
20260915,977169,1,100.0
20260915,977172,11,100.0
20260915,977177,5,100.0
20260915,977200,58,100.0
20260915,977205,7,100.0
20260915,977226,12,92.31
20260915,977227,1,100.0
20260915,977241,9,100.0
20260915,977249,14,100.0
20260915,977250,1,100.0
20260915,977260,3,100.0
20260915,977309,9,100.0
20260915,977331,6,100.0
20260915,977333,2,100.0
20260915,977356,22,100.0
20260915,977367,114,95.8
20260915,977382,48,100.0
20260915,977396,2,100.0
20260915,977410,1,100.0
20260915,977411,7,100.0
20260915,977440,68,95.77
20260915,977445,25,100.0
20260915,977453,7,100.0
20260915,977477,20,95.24
20260915,977488,2,100.0
20260915,977502,3,100.0
20260915,977508,2,100.0
20260915,977516,12,100.0
20260915,977532,10,100.0
20260915,977535,10,100.0
20260915,977541,219,90.87
20260915,977564,398,100.0
20260915,977576,116,85.29
20260915,977596,35,100.0
20260915,977621,3,100.0
20260915,977623,2,100.0
20260915,977633,8,100.0
20260915,977643,2,100.0
20260915,977645,12,100.0
20260915,977648,3,100.0
20260915,977649,11,100.0
20260915,977657,6,100.0
20260915,977680,1,100.0
20260915,977681,2,100.0
20260915,977694,5,100.0
20260915,977725,5,100.0
20260915,977732,104,100.0
20260915,977740,46,100.0
20260915,977753,51,91.07
20260915,977801,22,100.0
20260915,977803,10,100.0
20260915,977806,12,80.0
20260915,977815,35,79.55
20260915,977839,3,100.0
20260915,977846,3,100.0
20260915,977852,27,100.0
20260915,977855,8,100.0
20260915,977868,221,94.85
20260915,977869,13,92.86
20260915,977894,1,100.0
20260915,977913,1,100.0
20260915,977932,1,100.0
20260915,977935,117,68.42
20260915,977979,2,100.0
20260915,977984,2,100.0
20260915,977986,1,100.0
20260915,977994,1,100.0
20260915,978024,5,62.5
20260915,978025,28,100.0
20260915,978034,10,100.0
20260915,978035,2,100.0
20260915,978039,46,100.0
20260915,978046,3,100.0
20260915,978051,17,100.0
20260915,978055,20,100.0
20260915,978075,59,100.0
20260915,978083,1,100.0
20260915,978086,2,100.0
20260915,978094,6,100.0
20260915,511260,13002,61.83
20260915,511333,883,90.47
20260915,511355,133056,100.0
20260915,511359,184,72.44
20260915,511377,130,100.0
20260915,511391,9,90.0
20260915,511401,50,100.0
20260915,511411,544,99.27
20260915,511413,280,96.89
20260915,511431,118355,78.24
20260915,511441,100,100.0
20260915,511447,3097930,46.13
20260915,511451,27,100.0
20260915,511463,1706,99.88
20260915,511473,9711,84.35
20260915,511493,41276,100.0
20260915,511501,2346,93.99
20260915,511505,2300,100.0
20260915,511507,1,100.0
20260915,511509,5247,66.15
20260915,511523,59612,100.0
20260915,511525,67298,91.14
20260915,511533,1939,64.27
20260915,511535,19,82.61
20260915,511539,2,100.0
20260915,511543,1108,100.0
20260915,511549,463,84.95
20260915,511551,1392,64.74
20260915,511557,385569,100.0
20260915,511559,80,97.56
20260915,511571,730,94.32
20260915,511577,23,52.27
20260915,511589,7679,81.83
20260915,511593,174,100.0
20260915,511601,6124,98.81
20260915,511605,25391,66.08
20260915,511609,412,52.96
20260915,511611,2585,83.77
20260915,511626,88,100.0
20260915,511628,71482,34.32
20260915,511630,4215,99.74
20260915,511634,2,100.0
20260915,511636,200,100.0
20260915,511644,97516,100.0
20260915,511654,236,49.06
20260915,511658,9781,91.02
20260915,511660,1101,100.0
20260915,511664,12588,99.99
20260915,511672,2671,100.0
20260915,511676,3490,89.03
20260915,511688,22,100.0
20260915,511692,4345,93.26
20260915,511696,34,100.0
20260915,511700,11021729,37.99
20260915,511702,533,99.63
20260915,511710,248507,100.0
20260915,511712,48,100.0
20260915,511716,21495,100.0
20260915,511724,24785,79.55
20260915,511726,1,100.0
20260915,511728,169,99.41
20260915,511730,1,100.0
20260915,511734,5904,100.0
20260915,511740,520,52.31
20260915,511742,12002,56.61
20260915,511754,2460,93.64
20260915,511756,843,100.0
20260915,511764,2352,91.7
20260915,511766,1208,91.65
20260915,511768,20209,39.95
20260915,512008,3191,67.31
20260915,512014,393,58.14
20260915,512018,8543,87.86
20260915,512020,19,95.0
20260915,512024,5,100.0
20260915,512025,32437,34.6
20260915,512026,117,100.0
20260915,512036,226,100.0
20260915,512038,76951,17.65
20260915,512047,267124,70.31
20260915,512048,19059,78.68
20260915,512062,235,100.0
20260915,512064,42,100.0
20260915,512065,1163,100.0
20260915,512068,187529,41.95
20260915,512070,26886,51.18
20260915,512093,189206,100.0
20260915,512097,158570,79.86
20260915,512103,1021,99.8
20260915,512109,50,100.0
20260915,512115,11771,94.27
20260915,512131,553,100.0
20260915,512149,1114130,64.68
20260915,512161,3562,78.84
20260915,512165,950,99.89
20260915,512169,12984,100.0
20260915,512175,70578,85.85
20260915,512179,7560,67.27
20260915,512197,242,100.0
20260915,512217,4997,70.75
20260915,512229,2445,100.0
20260915,512233,25,100.0
20260915,512237,16597,68.76
20260915,512247,53582,70.06
20260915,512257,108918,86.11
20260915,512267,17302,94.84
20260915,512277,4198,90.55
20260915,512279,100,100.0
20260915,512296,15252,68.04
20260915,512297,90722,100.0
20260915,512301,10765,100.0
20260915,512329,5433,36.59
20260915,512344,1764,77.92
20260915,512345,111,100.0
20260915,512359,73261,100.0
20260915,512361,47261,75.77
20260915,512379,40982,100.0
20260915,512381,42,89.36
20260915,512393,7956,100.0
20260915,512399,34950,74.99
20260915,512405,1,100.0
20260915,512415,118548,78.68
20260915,512437,1527,82.1
20260915,512441,1721376,51.41
20260915,512443,41389,92.83
20260915,512453,204,73.38
20260915,512455,19098,54.64
20260915,512463,39278,48.55
20260915,512481,3401,100.0
20260915,512489,6099,100.0
20260915,512493,170,96.05
20260915,512499,2357974,100.0
20260915,512519,1071,91.62
20260915,512527,118,100.0
20260915,512529,202295,78.08
20260915,512531,1122,100.0
20260915,512559,1666,80.44
20260915,512565,29,100.0
20260915,512573,27622,57.82
20260915,512587,1596,95.0
20260915,512589,97,98.98
20260915,512591,1334380,67.7
20260915,512595,3571,87.55
20260915,512599,15374,34.78
20260915,512600,14430,81.16
20260915,512608,32773,94.47
20260915,512618,351,99.72
20260915,512624,11438,90.19
20260915,512626,624,100.0
20260915,512634,567,99.3
20260915,513005,239,100.0
20260915,513023,9366,58.79
20260915,513043,2992,99.47
20260915,513059,13997,100.0
20260915,513063,597,99.83
20260915,513097,25652,55.21
20260915,513108,274,75.9
20260915,513117,4403,96.18
20260915,513119,75740,82.22
20260915,513121,2132,95.78
20260915,513149,102,100.0
20260915,513173,65735,74.63
20260915,513228,13534,64.77
20260915,513250,387973,64.98
20260915,513252,218,69.87
20260915,513262,59095,44.59
20260915,513269,29027,34.37
20260915,513295,1554,71.58
20260915,513303,1358,66.86
20260915,513307,4116,95.32
20260915,513337,1230472,39.61
20260915,513343,5,100.0
20260915,513349,36322,68.13
20260915,513353,8393,80.56
20260915,513361,195601,67.95
20260915,513369,1579,100.0
20260915,513375,2076,31.24
20260915,513377,110886,76.15
20260915,513403,5929,100.0
20260915,513418,191690,100.0
20260915,513422,101,93.52
20260915,513430,1,100.0
20260915,513436,4233,100.0
20260915,513452,365,100.0
20260915,513456,3266,82.31
20260915,513460,32,100.0
20260915,513472,602541,67.38
20260915,513488,3779,100.0
20260915,513496,1478,86.23
20260915,513498,647,75.15
20260915,513502,144810,64.93
20260915,513509,1037,100.0
20260915,513511,299,91.44
20260915,513513,1603,86.51
20260915,513517,1650,83.42
20260915,513519,3076,64.22
20260915,513528,2559,100.0
20260915,513532,1256,100.0
20260915,513536,7379,51.76
20260915,513540,600,100.0
20260915,513544,532,100.0
20260915,513548,499,99.6
20260915,513554,216,100.0
20260915,513566,31329,76.46
20260915,513575,1583,98.63
20260915,513599,255662,60.03
20260915,513629,321,50.23
20260915,513642,1339,65.13
20260915,513683,20089,37.78
20260915,513687,79,100.0
20260915,513693,6035,83.16
20260915,513699,131,94.24
20260915,513709,303,91.82
20260915,513713,11754,74.14
20260915,513721,7,100.0
20260915,513729,143,95.97
20260915,514010,31548,100.0
20260915,514030,5387,63.33
20260915,514036,12,100.0
20260915,514043,43780,68.29
20260915,514045,732,97.73
20260915,514060,25047,100.0
20260915,514087,501,99.6
20260915,514113,2197,100.0
20260915,514128,15,100.0
20260915,514138,45,95.74
20260915,514142,929,87.23
20260915,514162,470361,71.05
20260915,514165,3245,75.1
20260915,514167,1495,49.73
20260915,514171,197,74.34
20260915,514175,10469,95.45
20260915,514177,1,100.0
20260915,514183,1557,100.0
20260915,514197,5172,61.57
20260915,514211,140035,78.81
20260915,514221,133775,100.0
20260915,514223,3573,100.0
20260915,514234,1135,69.76
20260915,514238,201,54.32
20260915,514240,8913,53.28
20260915,514248,3900,100.0
20260915,514260,2969,100.0
20260915,514266,3408,98.9
20260915,514272,105,63.25
20260915,514274,32223,70.15
20260915,514280,2109,94.53
20260915,514286,875,70.68
20260915,514300,350,100.0
20260915,514312,7117,10.68
20260915,514316,575,94.73
20260915,514318,90,68.18
20260915,514322,15,65.22
20260915,514324,127,74.71
20260915,514326,69,100.0
20260915,514330,9592,72.07
20260915,514332,234,99.57
20260915,514336,1805,100.0
20260915,514354,13123,63.58
20260915,514358,31,100.0
20260915,514360,40629,81.05
20260915,514378,1322,50.42
20260915,514386,112030,100.0
20260915,514400,931,93.19
20260915,514402,76852,76.15
20260915,514412,1,100.0
20260915,514414,1727,100.0
20260915,514418,338,99.7
20260915,514428,904,95.76
20260915,514440,19079,61.23
20260915,514442,3273,100.0
20260915,514448,2696,55.25
20260915,514450,196,100.0
20260915,514454,34,100.0
20260915,514460,20,100.0
20260915,514470,1377,67.27
20260915,515008,38040,100.0
20260915,515018,312,96.89
20260915,515030,13999,80.38
20260915,515037,2039,99.9
20260915,515043,15847,77.64
20260915,515055,98004,54.81
20260915,515059,1605,99.26
20260915,515085,4669,70.36
20260915,515093,400,98.52
20260915,515147,7140,100.0
20260915,516003,1742,73.6
20260915,516016,287,97.95
20260915,516020,196,100.0
20260915,516022,1009,84.44
20260915,516030,8697,73.07
20260915,516032,87054,82.46
20260915,516038,5710,77.34
20260915,516062,112,100.0
20260915,516064,11479,56.4
20260915,516072,6111,64.27
20260915,516078,2356,100.0
20260915,516082,4428,47.93
20260915,516092,664,98.37
20260915,516098,1961,56.32
20260915,516106,6882,98.08
20260915,516108,16605,91.18
20260915,516110,56610,83.35
20260915,517015,1872,51.96
20260915,517035,19949,40.46
20260915,517041,1208,63.18
20260915,517059,1450,73.12
20260915,517063,12346,60.7
20260915,517077,10,100.0
20260915,517096,5417,60.52
20260915,517119,2557,68.41
20260915,517146,10273,60.54
20260915,517166,7532,100.0
20260915,517168,2948,73.59
20260915,517170,28271,73.22
20260915,517172,250,100.0
20260915,517174,85,52.15
20260915,517201,4495,100.0
20260915,517206,395,55.95
20260915,517214,15969,93.34
20260915,517230,141,100.0
20260915,517236,1058,96.8
20260915,517238,418,100.0
20260915,517246,50124,67.34
20260915,517258,961,100.0
20260915,517264,2296,84.32
20260915,517271,79720,59.18
20260915,517273,61,70.93
20260915,517286,57696,100.0
20260915,517288,2569,100.0
20260915,517300,16007,50.73
20260915,517320,11901,100.0
20260915,517330,12258,100.0
20260915,517334,1231276,84.33
20260915,517336,900,100.0
20260915,517344,3945,81.78
20260915,517354,42499,55.68
20260915,517356,532784,100.0
20260915,517360,1562,76.68
20260915,517370,206,56.28
20260915,517372,11345,70.39
20260915,517380,319710,37.77
20260915,517385,2618,62.86
20260915,517393,275412,100.0
20260915,517397,4193,95.23
20260915,517399,19915,100.0
20260915,517411,202,100.0
20260915,517415,1802,100.0
20260915,517417,9179,100.0
20260915,517421,2642,75.23
20260915,517423,260,100.0
20260915,517429,8594,100.0
20260915,517431,37564,98.74
20260915,517437,105,100.0
20260915,517447,5687,99.96
20260915,517449,715,86.35
20260915,517467,31331,40.08
20260915,517477,1995,72.23
20260915,517494,5603,91.3
20260915,517498,122544,61.12
20260915,517500,14181,66.05
20260915,517506,1506,64.28
20260915,517514,2826,76.34
20260915,517522,5718,61.11
20260915,517530,3710,90.07
20260915,517536,2533,86.57
20260915,517544,1788,57.0
20260915,517546,4494,91.71
20260915,517554,5228752,100.0
20260915,517556,71425,56.62
20260915,517562,1978,87.83
20260915,517564,370,100.0
20260915,517569,6377,43.63
20260915,518011,200,74.91
20260915,518053,123,99.19
20260915,518075,1653,100.0
20260915,518091,126,88.73
20260915,519003,103,99.04
20260915,519031,2526,100.0
20260915,519064,1,100.0
20260915,519091,127,62.56
20260915,519097,38468,100.0
20260915,519105,31198,82.65
20260915,519126,1613,57.1
20260915,519136,1296,88.77
20260915,519152,14,100.0
20260915,519156,1778,60.05
20260915,519174,385,100.0
20260915,519183,4063,70.81
20260915,519191,12191,100.0
20260915,519214,1504,100.0
20260915,519216,23326,72.15
20260915,519224,268,100.0
20260915,519230,4378,63.63
20260915,519234,349,95.36
20260915,519238,3111,98.26
20260915,519242,2075,100.0
20260915,519260,111,100.0
20260915,519262,1124,100.0
20260915,519279,700,100.0
20260915,519285,151,100.0
20260915,519287,199595,56.86
20260915,519295,1794,68.34
20260915,519299,202229,100.0
20260915,519307,68964,100.0
20260915,519331,72,97.3
20260915,519359,749,99.73
20260915,519367,144,95.36
20260915,519383,2050,90.19
20260915,519397,14879,82.2
20260915,519421,5864,86.84
20260915,519439,100,100.0
20260915,519457,947,97.83
20260915,519463,1858,62.52
20260915,519471,51,100.0
20260915,519475,2665,67.97
20260915,519477,25079,51.08
20260915,519479,1477,76.65
20260915,519483,172,97.73
20260915,519494,125,82.24
20260915,519500,3393,79.48
20260915,519506,1500,100.0
20260915,519532,1542,92.56
20260915,519552,19701,52.66
20260915,519566,1244,68.2
20260915,519574,1402,67.83
20260915,519600,1153,47.96
20260915,519602,353110,68.73
20260915,519606,1201,100.0
20260915,519612,827,97.52
20260915,520008,24561,61.62
20260915,520021,2509,72.41
20260915,520043,908,91.16
20260915,520051,91581,41.98
20260915,520056,141,72.31
20260915,520057,9629,71.52
20260915,520059,13428,77.71
20260915,520066,21055,59.79
20260915,520073,5852,49.99
20260915,520075,2990,99.5
20260915,520081,100,100.0
20260915,520086,2159,100.0
20260915,520111,1618,55.43
20260915,520113,3145,77.9
20260915,520119,2801,94.31
20260915,520121,1440,100.0
20260915,520123,1089,84.03
20260915,520127,3745,100.0
20260915,520141,920,82.14
20260915,520151,1410,100.0
20260915,520155,4504,99.91
20260915,521005,6295211,72.47
20260915,521016,10176,59.51
20260915,521018,1071,96.23
20260915,521034,431,89.6
20260915,521036,166,100.0
20260915,521054,114,100.0
20260915,521062,1864,62.17
20260915,521064,360882,70.63
20260915,521068,12000,100.0
20260915,521070,703472,53.34
20260915,521080,2067,88.94
20260915,521082,16,100.0
20260915,521097,460,77.97
20260915,521105,788,65.67
20260915,521109,622,92.28
20260915,521113,5128,78.87
20260915,521137,5815,100.0
20260915,521141,108,71.05
20260915,521149,2615,99.02
20260915,521151,10,100.0
20260915,521161,1008,100.0
20260915,521163,63,91.3
20260915,521167,290487,100.0
20260915,521178,1124,96.81
20260915,521180,18255,100.0
20260915,521188,1318,100.0
20260915,521194,147,88.55
20260915,521200,991,99.5
20260915,521206,16525,100.0
20260915,521216,1047,98.49
20260915,521220,100,100.0
20260915,521226,1133,97.76
20260915,521228,50096,75.5
20260915,521232,200,100.0
20260915,521234,949,66.88
20260915,521238,137656,47.27
20260915,521242,1,100.0
20260915,521244,51,83.61
20260915,521246,30610,84.77
20260915,521248,23196,66.94
20260915,522001,3143,100.0
20260915,522004,4323,93.71
20260915,522005,1542,93.12
20260915,522014,5216,70.0
20260915,522017,3316,80.43
20260915,522027,392,100.0
20260915,522029,12419,75.93
20260915,522034,4249,66.9
20260915,522036,110,100.0
20260915,522064,156,76.85
20260915,522073,1026,100.0
20260915,522074,39351,56.14
20260915,522091,13098,86.44
20260915,522101,6197,37.77
20260915,522105,32346,100.0
20260915,522108,1586,67.26
20260915,522113,749,50.95
20260915,522122,32,88.89
20260915,522134,33326,84.04
20260915,522152,2166,76.24
20260915,522163,261004,100.0
20260915,522165,2169,68.21
20260915,522171,110,100.0
20260915,522183,147,96.08
20260915,522195,1316,65.9
20260915,522205,25698,51.37
20260915,522207,277,100.0
20260915,522209,166,62.41
20260915,522215,18967,46.28
20260915,522217,135,18.19
20260915,522229,2326,55.08
20260915,522231,2988,74.55
20260915,522235,6566,100.0
20260915,522237,154,85.56
20260915,522241,3631,64.29
20260915,522245,866,100.0
20260915,522249,5974,53.46
20260915,522251,2824,67.66
20260915,522257,34930,100.0
20260915,522261,2090,67.44
20260915,522267,30,100.0
20260915,522273,1198,47.13
20260915,522275,15381,44.14
20260915,522281,8497,52.55
20260915,522285,64122,54.7
20260915,522287,6583,63.44
20260915,522289,7537,94.88
20260915,522292,920,100.0
20260915,522294,8856,95.55
20260915,522295,2290,77.42
20260915,522650,3482,74.09
20260915,523007,13843,65.89
20260915,523011,83,100.0
20260915,523019,23535,78.78
20260915,523021,1720,97.34
20260915,523023,608,96.97
20260915,523025,2002,55.38
20260915,523100,2049,98.41
20260915,523105,2977980,100.0
20260915,523116,10,100.0
20260915,523120,9654,100.0
20260915,523127,3712,91.63
20260915,523144,7115,99.86
20260915,523151,926,100.0
20260915,523160,6904,67.15
20260915,523186,24,66.67
20260915,523204,1023,100.0
20260915,523207,1035,76.22
20260915,523222,4171,100.0
20260915,523229,4086,62.0
20260915,523232,22,100.0
20260915,523242,15200,100.0
20260915,523248,572,96.62
20260915,523260,139,100.0
20260915,523261,4946,51.47
20260915,523269,4434,89.5
20260915,523277,1192792,47.17
20260915,523283,1231,97.85
20260915,523289,352,99.72
20260915,523301,238,71.04
20260915,523309,5884,57.9
20260915,523319,19249,80.52
20260915,523323,2376,81.06
20260915,523329,388,100.0
20260915,523367,4790,90.39
20260915,523369,13319,62.29
20260915,523371,11949,63.25
20260915,523373,73781,54.0
20260915,523384,30,100.0
20260915,523385,1338,55.98
20260915,523387,160610,81.6
20260915,523391,411,85.8
20260915,523395,55,84.62
20260915,523398,591,50.6
20260915,523405,143075,54.9
20260915,523411,231,100.0
20260915,523419,3766,92.74
20260915,523425,11806,100.0
20260915,523445,1585,66.82
20260915,523449,22477,100.0
20260915,523457,729,62.04
20260915,523465,452,100.0
20260915,523467,123839,100.0
20260915,523475,663,82.36
20260915,523489,739,72.24
20260915,523519,72,100.0
20260915,523537,16626,94.22
20260915,523539,18397,52.3
20260915,523550,2194,99.95
20260915,523558,15796,100.0
20260915,523566,206,100.0
20260915,523574,1,100.0
20260915,523586,4708,87.35
20260915,523594,1010,99.41
20260915,523598,57850,54.61
20260915,523606,8905,53.35
20260915,523610,5399,72.84
20260915,523618,3088,71.53
20260915,523620,876,100.0
20260915,523630,37623,55.7
20260915,523638,601,94.65
20260915,523642,5064,37.65
20260915,523648,2253,75.91
20260915,523650,1585,77.51
20260915,523652,72,100.0
20260915,523660,1848,60.83
20260915,523672,546,74.59
20260915,523676,4123,90.76
20260915,523694,5411,72.06
20260915,523696,5003,76.43
20260915,523704,9322,45.8
20260915,523708,1830,64.1
20260915,523710,1467,100.0
20260915,523712,222,100.0
20260915,523716,1998,88.6
20260915,523722,27208,96.0
20260915,523732,5963,100.0
20260915,523736,1476,72.6
20260915,523752,57493,100.0
20260915,523754,695,89.79
20260915,523782,39717,89.61
20260915,523792,1138,100.0
20260915,523796,5234,100.0
20260915,523826,2199,54.3
20260915,523828,7648,100.0
20260915,523832,505,99.61
20260915,523836,25,100.0
20260915,523838,3059,73.36
20260915,523840,1794,99.94
20260915,523842,6816,100.0
20260915,523844,2701,99.67
20260915,523850,2781,77.23
20260915,523862,1418,63.67
20260915,523874,12539,100.0
20260915,523888,44,100.0
20260915,523896,70,100.0
20260915,524000,28444,56.8
20260915,524019,790,56.43
20260915,524037,2809,82.64
20260915,524038,589,100.0
20260915,524051,1289,68.45
20260915,524075,702,93.6
20260915,524080,2183,99.36
20260915,524091,1188,57.34
20260915,524109,19293,61.28
20260915,524129,375,97.66
20260915,524136,1187,100.0
20260915,524156,294,86.73
20260915,524164,202605,47.56
20260915,524174,28435,67.04
20260915,524200,8593,72.48
20260915,524202,2472,95.0
20260915,524204,3,100.0
20260915,524208,16982,48.0
20260915,524210,44,54.32
20260915,524212,14572,54.22
20260915,524218,18526,100.0
20260915,524226,18297,60.91
20260915,524230,36138,69.71
20260915,524238,147270,100.0
20260915,524280,262431,38.44
20260915,524288,1686,85.54
20260915,524314,13,100.0
20260915,524322,58942,71.97
20260915,524324,3600,100.0
20260915,524330,4077,94.14
20260915,524332,27690,65.21
20260915,524336,45088,100.0
20260915,524342,2070,54.95
20260915,524348,7263,85.48
20260915,524370,159876,51.08
20260915,524372,3048,55.91
20260915,524394,9138,88.02
20260915,524396,2998,73.73
20260915,524404,60256,41.45
20260915,524408,1093,100.0
20260915,524412,3701,86.23
20260915,524414,745,100.0
20260915,524434,8498,69.11
20260915,524440,3443,93.76
20260915,524444,16678558,100.0
20260915,524470,316938,55.91
20260915,524480,732,84.43
20260915,524488,57085,73.58
20260915,524494,115778,93.97
20260915,524500,1049,100.0
20260915,524502,1435,100.0
20260915,524504,500,100.0
20260915,524506,1705,100.0
20260915,524514,500,100.0
20260915,524516,131159,93.63
20260915,524518,215,81.13
20260915,524520,27993,50.25
20260915,524522,2889,85.15
20260915,524534,1176,77.88
20260915,524542,215,85.32
20260915,524548,5,100.0
20260915,524558,1641,57.58
20260915,524564,1576,79.4
20260915,524570,219,75.0
20260915,524572,3392,87.36
20260915,524576,16654,63.57
20260915,524580,131,100.0
20260915,524582,168,75.0
20260915,524590,11178,100.0
20260915,524592,38118,100.0
20260915,524594,2058,68.21
20260915,524598,2266,100.0
20260915,524602,4150,66.94
20260915,524604,5800,100.0
20260915,524606,1530,96.17
20260915,524614,13681,90.13
20260915,524622,28755,82.84
20260915,524624,5850,92.98
20260915,524628,303,100.0
20260915,524632,175919,76.14
20260915,524634,554,97.19
20260915,524636,10477,100.0
20260915,524640,15379,100.0
20260915,524648,8247,100.0
20260915,524654,1110,100.0
20260915,524661,3387292,65.13
20260915,524663,5796,85.24
20260915,524667,11718,62.33
20260915,524669,662,91.56
20260915,524675,625,95.57
20260915,524687,10454,79.42
20260915,524703,1352,96.78
20260915,524709,31645,68.37
20260915,524711,6367,99.92
20260915,524715,20408,48.42
20260915,524717,12014,75.96
20260915,524723,1241,100.0
20260915,524727,300,100.0
20260915,524731,545,81.1
20260915,524735,35472,52.43
20260915,524742,4837,51.57
20260915,524743,13241,79.07
20260915,524748,266,96.38
20260915,524752,1254,100.0
20260915,524768,1018,86.86
20260915,524774,1342,89.59
20260915,524790,2463,82.43
20260915,524804,4161,50.46
20260915,524808,10418,96.76
20260915,524816,84940,81.86
20260915,524818,323,91.24
20260915,524820,109898,92.54
20260915,524824,4413,59.43
20260915,524828,260,75.58
20260915,526001,3176,91.32
20260915,526025,21354,85.9
20260915,526027,3595,72.6
20260915,526043,1214,62.19
20260915,526071,1424,100.0
20260915,526073,6471,100.0
20260915,526075,1358,100.0
20260915,526081,742,100.0
20260915,526095,1022,100.0
20260915,526113,52,100.0
20260915,526115,1095,100.0
20260915,526117,140,46.67
20260915,526133,1483,100.0
20260915,526137,220,98.65
20260915,526139,12489,71.7
20260915,526143,2917,100.0
20260915,526159,3840,71.78
20260915,526161,410,100.0
20260915,526169,1923,72.32
20260915,526173,23320,63.05
20260915,526179,512,90.78
20260915,526187,1001,100.0
20260915,526193,26578,82.65
20260915,526211,2837,78.15
20260915,526217,101,100.0
20260915,526227,429064,53.63
20260915,526231,3569,100.0
20260915,526237,459,88.1
20260915,526241,6206,100.0
20260915,526247,6663,64.87
20260915,526251,152,100.0
20260915,526263,3805,100.0
20260915,526269,8831,66.4
20260915,526299,17263,37.75
20260915,526315,2811,100.0
20260915,526325,26,100.0
20260915,526331,90,100.0
20260915,526335,11059,64.23
20260915,526345,1416,99.09
20260915,526355,591,93.36
20260915,526365,740,67.58
20260915,526367,1210,61.23
20260915,526371,613035,64.73
20260915,526373,12,100.0
20260915,526381,2857,100.0
20260915,526397,899,100.0
20260915,526407,7217,87.83
20260915,526409,18254,93.8
20260915,526415,153208,84.58
20260915,526423,283,75.27
20260915,526433,39428,53.02
20260915,526435,145,99.32
20260915,526439,10,100.0
20260915,526441,20753,88.95
20260915,526443,83202,68.63
20260915,526445,144153,75.2
20260915,526468,29,100.0
20260915,526471,2664,79.81
20260915,526473,22769,67.6
20260915,526479,1435,81.72
20260915,526481,138,85.19
20260915,526488,1579,99.94
20260915,526490,6974,67.77
20260915,526492,5709,83.55
20260915,526494,1379,100.0
20260915,526504,55851,100.0
20260915,526506,10692,100.0
20260915,526508,418,63.62
20260915,526519,42,100.0
20260915,526530,16026,100.0
20260915,526532,2571,89.71
20260915,526544,25208,61.38
20260915,526546,26704,99.44
20260915,526550,6014,90.25
20260915,526554,5,100.0
20260915,526570,1257,59.29
20260915,526582,5377,81.35
20260915,526588,801,100.0
20260915,526596,1596,97.38
20260915,526604,13482,100.0
20260915,526608,774,81.3
20260915,526612,3222,86.8
20260915,526614,19315,100.0
20260915,526616,2096,90.97
20260915,526622,1270111,79.45
20260915,526638,19226,78.81
20260915,526640,1197,99.5
20260915,526642,16823,67.24
20260915,526650,135168,43.76
20260915,526666,497,76.11
20260915,526668,2951,80.1
20260915,526675,483,100.0
20260915,526677,4051,99.7
20260915,526683,201,100.0
20260915,526703,334,88.36
20260915,526705,36,80.0
20260915,526709,35076,78.54
20260915,526711,556,100.0
20260915,526717,7837,100.0
20260915,526721,535,99.63
20260915,526723,2261,81.89
20260915,526725,5,35.71
20260915,526727,380,85.78
20260915,526729,15053,42.54
20260915,526731,628,88.95
20260915,526739,1773,74.12
20260915,526747,8266,94.32
20260915,526751,2075,75.32
20260915,526755,5162,100.0
20260915,526775,9380,73.03
20260915,526783,279,73.23
20260915,526797,4066,78.75
20260915,526807,1928,56.0
20260915,526813,1,100.0
20260915,526817,82,82.0
20260915,526821,95,100.0
20260915,526823,1,100.0
20260915,526827,33587,100.0
20260915,526829,118718,50.36
20260915,526839,706,87.59
20260915,526841,171334,77.9
20260915,526847,392,67.7
20260915,526849,304,99.02
20260915,526851,591,100.0
20260915,526853,76552,100.0
20260915,526859,3639,100.0
20260915,526861,3451,70.85
20260915,526865,10,100.0
20260915,526869,1151,99.57
20260915,526871,5682,88.49
20260915,526873,29248,99.34
20260915,526877,549,100.0
20260915,526881,7098,53.16
20260915,526883,175,100.0
20260915,526885,4125,69.08
20260915,526887,10,100.0
20260915,526891,105,100.0
20260915,526899,27203,85.43
20260915,526901,7301,85.82
20260915,526905,84,100.0
20260915,526921,2560,100.0
20260915,526931,88,73.95
20260915,526935,2292801,89.93
20260915,526941,200,100.0
20260915,526945,39,100.0
20260915,526947,7491,52.6
20260915,526951,1422,84.24
20260915,526953,4773,100.0
20260915,526961,19147,86.83
20260915,526965,891,74.0
20260915,526967,50,100.0
20260915,526971,3342,100.0
20260915,526983,1000,100.0
20260915,526987,130971,81.24
20260915,527001,12431,64.33
20260915,527005,4541,88.45
20260915,530001,10319,73.42
20260915,530005,1876,62.47
20260915,530007,40418,65.7
20260915,530017,4900,98.53
20260915,530019,7415,52.95
20260915,530023,24,72.73
20260915,530025,6587,97.02
20260915,530027,1040,100.0
20260915,530037,1211,100.0
20260915,530043,884,71.46
20260915,530045,2339,8.23
20260915,530053,3624,80.14
20260915,530055,146,100.0
20260915,530057,18746,97.96
20260915,530063,2982,100.0
20260915,530065,583,100.0
20260915,530067,1334,56.72
20260915,530073,26673,62.46
20260915,530075,35634,38.18
20260915,530077,3749,83.02
20260915,530079,1221,91.94
20260915,530109,88547,83.91
20260915,530111,1123,100.0
20260915,530117,2762,54.21
20260915,530119,1871,95.31
20260915,530125,372,89.0
20260915,530127,1394,87.34
20260915,530129,152,88.37
20260915,530133,661,99.1
20260915,530135,60747,48.79
20260915,530139,5520,100.0
20260915,530141,217,100.0
20260915,530145,23617,100.0
20260915,530151,14426,100.0
20260915,530163,8931,90.52
20260915,530167,243,100.0
20260915,530169,655,94.93
20260915,530171,49,90.74
20260915,530173,4602,100.0
20260915,530175,897,72.69
20260915,530177,2724,100.0
20260915,530179,550,100.0
20260915,530185,45387,72.06
20260915,530187,115954,100.0
20260915,530197,196,66.22
20260915,530199,2938,48.92
20260915,530201,29300,100.0
20260915,530207,1104,100.0
20260915,530213,393,100.0
20260915,530215,36159,77.0
20260915,530217,7389,55.39
20260915,530231,24,100.0
20260915,530233,2137,71.52
20260915,530235,578,100.0
20260915,530239,27424,50.22
20260915,530245,50,100.0
20260915,530249,460798,62.47
20260915,530251,65045,88.39
20260915,530253,34517,100.0
20260915,530255,9718,86.33
20260915,530259,9598,100.0
20260915,530263,142769,96.47
20260915,530265,44213,61.84
20260915,530267,5511,98.31
20260915,530271,3,100.0
20260915,530281,5496,100.0
20260915,530289,2951,77.05
20260915,530291,690,100.0
20260915,530299,952,100.0
20260915,530305,10366,56.93
20260915,530307,3295,74.03
20260915,530309,20949,78.69
20260915,530313,129,71.27
20260915,530315,4792,67.0
20260915,530317,7857,80.73
20260915,530331,570,96.61
20260915,530343,47438,60.51
20260915,530355,29248,59.8
20260915,530357,13624,62.83
20260915,530361,18603,100.0
20260915,530363,32543,45.31
20260915,530365,1032,70.83
20260915,530367,24637,64.28
20260915,530369,1709,99.77
20260915,530377,20840,95.52
20260915,530393,103,100.0
20260915,530401,3486,98.59
20260915,530405,2572,73.4
20260915,530407,1273,96.22
20260915,530419,11864,88.94
20260915,530421,33,50.0
20260915,530427,3018,86.5
20260915,530429,57,100.0
20260915,530433,305,70.6
20260915,530439,6244,96.91
20260915,530443,5000,100.0
20260915,530445,3539,68.2
20260915,530449,208,74.82
20260915,530457,18742,78.74
20260915,530459,15,100.0
20260915,530461,19056,96.45
20260915,530469,24,100.0
20260915,530475,20892,82.89
20260915,530477,42515,100.0
20260915,530495,833,90.84
20260915,530499,539,97.47
20260915,530517,5300,55.06
20260915,530521,54,61.36
20260915,530525,184772,100.0
20260915,530533,182,100.0
20260915,530545,306,57.84
20260915,530547,32767,100.0
20260915,530549,36802,57.43
20260915,530555,63535,77.07
20260915,530557,389551,100.0
20260915,530565,20,100.0
20260915,530577,5056,72.21
20260915,530579,8150,100.0
20260915,530581,5010,100.0
20260915,530585,12505,100.0
20260915,530589,5262,71.67
20260915,530595,16093,100.0
20260915,530601,121,100.0
20260915,530609,1163,100.0
20260915,530611,49063,100.0
20260915,530615,63916,49.53
20260915,530617,97462,80.19
20260915,530621,5408,100.0
20260915,530627,3799,93.94
20260915,530643,3589,76.2
20260915,530655,20600,48.04
20260915,530663,2667,79.23
20260915,530665,21018,94.23
20260915,530675,2366,84.23
20260915,530677,9815,61.34
20260915,530689,25831,89.83
20260915,530695,9680,87.49
20260915,530697,2946,52.65
20260915,530699,2842,100.0
20260915,530705,474,99.37
20260915,530709,995,100.0
20260915,530711,625,37.52
20260915,530723,1347,59.58
20260915,530733,1,100.0
20260915,530741,11105,100.0
20260915,530745,40078,100.0
20260915,530755,35,100.0
20260915,530757,8,100.0
20260915,530759,604,100.0
20260915,530765,150,74.63
20260915,530771,52,100.0
20260915,530787,132,100.0
20260915,530795,1429,100.0
20260915,530797,20,100.0
20260915,530799,3263,95.24
20260915,530803,7118,100.0
20260915,530805,219325,66.19
20260915,530809,2435,68.73
20260915,530813,10754,48.45
20260915,530821,5675,99.37
20260915,530825,380,100.0
20260915,530829,1563,94.56
20260915,530839,5387,100.0
20260915,530843,1003521,69.28
20260915,530845,1708,81.88
20260915,530853,1194,100.0
20260915,530855,6,60.0
20260915,530871,2850,67.58
20260915,530879,1731,75.95
20260915,530881,72459,92.37
20260915,530883,56180,100.0
20260915,530889,212,100.0
20260915,530897,971,84.36
20260915,530907,19931,100.0
20260915,530919,4488,80.62
20260915,530925,8,100.0
20260915,530927,100,100.0
20260915,530929,15,100.0
20260915,530931,36,100.0
20260915,530943,45931,75.14
20260915,530951,3660,55.59
20260915,530953,51,89.47
20260915,530959,700,76.59
20260915,530961,164411,75.04
20260915,530965,460034,64.22
20260915,530977,20593,99.39
20260915,530979,4018,65.61
20260915,530985,6,100.0
20260915,530991,1184,85.3
20260915,530993,2,100.0
20260915,530997,1311,97.69
20260915,530999,6127,50.95
20260915,531015,2944,74.04
20260915,531017,142,92.81
20260915,531025,316124,44.58
20260915,531029,100,100.0
20260915,531035,3686,100.0
20260915,531041,1,50.0
20260915,531043,500,100.0
20260915,531049,138,100.0
20260915,531051,198,100.0
20260915,531067,1987,97.31
20260915,531069,72,98.63
20260915,531082,29607,75.09
20260915,531083,647,92.83
20260915,531091,5,83.33
20260915,531092,3734,48.37
20260915,531099,27904,100.0
20260915,531109,610,100.0
20260915,531111,300,100.0
20260915,531112,15005,57.27
20260915,531119,132,100.0
20260915,531120,165663,57.54
20260915,531126,40658,99.99
20260915,531127,63051,100.0
20260915,531129,2776,88.41
20260915,531137,68007,81.56
20260915,531144,6724,75.93
20260915,531146,6909,55.26
20260915,531147,552,74.19
20260915,531153,66293,67.28
20260915,531156,26317,100.0
20260915,531157,3384,96.82
20260915,531158,5502,64.75
20260915,531161,384,99.74
20260915,531162,86975,36.89
20260915,531163,441,84.97
20260915,531168,1,100.0
20260915,531169,521,41.75
20260915,531173,20420,58.11
20260915,531176,3676,99.97
20260915,531178,2355,65.24
20260915,531179,1463,61.29
20260915,531191,378,100.0
20260915,531201,922,65.67
20260915,531203,1,100.0
20260915,531205,2697639,41.16
20260915,531207,1100,100.0
20260915,531209,663,85.55
20260915,531210,1793,100.0
20260915,531212,6616,80.24
20260915,531213,131830,56.37
20260915,531215,723,96.66
20260915,531216,14153,93.37
20260915,531219,400,100.0
20260915,531221,1578,100.0
20260915,531223,2852,71.1
20260915,531225,3548,77.08
20260915,531228,2485,100.0
20260915,531233,78206,73.25
20260915,531235,4,100.0
20260915,531237,6113,90.5
20260915,531240,757,100.0
20260915,531241,1525,90.29
20260915,531246,174,100.0
20260915,531253,487,80.23
20260915,531254,6232,92.12
20260915,531255,2,100.0
20260915,531257,17265,62.05
20260915,531259,450,100.0
20260915,531260,1486,100.0
20260915,531262,150,100.0
20260915,531265,10,100.0
20260915,531266,245,74.7
20260915,531268,17495,70.6
20260915,531272,107,100.0
20260915,531273,93929,71.7
20260915,531274,62,100.0
20260915,531278,1324,78.39
20260915,531279,80253,100.0
20260915,531280,11241,100.0
20260915,531281,52453,62.77
20260915,531287,867,68.32
20260915,531288,4,100.0
20260915,531289,44005,100.0
20260915,531297,365,100.0
20260915,531300,146299,100.0
20260915,531301,1,100.0
20260915,531306,862,98.85
20260915,531307,32977,98.96
20260915,531310,4587,81.37
20260915,531319,11632,63.66
20260915,531322,1299,83.81
20260915,531323,2,100.0
20260915,531324,508,100.0
20260915,531328,1232487,59.69
20260915,531334,100,100.0
20260915,531335,9232,48.43
20260915,531338,140,100.0
20260915,531340,2049,99.95
20260915,531341,649,100.0
20260915,531344,35613,66.97
20260915,531346,30,63.83
20260915,531349,5744,79.14
20260915,531352,1703,100.0
20260915,531357,104631,58.18
20260915,531358,3305,67.93
20260915,531359,6115,85.31
20260915,531364,150,100.0
20260915,531370,9489,82.58
20260915,531373,20712,100.0
20260915,531380,100,100.0
20260915,531381,337,71.4
20260915,531387,1605,100.0
20260915,531390,70319,93.49
20260915,531395,698220,100.0
20260915,531397,39,100.0
20260915,531398,3583,89.6
20260915,531399,76791,98.4
20260915,531400,32828,90.12
20260915,531402,5124,71.96
20260915,531406,73,100.0
20260915,531409,1282,100.0
20260915,531411,512529,100.0
20260915,531412,100,100.0
20260915,531416,265,100.0
20260915,531417,32224,76.24
20260915,531420,412,100.0
20260915,531426,6533,80.49
20260915,531431,22467,34.94
20260915,531433,9935,100.0
20260915,531436,575,94.88
20260915,531437,725,64.33
20260915,531439,4895,100.0
20260915,531441,203,100.0
20260915,531449,78772,19.59
20260915,531453,175,91.62
20260915,531454,748,81.66
20260915,531456,3695,100.0
20260915,531458,10,50.0
20260915,531460,1300,100.0
20260915,531463,40,100.0
20260915,531465,87593,100.0
20260915,531471,5874,100.0
20260915,531472,2508,81.35
20260915,531486,53831,100.0
20260915,531489,1653,100.0
20260915,531494,1288206,100.0
20260915,531496,4190,100.0
20260915,531497,4176,100.0
20260915,531499,23052,100.0
20260915,531500,21397,100.0
20260915,531502,130059,87.95
20260915,531503,6240,80.25
20260915,531505,29,100.0
20260915,531506,735,99.19
20260915,531508,7190,49.21
20260915,531509,79,100.0
20260915,531512,575699,87.13
20260915,531515,1570,100.0
20260915,531518,115096,100.0
20260915,531525,32008,100.0
20260915,531529,130660,100.0
20260915,531530,1133,100.0
20260915,531531,9813,20.21
20260915,531533,13898,69.11
20260915,531537,4215,100.0
20260915,531539,2,100.0
20260915,531540,2571,47.25
20260915,531541,607,100.0
20260915,531543,946461,61.97
20260915,531548,2191,62.12
20260915,531550,41511,97.91
20260915,531552,1064,83.45
20260915,531553,120113,100.0
20260915,531556,1265,99.61
20260915,531557,26,100.0
20260915,531569,1051,70.73
20260915,531574,7331,100.0
20260915,531578,140,100.0
20260915,531582,4190,100.0
20260915,531583,1681,98.65
20260915,531591,4888,95.26
20260915,531592,221612,81.8
20260915,531594,2408,100.0
20260915,531595,124125,53.58
20260915,531599,7513,52.0
20260915,531600,13,100.0
20260915,531608,5302,83.03
20260915,531609,52,100.0
20260915,531613,6582,100.0
20260915,531616,1,100.0
20260915,531624,9585,100.0
20260915,531626,93432,100.0
20260915,531628,6765,100.0
20260915,531633,2761,60.56
20260915,531635,379,96.19
20260915,531637,9235,76.53
20260915,531638,25,100.0
20260915,531642,9463,39.88
20260915,531644,251,99.21
20260915,531647,1,100.0
20260915,531651,4,100.0
20260915,531652,356,69.94
20260915,531658,49002,87.42
20260915,531661,5135,100.0
20260915,531663,49739,55.63
20260915,531667,6690,100.0
20260915,531668,1728,100.0
20260915,531671,38446,81.0
20260915,531672,167,100.0
20260915,531673,230,99.57
20260915,531676,1209,100.0
20260915,531680,19780,100.0
20260915,531681,8648,100.0
20260915,531686,1450,100.0
20260915,531688,475,87.0
20260915,531692,106,100.0
20260915,531694,3749,87.8
20260915,531716,23605,100.0
20260915,531717,4621,90.48
20260915,531719,1851,60.95
20260915,531723,239192,100.0
20260915,531726,5420,80.36
20260915,531727,6273,100.0
20260915,531737,171612,82.72
20260915,531739,654775,91.78
20260915,531744,120,100.0
20260915,531746,3245,95.05
20260915,531752,1939298,62.53
20260915,531758,172,76.11
20260915,531761,12749,63.33
20260915,531762,5272,100.0
20260915,531768,1175,48.84
20260915,531769,2285,100.0
20260915,531771,1081,96.17
20260915,531778,1748,100.0
20260915,531779,1076,100.0
20260915,531780,31361,96.26
20260915,531784,161029,64.55
20260915,531795,9280,70.56
20260915,531797,146,100.0
20260915,531802,5774,77.12
20260915,531810,169,89.42
20260915,531812,59088,91.85
20260915,531814,1534,93.88
20260915,531821,39,100.0
20260915,531822,3,75.0
20260915,531832,4774,96.35
20260915,531834,36,100.0
20260915,531840,3386,92.54
20260915,531841,5969,100.0
20260915,531842,1000,99.6
20260915,531845,5893,74.58
20260915,531847,2,100.0
20260915,531859,9005,60.88
20260915,531861,762,100.0
20260915,531862,6856,80.28
20260915,531867,4110,100.0
20260915,531869,58360,84.92
20260915,531870,214,100.0
20260915,531878,548,98.56
20260915,531887,750,100.0
20260915,531888,27096,75.26
20260915,531889,508703,50.61
20260915,531893,738670,68.74
20260915,531900,424,95.28
20260915,531902,611,100.0
20260915,531909,42716,100.0
20260915,531910,755,100.0
20260915,531911,813,100.0
20260915,531913,34872,94.53
20260915,531918,20,100.0
20260915,531921,1850,87.14
20260915,531923,6989,73.64
20260915,531925,10980,94.7
20260915,531929,61,100.0
20260915,531930,100,100.0
20260915,531931,61,100.0
20260915,531936,3000,100.0
20260915,531944,145,100.0
20260915,531950,22515,100.0
20260915,531952,1214,100.0
20260915,531959,56572,85.43
20260915,531960,547,100.0
20260915,531962,720,66.85
20260915,531968,1,100.0
20260915,531971,1,100.0
20260915,531977,38807,100.0
20260915,531978,320,89.39
20260915,531979,1630,89.51
20260915,531980,85,100.0
20260915,531982,5070,83.76
20260915,531991,15944,100.0
20260915,531994,125,100.0
20260915,531996,10121,90.5
20260915,531997,69998,100.0
20260915,532001,130,100.0
20260915,532005,206,99.52
20260915,532011,16875,99.97
20260915,532015,40476,58.22
20260915,532016,425,62.87
20260915,532019,16866,96.47
20260915,532022,445502,53.51
20260915,532029,14580,72.18
20260915,532039,5130,78.89
20260915,532041,4059,100.0
20260915,532042,72,100.0
20260915,532051,433,64.15
20260915,532053,52,98.11
20260915,532054,1112,55.77
20260915,532056,33,97.06
20260915,532057,1,100.0
20260915,532067,2201,58.43
20260915,532070,15745,86.17
20260915,532072,174840,100.0
20260915,532078,101,100.0
20260915,532090,42579,81.93
20260915,532092,192294,99.48
20260915,532100,10252,79.36
20260915,532102,3781,100.0
20260915,532113,7697,100.0
20260915,532123,29735,91.14
20260915,532124,1423,100.0
20260915,532131,10,100.0
20260915,532134,128184,40.54
20260915,532139,1,100.0
20260915,532140,42788,78.93
20260915,532141,449,90.89
20260915,532143,39064,83.29
20260915,532144,63040,39.29
20260915,532145,4580,97.84
20260915,532149,84791,59.88
20260915,532150,7084,66.27
20260915,532154,403560,57.58
20260915,532155,139319,59.37
20260915,532156,9548,65.53
20260915,532159,7401,100.0
20260915,532160,5031,86.44
20260915,532162,11571,58.01
20260915,532163,21681,72.75
20260915,532164,2828,100.0
20260915,532167,7837,99.99
20260915,532172,3055,89.25
20260915,532173,1940,100.0
20260915,532174,147634,65.98
20260915,532175,11527,32.76
20260915,532178,169453,54.05
20260915,532180,55387,80.25
20260915,532181,22231,60.67
20260915,532183,21080,70.23
20260915,532187,14099,50.8
20260915,532189,5988,44.33
20260915,532209,126185,64.85
20260915,532210,18034,34.71
20260915,532212,1150,98.88
20260915,532215,54601,57.09
20260915,532216,250,100.0
20260915,532217,3689,100.0
20260915,532218,597105,58.24
20260915,532219,9502,87.23
20260915,532221,98158,38.2
20260915,532230,14,87.5
20260915,532234,122055,50.24
20260915,532240,8298,75.09
20260915,532256,28,63.64
20260915,532259,4410,58.67
20260915,532262,2,66.67
20260915,532268,190,76.0
20260915,532271,84733,73.89
20260915,532275,66004,72.74
20260915,532281,199737,45.21
20260915,532284,211,45.18
20260915,532285,26273,79.89
20260915,532286,5025,43.24
20260915,532290,9133,74.57
20260915,532296,4464,50.26
20260915,532300,53833,44.29
20260915,532303,61,100.0
20260915,532304,212,100.0
20260915,532305,38133,78.8
20260915,532309,22015,86.89
20260915,532310,8195,53.97
20260915,532313,5464,81.88
20260915,532315,26523,83.63
20260915,532320,387,82.87
20260915,532321,10298,42.3
20260915,532323,23809,79.4
20260915,532324,1404,99.79
20260915,532326,1192,99.25
20260915,532329,8342,100.0
20260915,532331,1498,49.7
20260915,532332,55,100.0
20260915,532333,429,99.77
20260915,532334,123,66.13
20260915,532335,2694,90.83
20260915,532339,2345,99.96
20260915,532340,766,100.0
20260915,532341,7612,61.29
20260915,532343,70162,86.99
20260915,532344,67,50.38
20260915,532348,1223470,43.12
20260915,532349,710,77.6
20260915,532350,2582,100.0
20260915,532351,96918,100.0
20260915,532354,21816,100.0
20260915,532355,444,100.0
20260915,532356,48282,71.05
20260915,532357,40,100.0
20260915,532359,49767,82.64
20260915,532362,1118,94.91
20260915,532365,1377,56.0
20260915,532366,16554,77.34
20260915,532368,715323,48.89
20260915,532369,5502,72.32
20260915,532370,3563,52.93
20260915,532371,223370,56.81
20260915,532372,10052,85.42
20260915,532373,6394,73.48
20260915,532374,265381,100.0
20260915,532375,6384,54.46
20260915,532376,1495,88.2
20260915,532378,188,100.0
20260915,532379,20694,98.55
20260915,532380,81028,92.67
20260915,532382,29912,56.77
20260915,532384,1374,75.12
20260915,532386,100545,100.0
20260915,532387,562,90.94
20260915,532388,180939,62.61
20260915,532390,5019,71.26
20260915,532392,2257,100.0
20260915,532395,5153,54.33
20260915,532397,584,100.0
20260915,532398,10160,92.46
20260915,532400,257805,40.23
20260915,532402,3737,100.0
20260915,532403,314,100.0
20260915,532404,2036,93.87
20260915,532406,157567,74.72
20260915,532407,77710,61.75
20260915,532408,37790,100.0
20260915,532410,5,100.0
20260915,532413,92603,100.0
20260915,532416,2602,97.75
20260915,532419,2793,100.0
20260915,532424,71272,70.61
20260915,532425,16073,100.0
20260915,532430,1883,70.87
20260915,532432,6601,57.05
20260915,532435,1759,100.0
20260915,532439,21100,41.61
20260915,532440,1674,66.3
20260915,532443,113,61.08
20260915,532444,10431,85.97
20260915,532454,90283,73.91
20260915,532455,1528,91.33
20260915,532456,3639,100.0
20260915,532457,4577,54.45
20260915,532460,2323,81.0
20260915,532461,165069,53.0
20260915,532466,6061,61.22
20260915,532467,41094,73.91
20260915,532468,772,73.24
20260915,532475,3722,100.0
20260915,532477,58274,53.93
20260915,532478,1322,47.3
20260915,532481,4269,88.94
20260915,532482,82363,62.04
20260915,532483,204374,50.19
20260915,532485,35071,82.94
20260915,532486,5882,70.38
20260915,532488,9908,64.9
20260915,532493,11482,47.36
20260915,532497,2600,40.04
20260915,532500,20347,69.15
20260915,532503,161,74.88
20260915,532504,26491,91.02
20260915,532505,137619,66.18
20260915,532507,29901,79.71
20260915,532508,8961,58.77
20260915,532509,2875,46.63
20260915,532513,1386,62.83
20260915,532514,35846,55.91
20260915,532515,2274,87.83
20260915,532521,1373,92.9
20260915,532522,15064,52.06
20260915,532523,44381,38.72
20260915,532524,35291,48.0
20260915,532525,297559,57.07
20260915,532527,8871,52.13
20260915,532528,37692,50.86
20260915,532529,1602,74.82
20260915,532531,11353,42.97
20260915,532538,38980,89.84
20260915,532539,13331,59.5
20260915,532540,238739,52.08
20260915,532541,188855,56.2
20260915,532543,13969,100.0
20260915,532548,2125,67.5
20260915,532553,15479,49.94
20260915,532555,157643,64.0
20260915,532604,15430,80.09
20260915,532605,8670,37.09
20260915,532610,145575,66.9
20260915,532612,16513,58.99
20260915,532613,16179,94.66
20260915,532614,6589,100.0
20260915,532616,19147,78.99
20260915,532624,2894,81.45
20260915,532626,51515,64.64
20260915,532627,1018539,59.15
20260915,532628,195202,100.0
20260915,532629,8,100.0
20260915,532630,7647,51.05
20260915,532633,289,95.7
20260915,532636,34928,40.22
20260915,532637,15982,78.22
20260915,532638,28586,34.59
20260915,532640,3040,100.0
20260915,532641,75444,71.1
20260915,532642,53356,99.55
20260915,532644,706,83.95
20260915,532645,2628,100.0
20260915,532648,2214669,49.02
20260915,532649,37614,92.02
20260915,532650,39254,75.68
20260915,532651,1653,100.0
20260915,532652,43797,27.22
20260915,532654,31551,73.23
20260915,532656,79110,100.0
20260915,532661,3799,66.49
20260915,532662,25848,96.57
20260915,532663,2603,68.88
20260915,532665,180,100.0
20260915,532666,194944,49.25
20260915,532667,2504982,54.89
20260915,532668,7509,45.66
20260915,532670,406676,50.73
20260915,532673,13124,76.53
20260915,532674,2527,100.0
20260915,532676,1338,100.0
20260915,532683,917,61.3
20260915,532684,9423,80.23
20260915,532686,6138,53.23
20260915,532687,1959,96.41
20260915,532689,22516,52.65
20260915,532694,11368,100.0
20260915,532695,1554,92.5
20260915,532696,12375,100.0
20260915,532698,7022,66.52
20260915,532699,503,89.03
20260915,532700,559,96.21
20260915,532701,19251,100.0
20260915,532705,9446,70.15
20260915,532707,1013,84.14
20260915,532708,890932,100.0
20260915,532710,65079,92.1
20260915,532712,1704091,100.0
20260915,532713,146146,79.25
20260915,532714,150211,50.05
20260915,532716,1508,99.54
20260915,532717,1157,67.82
20260915,532719,23101,76.67
20260915,532720,45697,53.41
20260915,532721,3036,50.28
20260915,532722,14703,55.89
20260915,532725,38922,34.06
20260915,532726,4813,70.14
20260915,532728,731,97.99
20260915,532729,10679,61.71
20260915,532730,1850,100.0
20260915,532732,1287,72.51
20260915,532733,23166,78.81
20260915,532734,80287,47.93
20260915,532735,10465,52.94
20260915,532737,4039,85.43
20260915,532738,26030,100.0
20260915,532740,1455,64.52
20260915,532741,41615,100.0
20260915,532742,1732,58.26
20260915,532744,271,91.55
20260915,532748,18288,33.64
20260915,532749,272278,56.54
20260915,532754,273121,58.26
20260915,532755,70441,48.78
20260915,532756,6182,63.83
20260915,532757,736,59.79
20260915,532759,1818,94.59
20260915,532761,432,98.63
20260915,532762,27789,59.27
20260915,532764,31,100.0
20260915,532767,374573,60.27
20260915,532768,4727,83.09
20260915,532771,11669,84.36
20260915,532772,39060,58.69
20260915,532773,834,84.76
20260915,532774,457,95.01
20260915,532775,2718409,46.8
20260915,532776,14316,98.26
20260915,532777,114254,65.94
20260915,532779,19650,62.93
20260915,532780,34858,100.0
20260915,532782,3768,100.0
20260915,532783,12153,44.24
20260915,532784,2991,49.22
20260915,532785,2539,94.74
20260915,532790,27373,50.42
20260915,532794,97132,72.61
20260915,532795,58845,100.0
20260915,532796,5353,60.15
20260915,532797,6750,77.65
20260915,532798,162757,53.49
20260915,532799,12971,63.56
20260915,532801,367,100.0
20260915,532804,1029,77.6
20260915,532805,97992,42.01
20260915,532806,3485,100.0
20260915,532807,3138,95.15
20260915,532808,2819,63.12
20260915,532809,498630,35.19
20260915,532810,211864,61.17
20260915,532811,1198,37.26
20260915,532812,653,90.32
20260915,532814,5297,38.12
20260915,532815,188084,67.29
20260915,532817,8709,95.96
20260915,532820,820,78.02
20260915,532822,7651274,48.18
20260915,532825,12,100.0
20260915,532826,2558,100.0
20260915,532827,290,63.6
20260915,532828,60946,63.08
20260915,532829,1600,14.37
20260915,532830,11169,52.03
20260915,532832,225885,81.83
20260915,532834,33550,61.39
20260915,532835,1597,88.38
20260915,532839,1042366,76.97
20260915,532841,1789,67.05
20260915,532842,2247,71.58
20260915,532843,6464,33.94
20260915,532845,1166,98.9
20260915,532847,11290,77.02
20260915,532848,50504,58.12
20260915,532850,14744,100.0
20260915,532851,633,80.43
20260915,532853,1474,100.0
20260915,532855,536,100.0
20260915,532856,83647,67.07
20260915,532859,457,75.66
20260915,532864,6089,87.99
20260915,532866,35751,100.0
20260915,532867,45448,63.34
20260915,532868,27153,43.74
20260915,532869,2068,81.39
20260915,532870,56414,100.0
20260915,532872,35743,62.83
20260915,532873,55171,100.0
20260915,532875,12894,74.59
20260915,532878,837,96.32
20260915,532880,28491,57.79
20260915,532884,6358,65.02
20260915,532885,350573,42.29
20260915,532886,112,100.0
20260915,532887,11453,100.0
20260915,532888,49399,59.32
20260915,532889,10450,63.66
20260915,532890,26261,92.59
20260915,532891,9922,46.6
20260915,532892,45381,70.45
20260915,532893,105071,70.17
20260915,532894,11902,94.31
20260915,532895,25390,77.84
20260915,532896,4520,98.15
20260915,532898,155019,54.97
20260915,532899,2712,65.71
20260915,532900,554116,53.01
20260915,532902,22181,94.81
20260915,532904,6572,92.25
20260915,532906,4659,62.04
20260915,532907,352,100.0
20260915,532911,455780,100.0
20260915,532915,15928,55.41
20260915,532916,7322,85.65
20260915,532918,9810,73.49
20260915,532921,52946,61.33
20260915,532922,97613,34.27
20260915,532923,18389,41.33
20260915,532924,2872,65.5
20260915,532925,1,100.0
20260915,532926,12167,54.75
20260915,532927,4376,36.87
20260915,532928,42866,54.12
20260915,532929,13560,59.27
20260915,532930,2462,100.0
20260915,532931,4670,100.0
20260915,532932,2742,78.43
20260915,532933,1848,84.19
20260915,532934,1895,100.0
20260915,532935,1074,100.0
20260915,532937,16275,68.84
20260915,532939,1404605,64.66
20260915,532940,4052,72.22
20260915,532941,9466,59.94
20260915,532942,51425,60.1
20260915,532944,28968,100.0
20260915,532945,578367,70.25
20260915,532946,8305,87.17
20260915,532947,567851,61.82
20260915,532951,5023,90.95
20260915,532952,59,92.19
20260915,532953,5581,55.7
20260915,532955,164012,64.34
20260915,532957,13518,91.15
20260915,532966,28237,57.42
20260915,532967,6835,36.21
20260915,532974,2345,98.16
20260915,532975,12818,100.0
20260915,532976,24229,66.87
20260915,532977,2685,58.15
20260915,532978,17814,72.99
20260915,532980,18384,79.71
20260915,532983,732,37.91
20260915,532985,1737,87.11
20260915,532986,5166,97.77
20260915,532989,2401,100.0
20260915,532992,2123,100.0
20260915,532993,240,71.43
20260915,532994,1434,69.61
20260915,532998,4114,94.14
20260915,533001,1945,99.95
20260915,533006,29709,100.0
20260915,533007,82157,100.0
20260915,533012,1988,63.86
20260915,533014,1750,100.0
20260915,533018,1,100.0
20260915,533019,1,100.0
20260915,533022,6425,67.6
20260915,533023,21559,88.2
20260915,533029,554,74.26
20260915,533033,1134,62.83
20260915,533047,1814,53.26
20260915,533048,334856,100.0
20260915,533056,18033,51.09
20260915,533080,5113,75.51
20260915,533088,5567,73.28
20260915,533090,423298,75.36
20260915,533093,53,100.0
20260915,533095,304,87.11
20260915,533096,502822,55.71
20260915,533098,990313,86.12
20260915,533100,18143,96.6
20260915,533101,123,54.91
20260915,533104,3734,64.98
20260915,533106,34638,48.61
20260915,533107,1197,100.0
20260915,533108,1282,100.0
20260915,533110,4,100.0
20260915,533121,2319,72.86
20260915,533122,1073398,60.04
20260915,533137,9083,75.73
20260915,533138,867,55.29
20260915,533146,7167,69.89
20260915,533148,19522,47.61
20260915,533149,12191,62.47
20260915,533150,14298,46.31
20260915,533151,5816,81.4
20260915,533152,2851,82.57
20260915,533155,15810,51.54
20260915,533156,13391,76.2
20260915,533158,5945,57.31
20260915,533160,46994,56.95
20260915,533161,168,100.0
20260915,533162,125191,66.44
20260915,533164,42033,53.23
20260915,533166,18427,80.24
20260915,533167,6461,83.02
20260915,533168,5173,74.73
20260915,533169,65515,61.4
20260915,533170,2710,100.0
20260915,533172,2747,73.71
20260915,533177,17102,100.0
20260915,533179,20695,37.37
20260915,533181,782,74.19
20260915,533192,11740,100.0
20260915,533193,5107,58.41
20260915,533202,32833,66.37
20260915,533203,7403,99.12
20260915,533206,82309,64.91
20260915,533208,1783,100.0
20260915,533210,3050,85.34
20260915,533217,1210,100.0
20260915,533218,17129,99.96
20260915,533227,351,100.0
20260915,533229,15636,49.68
20260915,533230,62919,50.15
20260915,533239,33517,84.1
20260915,533244,123978,57.15
20260915,533248,98264,52.36
20260915,533252,100,100.0
20260915,533257,2881,76.26
20260915,533259,1,20.0
20260915,533260,6187,92.97
20260915,533262,2023,74.1
20260915,533263,201216,71.22
20260915,533267,2396,66.01
20260915,533268,53,100.0
20260915,533269,20510,50.38
20260915,533270,19,100.0
20260915,533271,58928,78.39
20260915,533272,30030,53.59
20260915,533273,6069,45.24
20260915,533274,12996,47.63
20260915,533275,98021,80.96
20260915,533278,528286,83.27
20260915,533282,4190,43.37
20260915,533284,4504,84.12
20260915,533285,19196,82.98
20260915,533286,44853,68.45
20260915,533287,70312,81.62
20260915,533289,615,99.19
20260915,533292,10261,94.29
20260915,533293,153758,90.43
20260915,533294,271,100.0
20260915,533295,45034,60.2
20260915,533296,4409,81.53
20260915,533298,2538,83.43
20260915,533301,258251,100.0
20260915,533302,68,98.55
20260915,533303,7218,93.85
20260915,533306,284,96.6
20260915,533315,107235,100.0
20260915,533316,298,97.07
20260915,533326,95855,59.02
20260915,533329,1485,99.33
20260915,533333,1120896,45.45
20260915,533339,45449,57.19
20260915,533343,1336,48.63
20260915,533344,24863,66.78
20260915,533385,64600,59.52
20260915,533398,17628,58.88
20260915,533407,26268,100.0
20260915,533408,10460,68.07
20260915,533427,26137,76.81
20260915,533451,175,100.0
20260915,533452,13117,100.0
20260915,533470,17758,87.73
20260915,533477,335,85.9
20260915,533482,13069,91.44
20260915,533499,1121,100.0
20260915,533506,54549,88.57
20260915,533519,115301,54.94
20260915,533520,100031,100.0
20260915,533540,9695,70.81
20260915,533543,3307,80.11
20260915,533552,4908,91.19
20260915,533553,160725,52.9
20260915,533570,19552,65.35
20260915,533573,7277,64.32
20260915,533576,2760,92.59
20260915,533581,32690,53.63
20260915,533602,157095,79.84
20260915,533605,5344,100.0
20260915,533608,2615,69.09
20260915,533629,18398,100.0
20260915,533632,1636,100.0
20260915,533638,23022,100.0
20260915,533644,27277,68.09
20260915,533655,49469,53.94
20260915,533676,37617,100.0
20260915,533704,18109,94.31
20260915,533719,9120,60.38
20260915,533758,5138,46.18
20260915,533761,5493,74.32
20260915,533896,110,99.1
20260915,533941,1845,74.76
20260915,533982,2176,83.18
20260915,534060,297527,72.96
20260915,534063,105,100.0
20260915,534064,841636,100.0
20260915,534076,7362,79.06
20260915,534091,156818,71.13
20260915,534139,121269,90.05
20260915,534190,1214,100.0
20260915,534309,366531,53.84
20260915,534312,584,100.0
20260915,534328,300,50.0
20260915,534338,20,100.0
20260915,534369,53445,45.74
20260915,534392,15716,69.45
20260915,534422,17121,100.0
20260915,534425,170,100.0
20260915,534532,6193,99.74
20260915,534535,1700647,100.0
20260915,534597,52544,51.93
20260915,534598,2632,99.85
20260915,534600,117739,51.03
20260915,534612,3351,93.26
20260915,534615,21204,100.0
20260915,534618,19475,64.23
20260915,534623,12926,87.41
20260915,534639,5,100.0
20260915,534674,408749,82.97
20260915,534675,6160,90.1
20260915,534680,40934,100.0
20260915,534691,2033,76.31
20260915,534732,2628,90.43
20260915,534733,277952,100.0
20260915,534741,278720,100.0
20260915,534742,6445,83.71
20260915,534748,212159,53.27
20260915,534755,161659,100.0
20260915,534796,6258,88.87
20260915,534804,971,64.09
20260915,534809,6795070,43.34
20260915,534816,31891,44.14
20260915,534976,150856,99.12
20260915,535136,3743,67.49
20260915,535204,251538,100.0
20260915,535205,8727,69.47
20260915,535267,57716,80.27
20260915,535276,73372,99.35
20260915,535322,7689,55.44
20260915,535387,124,89.86
20260915,535431,35117,74.82
20260915,535458,13758,93.08
20260915,535566,133,88.08
20260915,535601,1263,100.0
20260915,535602,8035,59.41
20260915,535620,14,100.0
20260915,535621,3626,99.97
20260915,535648,4926,60.46
20260915,535657,9128,93.31
20260915,535667,1074,76.71
20260915,535693,2968,90.63
20260915,535719,5616,59.59
20260915,535730,345466,72.12
20260915,535754,9015,73.08
20260915,535755,164965,58.27
20260915,535789,288629,44.59
20260915,535910,61220,99.9
20260915,535916,19589,73.16
20260915,535958,467802,91.13
20260915,536073,61143,85.61
20260915,536264,7176,81.92
20260915,536493,114,99.13
20260915,536507,4571,100.0
20260915,536565,8114,100.0
20260915,536659,892856,69.61
20260915,536672,4375,69.53
20260915,536709,25168,100.0
20260915,536737,2400,100.0
20260915,536773,650,63.35
20260915,536846,2,100.0
20260915,536960,32240,56.59
20260915,536965,8,100.0
20260915,536974,5660,98.21
20260915,537007,37441,81.99
20260915,537008,3847,68.98
20260915,537069,96084,63.24
20260915,537253,192,99.48
20260915,537254,2393,100.0
20260915,537259,1100,75.45
20260915,537291,790,89.67
20260915,537292,762,94.42
20260915,537326,1906,70.2
20260915,537392,2914,100.0
20260915,537483,1449,52.63
20260915,537536,19649,90.98
20260915,537669,500,100.0
20260915,537707,961653,90.24
20260915,537708,11670,95.47
20260915,537709,13570,100.0
20260915,537750,424,88.7
20260915,537766,87956,85.4
20260915,537784,6000,100.0
20260915,537785,116,100.0
20260915,537800,2209242,54.06
20260915,537820,3832,100.0
20260915,537839,34880,75.58
20260915,537840,1001,100.0
20260915,537985,651,99.39
20260915,538057,54441,72.14
20260915,538081,254,96.21
20260915,538092,22,100.0
20260915,538119,19775,100.0
20260915,538212,164338,100.0
20260915,538268,1609,63.95
20260915,538273,602,99.67
20260915,538351,7143,100.0
20260915,538365,47,90.38
20260915,538382,2401,100.0
20260915,538395,27,100.0
20260915,538401,7367,59.05
20260915,538422,350241,69.66
20260915,538446,10423,96.61
20260915,538451,1291789,94.51
20260915,538464,502,100.0
20260915,538465,10858,100.0
20260915,538476,12024,100.0
20260915,538496,9000,75.0
20260915,538520,7151,99.72
20260915,538521,466,97.9
20260915,538537,89,100.0
20260915,538539,173728,53.13
20260915,538540,74505,100.0
20260915,538542,755,98.82
20260915,538546,8173,62.03
20260915,538556,1412,76.0
20260915,538562,26906,42.22
20260915,538563,4078,98.57
20260915,538564,438,99.77
20260915,538565,16780,78.97
20260915,538567,1225,71.6
20260915,538568,383,100.0
20260915,538569,5839,100.0
20260915,538596,529,100.0
20260915,538597,6570,97.03
20260915,538598,5687,64.13
20260915,538607,573364,74.2
20260915,538609,199,84.68
20260915,538610,370857,100.0
20260915,538634,600,100.0
20260915,538635,33985,90.45
20260915,538646,1935,92.14
20260915,538647,505,43.5
20260915,538666,7363,62.01
20260915,538668,17915,44.58
20260915,538674,1112,100.0
20260915,538683,5515,70.85
20260915,538685,2291,100.0
20260915,538706,344591,61.56
20260915,538707,47,94.0
20260915,538708,80,100.0
20260915,538713,9542,74.86
20260915,538714,730,100.0
20260915,538715,2050,100.0
20260915,538716,44,57.89
20260915,538730,4217,67.7
20260915,538732,3489,99.97
20260915,538734,3348,64.32
20260915,538742,11042,68.62
20260915,538743,711,100.0
20260915,538765,5000,100.0
20260915,538770,651,99.24
20260915,538772,12116,67.28
20260915,538777,125,100.0
20260915,538778,14994,87.1
20260915,538786,550,100.0
20260915,538787,4548,76.4
20260915,538788,1252,95.43
20260915,538795,614,100.0
20260915,538812,11255,100.0
20260915,538817,118577,62.72
20260915,538833,770,100.0
20260915,538834,22976,79.28
20260915,538835,19941,64.43
20260915,538836,2887,73.37
20260915,538837,17681,76.46
20260915,538838,355,87.65
20260915,538857,4,100.0
20260915,538860,683270,100.0
20260915,538862,208,96.74
20260915,538868,20039,100.0
20260915,538874,10831,100.0
20260915,538881,1938,100.0
20260915,538882,33671,79.98
20260915,538890,16568,88.13
20260915,538891,120274,68.08
20260915,538894,11,100.0
20260915,538895,1522,50.28
20260915,538896,409,94.68
20260915,538897,2301,100.0
20260915,538902,911,100.0
20260915,538918,14771,95.48
20260915,538919,4,100.0
20260915,538920,128523,64.65
20260915,538922,1521,96.27
20260915,538923,41998,100.0
20260915,538926,1999,62.84
20260915,538928,26819,82.17
20260915,538942,170,74.24
20260915,538952,24545,82.75
20260915,538961,13561,72.97
20260915,538962,8628,56.01
20260915,538964,52,100.0
20260915,538965,3443,51.28
20260915,538970,164886,70.73
20260915,538975,556296,100.0
20260915,538979,1626,72.88
20260915,538987,430,74.27
20260915,538992,23,100.0
20260915,539006,2065,41.68
20260915,539011,557,78.45
20260915,539012,5,100.0
20260915,539013,807,99.14
20260915,539014,5522,96.5
20260915,539016,809,100.0
20260915,539017,91131,83.59
20260915,539018,803,82.78
20260915,539031,388,98.73
20260915,539032,2869,99.93
20260915,539040,23318,67.02
20260915,539041,7500,100.0
20260915,539042,10428,70.41
20260915,539044,9087,100.0
20260915,539045,9201,72.08
20260915,539046,13865,71.7
20260915,539056,23965,68.67
20260915,539083,323502,37.66
20260915,539090,204,84.3
20260915,539091,276995,100.0
20260915,539096,2254,100.0
20260915,539097,40794,100.0
20260915,539098,4000,100.0
20260915,539110,1,100.0
20260915,539113,216,100.0
20260915,539115,2275,100.0
20260915,539117,12362,35.08
20260915,539118,4651,77.39
20260915,539120,1194,100.0
20260915,539121,2615,91.11
20260915,539122,518,81.7
20260915,539123,141,79.66
20260915,539124,63,96.92
20260915,539126,11371,100.0
20260915,539132,198490,63.41
20260915,539141,2470,79.52
20260915,539143,18973,83.4
20260915,539148,2911,47.19
20260915,539149,3733,84.13
20260915,539150,160271,53.29
20260915,539151,22517,66.26
20260915,539174,2118,91.69
20260915,539175,271,100.0
20260915,539176,33,100.0
20260915,539177,26079,56.86
20260915,539189,113,100.0
20260915,539190,20,100.0
20260915,539195,5824,64.11
20260915,539196,5285,84.22
20260915,539198,11,100.0
20260915,539199,39297,81.17
20260915,539200,5268,100.0
20260915,539201,4332,89.37
20260915,539206,617,83.15
20260915,539216,230570,80.07
20260915,539217,2954703,75.11
20260915,539218,239,99.58
20260915,539219,34145,66.26
20260915,539220,1290,68.25
20260915,539221,20123,65.15
20260915,539222,5530888,70.91
20260915,539224,2,100.0
20260915,539226,4128,79.88
20260915,539227,4325,88.52
20260915,539228,23840,100.0
20260915,539251,324,93.91
20260915,539252,18915,100.0
20260915,539254,44692,57.84
20260915,539255,1631,83.9
20260915,539265,1200,100.0
20260915,539268,16253,64.44
20260915,539273,1500,60.0
20260915,539275,347,86.75
20260915,539276,1024,100.0
20260915,539278,3778,99.97
20260915,539287,1071,100.0
20260915,539289,14485,92.03
20260915,539290,6797,87.09
20260915,539300,3977,93.05
20260915,539301,3779,59.02
20260915,539302,1253,62.81
20260915,539309,960084,100.0
20260915,539310,362581,100.0
20260915,539312,975,96.92
20260915,539313,3028,92.2
20260915,539314,68179,87.82
20260915,539331,2233,100.0
20260915,539332,32411,78.44
20260915,539334,8592,53.41
20260915,539335,3033,100.0
20260915,539336,66377,58.87
20260915,539337,6300,64.29
20260915,539346,17539,92.68
20260915,539353,56,100.0
20260915,539354,313,92.06
20260915,539359,16683,100.0
20260915,539383,215,100.0
20260915,539384,447,100.0
20260915,539391,1136,100.0
20260915,539398,861,66.64
20260915,539399,120,90.23
20260915,539400,195,86.67
20260915,539402,1457,100.0
20260915,539404,13891,87.17
20260915,539405,21613,99.47
20260915,539406,1,100.0
20260915,539407,1776,90.8
20260915,539408,3747,100.0
20260915,539428,1732,79.38
20260915,539435,802,88.91
20260915,539436,44387,67.63
20260915,539437,167524,38.06
20260915,539448,20052,53.84
20260915,539449,9460,78.11
20260915,539450,29266,83.48
20260915,539455,28627,93.88
20260915,539468,100,100.0
20260915,539469,47430,58.3
20260915,539470,548229,66.65
20260915,539479,113509,76.56
20260915,539480,18,56.25
20260915,539486,14356,100.0
20260915,539492,579,53.07
20260915,539494,12315,88.13
20260915,539495,501,99.4
20260915,539506,127813,100.0
20260915,539515,10359,77.4
20260915,539516,56804,91.51
20260915,539517,20470,98.79
20260915,539518,980,74.81
20260915,539519,3029816,100.0
20260915,539522,1659,100.0
20260915,539523,4777,48.93
20260915,539524,9132,85.97
20260915,539526,681193,82.56
20260915,539527,207,90.39
20260915,539528,98328,70.08
20260915,539533,1987637,87.08
20260915,539542,2541,84.9
20260915,539545,15,100.0
20260915,539546,420,9.33
20260915,539551,3134,41.26
20260915,539552,34753,94.9
20260915,539559,200507,100.0
20260915,539561,1439779,100.0
20260915,539562,465,100.0
20260915,539593,3064,100.0
20260915,539594,1022489,72.43
20260915,539596,1403,73.73
20260915,539598,191419,70.96
20260915,539599,21,100.0
20260915,539607,254620,50.01
20260915,539620,4310,53.38
20260915,539621,405000,100.0
20260915,539636,10001,73.44
20260915,539658,201,75.56
20260915,539659,1679,80.57
20260915,539660,183741,76.39
20260915,539661,12697,38.77
20260915,539662,3339,100.0
20260915,539669,237345,95.94
20260915,539673,170,100.0
20260915,539678,52052,44.07
20260915,539679,2162930,100.0
20260915,539682,3166,15.73
20260915,539686,29311,74.13
20260915,539692,26712,96.44
20260915,539697,14285,100.0
20260915,539724,11506,100.0
20260915,539725,6582,61.23
20260915,539730,8202,45.1
20260915,539760,1501,54.25
20260915,539761,318435,72.54
20260915,539762,7029,76.08
20260915,539767,10457,51.92
20260915,539770,1881,100.0
20260915,539773,120701,74.05
20260915,539784,106,100.0
20260915,539785,37305,48.69
20260915,539787,4100,68.3
20260915,539798,6326,96.11
20260915,539799,6857,55.43
20260915,539800,648,71.76
20260915,539807,653357,46.82
20260915,539814,1527,95.14
20260915,539834,102742,91.53
20260915,539835,1473,100.0
20260915,539837,9932,50.66
20260915,539841,27932,78.8
20260915,539843,414,94.09
20260915,539854,4186,97.48
20260915,539861,1261,100.0
20260915,539871,5369,52.23
20260915,539872,16466,86.07
20260915,539875,274,100.0
20260915,539876,60721,62.47
20260915,539883,122,63.54
20260915,539884,18854,91.01
20260915,539889,671132,91.86
20260915,539894,44339,84.77
20260915,539895,523023,56.9
20260915,539900,231,100.0
20260915,539917,4436,100.0
20260915,539921,45209,73.5
20260915,539922,145,100.0
20260915,539938,750,78.37
20260915,539939,2562,85.77
20260915,539945,12819,41.77
20260915,539946,1028,100.0
20260915,539947,197,100.0
20260915,539956,1076,53.32
20260915,539957,5536,64.4
20260915,539963,86400,74.35
20260915,539978,21391,52.15
20260915,539979,16477,67.19
20260915,539980,70901,91.68
20260915,539982,1001,100.0
20260915,539984,3578,100.0
20260915,539985,7000,70.0
20260915,539986,6266,83.16
20260915,539991,31787,78.88
20260915,539992,148806,51.88
20260915,539997,1483,52.64
20260915,540005,16324,41.69
20260915,540006,5206,95.1
20260915,540008,253,99.22
20260915,540023,3493,81.25
20260915,540025,8741,62.71
20260915,540026,20,51.28
20260915,540047,8384,60.43
20260915,540048,8991,88.04
20260915,540061,2739,76.94
20260915,540063,29172,100.0
20260915,540065,67516,71.75
20260915,540073,90919,54.57
20260915,540078,24361,72.98
20260915,540079,41416,98.79
20260915,540080,12105,80.54
20260915,540083,22276,100.0
20260915,540097,43304,60.75
20260915,540115,2063,55.04
20260915,540124,6862,61.56
20260915,540125,95371,56.99
20260915,540132,4318,100.0
20260915,540133,7745,58.09
20260915,540135,1161572,75.12
20260915,540136,8495,70.64
20260915,540143,655,76.61
20260915,540144,2500,100.0
20260915,540145,5829,100.0
20260915,540147,181819,71.23
20260915,540153,2332,58.74
20260915,540154,4,80.0
20260915,540159,5294,84.79
20260915,540168,32558,89.44
20260915,540173,3404,47.64
20260915,540174,511,67.59
20260915,540175,61700,100.0
20260915,540180,62000,48.67
20260915,540181,222,100.0
20260915,540189,200,100.0
20260915,540190,918575,68.18
20260915,540192,10664,93.22
20260915,540198,3457,77.15
20260915,540199,35,97.22
20260915,540203,4903,54.7
20260915,540204,8907,87.36
20260915,540205,6707,38.24
20260915,540210,11290,99.61
20260915,540212,1305,83.92
20260915,540222,45491,59.64
20260915,540243,47621,100.0
20260915,540252,211169,91.38
20260915,540254,34657,100.0
20260915,540259,1418109,76.69
20260915,540266,3157,93.79
20260915,540267,766,100.0
20260915,540268,23257,70.94
20260915,540293,12767,48.68
20260915,540310,9278,84.82
20260915,540311,1558,82.09
20260915,540332,2000,100.0
20260915,540358,24418,78.26
20260915,540359,6334,100.0
20260915,540360,272214,100.0
20260915,540361,57222,100.0
20260915,540366,4714,100.0
20260915,540376,12587,72.56
20260915,540377,1205481,56.15
20260915,540386,9580,100.0
20260915,540393,1474,97.88
20260915,540395,1328,93.46
20260915,540396,5214,40.21
20260915,540401,23403,76.54
20260915,540403,756,100.0
20260915,540404,1201,75.77
20260915,540405,304,60.2
20260915,540425,1797,88.09
20260915,540455,1000,66.09
20260915,540467,3,100.0
20260915,540481,104,97.2
20260915,540492,194726,85.99
20260915,540497,976,80.73
20260915,540515,2,100.0
20260915,540519,2137,92.99
20260915,540526,41642,68.54
20260915,540530,54749,62.88
20260915,540544,1292,47.78
20260915,540545,78698,69.73
20260915,540565,22444,90.0
20260915,540570,257909,71.88
20260915,540575,13730,78.69
20260915,540590,588,80.22
20260915,540595,94978,50.82
20260915,540596,3735,82.38
20260915,540597,8727,83.98
20260915,540602,8006,83.4
20260915,540611,5870,47.08
20260915,540612,31306,78.79
20260915,540615,81006,100.0
20260915,540642,605469,61.42
20260915,540647,1,100.0
20260915,540648,151,100.0
20260915,540649,7099,69.25
20260915,540650,1803,78.02
20260915,540654,16892,52.88
20260915,540669,10913,94.13
20260915,540673,23616,70.19
20260915,540678,111677,46.92
20260915,540679,1,50.0
20260915,540680,6527,56.22
20260915,540686,8966,82.29
20260915,540691,85867,54.36
20260915,540692,4379,60.75
20260915,540693,2558961,70.9
20260915,540694,3350,100.0
20260915,540696,8435,100.0
20260915,540699,21467,51.47
20260915,540700,2934,69.13
20260915,540701,18701,46.15
20260915,540702,2156,100.0
20260915,540703,17239,100.0
20260915,540704,180,82.57
20260915,540709,115074,100.0
20260915,540710,11946,54.78
20260915,540716,319087,92.91
20260915,540717,34591,69.37
20260915,540718,67500,78.37
20260915,540719,14497,62.41
20260915,540724,241,88.28
20260915,540725,118218,41.94
20260915,540726,9361,69.25
20260915,540727,16907,82.4
20260915,540728,91,97.85
20260915,540730,688131,83.46
20260915,540735,2354,88.23
20260915,540737,2370,64.04
20260915,540738,35290,90.98
20260915,540743,4917,51.81
20260915,540749,633,67.77
20260915,540750,297785,65.03
20260915,540755,33480,54.7
20260915,540757,545,100.0
20260915,540762,4612,53.26
20260915,540767,15197,51.83
20260915,540768,2203,75.16
20260915,540769,121433,41.29
20260915,540774,1055,86.62
20260915,540775,3504,100.0
20260915,540776,3013,84.66
20260915,540777,33934,43.32
20260915,540786,83587,100.0
20260915,540787,19107,75.63
20260915,540788,5382,95.21
20260915,540789,10030,99.44
20260915,540795,16579,65.37
20260915,540796,3,100.0
20260915,540797,4099,55.84
20260915,540809,41203,83.34
20260915,540821,34395,82.19
20260915,540824,2727,100.0
20260915,540829,9222,100.0
20260915,540850,29000,90.62
20260915,540874,23395,73.19
20260915,540879,261202,45.28
20260915,540900,31534,26.25
20260915,540901,8060,93.85
20260915,540902,2787,48.99
20260915,540904,1,100.0
20260915,540914,132360,81.57
20260915,540923,78931,67.78
20260915,540935,990,62.82
20260915,540936,5153,93.18
20260915,540937,2100,71.65
20260915,540952,3816,97.0
20260915,540953,31005,66.38
20260915,540954,563,86.88
20260915,540955,3761,100.0
20260915,540956,418970,85.57
20260915,540961,370,100.0
20260915,540975,18204,52.77
20260915,540980,14,100.0
20260915,541005,38,100.0
20260915,541019,2683,81.2
20260915,541083,7250,65.91
20260915,541096,202,90.99
20260915,541097,1061,99.07
20260915,541143,70507,50.91
20260915,541144,4116,54.84
20260915,541152,8241,74.84
20260915,541153,220825,49.44
20260915,541154,38382,64.47
20260915,541161,85761,100.0
20260915,541163,2751,63.21
20260915,541167,2824,55.65
20260915,541195,96827,53.03
20260915,541206,191,100.0
20260915,541228,6954,100.0
20260915,541233,166520,63.02
20260915,541269,169,91.35
20260915,541276,48206,57.71
20260915,541301,6709,72.03
20260915,541302,75,79.79
20260915,541303,57529,53.36
20260915,541304,133,99.25
20260915,541313,7548,71.0
20260915,541336,5374,75.38
20260915,541337,3000,100.0
20260915,541338,23951,68.0
20260915,541347,3005,100.0
20260915,541352,1320,98.29
20260915,541353,4800,54.55
20260915,541358,22,100.0
20260915,541400,6711,52.74
20260915,541402,2426,92.38
20260915,541403,5922,67.05
20260915,541418,88,100.0
20260915,541444,1940,92.82
20260915,541445,4800,85.71
20260915,541450,38616,49.56
20260915,541540,12534,35.01
20260915,541546,20778,87.34
20260915,541556,22176,70.48
20260915,541557,303,76.71
20260915,541578,7951,52.11
20260915,541601,3944886,66.59
20260915,541627,122,100.0
20260915,541634,559,95.88
20260915,541702,814715,100.0
20260915,541703,8000,100.0
20260915,541729,31275,81.5
20260915,541735,67845,67.64
20260915,541741,5974,100.0
20260915,541770,4458,66.45
20260915,541771,22196,100.0
20260915,541778,37560,63.92
20260915,541809,26497,76.06
20260915,541865,45698,71.1
20260915,541890,66806,100.0
20260915,541929,285,92.53
20260915,541946,450435,90.01
20260915,541956,108148,62.9
20260915,541967,27216,46.66
20260915,541972,232,98.3
20260915,541974,11595,77.23
20260915,541988,6155,64.07
20260915,542011,10673,55.72
20260915,542012,951248,75.24
20260915,542013,943,60.45
20260915,542019,112,100.0
20260915,542020,68139,100.0
20260915,542025,1296000,87.1
20260915,542034,44852,80.9
20260915,542046,70739,63.41
20260915,542057,3495,83.83
20260915,542066,37721,49.91
20260915,542123,220,100.0
20260915,542131,12123,89.77
20260915,542141,22540,71.6
20260915,542145,1800,100.0
20260915,542146,2500,100.0
20260915,542155,2000,100.0
20260915,542206,13613,100.0
20260915,542216,1618,44.26
20260915,542230,1398,84.32
20260915,542231,32376,53.64
20260915,542232,2646,82.66
20260915,542233,1590,87.56
20260915,542248,23377,100.0
20260915,542285,140379,88.02
20260915,542323,25512,54.86
20260915,542332,2511,100.0
20260915,542333,1154,60.17
20260915,542337,3051,96.03
20260915,542351,137,99.28
20260915,542367,410,72.06
20260915,542383,1339,76.17
20260915,542399,1287,38.19
20260915,542437,81586,54.0
20260915,542446,186810,83.33
20260915,542459,16001,82.48
20260915,542460,1079,69.7
20260915,542484,6393,54.45
20260915,542503,8000,100.0
20260915,542513,113,52.8
20260915,542524,4,100.0
20260915,542543,250000,83.33
20260915,542579,1197801,62.4
20260915,542580,1045,100.0
20260915,542592,1250,100.0
20260915,542597,6167,54.97
20260915,542602,110314,93.49
20260915,542627,2261,100.0
20260915,542628,5144,49.08
20260915,542649,344854,55.73
20260915,542650,23841,86.34
20260915,542651,156449,41.82
20260915,542652,11938,54.46
20260915,542654,1107,99.19
20260915,542655,268311,69.8
20260915,542665,6775,51.84
20260915,542666,47744,89.63
20260915,542668,6000,85.71
20260915,542669,148175,73.66
20260915,542670,5335,87.37
20260915,542677,36,100.0
20260915,542678,137,100.0
20260915,542679,35,97.22
20260915,542682,729,51.3
20260915,542684,2021,100.0
20260915,542685,868,100.0
20260915,542721,17288,100.0
20260915,542725,590216,95.58
20260915,542726,4785,58.9
20260915,542727,1100,100.0
20260915,542729,73,97.33
20260915,542730,6413,72.2
20260915,542747,8701,85.12
20260915,542752,8525,46.82
20260915,542758,53658,87.4
20260915,542759,8695,66.46
20260915,542760,62934,51.57
20260915,542770,688,53.0
20260915,542772,23958,54.82
20260915,542773,6553,89.23
20260915,542774,8933,90.52
20260915,542802,33965,76.27
20260915,542803,1785,69.59
20260915,542812,2864,49.38
20260915,542830,70660,67.54
20260915,542850,68000,100.0
20260915,542851,11699,100.0
20260915,542852,29827,84.57
20260915,542857,8475,66.87
20260915,542862,1192,91.34
20260915,542863,1258,99.06
20260915,542865,14608,80.49
20260915,542866,655,100.0
20260915,542867,10106,56.57
20260915,542904,116619,58.83
20260915,542905,4383,64.67
20260915,542906,3000,100.0
20260915,542907,6168,43.42
20260915,542909,819,90.6
20260915,542918,2981,100.0
20260915,542919,29070,58.85
20260915,542920,12846,49.9
20260915,542921,42501,63.94
20260915,542922,2613,93.72
20260915,542933,307,100.0
20260915,542938,100,100.0
20260915,543064,23152,70.07
20260915,543066,45291,56.76
20260915,543071,579,100.0
20260915,543079,1,50.0
20260915,543083,1,100.0
20260915,543092,1932,90.15
20260915,543144,559,74.53
20260915,543150,5876,97.2
20260915,543153,16,100.0
20260915,543161,1,50.0
20260915,543165,153,100.0
20260915,543171,13033,96.23
20260915,543172,3375,100.0
20260915,543173,132,94.96
20260915,543174,4417,97.14
20260915,543175,2056,100.0
20260915,543176,16,94.12
20260915,543177,1753,99.94
20260915,543181,43,100.0
20260915,543182,1318,86.2
20260915,543184,100,100.0
20260915,543186,584,98.65
20260915,543187,2050,41.5
20260915,543193,15216,88.96
20260915,543207,57275,81.72
20260915,543208,47470,81.88
20260915,543210,2266,100.0
20260915,543211,2710,86.64
20260915,543212,4754,36.22
20260915,543213,1298,69.56
20260915,543214,1715,65.73
20260915,543216,517,98.85
20260915,543217,7424,80.98
20260915,543218,813,92.39
20260915,543219,7652,55.45
20260915,543220,81064,78.93
20260915,543221,20534,46.22
20260915,543223,8371,71.71
20260915,543224,1874,78.81
20260915,543225,2175000,93.55
20260915,543226,2719,86.9
20260915,543227,45923,43.18
20260915,543228,4701,50.74
20260915,543229,35,87.5
20260915,543230,2390,76.58
20260915,543231,295,98.01
20260915,543232,57787,52.63
20260915,543233,13316,100.0
20260915,543235,298740,56.76
20260915,543236,850,83.74
20260915,543237,30164,56.65
20260915,543238,1650,47.78
20260915,543240,7021,61.78
20260915,543241,1248,100.0
20260915,543242,34844,73.52
20260915,543243,22881,42.35
20260915,543244,4000,100.0
20260915,543245,289590,94.13
20260915,543246,341,100.0
20260915,543248,36114,44.71
20260915,543249,14865,66.1
20260915,543250,483,66.16
20260915,543251,452,41.74
20260915,543252,1304,100.0
20260915,543253,227587,52.62
20260915,543254,4913,76.98
20260915,543255,301,100.0
20260915,543256,14338,95.34
20260915,543257,475330,66.18
20260915,543258,2075,44.73
20260915,543259,12020,73.33
20260915,543260,4528,83.71
20260915,543261,13622,74.99
20260915,543262,9000,100.0
20260915,543263,69539,72.09
20260915,543264,695,100.0
20260915,543265,17821,61.55
20260915,543266,2493,80.03
20260915,543267,2040905,57.75
20260915,543268,13818,83.3
20260915,543270,4497,100.0
20260915,543271,33654,76.53
20260915,543272,683530,58.11
20260915,543273,13595,68.51
20260915,543275,5961,45.43
20260915,543276,2656,55.45
20260915,543277,30832,54.95
20260915,543278,103801,41.25
20260915,543279,12218,82.52
20260915,543280,17232,38.25
20260915,543281,57574,92.66
20260915,543283,5355,100.0
20260915,543284,3142,47.74
20260915,543285,3200,100.0
20260915,543287,36161,57.94
20260915,543288,14659,53.26
20260915,543290,121350,75.3
20260915,543291,98174,65.31
20260915,543292,1989,65.19
20260915,543298,149233,99.86
20260915,543299,3173,62.63
20260915,543300,59083,48.79
20260915,543306,1556,80.83
20260915,543308,30633,80.75
20260915,543309,12000,100.0
20260915,543311,5604,87.67
20260915,543317,883,92.27
20260915,543318,8820,55.97
20260915,543320,332056,51.79
20260915,543321,1348,57.85
20260915,543322,1695,45.87
20260915,543323,48522,74.68
20260915,543324,156218,91.63
20260915,543325,44470,47.35
20260915,543326,25611,58.73
20260915,543327,7119,64.68
20260915,543328,2233,76.63
20260915,543329,5278,68.89
20260915,543330,60223,35.23
20260915,543331,87479,60.97
20260915,543332,902,58.23
20260915,543333,15842,54.89
20260915,543334,11965,68.44
20260915,543335,41601,56.71
20260915,543336,17331,69.58
20260915,543341,1415,76.82
20260915,543346,1000,100.0
20260915,543347,1311,88.1
20260915,543348,22,78.57
20260915,543349,4658,35.32
20260915,543350,12939,64.58
20260915,543351,8400,100.0
20260915,543358,23846,61.67
20260915,543363,13200,76.74
20260915,543364,25596,65.3
20260915,543365,66920,65.2
20260915,543366,12000,83.33
20260915,543367,33928,45.92
20260915,543372,5000,100.0
20260915,543373,9241,100.0
20260915,543374,3355,51.65
20260915,543376,264,99.25
20260915,543378,25000,87.72
20260915,543383,175,87.5
20260915,543384,48132,56.4
20260915,543386,10806,84.36
20260915,543387,2964,52.03
20260915,543388,356,93.68
20260915,543389,825915,46.11
20260915,543390,29529,58.39
20260915,543391,10500,70.0
20260915,543396,57542,39.49
20260915,543397,35342,75.96
20260915,543398,41703,54.59
20260915,543399,10176,75.32
20260915,543401,8165,64.37
20260915,543410,1950,100.0
20260915,543411,39480,47.48
20260915,543412,6033,59.42
20260915,543413,7166,51.52
20260915,543414,80475,79.92
20260915,543415,3007,61.61
20260915,543416,1438,77.15
20260915,543417,3695,45.99
20260915,543418,12,100.0
20260915,543419,37915,71.35
20260915,543420,4687,98.63
20260915,543425,3345,54.05
20260915,543426,1115,53.92
20260915,543427,5247,85.64
20260915,543428,56052,52.82
20260915,543433,5522,74.68
20260915,543434,5573,51.18
20260915,543435,4150,100.0
20260915,543437,39175,53.65
20260915,543438,3623,75.43
20260915,543440,869,83.16
20260915,543441,57575,60.5
20260915,543442,9,100.0
20260915,543443,220000,95.65
20260915,543449,26965,71.28
20260915,543450,10983,71.65
20260915,543451,41488,100.0
20260915,543452,56864,41.64
20260915,543454,2361,63.2
20260915,543458,98502,50.12
20260915,543462,2674,98.13
20260915,543463,40066,76.4
20260915,543464,149000,60.32
20260915,543465,4610,94.37
20260915,543471,49214,56.17
20260915,543472,6173,98.19
20260915,543473,8918,70.85
20260915,543474,27500,86.77
20260915,543481,270233,90.4
20260915,543482,27317,89.53
20260915,543489,27823,83.09
20260915,543490,61515,66.46
20260915,543497,8000,71.43
20260915,543498,522425,66.89
20260915,543499,21143,100.0
20260915,543500,60000,100.0
20260915,543501,433,84.08
20260915,543512,82378,59.09
20260915,543513,32,100.0
20260915,543514,7457,64.85
20260915,543515,7125,100.0
20260915,543516,39200,100.0
20260915,543517,3110,74.24
20260915,543520,37000,59.68
20260915,543522,4500,100.0
20260915,543523,24259,61.67
20260915,543524,837,60.13
20260915,543525,49107,36.34
20260915,543526,307038,62.58
20260915,543527,766,56.99
20260915,543528,3470,41.79
20260915,543529,40017,47.66
20260915,543530,82296,46.79
20260915,543531,12220,92.32
20260915,543532,516,49.76
20260915,543533,137307,71.62
20260915,543534,4998,31.7
20260915,543538,26000,100.0
20260915,543539,720,83.43
20260915,543541,3200,100.0
20260915,543542,300,2.22
20260915,543543,400,100.0
20260915,543544,8250,100.0
20260915,543545,33400,100.0
20260915,543547,5554,77.27
20260915,543563,6136,91.43
20260915,543568,41308,66.93
20260915,543569,11751,95.26
20260915,543570,4300,80.48
20260915,543571,4929,96.01
20260915,543572,85381,54.46
20260915,543573,26520,41.65
20260915,543574,4903,81.99
20260915,543575,14390,72.1
20260915,543576,11584,75.88
20260915,543577,10,100.0
20260915,543578,2775,100.0
20260915,543590,31607,99.99
20260915,543591,8028,74.39
20260915,543592,40075,46.84
20260915,543593,7069,68.45
20260915,543594,9000,60.0
20260915,543595,0,0.0
20260915,543596,12685,64.03
20260915,543597,15062,70.46
20260915,543599,3414,85.5
20260915,543600,4111,69.05
20260915,543605,34,94.44
20260915,543606,25000,69.44
20260915,543607,744,76.94
20260915,543608,196,100.0
20260915,543614,148,100.0
20260915,543615,8800,68.75
20260915,543616,263400,89.96
20260915,543618,8250,100.0
20260915,543619,2550,82.26
20260915,543620,164483,60.95
20260915,543626,40211,50.92
20260915,543627,626,69.71
20260915,543628,4687,57.01
20260915,543635,92697,40.34
20260915,543636,111898,50.62
20260915,543637,21600,78.26
20260915,543638,26682,60.37
20260915,543643,9683,94.41
20260915,543644,7403,44.99
20260915,543645,13,100.0
20260915,543650,27006,69.11
20260915,543652,6682,49.54
20260915,543653,8035,46.73
20260915,543654,8139,74.49
20260915,543655,350000,100.0
20260915,543657,12926,55.06
20260915,543663,16635,45.39
20260915,543664,15383,45.32
20260915,543665,5160,87.98
20260915,543666,2592,95.01
20260915,543667,25322,44.66
20260915,543668,541,73.11
20260915,543669,891,66.99
20260915,543670,89702,81.74
20260915,543671,4092,85.45
20260915,543677,15896,78.03
20260915,543678,4000,36.36
20260915,543686,4082,88.37
20260915,543687,764,91.28
20260915,543688,131334,63.79
20260915,543689,3548,46.05
20260915,543699,63,100.0
20260915,543709,13250,66.25
20260915,543710,12612,89.41
20260915,543711,16727,58.54
20260915,543712,1207,100.0
20260915,543713,25000,67.57
20260915,543714,2069,59.23
20260915,543720,13133,41.86
20260915,543725,6269,76.87
20260915,543732,17311,79.59
20260915,543737,707,100.0
20260915,543738,1173,82.55
20260915,543743,466,84.42
20260915,543746,1200,100.0
20260915,543747,26901,75.34
20260915,543748,10895,39.95
20260915,543765,6000,100.0
20260915,543766,1594,100.0
20260915,543767,26995,62.45
20260915,543768,98322,68.87
20260915,543769,44000,100.0
20260915,543774,397,86.49
20260915,543775,76626,68.92
20260915,543776,29221,51.09
20260915,543781,44595,66.5
20260915,543782,11880,95.65
20260915,543787,3300,90.91
20260915,543805,9000,66.67
20260915,543806,18400,54.76
20260915,543811,4258,81.24
20260915,543812,4170,60.33
20260915,543814,2000,66.67
20260915,543819,2878,67.1
20260915,543828,224000,76.71
20260915,543829,8424,94.35
20260915,543831,9000,96.0
20260915,543848,68000,94.44
20260915,543853,419,100.0
20260915,543860,611,100.0
20260915,543861,2261,94.8
20260915,543874,10000,83.33
20260915,543895,12750,80.95
20260915,543896,7910,34.08
20260915,543897,10000,100.0
20260915,543898,1437,73.62
20260915,543899,8718,94.54
20260915,543900,6501,29.55
20260915,543901,1352,100.0
20260915,543902,4000,100.0
20260915,543903,39417,88.94
20260915,543904,5651,59.75
20260915,543910,788,100.0
20260915,543911,7669383,86.01
20260915,543912,3565,88.35
20260915,543913,16728,77.88
20260915,543914,20826,100.0
20260915,543915,11305,71.23
20260915,543916,8800,84.62
20260915,543917,4886,75.51
20260915,543918,34147,67.73
20260915,543919,17791,71.96
20260915,543920,48000,78.69
20260915,543921,4000,100.0
20260915,543922,3128,74.87
20260915,543923,24963,67.04
20260915,543924,68000,100.0
20260915,543926,22800,70.37
20260915,543927,3401,99.85
20260915,543928,4600,90.2
20260915,543929,519592,49.91
20260915,543930,3,100.0
20260915,543931,20800,63.8
20260915,543932,11227,70.81
20260915,543933,9232,30.81
20260915,543934,109,100.0
20260915,543935,5877,99.81
20260915,543936,19557,52.37
20260915,543937,1800,75.0
20260915,543939,2000,80.0
20260915,543940,787759,61.77
20260915,543941,400,100.0
20260915,543942,896091,72.28
20260915,543943,27000,77.14
20260915,543944,1753,92.85
20260915,543945,77184,44.06
20260915,543946,38640,100.0
20260915,543948,1169,67.34
20260915,543949,91,93.81
20260915,543950,18830,40.69
20260915,543952,7815,65.19
20260915,543953,4250,15.32
20260915,543954,16023,92.0
20260915,543955,14560,88.39
20260915,543956,3688,99.03
20260915,543957,388013,39.45
20260915,543958,39838,89.18
20260915,543959,34834,55.57
20260915,543960,5669,55.08
20260915,543962,1183,100.0
20260915,543963,75000,52.08
20260915,543965,28969,39.81
20260915,543969,1137,94.36
20260915,543970,3000,100.0
20260915,543971,58200,72.03
20260915,543972,94230,61.75
20260915,543974,52070,73.81
20260915,543976,32610,76.83
20260915,543977,14472,68.52
20260915,543978,54511,44.38
20260915,543979,6400,100.0
20260915,543980,3038,74.19
20260915,543981,20879,73.08
20260915,543982,60800,85.39
20260915,543983,10547,64.85
20260915,543984,59592,67.71
20260915,543985,44552,61.24
20260915,543986,18280,56.72
20260915,543988,3746,39.72
20260915,543989,46025,75.46
20260915,543990,2085,13.68
20260915,543991,6400,80.0
20260915,543992,47501,73.08
20260915,543993,599,96.15
20260915,543994,63385,55.86
20260915,543995,28883,64.36
20260915,543996,4090,70.01
20260915,543997,7200,16.0
20260915,543998,9296,100.0
20260915,543999,2229,79.92
20260915,544001,10000,100.0
20260915,544003,18987,61.92
20260915,544004,5600,65.08
20260915,544006,80836,92.44
20260915,544007,106766,86.27
20260915,544008,4376,59.05
20260915,544009,14809,59.53
20260915,544010,100,65.79
20260915,544011,0,0.0
20260915,544012,18028,55.94
20260915,544013,12000,100.0
20260915,544014,9327,47.14
20260915,544015,500,50.0
20260915,544020,101065,100.0
20260915,544021,7631,54.19
20260915,544022,9196,51.46
20260915,544023,16750,67.0
20260915,544026,539852,70.41
20260915,544027,17319,68.52
20260915,544028,30449,41.6
20260915,544029,37254,54.05
20260915,544030,9642,58.81
20260915,544035,1600,100.0
20260915,544036,1600,66.67
20260915,544037,34300,70.0
20260915,544042,7103,45.58
20260915,544043,855,89.81
20260915,544044,2388,76.32
20260915,544045,2068,58.57
20260915,544046,15594,36.93
20260915,544047,18000,92.31
20260915,544053,309207,39.86
20260915,544054,4425,54.96
20260915,544055,19505,72.94
20260915,544057,2078,64.69
20260915,544058,2804,90.57
20260915,544059,8000,80.0
20260915,544060,10258,100.0
20260915,544061,14305,56.55
20260915,544066,204,79.07
20260915,544067,4284,41.58
20260915,544072,1600,100.0
20260915,544074,4200,100.0
20260915,544079,1856,99.73
20260915,544081,25529,53.27
20260915,544082,2000,100.0
20260915,544083,1000,66.67
20260915,544088,10059,65.24
20260915,544089,709708,77.34
20260915,544090,1,100.0
20260915,544091,38000,67.38
20260915,544092,2322,90.49
20260915,544093,448,77.11
20260915,544095,18019,55.37
20260915,544100,15997,83.52
20260915,544102,150,65.5
20260915,544103,1500,100.0
20260915,544105,6000,100.0
20260915,544106,1200,100.0
20260915,544107,11268,52.45
20260915,544108,8400,53.85
20260915,544109,4357,88.45
20260915,544110,1825,46.64
20260915,544111,6116,75.49
20260915,544112,642,87.11
20260915,544117,1818,85.59
20260915,544118,7238,45.74
20260915,544119,9870,51.67
20260915,544120,1733,85.12
20260915,544121,3000,100.0
20260915,544122,4204,62.24
20260915,544123,482,90.09
20260915,544124,1694,91.37
20260915,544129,4635,71.14
20260915,544130,580277,68.4
20260915,544131,6989,74.39
20260915,544132,147004,52.19
20260915,544133,89004,67.04
20260915,544134,1977,92.99
20260915,544135,110882,52.3
20260915,544136,8923,93.81
20260915,544137,5865,83.89
20260915,544138,7176,57.34
20260915,544139,8000,100.0
20260915,544140,12249,64.71
20260915,544141,14400,69.23
20260915,544142,17885,69.96
20260915,544143,3500,100.0
20260915,544144,1192,87.91
20260915,544149,670,77.01
20260915,544150,23750,71.97
20260915,544151,3000,100.0
20260915,544156,7500,100.0
20260915,544157,500,100.0
20260915,544158,4967,65.43
20260915,544159,42088,97.5
20260915,544160,46400,100.0
20260915,544161,402,69.67
20260915,544162,51154,99.28
20260915,544165,3000,66.67
20260915,544166,8400,100.0
20260915,544167,4959,58.53
20260915,544168,4000,100.0
20260915,544169,12000,100.0
20260915,544170,16000,88.89
20260915,544171,8000,100.0
20260915,544172,4220,50.94
20260915,544173,20000,80.0
20260915,544174,4392,76.18
20260915,544175,3600,75.0
20260915,544176,368781,98.48
20260915,544177,4000,100.0
20260915,544179,2246,55.08
20260915,544180,13147,72.68
20260915,544181,153675,50.1
20260915,544182,907,100.0
20260915,544184,4603,80.91
20260915,544185,1185,88.56
20260915,544186,114429,67.74
20260915,544187,4974,100.0
20260915,544188,4000,100.0
20260915,544189,500,100.0
20260915,544191,11390,85.56
20260915,544192,76254,46.04
20260915,544193,257128,80.83
20260915,544194,96217,91.01
20260915,544195,2000,100.0
20260915,544197,50,100.0
20260915,544198,14196,76.83
20260915,544199,8000,76.92
20260915,544200,40194,91.76
20260915,544201,102000,83.61
20260915,544202,4221,35.25
20260915,544203,18418,54.07
20260915,544204,4585,89.74
20260915,544205,715,100.0
20260915,544206,61455,54.37
20260915,544207,989,97.06
20260915,544209,3685,74.0
20260915,544210,5310,44.97
20260915,544212,14666,63.69
20260915,544213,25800,82.69
20260915,544215,8433,93.59
20260915,544216,73987,71.96
20260915,544217,6032,85.13
20260915,544218,28302,93.5
20260915,544219,38400,88.89
20260915,544221,12000,100.0
20260915,544222,6250,57.84
20260915,544223,8063,56.86
20260915,544224,124080,74.44
20260915,544225,3338118,48.26
20260915,544226,640503,28.67
20260915,544227,13563,69.22
20260915,544229,238001,72.63
20260915,544230,3436,60.71
20260915,544232,5022,78.54
20260915,544233,25,100.0
20260915,544234,1143,100.0
20260915,544235,20216,49.13
20260915,544238,19237,49.04
20260915,544239,5435,86.54
20260915,544240,20029,51.54
20260915,544241,9393,52.8
20260915,544242,3000,100.0
20260915,544243,15167,57.06
20260915,544244,1952,70.29
20260915,544245,1600,100.0
20260915,544246,723,64.61
20260915,544247,4216,86.71
20260915,544248,5400,56.25
20260915,544249,5483,78.41
20260915,544250,481,69.41
20260915,544251,9600,100.0
20260915,544252,411659,72.6
20260915,544253,40627,51.98
20260915,544254,3617,83.77
20260915,544256,15602,55.27
20260915,544258,11298,70.76
20260915,544259,3000,100.0
20260915,544260,22928,53.66
20260915,544261,24868,87.43
20260915,544262,481,6.47
20260915,544263,12190,83.37
20260915,544264,11578,63.56
20260915,544266,1060,97.25
20260915,544267,4000,83.33
20260915,544268,195404,61.56
20260915,544269,6000,100.0
20260915,544270,1200,100.0
20260915,544271,13921,50.51
20260915,544272,3600,81.82
20260915,544273,9220,82.76
20260915,544274,12383,54.89
20260915,544275,8325,76.96
20260915,544276,10725,85.62
20260915,544277,41784,53.13
20260915,544278,9162,100.0
20260915,544279,5736,73.61
20260915,544280,782622,40.51
20260915,544281,19007,100.0
20260915,544282,524053,42.87
20260915,544283,68102,31.95
20260915,544284,17453,98.61
