DATE,SYMBOL,DELIV_QTY,DELIV_PER
20260924,500002,1434,42.15
20260924,500003,41350,52.52
20260924,500008,12775,63.23
20260924,500009,4509,100.0
20260924,500012,20805,81.31
20260924,500014,7533,89.59
20260924,500016,2320,76.92
20260924,500020,22384,63.1
20260924,500023,105,42.0
20260924,500027,630,50.97
20260924,500028,14818,67.17
20260924,500031,3428,62.44
20260924,500032,222651,50.89
20260924,500033,3149,59.66
20260924,500034,200155,41.19
20260924,500038,20974,45.29
20260924,500039,10627,80.86
20260924,500040,20160,41.02
20260924,500041,6,75.0
20260924,500042,581,69.58
20260924,500043,5278,69.04
20260924,500048,4113,50.79
20260924,500049,617254,59.98
20260924,500051,16383,100.0
20260924,500052,26750,43.59
20260924,500058,29988,91.63
20260924,500059,42,100.0
20260924,500060,38826,70.0
20260924,500067,9252,55.23
20260924,500068,3,100.0
20260924,500069,59,81.94
20260924,500074,1624,58.06
20260924,500078,1567,58.21
20260924,500083,9425,81.83
20260924,500084,94426,69.55
20260924,500085,7243,51.33
20260924,500086,230701,62.9
20260924,500087,24589,33.9
20260924,500089,268,92.73
20260924,500092,447,64.22
20260924,500093,40719,48.76
20260924,500096,23937,55.41
20260924,500097,2953,54.75
20260924,500101,23154,49.86
20260924,500103,171766,56.25
20260924,500104,24197,44.02
20260924,500106,1240245,32.03
20260924,500108,17113,53.47
20260924,500109,151612,55.33
20260924,500110,16330,44.71
20260924,500112,316027,33.44
20260924,500113,576226,48.29
20260924,500114,13699,42.51
20260924,500116,553398,61.71
20260924,500117,68505,55.79
20260924,500119,16833,69.43
20260924,500120,99,97.06
20260924,500123,58,57.43
20260924,500124,47846,69.35
20260924,500125,11433,57.08
20260924,500126,90,53.89
20260924,500128,35313,62.76
20260924,500133,89,51.44
20260924,500135,30440,49.81
20260924,500136,1759,82.23
20260924,500142,181,100.0
20260924,500143,1939,100.0
20260924,500144,12774,38.44
20260924,500147,282,70.15
20260924,500148,5102,62.58
20260924,500150,342,50.22
20260924,500151,723,100.0
20260924,500153,21121,100.0
20260924,500159,20,100.0
20260924,500160,26315,82.91
20260924,500163,8622,62.94
20260924,500164,3312,76.05
20260924,500165,10472,60.48
20260924,500166,1918,86.28
20260924,500168,1215,73.77
20260924,500170,2013,50.12
20260924,500171,4174,54.56
20260924,500173,2802,84.25
20260924,500174,59,100.0
20260924,500178,167,100.0
20260924,500179,38144,73.03
20260924,500180,1636239,53.14
20260924,500182,3149,47.73
20260924,500183,290789,100.0
20260924,500184,97953,65.3
20260924,500185,254563,43.59
20260924,500186,28310,61.6
20260924,500187,5648,68.1
20260924,500188,207918,71.64
20260924,500189,152,100.0
20260924,500191,398,100.0
20260924,500192,8868,91.8
20260924,500193,9701,61.23
20260924,500199,3001,48.95
20260924,500201,277147,54.1
20260924,500202,88,100.0
20260924,500206,487,60.72
20260924,500207,96615,43.09
20260924,500209,301404,36.06
20260924,500210,373,58.56
20260924,500213,307,91.1
20260924,500214,4557,48.36
20260924,500215,2008,75.29
20260924,500219,61533,67.94
20260924,500220,559,100.0
20260924,500227,767,71.88
20260924,500228,19164,44.97
20260924,500233,4943,65.37
20260924,500234,90,100.0
20260924,500235,4908,80.83
20260924,500236,38,100.0
20260924,500238,157589,29.78
20260924,500239,1030,32.54
20260924,500240,31139,100.0
20260924,500241,758,47.11
20260924,500243,330,83.12
20260924,500245,15924,68.82
20260924,500246,1135,100.0
20260924,500247,519372,49.56
20260924,500248,20,100.0
20260924,500249,3356,67.76
20260924,500250,4597,94.37
20260924,500251,12539,54.58
20260924,500252,45,66.18
20260924,500253,21333,55.0
20260924,500257,4995,36.94
20260924,500259,2495,100.0
20260924,500260,2115,63.0
20260924,500262,515,100.0
20260924,500264,6820,75.21
20260924,500265,8420,42.64
20260924,500266,276,65.4
20260924,500267,394,100.0
20260924,500268,57807,47.38
20260924,500270,413,73.88
20260924,500271,179495,42.38
20260924,500277,865,98.86
20260924,500279,14040,89.78
20260924,500280,802,68.31
20260924,500282,66,98.51
20260924,500284,2560,88.64
20260924,500285,6078175,45.24
20260924,500288,440792,55.61
20260924,500290,91,78.45
20260924,500292,2725,92.31
20260924,500294,63274,77.09
20260924,500295,130330,50.67
20260924,500296,351,68.42
20260924,500298,322,90.2
20260924,500300,4096,72.33
20260924,500304,1771,49.15
20260924,500306,46262,52.06
20260924,500307,2439,99.31
20260924,500312,132686,51.17
20260924,500313,5938,100.0
20260924,500314,7502,59.08
20260924,500317,227,99.56
20260924,500319,529,96.89
20260924,500322,40,100.0
20260924,500325,701656,48.28
20260924,500327,12489,94.38
20260924,500330,171994,39.02
20260924,500331,42120,78.79
20260924,500333,448,58.11
20260924,500335,2484,78.11
20260924,500336,24311,53.39
20260924,500337,132,100.0
20260924,500338,12013,53.79
20260924,500339,68124,41.93
20260924,500342,172,100.0
20260924,500343,757,81.75
20260924,500346,895,99.44
20260924,500350,2695,68.26
20260924,500354,562,55.81
20260924,500355,26239,70.94
20260924,500356,4290,94.47
20260924,500357,136,100.0
20260924,500360,49560,100.0
20260924,500365,25927,51.51
20260924,500367,4159,19.24
20260924,500368,36497,30.11
20260924,500370,709,99.86
20260924,500371,6140,100.0
20260924,500378,42558,57.49
20260924,500380,6851,73.25
20260924,500387,342,40.28
20260924,500388,213,100.0
20260924,500390,44182,100.0
20260924,500399,407,100.0
20260924,500400,273060,82.83
20260924,500402,4714,69.08
20260924,500403,301469,90.88
20260924,500404,34925,54.5
20260924,500405,11707,67.82
20260924,500407,246,76.88
20260924,500408,9849,64.75
20260924,500410,4231,65.34
20260924,500411,1531,72.84
20260924,500412,17234,60.44
20260924,500413,17257,68.41
20260924,500414,20121,47.44
20260924,500418,173,100.0
20260924,500420,5373,62.52
20260924,500421,42897,100.0
20260924,500422,7835,100.0
20260924,500425,34863,45.12
20260924,500426,38759,92.16
20260924,500429,20,0.5
20260924,500439,15,100.0
20260924,500440,71209,57.0
20260924,500444,4937,55.36
20260924,500449,477306,48.57
20260924,500456,38459,61.84
20260924,500458,3937,97.76
20260924,500459,756,75.52
20260924,500460,47847,66.61
20260924,500463,16550,60.09
20260924,500464,1899,100.0
20260924,500467,554,93.9
20260924,500469,34293,40.0
20260924,500470,405262,49.5
20260924,500472,3072,57.92
20260924,500477,271201,62.58
20260924,500480,6180,62.2
20260924,500483,1613,42.13
20260924,500488,387,49.74
20260924,500490,871,58.34
20260924,500493,7284,37.01
20260924,500495,6540,37.6
20260924,500500,451301,94.42
20260924,500510,121074,75.3
20260924,500520,119983,67.75
20260924,500530,127,44.72
20260924,500540,3,100.0
20260924,500547,45310,48.54
20260924,500550,2954,53.5
20260924,500570,374411,58.09
20260924,500575,8845,52.25
20260924,500620,46582,62.7
20260924,500645,6416,50.43
20260924,500650,173,62.23
20260924,500655,3224,62.3
20260924,500660,1216,72.64
20260924,500670,31771,35.21
20260924,500672,2182,68.38
20260924,500674,2287,26.89
20260924,500680,276,38.98
20260924,500690,29690,62.82
20260924,500696,39018,69.47
20260924,500710,809,68.73
20260924,500730,137994,62.06
20260924,500770,50637,59.72
20260924,500777,68425,55.29
20260924,500780,2709,72.67
20260924,500790,15110,61.01
20260924,500800,12596,53.31
20260924,500820,6024,56.76
20260924,500825,2215,50.0
20260924,500830,2215,57.16
20260924,500840,9771,69.09
20260924,500850,19638,52.87
20260924,500870,111523,70.63
20260924,500875,267874,29.06
20260924,500877,32106,69.14
20260924,500878,2171,58.44
20260924,500890,269,82.52
20260924,500940,30625,60.52
20260924,501150,8845,77.96
20260924,501151,1,100.0
20260924,501242,947,91.06
20260924,501261,708510,100.0
20260924,501270,1,100.0
20260924,501295,10632,82.5
20260924,501301,24041,62.89
20260924,501314,62038,99.96
20260924,501343,11,9.91
20260924,501351,32,100.0
20260924,501370,504,99.21
20260924,501391,135,90.0
20260924,501421,13,25.49
20260924,501423,2627,66.44
20260924,501425,625,57.87
20260924,501430,25,100.0
20260924,501455,273016,41.41
20260924,501477,19,79.17
20260924,501700,62634,67.73
20260924,501831,1717,79.82
20260924,501833,9013,98.32
20260924,501848,2631,81.96
20260924,501945,73987,100.0
20260924,502015,5547,80.44
20260924,502090,680,88.89
20260924,502137,923,82.12
20260924,502157,3402,75.79
20260924,502168,2073,85.38
20260924,502175,2021,90.51
20260924,502180,1514,67.74
20260924,502219,14674,51.17
20260924,502250,81,100.0
20260924,502281,11334,100.0
20260924,502294,252,99.6
20260924,502330,24032,65.95
20260924,502355,997,64.49
20260924,502420,13055,75.77
20260924,502445,1397,99.86
20260924,502448,255826,100.0
20260924,502450,718,68.71
20260924,502587,1748,94.18
20260924,502820,804,99.63
20260924,502865,5083,86.15
20260924,502873,2069,88.12
20260924,502893,109,100.0
20260924,502901,727,78.42
20260924,502933,126,100.0
20260924,502937,31956,100.0
20260924,502958,1,14.29
20260924,502986,22767,28.32
20260924,503031,15182,66.54
20260924,503092,11,100.0
20260924,503100,15309,53.42
20260924,503101,683,56.63
20260924,503127,2,66.67
20260924,503162,21,100.0
20260924,503169,2170,46.47
20260924,503310,15087,53.17
20260924,503349,88,100.0
20260924,503624,126,99.21
20260924,503635,554,100.0
20260924,503639,31,100.0
20260924,503641,105580,74.05
20260924,503657,5766,73.73
20260924,503659,85,100.0
20260924,503663,657526,60.79
20260924,503675,7252,100.0
20260924,503681,1,100.0
20260924,503722,3039,84.98
20260924,503776,204,100.0
20260924,503804,630,100.0
20260924,503806,1200,56.63
20260924,503811,693,95.85
20260924,503816,1831,77.49
20260924,503960,2184,82.07
20260924,504000,618,95.81
20260924,504028,9842,100.0
20260924,504036,2120,59.8
20260924,504058,441,98.66
20260924,504067,37605,62.15
20260924,504076,36143,73.04
20260924,504084,208,94.55
20260924,504092,2015,51.52
20260924,504093,1111,97.71
20260924,504112,7469,63.27
20260924,504132,723,80.24
20260924,504176,7583,67.34
20260924,504180,3486,90.15
20260924,504212,2953,36.26
20260924,504220,332,95.13
20260924,504240,5368,100.0
20260924,504258,567,84.25
20260924,504273,10410,100.0
20260924,504286,222,99.55
20260924,504340,13543,100.0
20260924,504341,18657,47.08
20260924,504351,3795512,98.37
20260924,504356,147,97.35
20260924,504369,153,100.0
20260924,504378,32804,90.19
20260924,504380,82,95.35
20260924,504392,2916,100.0
20260924,504397,121,100.0
20260924,504605,363,83.45
20260924,504614,11679,57.92
20260924,504646,2406,100.0
20260924,504648,1197,84.53
20260924,504697,15,100.0
20260924,504731,1736,45.79
20260924,504741,4335,92.83
20260924,504746,3863,91.78
20260924,504786,1262,100.0
20260924,504810,19,95.0
20260924,504840,153,80.95
20260924,504879,4770,88.24
20260924,504882,9274,90.88
20260924,504903,22262,100.0
20260924,504908,439,73.66
20260924,504918,21994,68.99
20260924,504959,380,92.91
20260924,504973,14638,72.5
20260924,504988,5,100.0
20260924,505010,210,79.25
20260924,505029,397,68.33
20260924,505036,264,80.73
20260924,505075,93704,100.0
20260924,505160,8836,41.73
20260924,505163,448,54.5
20260924,505192,1133,54.6
20260924,505196,5229,100.0
20260924,505200,15387,79.19
20260924,505212,3050,99.8
20260924,505216,32,100.0
20260924,505232,210,100.0
20260924,505242,4748,86.5
20260924,505255,14903,61.9
20260924,505283,1449,41.15
20260924,505299,4392,76.4
20260924,505302,10,90.91
20260924,505324,27171,70.12
20260924,505336,3369000,100.0
20260924,505343,1750350,76.26
20260924,505355,51921,99.3
20260924,505358,8826,64.71
20260924,505368,10,100.0
20260924,505400,7015,57.11
20260924,505412,273,61.9
20260924,505502,16334,100.0
20260924,505504,2501,100.0
20260924,505509,11487,78.46
20260924,505515,76845,76.66
20260924,505523,351284,72.24
20260924,505526,12188,84.87
20260924,505533,6586,60.12
20260924,505537,423779,42.34
20260924,505590,5322,73.67
20260924,505650,4595,94.3
20260924,505681,51,100.0
20260924,505688,99,100.0
20260924,505690,16,100.0
20260924,505693,59549,80.56
20260924,505700,75502,45.41
20260924,505710,29866,34.74
20260924,505712,8448,100.0
20260924,505714,12796,41.46
20260924,505720,4648,88.05
20260924,505725,168395,23.56
20260924,505726,415,32.4
20260924,505729,2336,74.28
20260924,505737,507,84.5
20260924,505744,12235,57.0
20260924,505750,1901,76.25
20260924,505790,724,50.91
20260924,505797,3633,80.39
20260924,505800,273,88.64
20260924,505827,963,64.94
20260924,505840,1747,100.0
20260924,505850,468,78.26
20260924,505854,906,90.06
20260924,505872,3777,83.19
20260924,505890,383,48.06
20260924,505893,165,84.62
20260924,505978,128,78.05
20260924,506003,2134,95.87
20260924,506022,27795,59.17
20260924,506074,26993,100.0
20260924,506076,1811,64.04
20260924,506079,500,100.0
20260924,506105,53,100.0
20260924,506109,25730,36.93
20260924,506122,10521,100.0
20260924,506128,458,59.87
20260924,506134,84080,100.0
20260924,506146,128849,63.02
20260924,506166,3797,40.8
20260924,506180,141,100.0
20260924,506184,29769,87.95
20260924,506186,105934,93.62
20260924,506194,6,100.0
20260924,506196,1,100.0
20260924,506197,9839,100.0
20260924,506222,580,80.67
20260924,506235,93664,70.62
20260924,506248,276,91.39
20260924,506260,8286,74.57
20260924,506261,8125,100.0
20260924,506285,628,78.7
20260924,506313,50,100.0
20260924,506365,78,74.29
20260924,506390,646,92.42
20260924,506395,1202,69.24
20260924,506401,5609,61.66
20260924,506405,5580,58.95
20260924,506414,21833,40.34
20260924,506480,10760,61.05
20260924,506520,3833,76.92
20260924,506525,27680,100.0
20260924,506528,1211,100.0
20260924,506532,86,94.51
20260924,506543,19,100.0
20260924,506579,11031,71.26
20260924,506590,44977,48.81
20260924,506597,3758,69.75
20260924,506605,47,97.92
20260924,506618,60,92.31
20260924,506640,98,100.0
20260924,506642,610944,100.0
20260924,506655,2453,47.6
20260924,506680,167,100.0
20260924,506685,3178,63.79
20260924,506687,65,100.0
20260924,506690,5785,37.75
20260924,506734,848,100.0
20260924,506767,599,47.43
20260924,506808,1312,62.03
20260924,506820,324,69.53
20260924,506852,13183,98.99
20260924,506854,5378,77.28
20260924,506858,364,100.0
20260924,506863,611,57.0
20260924,506879,8510,42.73
20260924,506919,1566,93.66
20260924,506947,2153,100.0
20260924,506975,100,100.0
20260924,506979,222,95.28
20260924,506981,220,68.54
20260924,507155,17357,80.54
20260924,507180,240950,100.0
20260924,507205,14992,44.93
20260924,507265,691,100.0
20260924,507300,15,88.24
20260924,507315,2042,54.45
20260924,507410,12548,45.67
20260924,507438,82,96.47
20260924,507474,3817,80.65
20260924,507486,58,100.0
20260924,507488,4187,65.23
20260924,507490,9797,90.05
20260924,507498,1846,95.65
20260924,507514,17808,63.78
20260924,507515,376,100.0
20260924,507526,1584,69.53
20260924,507552,989,94.73
20260924,507580,3381,100.0
20260924,507598,859,88.47
20260924,507609,163,100.0
20260924,507621,4449,94.78
20260924,507645,1,100.0
20260924,507685,451902,64.31
20260924,507690,280,96.22
20260924,507717,580,77.64
20260924,507747,1618,89.49
20260924,507753,61624,47.06
20260924,507759,562,100.0
20260924,507779,4421,50.84
20260924,507789,110166,36.7
20260924,507794,16449,94.63
20260924,507813,132,91.67
20260924,507815,228,46.63
20260924,507828,52257,67.72
20260924,507833,5049,62.7
20260924,507836,105,86.78
20260924,507852,39,90.7
20260924,507872,16694,99.36
20260924,507878,727301,80.26
20260924,507880,17141,52.38
20260924,507910,1124,64.23
20260924,507912,3679,94.41
20260924,507944,531,81.44
20260924,507946,1815,97.21
20260924,507948,1166,84.55
20260924,507960,1367,92.68
20260924,507962,21924,100.0
20260924,507966,50,100.0
20260924,507968,328,100.0
20260924,507970,966,99.9
20260924,507981,671,85.26
20260924,507998,1990,90.13
20260924,508486,51,46.79
20260924,508494,550,98.21
20260924,508571,31,96.88
20260924,508664,3189,100.0
20260924,508807,52,100.0
20260924,508814,2349,80.92
20260924,508867,1001,100.0
20260924,508869,9412,70.31
20260924,508875,370,100.0
20260924,508905,1184,100.0
20260924,508906,175,100.0
20260924,508918,12573,77.87
20260924,508933,2700,75.97
20260924,508941,2271,94.23
20260924,508954,13,100.0
20260924,508956,252,99.21
20260924,508961,32,100.0
20260924,508963,1,100.0
20260924,508969,10089,99.75
20260924,508980,5703,100.0
20260924,508989,1475,67.91
20260924,509009,1268,99.84
20260924,509015,1906,99.95
20260924,509020,11471,100.0
20260924,509024,1131,72.55
20260924,509038,1,100.0
20260924,509040,183,66.3
20260924,509046,65,100.0
20260924,509048,4459,100.0
20260924,509051,661964,51.66
20260924,509053,8358,80.4
20260924,509055,58902,54.97
20260924,509069,1187,100.0
20260924,509073,9,100.0
20260924,509079,4191,66.49
20260924,509152,23,100.0
20260924,509162,9588,100.0
20260924,509196,584,84.03
20260924,509220,2181,84.4
20260924,509243,602,82.92
20260924,509438,27,61.36
20260924,509449,33,100.0
20260924,509470,1,100.0
20260924,509472,1395,61.21
20260924,509480,18814,59.79
20260924,509486,424,100.0
20260924,509488,13080,40.43
20260924,509496,6331,53.87
20260924,509525,382,89.88
20260924,509546,1588,100.0
20260924,509557,1291,63.56
20260924,509563,1062,71.66
20260924,509567,1010,84.8
20260924,509597,30,93.75
20260924,509631,47279,46.13
20260924,509635,150,79.79
20260924,509675,354,61.03
20260924,509692,12,80.0
20260924,509709,13678,70.08
20260924,509715,4533,90.44
20260924,509732,3604,86.47
20260924,509762,150148,100.0
20260924,509820,6062,73.17
20260924,509835,501,83.36
20260924,509874,13554,100.0
20260924,509887,1,100.0
20260924,509895,603,76.82
20260924,509930,650,42.4
20260924,509953,4,100.0
20260924,509966,3697,65.17
20260924,510245,45327,52.75
20260924,511000,6413,94.13
20260924,511012,327188,100.0
20260924,511016,4570,100.0
20260924,511018,49609,13.05
20260924,511034,2630,40.84
20260924,511066,5077,60.17
20260924,511076,11994,34.15
20260924,511092,30480,100.0
20260924,511110,105,100.0
20260924,511116,17675083,100.0
20260924,511122,496,97.83
20260924,511131,40,50.63
20260924,511144,3240,100.0
20260924,511147,9238,79.67
20260924,511153,1858,100.0
20260924,511169,10,100.0
20260924,511176,11,100.0
20260924,511187,4041,100.0
20260924,511194,171,100.0
20260924,511196,7016,64.02
20260924,511208,52922,87.63
20260924,511218,84273,65.68
20260924,511243,491979,85.68
20260924,511260,3907,65.48
20260924,511333,1561,98.99
20260924,511355,179596,100.0
20260924,511359,3242,81.21
20260924,511377,75,100.0
20260924,511391,628,97.97
20260924,511401,141,100.0
20260924,511411,64,100.0
20260924,511431,58303,75.82
20260924,511441,20,100.0
20260924,511447,8015284,57.9
20260924,511451,250,100.0
20260924,511463,1074,99.72
20260924,511473,3080,45.98
20260924,511493,920,100.0
20260924,511501,89,78.76
20260924,544447,1241,94.44
20260924,544448,6874,31.75
20260924,544449,111520,81.58
20260924,544450,1057,100.0
20260924,544451,5200,86.67
20260924,544452,10000,100.0
20260924,544453,33000,66.26
20260924,544454,300,56.71
20260924,544455,25818,43.05
20260924,544456,19337,100.0
20260924,544457,15585,68.28
20260924,544458,125500,54.45
20260924,544459,146312,46.82
20260924,544460,36800,100.0
20260924,544461,14,100.0
20260924,544463,31200,100.0
20260924,544464,168000,70.0
20260924,544465,6882,68.63
20260924,544466,6587,45.63
20260924,544467,316640,66.63
20260924,544468,7200,75.0
20260924,544469,42971,100.0
20260924,544470,9224,71.88
20260924,544471,20000,100.0
20260924,544473,43278,90.06
20260924,544474,1600,100.0
20260924,544476,10222,50.33
20260924,544477,15283,98.91
20260924,544478,38,58.46
20260924,544479,2087,66.59
20260924,544480,125407,77.21
20260924,544481,9402,82.65
20260924,544482,8000,88.89
20260924,544483,1200,100.0
20260924,544484,6480849,95.74
20260924,544485,23836,44.1
20260924,544486,74582,99.8
20260924,544487,1554,49.19
20260924,544488,80475,62.46
20260924,544489,4800,100.0
20260924,544490,4685,24.7
20260924,544491,4034,78.73
20260924,544492,1456,72.37
20260924,544493,111,95.69
20260924,544494,3200,100.0
20260924,544495,3600,75.0
20260924,544496,408751,36.49
20260924,544497,1716084,44.77
20260924,544498,3200,66.67
20260924,544499,5,100.0
20260924,544500,10000,71.43
20260924,544501,63000,100.0
20260924,544502,3279,100.0
20260924,544503,6000,100.0
20260924,544504,4400,100.0
20260924,544505,18000,90.0
20260924,544506,8400,100.0
20260924,544507,59723,77.17
20260924,544510,4800,50.0
20260924,544511,11200,66.67
20260924,544512,6109,74.88
20260924,544513,2245,91.48
20260924,544515,92246,38.79
20260924,544516,54000,49.77
20260924,544517,120420,92.03
20260924,544518,11200,100.0
20260924,544519,4136,63.81
20260924,544520,6000,100.0
20260924,544521,3242,87.6
20260924,544522,257,99.23
20260924,544523,2400,37.29
20260924,544524,24000,73.17
20260924,544525,9072,55.0
20260924,544526,3282,67.3
20260924,544527,4205,49.56
20260924,544528,7454,66.97
20260924,544529,14400,100.0
20260924,544530,4070,67.91
20260924,544531,10200,85.0
20260924,544532,14688,59.16
20260924,544533,6255,52.14
20260924,544534,489,7.69
20260924,544535,5600,70.0
20260924,544536,37,100.0
20260924,544537,31813,48.9
20260924,544538,42000,100.0
20260924,544540,17692,48.07
20260924,544541,34800,69.05
20260924,544542,8000,80.0
20260924,544543,9836,72.57
20260924,544544,28800,100.0
20260924,544545,7057,54.54
20260924,544546,14400,100.0
20260924,544547,264,100.0
20260924,544550,33606,52.13
20260924,544551,5000,71.43
20260924,544552,3600,100.0
20260924,544553,4000,50.0
20260924,544554,24000,100.0
20260924,544555,3600,100.0
20260924,544557,34694,59.11
20260924,544558,2542,81.74
20260924,544559,11200,100.0
20260924,544560,14000,77.78
20260924,544561,24000,80.0
20260924,544562,5632,71.51
20260924,544563,13500,100.0
20260924,544564,807,100.0
20260924,544565,2000,100.0
20260924,544566,3000,50.0
20260924,544567,2000,83.33
20260924,544568,44400,88.1
20260924,544569,105823,48.39
20260924,544570,1269,33.39
20260924,544572,699,25.19
20260924,544574,86983,55.81
20260924,544575,6000,100.0
20260924,544576,107859,87.12
20260924,544578,4384,34.45
20260924,544579,1959,99.9
20260924,544580,15044,68.43
20260924,544581,4410,81.88
20260924,544582,49200,77.36
20260924,544583,1685859,87.42
20260924,544584,13000,100.0
20260924,544585,8000,100.0
20260924,544586,38650,84.58
20260924,544587,1895,54.96
20260924,544594,3600,75.0
20260924,544595,2585,64.9
20260924,544596,7200,75.0
20260924,544597,15484,35.24
20260924,544598,718,100.0
20260924,544599,1182,58.49
20260924,544600,67199,52.11
20260924,544601,141,50.18
20260924,544602,121803,62.36
20260924,544603,1058441,60.98
20260924,544604,3251,55.57
20260924,544605,16363,84.54
20260924,544606,1028640,47.0
20260924,544607,40800,75.56
20260924,544608,103786,63.53
20260924,544609,68641,37.83
20260924,544610,9000,55.56
20260924,544611,22800,86.36
20260924,544612,47182,74.9
20260924,544613,7644,49.25
20260924,544614,25323,53.92
20260924,544615,3381,100.0
20260924,544616,27000,100.0
20260924,544617,71048,46.19
20260924,544618,21,100.0
20260924,544619,5805,54.2
20260924,544620,10,100.0
20260924,544621,1000,100.0
20260924,544622,424012,56.45
20260924,544623,1200,100.0
20260924,544624,15000,100.0
20260924,544625,7800,86.67
20260924,544626,21000,100.0
20260924,544627,1000,100.0
20260924,544628,34000,27.87
20260924,544629,3000,100.0
20260924,544631,1236,67.36
20260924,544632,206099,25.03
20260924,544633,50697,64.73
20260924,544634,111678,56.49
20260924,544635,107200,85.9
20260924,544637,35400,60.82
20260924,544638,439,54.33
20260924,544639,21,100.0
20260924,544640,16800,82.35
20260924,544641,10800,75.0
20260924,544642,17031,55.77
20260924,544644,943,68.63
20260924,544645,4186,59.83
20260924,544646,50000,71.43
20260924,544647,117191,24.64
20260924,544648,4000,100.0
20260924,544654,5145,95.38
20260924,544655,2026,100.0
20260924,544656,400,100.0
20260924,544657,16800,90.32
20260924,544658,51783,96.84
20260924,544659,4000,100.0
20260924,544660,8057,100.0
20260924,544661,1250,98.74
20260924,544662,310,99.04
20260924,544664,7471,43.62
20260924,544665,75200,100.0
20260924,544666,10289,63.56
20260924,544667,43200,92.31
20260924,544668,7200,75.0
20260924,544669,8400,100.0
20260924,544670,23400,100.0
20260924,544671,12000,80.0
20260924,544672,236,91.12
20260924,544673,6400,80.0
20260924,544674,625,86.21
20260924,544675,19200,100.0
20260924,544676,4800,100.0
20260924,544677,3200,100.0
20260924,544678,346002,70.01
20260924,544679,3148,48.42
20260924,544681,23000,57.5
20260924,544682,28800,66.67
20260924,544683,3000,100.0
20260924,544684,27600,100.0
20260924,544685,111869,39.1
20260924,544686,2000,50.0
20260924,544687,14000,100.0
20260924,544688,18000,100.0
20260924,544693,3200,100.0
20260924,544694,2000,100.0
20260924,544695,55000,100.0
20260924,544698,3200,100.0
20260924,544699,93441,59.92
20260924,544700,11475,63.12
20260924,544701,9224,74.11
20260924,544702,65604,76.59
20260924,544703,86434,74.29
20260924,544704,8621,64.09
20260924,544705,2938,57.29
20260924,544706,50,100.0
20260924,544708,4800,100.0
20260924,544709,33711,60.26
20260924,544710,486000,63.78
20260924,544711,8000,72.73
20260924,544716,343,92.95
20260924,544717,3117,32.92
20260924,544718,12326,76.55
20260924,544719,6,85.71
20260924,544720,35187,56.08
20260924,544721,7087,84.45
20260924,544722,1798,91.22
20260924,544723,133015,63.49
20260924,544724,9000,100.0
20260924,544725,6040,87.06
20260924,544726,12542,100.0
20260924,544731,24151,63.81
20260924,544732,546,80.29
20260924,544733,2403,72.12
20260924,544734,11943,97.71
20260924,544735,43000,82.69
20260924,544737,203,100.0
20260924,544738,2000,100.0
20260924,544739,37251,56.45
20260924,544740,78400,100.0
20260924,544741,3600,100.0
20260924,544742,1482,55.15
20260924,544743,15378,68.05
20260924,544744,3598,53.67
20260924,544745,50202,66.6
20260924,544746,8000,83.33
20260924,544748,323741,49.78
20260924,544750,6500,91.32
20260924,544751,26400,100.0
20260924,544753,800,88.69
20260924,544754,35224,51.37
20260924,544755,105600,100.0
20260924,544756,3599,68.18
20260924,544757,754,77.89
20260924,544758,7775,71.17
20260924,544759,24000,80.0
20260924,544760,1676,58.26
20260924,544761,2925,99.46
20260924,544762,183,100.0
20260924,544763,1508,99.47
20260924,544764,44106,84.4
20260924,544765,24000,100.0
20260924,544766,938,100.0
20260924,544767,6000,100.0
20260924,544768,206000,100.0
20260924,544769,13200,84.62
20260924,544770,22400,73.68
20260924,544771,14000,77.78
20260924,544772,34000,73.91
20260924,544773,49000,59.04
20260924,544774,2000,100.0
20260924,544777,36537,56.93
20260924,544778,4000,66.67
20260924,544779,44800,86.15
20260924,544780,323922,63.18
20260924,544781,436883,51.56
20260924,544782,857149,59.76
20260924,544783,82973,100.0
20260924,544784,2373288,56.43
20260924,544785,5061,100.0
20260924,544786,16020,68.14
20260924,544793,157000,100.0
20260924,544794,99600,55.33
20260924,544795,15368,59.39
20260924,544796,23600,89.39
20260924,544799,111038,97.0
20260924,544800,1600,100.0
20260924,544802,58399,54.18
20260924,544803,40785,76.86
20260924,544804,2400,66.67
20260924,544806,7279,61.75
20260924,544808,163532,61.2
20260924,544809,36000,69.23
20260924,544810,32000,100.0
20260924,544811,68000,85.0
20260924,544812,34000,65.38
20260924,544813,1000,100.0
20260924,544814,18428,58.06
20260924,544821,10935,49.98
20260924,544822,29665,52.22
20260924,544823,72000,100.0
20260924,544825,34742,72.99
20260924,544826,68800,49.14
20260924,544827,2920,92.88
20260924,544829,71348,71.24
20260924,544830,132479,59.81
20260924,544831,5294,88.13
20260924,544832,32400,61.36
20260924,544833,21838,47.26
20260924,544834,16800,77.78
20260924,544835,2000,100.0
20260924,544837,64889,35.82
20260924,544838,114081,54.47
20260924,544839,16916,56.16
20260924,544840,51000,96.23
20260924,544841,102,100.0
20260924,544842,21,95.45
20260924,544843,68400,74.03
20260924,544844,32000,62.02
20260924,544845,45121,76.04
20260924,544846,62,100.0
20260924,544847,20149,54.18
20260924,544848,4800,100.0
20260924,544849,0,0.0
20260924,544850,753,88.07
20260924,544851,80554,54.79
20260924,544852,7200,75.0
20260924,544853,152153,88.34
20260924,544854,36000,90.91
20260924,544855,3122,92.78
20260924,544856,13600,44.74
20260924,544857,2,100.0
20260924,544858,87600,65.77
20260924,544859,67000,47.86
20260924,544860,365730,63.22
20260924,544861,21107,100.0
20260924,544862,4845,55.06
20260924,544863,20400,68.0
20260924,544864,49878,56.87
20260924,544865,44253,40.18
20260924,544866,27092,38.25
20260924,544867,37377,45.32
20260924,544868,593428,51.38
20260924,544869,34000,80.95
20260924,544870,18787,43.1
20260924,544871,123377,71.7
20260924,544872,34800,96.67
20260924,544873,6294,99.84
20260924,544874,778,85.21
20260924,544876,20400,80.95
20260924,544877,78000,100.0
20260924,544878,3,100.0
20260924,544879,218404,41.27
20260924,544880,137447,53.16
20260924,544881,5324,43.16
20260924,544882,74106,45.84
20260924,544883,238000,52.89
20260924,544884,15600,68.42
20260924,544885,57315,62.5
20260924,544886,76858,48.87
20260924,544888,25301,51.21
20260924,544889,33150,43.52
20260924,544890,498623,49.94
20260924,544891,274418,63.3
20260924,544892,3969,93.7
20260924,544893,164213,57.31
20260924,544894,184175,46.02
20260924,544895,492800,56.72
20260924,544897,72000,92.31
20260924,544898,219021,51.99
20260924,544899,66219,34.92
20260924,544900,27000,65.85
20260924,544901,2308,66.3
20260924,544902,42000,75.0
20260924,544903,80744,53.97
20260924,544904,192000,65.04
20260924,544905,14000,100.0
20260924,544906,10215,60.89
20260924,544907,1715,72.82
20260924,544908,135,78.49
20260924,544909,188874,54.44
20260924,544910,8000,100.0
20260924,544911,113894,41.04
20260924,544912,23060,49.68
20260924,544913,604550,41.39
20260924,544914,301713,42.17
20260924,544915,139588,50.17
20260924,544916,54844,34.07
20260924,544917,211738,36.64
20260924,544918,95555,43.46
20260924,544919,130800,100.0
20260924,544920,112000,100.0
20260924,544921,408883,52.43
20260924,544922,84800,100.0
20260924,544923,30090,100.0
20260924,544924,177200,100.0
20260924,544925,483600,100.0
20260924,544927,180759,94.66
20260924,544928,33600,100.0
20260924,544929,60376,100.0
20260924,544930,33600,100.0
20260924,544931,800,100.0
20260924,544932,264000,100.0
20260924,544933,238000,100.0
20260924,544934,1367985,33.56
20260924,544935,204285,100.0
20260924,544936,10887383,51.37
20260924,544937,25139995,48.76
20260924,544938,254160,100.0
20260924,555555,1061,79.42
20260924,570002,101,100.0
20260924,570004,2110,99.86
20260924,570005,105566,100.0
20260924,590003,367839,88.14
20260924,590005,301,68.1
20260924,590006,3090,67.1
20260924,590013,1941,55.95
20260924,590018,78,96.3
20260924,590021,764,88.84
20260924,590024,3352,64.39
20260924,590025,2481,100.0
20260924,590030,7759,57.53
20260924,590031,171,85.5
20260924,590041,99243,100.0
20260924,590051,10763,63.45
20260924,590056,57,43.85
20260924,590057,1018,100.0
20260924,590062,7657,76.71
20260924,590065,576,90.42
20260924,590066,3330,64.75
20260924,590068,2,50.0
20260924,590070,21728,67.67
20260924,590071,803,74.01
20260924,590072,240,100.0
20260924,590073,31873,76.26
20260924,590075,15063,60.69
20260924,590078,2699,56.24
20260924,590086,275,62.22
20260924,590095,782123,67.0
20260924,590096,77905,73.29
20260924,590097,33304,91.7
20260924,590098,115157,83.62
20260924,590099,3929,62.92
20260924,590101,11009,76.53
20260924,590103,485481,87.22
20260924,590104,11165,62.91
20260924,590106,64572,80.63
20260924,590107,17307,60.62
20260924,590108,61473,76.4
20260924,590109,3137,94.37
20260924,590110,379,94.99
20260924,590113,7380,86.53
20260924,590115,292,99.32
20260924,590134,1987,94.71
20260924,590136,27298,94.22
20260924,590137,985,58.81
20260924,590138,41179,84.62
20260924,590139,4620,96.69
20260924,590140,1025665,48.66
20260924,590141,441367,73.3
20260924,590142,298511,83.55
20260924,590143,50314,99.3
20260924,590144,98985,87.29
20260924,590145,788558,81.78
20260924,590146,206265,99.98
20260924,590147,175,87.06
20260924,590148,81304,89.32
20260924,590149,23244,96.31
20260924,590150,10628,91.05
20260924,590151,31307,89.83
20260924,590152,48695,70.41
20260924,590153,25893,96.39
20260924,590154,47498,79.14
20260924,590155,78475,80.23
20260924,590156,12480,86.79
20260924,590157,4393,76.39
20260924,590158,16523,83.91
20260924,590159,16110,98.29
20260924,590160,369,56.34
20260924,590161,1249884,81.52
20260924,710058,5000,100.0
20260924,751132,52000,100.0
20260924,751141,370,100.0
20260924,751142,201885,100.0
20260924,751143,87453,100.0
20260924,800177,9910,100.0
20260924,800296,5,100.0
20260924,800297,1,100.0
20260924,800312,35,94.59
20260924,800317,5098,100.0
20260924,800318,23,82.14
20260924,800322,18,81.82
20260924,800324,28,90.32
20260924,800325,214,83.27
20260924,800327,28,93.33
20260924,800331,11,100.0
20260924,800333,1,100.0
20260924,800334,11,100.0
20260924,800339,10,90.91
20260924,800340,138,77.97
20260924,800341,41,89.13
20260924,800342,263,98.5
20260924,800366,1,100.0
20260924,800385,7,87.5
20260924,800386,108,77.7
20260924,800428,144,100.0
20260924,800437,35,92.11
20260924,800438,10,100.0
20260924,800439,41,100.0
20260924,800441,3703,99.97
20260924,800443,1,100.0
20260924,800488,39,97.5
20260924,800489,3,100.0
20260924,800517,13,100.0
20260924,800573,18,100.0
20260924,800575,116,86.57
20260924,800580,35,89.74
20260924,800588,3400,99.94
20260924,800596,24,88.89
20260924,800598,10001,99.99
20260924,800603,28,90.32
20260924,800604,100,100.0
20260924,800605,178,92.23
20260924,800607,1,100.0
20260924,800618,800,100.0
20260924,800807,6564,100.0
20260924,800809,1394,100.0
20260924,800815,252,100.0
20260924,800816,404,100.0
20260924,805239,300,100.0
20260924,890217,1254,99.76
20260924,890226,2155,85.65
20260924,890228,45,100.0
20260924,890231,200,100.0
20260924,890234,603161,100.0
20260924,890238,11051,100.0
20260924,935514,109,100.0
20260924,935576,25,100.0
20260924,935584,54,100.0
20260924,935620,27,100.0
20260924,935666,1,100.0
20260924,935674,156,100.0
20260924,936130,19,100.0
20260924,936224,75,100.0
20260924,936226,90,100.0
20260924,936230,50,100.0
20260924,936236,90,100.0
20260924,936252,200,94.79
20260924,936254,1,100.0
20260924,936412,12,100.0
20260924,936528,10,100.0
20260924,936656,49,100.0
20260924,937065,10,100.0
20260924,937093,150,100.0
20260924,937373,40,100.0
20260924,937377,48,100.0
20260924,937381,265,100.0
20260924,937385,10,100.0
20260924,937409,60,100.0
20260924,937411,50,100.0
20260924,937441,359,100.0
20260924,937455,160,100.0
20260924,937469,100,100.0
20260924,937501,2,100.0
20260924,937621,199,100.0
20260924,937637,19,100.0
20260924,937721,564,95.27
20260924,937745,25,100.0
20260924,937773,162,100.0
20260924,937777,9,100.0
20260924,937799,298,100.0
20260924,937971,16,100.0
20260924,937999,25,100.0
20260924,938005,300,100.0
20260924,938055,5,100.0
20260924,938105,100,100.0
20260924,938176,1,100.0
20260924,938214,200,100.0
20260924,938218,193,97.97
20260924,938222,50,100.0
20260924,938226,5050,77.1
20260924,938258,46,100.0
20260924,938284,58,100.0
20260924,938368,106,100.0
20260924,938466,10,100.0
20260924,938486,6,85.71
20260924,938508,6,100.0
20260924,938524,68,100.0
20260924,938526,100,100.0
20260924,938530,1,100.0
20260924,938658,550,100.0
20260924,938664,88,100.0
20260924,938690,1,100.0
20260924,938764,5,100.0
20260924,938790,100,100.0
20260924,938850,140,100.0
20260924,938900,148,100.0
20260924,938910,141,100.0
20260924,938922,110,100.0
20260924,938994,35,100.0
20260924,939002,3,100.0
20260924,939056,170,100.0
20260924,939190,100,100.0
20260924,939194,81,100.0
20260924,939198,190,100.0
20260924,939216,1,100.0
20260924,939264,83,100.0
20260924,939276,15,100.0
20260924,939301,300,100.0
20260924,939305,48,100.0
20260924,939361,63,100.0
20260924,939389,50,100.0
20260924,939461,750,100.0
20260924,939545,440,52.38
20260924,939623,10,100.0
20260924,939701,100,100.0
20260924,939711,4,100.0
20260924,939715,3,100.0
20260924,939727,31,100.0
20260924,939743,2,100.0
20260924,939831,1,100.0
20260924,939863,70,100.0
20260924,939901,66,97.06
20260924,939973,10,100.0
20260924,939975,119,100.0
20260924,939979,83,100.0
20260924,940015,6,100.0
20260924,940101,100,100.0
20260924,940105,22,100.0
20260924,940107,235,100.0
20260924,940115,50,100.0
20260924,940149,15,100.0
20260924,940165,1,100.0
20260924,940227,10,100.0
20260924,940233,500,100.0
20260924,940239,80,100.0
20260924,940269,145,100.0
20260924,940273,45,100.0
20260924,940283,45,100.0
20260924,940325,52,100.0
20260924,940335,175,100.0
20260924,940357,21,100.0
20260924,940361,55,100.0
20260924,940387,300,50.85
20260924,940399,296,100.0
20260924,940403,140,100.0
20260924,940421,10,100.0
20260924,940443,50,100.0
20260924,940445,10,100.0
20260924,940473,21,100.0
20260924,940479,607,100.0
20260924,940503,83,100.0
20260924,940505,64,100.0
20260924,940519,283,100.0
20260924,940541,5,100.0
20260924,940551,50,100.0
20260924,940563,40,100.0
20260924,940619,101,100.0
20260924,940641,10,100.0
20260924,940643,50,100.0
20260924,940649,15,100.0
20260924,940651,13,100.0
20260924,940661,11,100.0
20260924,940663,11,100.0
20260924,940675,255,100.0
20260924,940681,4,100.0
20260924,940683,179,100.0
20260924,940685,40,100.0
20260924,940687,1,100.0
20260924,940701,1,100.0
20260924,940705,21,100.0
20260924,511505,5855,100.0
20260924,511507,2005,79.6
20260924,511509,14017,86.08
20260924,511523,107373,100.0
20260924,511525,71681,89.36
20260924,511533,7,100.0
20260924,511535,63,100.0
20260924,511539,41,100.0
20260924,511543,11,100.0
20260924,511549,211,90.95
20260924,511551,1748,92.54
20260924,511557,597925,100.0
20260924,511571,111,72.55
20260924,511577,1703,60.33
20260924,511589,10226,88.63
20260924,511593,440,88.0
20260924,511601,227,90.08
20260924,511605,22362,57.01
20260924,511609,400,100.0
20260924,511611,6830,96.92
20260924,511626,2008,100.0
20260924,511628,277476,42.55
20260924,511630,2151,76.11
20260924,511644,297032,66.29
20260924,511654,100,100.0
20260924,511658,10805,85.32
20260924,511672,15091,100.0
20260924,511676,2253,76.68
20260924,511692,677,99.71
20260924,511696,180,69.77
20260924,511700,2022963,73.74
20260924,511702,304,49.35
20260924,511710,85799,100.0
20260924,511712,561,92.57
20260924,511714,110,100.0
20260924,511716,5592,100.0
20260924,511724,23683,88.04
20260924,511726,47664,100.0
20260924,511734,2565,100.0
20260924,511740,515,50.05
20260924,511742,6053,68.89
20260924,511754,1327,96.86
20260924,511756,1102,100.0
20260924,511764,1847,79.48
20260924,511766,606,57.6
20260924,511768,6880,56.46
20260924,512008,5304,69.08
20260924,512014,118,83.69
20260924,512018,88635,81.7
20260924,512020,6,100.0
20260924,512025,19983,25.23
20260924,512036,3,100.0
20260924,512038,65315,76.42
20260924,512047,80729,48.52
20260924,512048,109448,95.27
20260924,512062,5507,100.0
20260924,512064,932,98.21
20260924,512065,419,100.0
20260924,512068,108412,48.65
20260924,512070,39049,58.46
20260924,512093,1563891,100.0
20260924,512097,157970,90.76
20260924,512099,194,100.0
20260924,512103,475,68.25
20260924,512115,2095,89.19
20260924,512131,4701,100.0
20260924,512149,1886325,54.02
20260924,512161,7137,83.92
20260924,512165,1289,77.28
20260924,512169,219409,100.0
20260924,512175,59146,82.74
20260924,512179,3995,76.87
20260924,512197,35,100.0
20260924,512217,2087,87.87
20260924,512229,1754,100.0
20260924,512237,21636,57.89
20260924,512247,49497,88.62
20260924,512257,73680,84.58
20260924,512267,5930,88.89
20260924,512277,3592,85.61
20260924,512296,6833,53.2
20260924,512301,2579,100.0
20260924,512329,3417,41.76
20260924,512345,101,100.0
20260924,512359,1087030,71.86
20260924,512361,262884,67.77
20260924,512379,75321,100.0
20260924,512381,8,88.89
20260924,512393,1485,100.0
20260924,512399,32964,77.13
20260924,512415,6419,80.61
20260924,512425,1,100.0
20260924,512437,468,100.0
20260924,512441,7997523,76.18
20260924,512443,122375,96.68
20260924,512453,28,29.79
20260924,512455,13556,56.54
20260924,512463,178324,45.94
20260924,512485,1,100.0
20260924,512489,45297,100.0
20260924,512493,8051,96.87
20260924,512499,915956,100.0
20260924,512519,2561,99.92
20260924,512527,70,100.0
20260924,512529,31608,49.2
20260924,512531,1944,84.16
20260924,512553,100,100.0
20260924,512559,3977,59.03
20260924,512573,8269,76.41
20260924,512587,6426,67.78
20260924,512589,727,77.75
20260924,512591,1438628,60.2
20260924,512595,3597,98.76
20260924,512597,66,100.0
20260924,512599,12929,44.11
20260924,512600,10677,90.98
20260924,512608,13253,90.07
20260924,512618,286,100.0
20260924,512624,25872,83.88
20260924,512626,76,100.0
20260924,512634,613,99.67
20260924,513005,4753,71.93
20260924,513023,11557,59.99
20260924,513043,2619,66.47
20260924,513059,9059,100.0
20260924,513063,550,100.0
20260924,513097,3807,32.61
20260924,513108,1381,77.85
20260924,513117,2126,98.11
20260924,513119,100591,72.28
20260924,513121,2383,90.85
20260924,513149,182,99.45
20260924,513173,1564,100.0
20260924,513228,24812,68.01
20260924,513250,155995,65.73
20260924,513252,7,77.78
20260924,513262,50426,46.69
20260924,513269,24589,27.68
20260924,513295,1081,97.74
20260924,513303,2324,99.79
20260924,513307,6052,83.7
20260924,513337,1302061,57.29
20260924,513343,15,100.0
20260924,513349,2457,38.5
20260924,513353,18848,66.82
20260924,513361,289116,78.87
20260924,513369,150,100.0
20260924,513375,59003,26.69
20260924,513377,105446,78.39
20260924,513397,205,100.0
20260924,513418,18172,100.0
20260924,513436,96090,100.0
20260924,513452,151,100.0
20260924,513456,751,62.79
20260924,513460,5,100.0
20260924,513472,272810,66.6
20260924,513488,140,100.0
20260924,513496,610,100.0
20260924,513498,458,94.82
20260924,513502,150317,64.75
20260924,513507,300,100.0
20260924,513509,343,100.0
20260924,513511,217,44.38
20260924,513513,123,100.0
20260924,513517,5622,58.02
20260924,513519,6057,69.84
20260924,513528,2783,100.0
20260924,513532,742,100.0
20260924,513536,48156,74.53
20260924,513544,1460,100.0
20260924,513548,1031,60.83
20260924,513554,424,100.0
20260924,513566,5999,100.0
20260924,513575,3048,78.68
20260924,513599,284691,48.17
20260924,513629,10366,90.4
20260924,513642,52,89.66
20260924,513683,28317,43.65
20260924,513687,2571,100.0
20260924,513693,1013,99.61
20260924,513699,15797,99.84
20260924,513709,11244,60.36
20260924,513713,17690,97.65
20260924,513721,1020,100.0
20260924,513729,6,75.0
20260924,514010,216881,100.0
20260924,514028,408,95.55
20260924,514030,720,62.12
20260924,514036,1738,80.54
20260924,514043,39135,49.46
20260924,514045,1173,96.38
20260924,514060,67885,100.0
20260924,514087,31,86.11
20260924,514113,669,76.98
20260924,514142,5688,78.81
20260924,514162,426039,71.74
20260924,514165,20258,88.83
20260924,514167,1110,62.32
20260924,514171,937,93.98
20260924,514175,4472,98.26
20260924,514183,3263,100.0
20260924,514197,1731,86.29
20260924,514211,377,100.0
20260924,514223,729,100.0
20260924,514234,1916,73.81
20260924,514238,129,82.17
20260924,514240,1087,86.89
20260924,514260,3907,100.0
20260924,514264,77,91.67
20260924,514266,721,97.96
20260924,514272,5036,77.86
20260924,514274,11936,81.96
20260924,514280,1643,61.49
20260924,514286,5703,94.5
20260924,514300,429,99.77
20260924,514302,115,54.25
20260924,514312,362,1.15
20260924,514316,538,91.03
20260924,514318,281,72.42
20260924,514324,468,68.72
20260924,514326,8325,68.15
20260924,514330,2138,79.42
20260924,514332,6029,98.58
20260924,514336,6910,81.85
20260924,514354,201007,45.6
20260924,514358,1,100.0
20260924,514360,152245,70.03
20260924,514378,1495,68.67
20260924,514386,766085,89.66
20260924,514400,7252,82.86
20260924,514402,3982,62.68
20260924,514414,50,100.0
20260924,514418,690,92.74
20260924,514428,347,95.33
20260924,514440,23854,71.87
20260924,514442,1587,100.0
20260924,514448,2078,69.36
20260924,514450,308,100.0
20260924,514454,169,100.0
20260924,514470,3473,79.33
20260924,515008,20492,100.0
20260924,515018,690,97.87
20260924,515030,6999,51.11
20260924,515037,2853,84.68
20260924,515043,3567,81.81
20260924,515055,98718,59.41
20260924,515059,3,75.0
20260924,515085,21868,83.01
20260924,515093,533,100.0
20260924,515147,12894,100.0
20260924,516003,2451,71.56
20260924,516016,31,100.0
20260924,516020,2220,95.28
20260924,516022,593,84.47
20260924,516030,4109,68.34
20260924,516032,145335,85.1
20260924,516038,12575,68.22
20260924,516062,235,100.0
20260924,516064,1712,67.64
20260924,516072,2755,70.08
20260924,516078,914,100.0
20260924,516082,1144,82.01
20260924,516092,9,90.0
20260924,516096,187,75.4
20260924,516098,4890,87.56
20260924,516106,544,95.77
20260924,516108,4912,86.74
20260924,516110,274639,84.26
20260924,517015,655,41.8
20260924,517035,67074,55.18
20260924,517041,2184,76.1
20260924,517059,2110,76.31
20260924,517063,10343,45.04
20260924,517096,3521,74.57
20260924,517119,52767,73.23
20260924,517146,17761,53.49
20260924,517168,1171,72.33
20260924,517170,7305,90.91
20260924,517172,50,100.0
20260924,517174,33,58.93
20260924,517201,16159,100.0
20260924,517206,163,71.81
20260924,517214,3994,83.33
20260924,517230,63,100.0
20260924,517236,3294,57.09
20260924,517238,140,100.0
20260924,517246,29267,100.0
20260924,517258,716,100.0
20260924,517264,1640,70.45
20260924,517271,43175,51.55
20260924,517273,571,85.61
20260924,517286,292463,100.0
20260924,517288,625,100.0
20260924,517300,10775,54.25
20260924,517320,6175,100.0
20260924,517334,283085,61.64
20260924,517344,1841,89.41
20260924,517354,11915,46.97
20260924,517356,201424,100.0
20260924,517360,554,73.77
20260924,517370,555,92.35
20260924,517372,2211,78.85
20260924,517380,643,58.83
20260924,517385,2915,58.98
20260924,517393,331313,100.0
20260924,517397,417,100.0
20260924,517399,19562,99.46
20260924,517411,271,97.83
20260924,517415,193,100.0
20260924,517417,33301,71.04
20260924,517421,362,75.73
20260924,517429,1079,98.18
20260924,517431,62524,74.87
20260924,517447,6535,91.12
20260924,517449,3815,42.1
20260924,517467,26708,41.93
20260924,517477,5360,97.24
20260924,517494,8402,71.13
20260924,517498,61088,37.29
20260924,517500,27596,49.25
20260924,517506,930,64.45
20260924,517514,3004,86.05
20260924,517522,2444,62.22
20260924,517530,5209,96.91
20260924,517536,592,68.05
20260924,517544,2779,50.01
20260924,517546,19786,99.0
20260924,517554,12904639,100.0
20260924,517556,494890,55.95
20260924,517562,959,98.26
20260924,517569,3429,45.33
20260924,518011,3,100.0
20260924,518053,4403,54.09
20260924,518075,593,100.0
20260924,518091,139,100.0
20260924,519003,768,88.58
20260924,519031,94,100.0
20260924,519091,239,72.64
20260924,519097,3795,100.0
20260924,519105,59133,73.08
20260924,519126,2847,64.05
20260924,519136,171,100.0
20260924,519152,13,92.86
20260924,519156,230,52.87
20260924,519174,668,98.24
20260924,519183,4635,74.76
20260924,519191,1664,100.0
20260924,519214,136,100.0
20260924,519216,33477,81.89
20260924,519230,8348,68.37
20260924,519234,110,68.75
20260924,519238,60,100.0
20260924,519242,42246,61.21
20260924,519260,516,100.0
20260924,519262,31,100.0
20260924,519285,350,100.0
20260924,519287,17529,100.0
20260924,519295,680,55.28
20260924,519299,6045,100.0
20260924,519307,54167,100.0
20260924,519331,424,97.25
20260924,519359,998,59.94
20260924,519367,142,59.41
20260924,519383,1019,99.32
20260924,519397,27277,59.4
20260924,519413,300,100.0
20260924,519421,3038,91.01
20260924,519457,303,67.79
20260924,519463,2114,96.88
20260924,519471,458,100.0
20260924,519475,581,100.0
20260924,519477,20903,60.99
20260924,519479,766,100.0
20260924,519483,37,94.87
20260924,519500,1878,60.52
20260924,519506,400,100.0
20260924,519528,292,98.98
20260924,519532,8221,73.73
20260924,519552,4849,50.58
20260924,519566,2368,86.9
20260924,519574,1440,84.61
20260924,519600,4676,78.17
20260924,519602,123422,68.95
20260924,519604,136,100.0
20260924,519606,156730,100.0
20260924,519612,1205,98.37
20260924,520008,39034,54.36
20260924,520021,6825,53.87
20260924,520043,410,58.82
20260924,520051,251686,41.24
20260924,520056,210,69.08
20260924,520057,513,33.53
20260924,520059,8084,64.47
20260924,520066,60693,96.52
20260924,520073,1285,48.77
20260924,520075,4925,90.92
20260924,520086,3144,100.0
20260924,520111,1969,62.79
20260924,520113,501623,99.83
20260924,520119,717,65.66
20260924,520121,236,99.58
20260924,520123,140,57.14
20260924,520127,17857,96.24
20260924,520141,203,95.75
20260924,520151,113,100.0
20260924,520155,2463,95.72
20260924,521005,3054979,68.98
20260924,521014,2106,100.0
20260924,521016,7353,36.03
20260924,521018,350,65.3
20260924,521034,318,84.13
20260924,521036,103,100.0
20260924,521062,1496,81.66
20260924,521064,87749,25.46
20260924,521068,1000,100.0
20260924,521070,533010,61.54
20260924,521080,205,99.51
20260924,521105,2261,88.84
20260924,521109,14344,81.44
20260924,521113,5868,60.87
20260924,521131,401,72.38
20260924,521133,800,100.0
20260924,521137,28683,100.0
20260924,521141,253,93.01
20260924,521149,663,81.05
20260924,521163,314,99.68
20260924,521167,10436,100.0
20260924,521178,3302,83.57
20260924,521180,6106,100.0
20260924,521194,54,100.0
20260924,521200,1479,99.26
20260924,521206,6837,99.38
20260924,521210,66,98.51
20260924,521216,721,99.17
20260924,521222,25,100.0
20260924,521226,1377,92.11
20260924,521228,66489,88.18
20260924,521238,21911,50.31
20260924,521244,2967,92.26
20260924,521246,4316,99.42
20260924,521248,18135,66.57
20260924,522001,3610,100.0
20260924,522004,2821,80.37
20260924,522005,3330,72.25
20260924,522014,23984,51.01
20260924,522017,2353,43.43
20260924,522027,282,100.0
20260924,522029,944,65.42
20260924,522034,4934,64.47
20260924,522036,45,100.0
20260924,522064,169,67.33
20260924,522073,407,100.0
20260924,522074,5814,49.51
20260924,522091,2287,74.33
20260924,522101,12660,64.7
20260924,522105,27214,100.0
20260924,522108,191,69.96
20260924,522113,949,68.22
20260924,522122,123,97.62
20260924,522134,10423,66.04
20260924,522152,1957,100.0
20260924,522163,48064,100.0
20260924,522165,2127,91.29
20260924,522183,845,77.17
20260924,522195,36013,30.95
20260924,522205,9330,57.15
20260924,522207,167,95.98
20260924,522209,20937,89.7
20260924,522215,7122,55.76
20260924,522217,537,96.24
20260924,522229,14733,51.79
20260924,522231,6335,75.26
20260924,522235,934,100.0
20260924,522237,31,93.94
20260924,522241,1466,79.93
20260924,522249,2148,57.46
20260924,522251,697,76.34
20260924,522257,41311,100.0
20260924,522261,1788,39.66
20260924,522273,1710,53.01
20260924,522275,6359,49.87
20260924,522281,5612,53.62
20260924,522285,39347,47.07
20260924,522287,6139,49.58
20260924,522289,4786,78.18
20260924,522292,2643,100.0
20260924,522294,1000,100.0
20260924,522295,919,86.37
20260924,522650,5327,96.5
20260924,523007,6966,81.6
20260924,523019,7514,88.36
20260924,523021,8945,93.72
20260924,523023,1871,86.02
20260924,523025,235,49.79
20260924,523062,351,100.0
20260924,523100,4828,80.97
20260924,523105,25124093,100.0
20260924,523116,7,63.64
20260924,523120,19,100.0
20260924,523127,767,75.2
20260924,523144,2937,100.0
20260924,523160,1642,64.8
20260924,523186,89,100.0
20260924,523204,5407,100.0
20260924,523207,2161,92.51
20260924,523222,9429,100.0
20260924,523229,6336,58.05
20260924,523232,468,71.12
20260924,523242,1900,100.0
20260924,523248,1528,90.47
20260924,523260,1998,100.0
20260924,523261,1363,40.82
20260924,523269,303,96.19
20260924,523277,1449988,49.77
20260924,523289,2093,78.74
20260924,523301,308,75.31
20260924,523309,12255,76.11
20260924,523319,5085,64.26
20260924,523323,170,69.11
20260924,523329,751,97.66
20260924,523367,2424,72.38
20260924,523369,5254,73.81
20260924,523371,5807,70.28
20260924,523373,321517,70.57
20260924,523384,2052,90.68
20260924,523385,1090,76.06
20260924,523387,383034,73.63
20260924,523391,48,96.0
20260924,523395,35,28.93
20260924,523398,637,48.15
20260924,523405,613320,86.98
20260924,523411,735,100.0
20260924,523419,13856,99.25
20260924,523425,402,100.0
20260924,523445,1318,65.87
20260924,523457,7182,95.65
20260924,523465,166,73.78
20260924,523467,4009,100.0
20260924,523475,486,68.74
20260924,523483,102,99.03
20260924,523489,63,100.0
20260924,523519,223,100.0
20260924,523537,2699,73.97
20260924,523539,17127,46.3
20260924,523550,978,66.08
20260924,523558,34545,100.0
20260924,523566,1,50.0
20260924,523574,1489,100.0
20260924,523586,6138,69.31
20260924,523594,7477,93.54
20260924,523598,138868,72.82
20260924,523606,1380,53.91
20260924,523610,7422,65.46
20260924,523618,11306,94.66
20260924,523630,29748,68.03
20260924,523638,3451,95.6
20260924,523642,6625,60.38
20260924,523648,2124,69.34
20260924,523650,46966,98.94
20260924,523660,8243,75.47
20260924,523672,632,61.12
20260924,523676,2051,83.34
20260924,523694,3993,59.38
20260924,523696,4877,93.72
20260924,523704,3000,72.73
20260924,523708,1045,43.54
20260924,523716,1353,69.07
20260924,523722,6554,99.83
20260924,523732,2285,88.39
20260924,523736,415,76.15
20260924,523752,17693,100.0
20260924,523754,1387,93.34
20260924,523782,4850,75.38
20260924,523792,27699,100.0
20260924,523796,14243,100.0
20260924,523826,2840,83.65
20260924,523828,3895,100.0
20260924,523832,4112,100.0
20260924,523836,3,100.0
20260924,523838,1278,74.69
20260924,523840,2783,99.93
20260924,523842,29772,100.0
20260924,523844,341,100.0
20260924,523850,445,73.55
20260924,523862,2,100.0
20260924,523874,8571,100.0
20260924,523888,1296,11.23
20260924,524000,15637,47.69
20260924,524019,287,54.46
20260924,524037,867,97.97
20260924,524038,2567,100.0
20260924,524051,840,72.41
20260924,524075,549,84.72
20260924,524080,4,80.0
20260924,524091,1850,46.66
20260924,524109,23504,64.17
20260924,524129,2850,98.07
20260924,524136,502,100.0
20260924,524156,1563,63.43
20260924,524164,89696,34.76
20260924,524174,98296,96.12
20260924,524200,4835,72.59
20260924,524202,21324,68.93
20260924,524204,385,86.91
20260924,524208,7736,47.21
20260924,524212,6003,49.43
20260924,524218,51527,100.0
20260924,524226,26370,78.21
20260924,524230,17257,59.21
20260924,524238,232178,100.0
20260924,524280,15087,58.47
20260924,524288,9641,99.77
20260924,524314,980,89.09
20260924,524322,25882,53.84
20260924,524324,150,100.0
20260924,524330,3848,82.03
20260924,524332,26004,65.14
20260924,524336,40030,100.0
20260924,524342,3269,74.98
20260924,524348,10342,54.77
20260924,524370,124928,57.6
20260924,524372,4798,58.22
20260924,524394,4971,59.63
20260924,524396,1670,100.0
20260924,524400,1,100.0
20260924,524404,68918,47.18
20260924,524408,509,100.0
20260924,524412,2605,73.44
20260924,524414,1162,70.08
20260924,524434,79791,93.47
20260924,524440,9265,85.09
20260924,524444,6703986,79.89
20260924,524458,1,100.0
20260924,524470,437444,49.68
20260924,524480,112,77.78
20260924,524488,12239,90.03
20260924,524494,10057,53.13
20260924,524500,14437,100.0
20260924,524502,201,100.0
20260924,524506,1184,100.0
20260924,524514,300,100.0
20260924,524516,17891,100.0
20260924,524520,44039,59.65
20260924,524522,565,99.65
20260924,524534,613,57.13
20260924,524542,200,23.01
20260924,524548,1096,99.55
20260924,524558,1178,57.66
20260924,524564,2582,100.0
20260924,524570,102,98.08
20260924,524572,951,56.71
20260924,524576,11289,77.56
20260924,524580,2,100.0
20260924,524582,1435,70.0
20260924,524592,43126,100.0
20260924,524594,528,73.33
20260924,524598,742,100.0
20260924,524602,2961,78.48
20260924,524604,400,100.0
20260924,524606,363,99.45
20260924,524614,4372,47.3
20260924,524622,7544,64.5
20260924,524624,752,100.0
20260924,524628,49,100.0
20260924,524632,151782,53.82
20260924,524634,146,63.2
20260924,524636,38160,100.0
20260924,524640,12512,100.0
20260924,524648,12306,100.0
20260924,524654,808,100.0
20260924,524661,3942587,46.12
20260924,524663,30586,69.47
20260924,524667,37276,79.32
20260924,524669,36,67.92
20260924,524675,1092,100.0
20260924,524687,11407,92.67
20260924,524703,4435,98.67
20260924,524709,25245,53.61
20260924,524711,15416,81.9
20260924,524715,80809,72.65
20260924,524717,8301,73.05
20260924,524723,50,100.0
20260924,524727,70,100.0
20260924,524731,154,66.09
20260924,524735,47821,43.51
20260924,524742,17747,30.37
20260924,524743,66991,75.47
20260924,524748,101,100.0
20260924,524752,4523,100.0
20260924,524768,1,100.0
20260924,524774,1080,48.34
20260924,524790,1925,79.09
20260924,524804,8771,42.94
20260924,524808,918,95.53
20260924,524816,40140,55.5
20260924,524818,3408,88.43
20260924,524820,6459,63.17
20260924,524824,2540,93.38
20260924,524828,171,98.84
20260924,526001,1762,55.11
20260924,526025,21193,84.73
20260924,526027,71546,73.91
20260924,526043,710,97.8
20260924,526071,1166,100.0
20260924,526073,1067,100.0
20260924,526075,1495,100.0
20260924,526081,642,100.0
20260924,526095,5574,100.0
20260924,526113,150,100.0
20260924,526115,1,100.0
20260924,526125,120,82.76
20260924,526133,1802,100.0
20260924,526137,2,100.0
20260924,526139,61039,98.19
20260924,526143,1950,100.0
20260924,526159,9806,81.85
20260924,526161,71,100.0
20260924,526169,1886,65.24
20260924,526173,44137,72.36
20260924,526179,5482,97.72
20260924,526187,86,100.0
20260924,526193,5293,72.31
20260924,526211,4898,55.61
20260924,526227,125880,41.76
20260924,526231,14067,100.0
20260924,526237,181,97.84
20260924,526241,6052,100.0
20260924,526247,6473,56.73
20260924,526251,2563,100.0
20260924,526263,1177,100.0
20260924,526269,4239,93.14
20260924,526299,1649,31.69
20260924,526315,453,100.0
20260924,526325,151,100.0
20260924,526331,50,100.0
20260924,526335,11625,67.83
20260924,526345,4268,57.89
20260924,526355,284,100.0
20260924,526365,2420,63.19
20260924,526367,11440,94.37
20260924,526371,271199,63.97
20260924,526373,53,100.0
20260924,526381,6233,90.48
20260924,526397,1037,100.0
20260924,526407,7097,96.72
20260924,526409,25582,76.36
20260924,526415,217515,71.78
20260924,526423,188,58.57
20260924,526433,16004,45.22
20260924,526435,5,50.0
20260924,526439,129,100.0
20260924,526441,9248,94.45
20260924,526443,41992,71.72
20260924,526445,42008,100.0
20260924,526468,12903,100.0
20260924,526471,13683,82.05
20260924,526473,9090,93.38
20260924,526479,6221,91.94
20260924,526481,2830,93.06
20260924,526488,24993,79.25
20260924,526490,136739,88.98
20260924,526492,10759,71.91
20260924,526494,7696,100.0
20260924,526500,25,100.0
20260924,526506,5313,100.0
20260924,526508,9317,95.29
20260924,526519,358,100.0
20260924,526525,330,76.92
20260924,526530,49719,100.0
20260924,526532,1527,99.87
20260924,526544,13352,75.4
20260924,526546,4456,100.0
20260924,526550,7603,90.5
20260924,526554,150,100.0
20260924,526570,5143,67.42
20260924,526574,1,100.0
20260924,526582,8324,82.71
20260924,526588,4418,100.0
20260924,526596,3027,68.69
20260924,526604,7863,100.0
20260924,526608,117,75.0
20260924,526612,143,76.06
20260924,526614,4055,100.0
20260924,526616,1609,83.45
20260924,526622,355503,69.63
20260924,526638,2878,75.16
20260924,526640,227,100.0
20260924,526642,7924,85.45
20260924,526650,2572542,93.18
20260924,526654,125,100.0
20260924,526666,1412,89.25
20260924,526668,2096,56.63
20260924,526675,21597,98.02
20260924,526677,13479,94.98
20260924,526703,335,94.37
20260924,526705,30,100.0
20260924,526709,30297,51.24
20260924,526711,556,84.63
20260924,526717,9655,100.0
20260924,526721,81,100.0
20260924,526723,30,100.0
20260924,526725,15,88.24
20260924,526727,6180,89.58
20260924,526729,11159,51.86
20260924,526731,1603,62.94
20260924,526739,1815,81.39
20260924,526747,32678,66.18
20260924,526755,6369,86.32
20260924,526761,1224,96.08
20260924,526775,6141,77.83
20260924,526783,84,82.35
20260924,526797,4161,61.35
20260924,526807,662,56.44
20260924,526813,442,100.0
20260924,526817,1,100.0
20260924,526821,410,100.0
20260924,526823,7088,100.0
20260924,526827,17958,100.0
20260924,526829,80493,45.97
20260924,526839,61,100.0
20260924,526841,254711,79.74
20260924,526847,4243,71.68
20260924,526849,847,86.25
20260924,526851,4,80.0
20260924,526853,15,100.0
20260924,526859,11917,93.24
20260924,526861,4889,85.22
20260924,526865,1600,66.67
20260924,526869,127,100.0
20260924,526871,795,84.66
20260924,526873,39940,100.0
20260924,526881,14141,36.73
20260924,526885,7628,95.93
20260924,526887,1711,100.0
20260924,526891,50,100.0
20260924,526899,16991,84.65
20260924,526901,1294,99.16
20260924,526905,1340,77.73
20260924,526921,510,100.0
20260924,526931,55,100.0
20260924,526935,7226993,61.21
20260924,526941,200,100.0
20260924,526945,2,100.0
20260924,526947,2805,80.91
20260924,526951,1659,63.59
20260924,526953,2168,59.28
20260924,526961,540593,98.73
20260924,526965,886,67.84
20260924,526967,5100,100.0
20260924,526971,5642,100.0
20260924,526981,375,99.21
20260924,526987,34653,76.39
20260924,527001,18199,50.58
20260924,527005,6202,65.08
20260924,530001,1641,75.69
20260924,530005,10019,64.92
20260924,530007,13171,55.83
20260924,530017,6745,99.26
20260924,530019,6407,62.1
20260924,530023,1874,98.17
20260924,530025,6117,99.98
20260924,530037,1965,79.39
20260924,530043,110,99.1
20260924,530045,15249,31.3
20260924,530053,22560,76.73
20260924,530057,18360,100.0
20260924,530063,2805,100.0
20260924,530067,9205,93.96
20260924,530073,22598,71.03
20260924,530075,15118,48.0
20260924,530077,1099,73.12
20260924,530079,741,78.33
20260924,530109,65827,69.91
20260924,530111,154,78.57
20260924,530117,1092,44.59
20260924,530119,594,79.41
20260924,530125,3892,85.86
20260924,530127,1500,100.0
20260924,530129,500,85.03
20260924,530133,2452,86.7
20260924,530135,32086,32.52
20260924,530139,2908,100.0
20260924,530141,6,100.0
20260924,530145,12308,100.0
20260924,530163,3501,62.03
20260924,530167,7252,100.0
20260924,530171,197,97.04
20260924,530175,848,59.68
20260924,530177,3055,99.84
20260924,530179,1674,100.0
20260924,530185,58789,90.99
20260924,530187,34774,100.0
20260924,530199,3106,75.79
20260924,530201,6054,100.0
20260924,530207,170,100.0
20260924,530213,88,100.0
20260924,530215,18510,77.94
20260924,530217,17940,98.98
20260924,530231,46,100.0
20260924,530233,567,78.97
20260924,530239,8497,46.6
20260924,530245,202,80.16
20260924,530249,1082865,93.52
20260924,530251,42381,95.93
20260924,530253,29044,100.0
20260924,530255,7399,54.17
20260924,530259,734,100.0
20260924,530263,63512,85.97
20260924,530265,1260,74.2
20260924,530267,7030,79.63
20260924,530271,660,100.0
20260924,530281,712,100.0
20260924,530289,835,100.0
20260924,530299,1072,75.65
20260924,530305,8793,64.02
20260924,530307,2496,79.69
20260924,530309,21367,93.97
20260924,530313,4424,95.34
20260924,530315,5079,87.19
20260924,530317,3235,84.11
20260924,530331,149,99.33
20260924,530343,2560178,95.19
20260924,530355,9733,49.48
20260924,530357,44379,82.6
20260924,530361,6142,100.0
20260924,530363,17041,78.6
20260924,530365,933,97.09
20260924,530367,16841,58.5
20260924,530369,700,99.43
20260924,530377,35306,81.02
20260924,530393,491,100.0
20260924,530401,699,93.7
20260924,530405,2442,92.46
20260924,530407,2378,94.63
20260924,530419,1128,99.91
20260924,530421,17112,84.33
20260924,530427,1424,83.23
20260924,530433,2358,80.48
20260924,530439,7415,100.0
20260924,530445,11418,76.19
20260924,530449,82,86.32
20260924,530457,6423,81.2
20260924,530459,424,100.0
20260924,530461,3801,80.77
20260924,530469,3516,100.0
20260924,530475,1632,71.83
20260924,530477,29525,64.2
20260924,530495,1015,64.81
20260924,530499,464,96.07
20260924,530517,9938,55.49
20260924,530521,1811,81.91
20260924,530525,75516,100.0
20260924,530533,37,68.52
20260924,530545,135,60.0
20260924,530547,23,100.0
20260924,530549,13904,39.19
20260924,530555,64337,63.07
20260924,530557,1601131,100.0
20260924,530565,1500,100.0
20260924,530577,1963,100.0
20260924,530579,600,100.0
20260924,530581,49,100.0
20260924,530585,1789,100.0
20260924,530589,578,70.83
20260924,530595,18294,100.0
20260924,530601,1374,84.29
20260924,530615,25770,100.0
20260924,530617,82778,82.54
20260924,530621,702,100.0
20260924,530627,4541,93.05
20260924,530643,2409,77.34
20260924,530655,8246,32.25
20260924,530663,43029,90.31
20260924,530665,12779,78.47
20260924,530669,18,100.0
20260924,530677,1867,97.75
20260924,530689,8825,69.38
20260924,530695,2678,93.54
20260924,530697,1588,55.06
20260924,530699,728,100.0
20260924,530705,7293,100.0
20260924,530709,590,100.0
20260924,530711,722,48.2
20260924,530735,150,60.0
20260924,530741,6195,100.0
20260924,530745,206826,100.0
20260924,530747,126,53.85
20260924,530755,8,100.0
20260924,530759,8349,100.0
20260924,530779,1407,99.5
20260924,530787,11,100.0
20260924,530795,181,100.0
20260924,530799,1487,87.32
20260924,530803,7926,56.56
20260924,530805,36595,60.98
20260924,530809,500,83.06
20260924,530813,10220,54.37
20260924,530821,1710,84.74
20260924,530825,5212,100.0
20260924,530829,3116,93.41
20260924,530839,1554,100.0
20260924,530843,1055659,40.96
20260924,530845,951,68.81
20260924,530853,1878,100.0
20260924,530855,5,100.0
20260924,530871,427,100.0
20260924,530879,78707,95.04
20260924,530881,185840,82.94
20260924,530883,58019,100.0
20260924,530889,241,100.0
20260924,530897,2121,72.86
20260924,530907,57167,100.0
20260924,530919,68587,67.52
20260924,530925,592,74.56
20260924,530931,2,100.0
20260924,530943,28675,59.42
20260924,530951,2430,94.48
20260924,530953,856,99.88
20260924,530959,9847,63.22
20260924,530961,184736,65.51
20260924,530965,121168,68.27
20260924,530973,11,100.0
20260924,530977,514,99.42
20260924,530979,739,99.86
20260924,530991,386,96.26
20260924,530993,621,82.91
20260924,530997,3455,65.56
20260924,530999,3938,33.04
20260924,531003,509,99.03
20260924,531015,4293,50.23
20260924,531017,159,76.44
20260924,531025,374860,85.12
20260924,531033,1192,100.0
20260924,531035,28069,100.0
20260924,531041,385,80.88
20260924,531043,50,100.0
20260924,531049,507,100.0
20260924,531067,11752,51.79
20260924,531069,91,96.81
20260924,531082,10866,77.12
20260924,531083,3966,99.7
20260924,531092,2447,74.06
20260924,531099,5898,100.0
20260924,531109,131,31.95
20260924,531111,100,100.0
20260924,531112,21434,53.56
20260924,531119,285,100.0
20260924,531120,259077,61.27
20260924,531126,84250,81.08
20260924,531127,113878,100.0
20260924,531129,3513,97.21
20260924,531137,193651,50.15
20260924,531144,234093,79.16
20260924,531146,2583,100.0
20260924,531147,2249,71.31
20260924,531153,70737,79.62
20260924,531155,1,100.0
20260924,531156,12858,100.0
20260924,531157,4252,80.84
20260924,531158,506,39.66
20260924,531161,20,100.0
20260924,531162,79906,51.67
20260924,531163,818,99.27
20260924,531169,266,95.68
20260924,531173,131797,60.59
20260924,531176,18101,93.01
20260924,531178,623,72.95
20260924,531179,941,51.31
20260924,531190,1640,100.0
20260924,531191,81,100.0
20260924,531199,300,100.0
20260924,531201,487,59.25
20260924,531205,3020704,41.15
20260924,531209,330,85.49
20260924,531210,1483,100.0
20260924,531212,363,100.0
20260924,531213,62850,35.56
20260924,531215,554,46.48
20260924,531216,46032,71.98
20260924,531221,2481,99.96
20260924,531223,22846,78.4
20260924,531225,4339,77.69
20260924,531233,15168,85.37
20260924,531234,241,100.0
20260924,531235,33,100.0
20260924,531237,27181,99.79
20260924,531241,847,97.24
20260924,531253,2773,89.48
20260924,531254,27254,79.96
20260924,531255,72,98.63
20260924,531257,62074,61.86
20260924,531259,18990,100.0
20260924,531266,375,30.02
20260924,531268,9600,63.93
20260924,531272,728,90.55
20260924,531273,85232,88.2
20260924,531274,26,100.0
20260924,531278,857,61.92
20260924,531279,12024,100.0
20260924,531280,8760,100.0
20260924,531281,897,100.0
20260924,531283,1,100.0
20260924,531287,1112,63.4
20260924,531288,90,100.0
20260924,531289,12011,100.0
20260924,531297,1652,100.0
20260924,531301,564,100.0
20260924,531306,557,96.53
20260924,531307,5522,83.68
20260924,531310,1204,59.84
20260924,531319,3219,74.57
20260924,531322,1453,99.52
20260924,531324,61,83.56
20260924,531328,2016152,64.66
20260924,531335,1958,54.16
20260924,531338,10651,100.0
20260924,531340,31,100.0
20260924,531341,347,95.59
20260924,531344,53772,47.97
20260924,531346,1191,96.67
20260924,531349,1404,68.69
20260924,531352,150,100.0
20260924,531357,39265,60.78
20260924,531358,1914,54.14
20260924,531359,633,80.84
20260924,531364,752,85.84
20260924,531370,44872,55.87
20260924,531373,386,94.15
20260924,531380,24,100.0
20260924,531381,182,86.67
20260924,531387,56,100.0
20260924,531390,26353,80.4
20260924,531395,414375,100.0
20260924,531398,2424,91.64
20260924,531399,8922,74.1
20260924,531400,50199,81.53
20260924,531402,2054,83.91
20260924,531406,21,100.0
20260924,531411,3873726,100.0
20260924,531412,25,71.43
20260924,531413,1350,100.0
20260924,531416,986,99.9
20260924,531417,25569,82.31
20260924,531420,239,100.0
20260924,531426,29190,65.32
20260924,531431,13339,44.0
20260924,531432,16757,100.0
20260924,531433,18282,100.0
20260924,531436,1485,56.21
20260924,531437,1415,94.84
20260924,531439,12451,100.0
20260924,531449,120664,31.48
20260924,531453,1080,100.0
20260924,531454,1798,86.44
20260924,531456,5047,100.0
20260924,531458,27670,100.0
20260924,531460,1262,100.0
20260924,531463,1093,100.0
20260924,531465,23143,100.0
20260924,531471,8961,100.0
20260924,531472,604,100.0
20260924,531486,15757,100.0
20260924,531489,3102,96.52
20260924,531494,28640,54.55
20260924,531495,31,100.0
20260924,531497,917,100.0
20260924,531500,44741,100.0
20260924,531502,216132,91.01
20260924,531503,4750,82.71
20260924,531505,102,100.0
20260924,531506,1,100.0
20260924,531508,2716,87.56
20260924,531512,124357,61.39
20260924,531515,987,100.0
20260924,531518,45569,100.0
20260924,531525,38504,100.0
20260924,531529,2480,100.0
20260924,531530,3161,70.29
20260924,531531,396,62.66
20260924,531533,842,70.46
20260924,531537,7779,100.0
20260924,531539,288,99.65
20260924,531540,8070,64.81
20260924,531541,8631,100.0
20260924,531543,190678,48.47
20260924,531548,4617,65.12
20260924,531550,616,52.69
20260924,531552,2104,99.9
20260924,531553,10715,100.0
20260924,531556,949,99.58
20260924,531557,1904,99.95
20260924,531569,3163,91.34
20260924,531578,2,100.0
20260924,531582,510,99.61
20260924,531583,898,92.58
20260924,531591,8117,94.14
20260924,531592,144761,79.71
20260924,531594,61,100.0
20260924,531595,122844,62.43
20260924,531599,4412,52.7
20260924,531608,372,97.38
20260924,531609,1,50.0
20260924,531613,883,100.0
20260924,531624,974,100.0
20260924,531626,48929,85.28
20260924,531628,7466,100.0
20260924,531633,535,90.68
20260924,531635,303,93.23
20260924,531637,5173,67.99
20260924,531638,2,100.0
20260924,531642,11833,66.77
20260924,531644,92,97.87
20260924,531651,166,98.81
20260924,531652,51289,84.12
20260924,531658,12282,64.84
20260924,531661,3308,100.0
20260924,531663,13027,83.93
20260924,531667,987,100.0
20260924,531668,6040,100.0
20260924,531671,50732,83.65
20260924,531673,5687,83.88
20260924,531676,2222,100.0
20260924,531680,16789,100.0
20260924,531681,90469,100.0
20260924,531688,4744,87.58
20260924,531692,8248,100.0
20260924,531694,9244,92.47
20260924,531716,87501,100.0
20260924,531717,946,76.72
20260924,531719,4253,82.65
20260924,531723,248936,100.0
20260924,531726,1037,76.76
20260924,531727,5500,100.0
20260924,531737,67816,100.0
20260924,531739,129025,77.47
20260924,531744,244,100.0
20260924,531746,5421,98.42
20260924,531752,894514,71.05
20260924,531758,892,97.38
20260924,531761,5642,76.33
20260924,531762,1884,100.0
20260924,531768,45425,87.57
20260924,531769,7028,87.54
20260924,531771,193,64.33
20260924,531778,789,100.0
20260924,531779,2,100.0
20260924,531780,6617,90.58
20260924,531784,620975,74.96
20260924,531795,3995,63.78
20260924,531797,3,75.0
20260924,531802,16703,87.34
20260924,531810,12,75.0
20260924,531812,27836,91.76
20260924,531814,4484,99.84
20260924,531822,499,100.0
20260924,531832,891,100.0
20260924,531834,999,100.0
20260924,531840,37319,83.93
20260924,531841,2425,100.0
20260924,531842,1296,90.19
20260924,531845,13787,99.09
20260924,531846,193,100.0
20260924,531847,6,100.0
20260924,531859,3501,65.62
20260924,531861,343,100.0
20260924,531862,14909,81.66
20260924,531867,5266,100.0
20260924,531869,15400,88.3
20260924,531878,1463,96.89
20260924,531888,20919,84.07
20260924,531889,84666,66.89
20260924,531892,147,100.0
20260924,531893,425572,47.61
20260924,531900,2453,99.76
20260924,531902,132,100.0
20260924,531909,53171,100.0
20260924,531910,2747,100.0
20260924,531911,26757,100.0
20260924,531913,2904,89.93
20260924,531918,16,100.0
20260924,531921,2356,72.6
20260924,531923,16828,72.5
20260924,531925,507,100.0
20260924,531928,67,100.0
20260924,531930,63,100.0
20260924,531931,95,74.8
20260924,531944,550,100.0
20260924,531950,57378,92.34
20260924,531952,12414,100.0
20260924,531959,57155,54.5
20260924,531962,2075,47.81
20260924,531968,1,100.0
20260924,531977,53280,100.0
20260924,531978,106,83.46
20260924,531979,1165,95.81
20260924,531982,15862,64.24
20260924,531989,5,100.0
20260924,531991,11204,66.35
20260924,531994,4,100.0
20260924,531996,7949,98.17
20260924,531997,95050,100.0
20260924,532001,20,66.67
20260924,532005,500,100.0
20260924,532007,89,100.0
20260924,532011,5920,77.7
20260924,532015,64772,63.74
20260924,532016,3,100.0
20260924,532019,411,100.0
20260924,532022,26657612,75.69
20260924,532029,10633,91.34
20260924,532039,14261,89.46
20260924,532041,6966,100.0
20260924,532051,8318,98.87
20260924,532054,1747,64.25
20260924,532056,335,100.0
20260924,532057,1982,51.76
20260924,532067,575,62.7
20260924,532070,101290,56.72
20260924,532090,21140,67.65
20260924,532092,293270,93.21
20260924,532100,84,100.0
20260924,532102,2153,89.22
20260924,532113,2951,86.77
20260924,532123,55849,83.08
20260924,532124,37121,100.0
20260924,532131,852,99.65
20260924,532134,189838,65.06
20260924,532140,2225,76.04
20260924,532141,59,92.19
20260924,532143,5913,65.14
20260924,532144,21471,42.59
20260924,532149,66722,60.95
20260924,532150,4960,47.32
20260924,532154,282129,53.23
20260924,532155,75640,66.59
20260924,532156,10141,68.38
20260924,532159,7262,99.99
20260924,532160,2480,67.39
20260924,532162,8862,62.9
20260924,532163,4369,52.6
20260924,532167,4443,98.73
20260924,532172,61215,81.36
20260924,532173,1723,100.0
20260924,532174,628415,40.9
20260924,532175,4951,44.15
20260924,532178,90112,38.84
20260924,532180,20391,61.97
20260924,532181,50006,60.15
20260924,532183,30391,80.4
20260924,532187,95290,56.12
20260924,532189,3325,52.12
20260924,532209,58099,63.77
20260924,532210,1917352,92.28
20260924,532212,1508,88.65
20260924,532215,918206,79.38
20260924,532216,703,99.86
20260924,532217,308,100.0
20260924,532218,3452903,65.36
20260924,532219,6504,90.57
20260924,532221,7642,43.02
20260924,532230,102,100.0
20260924,532234,78951,45.16
20260924,532240,2786,58.59
20260924,532256,66,56.41
20260924,532259,969,26.08
20260924,532262,2,100.0
20260924,532268,134,90.54
20260924,532271,36274,72.16
20260924,532275,27183,96.87
20260924,532281,15485,46.64
20260924,532284,508,83.42
20260924,532285,9144,60.28
20260924,532286,62541,88.67
20260924,532290,8344,81.72
20260924,532296,2761,61.36
20260924,532300,39019,45.98
20260924,532303,180,100.0
20260924,532304,143,98.62
20260924,532305,22551,42.96
20260924,532309,7118,46.5
20260924,532310,2972,87.49
20260924,532313,1075,34.58
20260924,532315,5124,100.0
20260924,532320,1923,83.83
20260924,532321,43912,49.06
20260924,532323,13331,93.15
20260924,532324,2026,100.0
20260924,532326,5659,95.54
20260924,532329,6788,100.0
20260924,532331,749,46.09
20260924,532332,6,100.0
20260924,532333,1,100.0
20260924,532335,15735,11.18
20260924,532339,1090,51.66
20260924,532340,4715,89.95
20260924,532341,2637,55.34
20260924,532343,3559,33.85
20260924,532344,110,23.4
20260924,532348,841043,42.56
20260924,532349,837,48.05
20260924,532350,636,100.0
20260924,532351,110231,100.0
20260924,532354,2768,100.0
20260924,532355,5257,85.93
20260924,532356,8430,61.38
20260924,532357,13354,100.0
20260924,532359,321099,83.49
20260924,532362,523,78.18
20260924,532365,435,72.5
20260924,532366,6795,51.25
20260924,532368,472397,66.3
20260924,532369,1675,92.49
20260924,532370,1498,56.74
20260924,532371,104959,63.93
20260924,532372,4857,88.6
20260924,532373,3529,72.02
20260924,532374,85513,100.0
20260924,532375,4460,54.36
20260924,532376,8394,80.16
20260924,532378,750,78.12
20260924,532379,39942,100.0
20260924,532380,8791,58.31
20260924,532382,5168,44.74
20260924,532384,3444,65.69
20260924,532386,27484,100.0
20260924,532387,402,93.06
20260924,532388,214907,62.11
20260924,532390,4359,93.02
20260924,532392,8374,92.58
20260924,532395,3304,45.24
20260924,532397,50,100.0
20260924,532398,2974,92.94
20260924,532400,54976,63.71
20260924,532402,1705,84.03
20260924,532404,12581,77.2
20260924,532406,279342,28.32
20260924,532407,53793,59.99
20260924,532408,32014,100.0
20260924,532410,1519,100.0
20260924,532416,473,85.53
20260924,532419,1470,100.0
20260924,532424,10293822,99.84
20260924,532425,18101,100.0
20260924,532430,727,54.79
20260924,532432,3515,54.03
20260924,532435,1024,100.0
20260924,532439,18339,57.08
20260924,532440,446,72.17
20260924,532443,261,86.14
20260924,532444,12849,100.0
20260924,532454,2349693,81.61
20260924,532455,3676,95.41
20260924,532456,1226,100.0
20260924,532457,3630,78.3
20260924,532460,3359,64.27
20260924,532461,307720,59.22
20260924,532466,2552,51.29
20260924,532467,157985,89.05
20260924,532468,970,71.85
20260924,532475,3729,57.68
20260924,532477,95589,47.14
20260924,532478,6750,72.85
20260924,532481,12635,75.41
20260924,532482,8326,74.59
20260924,532483,208261,40.19
20260924,532485,10608,92.88
20260924,532486,1813,61.75
20260924,532488,54984,76.82
20260924,532493,4537,62.47
20260924,532497,7113,53.94
20260924,532500,13811,64.85
20260924,532503,37,88.1
20260924,532504,3172,58.13
20260924,532505,168382,60.16
20260924,532507,19061,80.63
20260924,532508,37608,83.71
20260924,532509,2878,74.81
20260924,532513,2618,88.66
20260924,532514,547198,94.73
20260924,532515,413,90.77
20260924,532521,507,97.31
20260924,532522,9092,50.75
20260924,532523,26713,41.51
20260924,532524,79618,73.33
20260924,532525,88651,41.41
20260924,532527,5728,37.05
20260924,532528,664,49.48
20260924,532529,6882,65.36
20260924,532531,4245,40.53
20260924,532538,5157,72.16
20260924,532539,12708,46.36
20260924,532540,43038,39.84
20260924,532541,20112,35.02
20260924,532543,9206,100.0
20260924,532548,3672,61.82
20260924,532553,6228,50.22
20260924,532555,77751,48.03
20260924,532604,34981,55.82
20260924,532605,14827,59.49
20260924,532610,28552,67.45
20260924,532612,4303,42.33
20260924,532613,6306,95.81
20260924,532614,5676,100.0
20260924,532616,3796,89.59
20260924,532624,3,100.0
20260924,532626,24035,58.05
20260924,532627,2223995,56.77
20260924,532628,27308,100.0
20260924,532629,34,100.0
20260924,532630,61278,81.29
20260924,532633,212,86.53
20260924,532636,13792,41.13
20260924,532637,4776,71.54
20260924,532638,637,61.78
20260924,532640,6109,100.0
20260924,532641,67731,60.1
20260924,532642,26953,99.48
20260924,532644,2034,75.14
20260924,532645,1959,100.0
20260924,532648,3440988,56.88
20260924,532649,4151,75.9
20260924,532650,52224,87.84
20260924,532652,97977,75.02
20260924,532654,18869,63.6
20260924,532656,34302,80.47
20260924,532660,2776,100.0
20260924,532661,2723,63.3
20260924,532662,5311,89.44
20260924,532663,747,76.77
20260924,532666,263582,75.37
20260924,532667,4989327,54.13
20260924,532668,3454,60.27
20260924,532670,229589,41.6
20260924,532673,5642,85.63
20260924,532674,810,100.0
20260924,532676,730,100.0
20260924,532683,16794,94.42
20260924,532684,44145,40.24
20260924,532686,3226,53.75
20260924,532687,355,92.69
20260924,532689,15274,49.67
20260924,532694,26051,74.94
20260924,532695,15859,87.7
20260924,532698,1109,56.27
20260924,532699,3810,98.32
20260924,532701,32425,100.0
20260924,532705,12875,79.19
20260924,532707,138,100.0
20260924,532708,302812,100.0
20260924,532710,16853,93.31
20260924,532712,474721,100.0
20260924,532713,355141,67.42
20260924,532714,23087,66.7
20260924,532716,851,99.42
20260924,532717,891,57.04
20260924,532719,22385,84.6
20260924,532720,48221,52.45
20260924,532721,5409,86.47
20260924,532722,11816,64.8
20260924,532723,110,100.0
20260924,532725,4021,30.77
20260924,532726,2493,69.25
20260924,532728,51,83.61
20260924,532729,3378,74.21
20260924,532730,7920,79.04
20260924,532732,384,59.72
20260924,532733,136341,44.64
20260924,532734,43104,58.22
20260924,532735,5970,61.79
20260924,532737,1944,93.78
20260924,532738,261534,100.0
20260924,532740,4754,71.67
20260924,532741,34796,68.14
20260924,532742,1414,64.8
20260924,532744,1212,100.0
20260924,532748,41085,40.48
20260924,532749,331685,62.51
20260924,532754,262480,59.13
20260924,532755,40111,70.21
20260924,532756,7601,60.23
20260924,532757,125,59.52
20260924,532759,1067,92.14
20260924,532761,535,97.1
20260924,532762,31811,65.76
20260924,532764,323,100.0
20260924,532767,161334,53.65
20260924,532768,1546,52.69
20260924,532771,5217,86.66
20260924,532772,27841,44.77
20260924,532773,217,86.45
20260924,532774,1119,75.61
20260924,532775,2726465,37.12
20260924,532776,7027,46.0
20260924,532777,120795,66.28
20260924,532779,3729,57.68
20260924,532780,216467,100.0
20260924,532782,1811,100.0
20260924,532783,29645,69.58
20260924,532784,2266,55.13
20260924,532785,1067,97.8
20260924,532790,5898,63.93
20260924,532794,93562,75.16
20260924,532795,2144,100.0
20260924,532796,7195,42.83
20260924,532797,20845,55.28
20260924,532798,116493,56.94
20260924,532799,4831,79.5
20260924,532801,929,100.0
20260924,532804,393,37.18
20260924,532805,719606,82.93
20260924,532806,627,100.0
20260924,532807,234,81.82
20260924,532808,5034,31.49
20260924,532809,17040,71.33
20260924,532810,553423,68.96
20260924,532811,1604,69.98
20260924,532814,9039,49.94
20260924,532815,10939,54.98
20260924,532817,32313,99.41
20260924,532820,3643,81.74
20260924,532822,7125842,48.67
20260924,532825,723,100.0
20260924,532826,8870,85.89
20260924,532827,517,68.57
20260924,532828,3416,100.0
20260924,532829,2012,19.36
20260924,532830,6541,50.83
20260924,532832,52857,50.14
20260924,532834,20172,71.2
20260924,532835,903,74.38
20260924,532839,118543,77.15
20260924,532841,610,80.79
20260924,532842,4720,59.29
20260924,532843,4560,38.39
20260924,532845,2010,100.0
20260924,532847,31471,75.67
20260924,532848,549554,42.41
20260924,532850,25696,100.0
20260924,532851,365,74.95
20260924,532853,3390,100.0
20260924,532855,214,97.72
20260924,532856,20824,45.47
20260924,532859,352,85.44
20260924,532864,5762,75.76
20260924,532867,13247,63.43
20260924,532868,66866,45.09
20260924,532869,459,88.78
20260924,532870,12113,100.0
20260924,532872,32719,42.34
20260924,532873,4635,100.0
20260924,532875,3038,67.72
20260924,532878,28960,59.17
20260924,532880,12429,45.23
20260924,532884,4629,52.51
20260924,532885,306359,63.31
20260924,532887,31274,100.0
20260924,532888,18770,42.36
20260924,532889,7121,55.11
20260924,532890,19509,64.82
20260924,532891,13676,68.78
20260924,532892,11624,42.9
20260924,532893,50374,79.32
20260924,532894,10276,99.48
20260924,532895,3599,82.34
20260924,532896,53,100.0
20260924,532898,465443,80.38
20260924,532899,428103,36.9
20260924,532900,209442,32.18
20260924,532902,26712,80.24
20260924,532904,200,100.0
20260924,532906,2531,66.47
20260924,532907,350,100.0
20260924,532911,94865,100.0
20260924,532915,19561,50.92
20260924,532916,44,100.0
20260924,532918,457,84.63
20260924,532921,38694,59.66
20260924,532922,98146,33.34
20260924,532923,55885,64.11
20260924,532924,1260,69.57
20260924,532925,110,100.0
20260924,532926,25449,65.6
20260924,532927,1413,55.07
20260924,532928,55091,63.67
20260924,532929,52780,91.18
20260924,532930,4870,100.0
20260924,532931,9401,100.0
20260924,532932,6636,85.45
20260924,532933,100075,56.53
20260924,532934,2069,100.0
20260924,532935,7654,100.0
20260924,532937,2405,66.13
20260924,532939,1183595,59.01
20260924,532940,678,73.78
20260924,532941,4265,63.2
20260924,532942,55688,51.92
20260924,532944,4903,100.0
20260924,532945,347051,73.02
20260924,532947,730477,63.87
20260924,532951,22176,83.18
20260924,532952,8025,99.99
20260924,532953,16974,69.77
20260924,532955,360111,72.99
20260924,532957,451,99.78
20260924,532966,13300,56.25
20260924,532967,21513,40.45
20260924,532974,999,95.23
20260924,532975,4503,100.0
20260924,532976,15659,51.37
20260924,532977,64379,96.65
20260924,532978,1247478,88.9
20260924,532980,16282,96.33
20260924,532983,1723,52.21
20260924,532985,2578,75.53
20260924,532986,290,94.46
20260924,532989,5523,100.0
20260924,532992,170,100.0
20260924,532993,765,66.06
20260924,532994,109,100.0
20260924,532998,2211,95.67
20260924,533001,1600,99.94
20260924,533006,30986,100.0
20260924,533007,97520,100.0
20260924,533012,2050,86.61
20260924,533014,12,100.0
20260924,533022,6708,65.89
20260924,533023,54248,94.64
20260924,533029,5854,65.47
20260924,533033,1589,44.08
20260924,533047,1518,43.76
20260924,533048,191573,100.0
20260924,533056,10519,83.5
20260924,533080,1738,64.75
20260924,533088,5798,74.78
20260924,533090,243248,53.01
20260924,533093,1239,85.39
20260924,533095,24,64.86
20260924,533096,1144681,63.78
20260924,533098,143356,51.78
20260924,533100,33291,91.6
20260924,533101,107,100.0
20260924,533104,3630,61.91
20260924,533106,26837,40.16
20260924,533107,1078,100.0
20260924,533108,600,100.0
20260924,533121,330,79.14
20260924,533122,1745827,79.57
20260924,533137,11149,68.37
20260924,533138,2348,58.0
20260924,533146,1834,69.55
20260924,533148,35489,59.82
20260924,533149,167,54.22
20260924,533150,10891,59.97
20260924,533151,2783,74.99
20260924,533152,8612,99.97
20260924,533155,13098,58.71
20260924,533156,111328,54.18
20260924,533158,2654,70.19
20260924,533160,19886,45.66
20260924,533161,36,100.0
20260924,533162,87434,57.7
20260924,533164,12131,89.24
20260924,533166,57981,49.01
20260924,533167,2716,87.58
20260924,533168,2374,97.18
20260924,533169,62389,54.28
20260924,533170,821,100.0
20260924,533172,364,98.64
20260924,533177,7302,100.0
20260924,533179,6885,33.4
20260924,533181,11201,71.68
20260924,533192,3484,100.0
20260924,533193,15734,41.44
20260924,533202,71042,79.41
20260924,533203,433,95.16
20260924,533206,88541,51.41
20260924,533208,137,100.0
20260924,533210,444,81.47
20260924,533212,1266,97.01
20260924,533217,1538,100.0
20260924,533218,217,93.53
20260924,533227,0,0.0
20260924,533229,6661,53.48
20260924,533230,75949,47.84
20260924,533239,27127,90.5
20260924,533244,292675,80.53
20260924,533248,15054,37.61
20260924,533257,36691,100.0
20260924,533259,4,50.0
20260924,533260,881,93.43
20260924,533262,9735,90.61
20260924,533263,155214,80.18
20260924,533267,2820,92.61
20260924,533268,291,100.0
20260924,533269,9459,45.57
20260924,533271,29562,71.69
20260924,533272,38268,66.73
20260924,533273,6789,53.88
20260924,533274,2123,50.0
20260924,533275,88282,63.54
20260924,533278,39167,47.44
20260924,533282,13342,59.31
20260924,533284,1097,96.48
20260924,533285,13754,46.9
20260924,533286,24424,65.97
20260924,533287,52260,95.05
20260924,533289,575,84.56
20260924,533292,28441,65.47
20260924,533293,27957,73.2
20260924,533294,2462,98.09
20260924,533295,44301,91.08
20260924,533296,3008,95.25
20260924,533298,1651,78.21
20260924,533301,51214,100.0
20260924,533302,194,98.48
20260924,533303,1606,87.47
20260924,533306,23,100.0
20260924,533316,536,64.42
20260924,533326,208777,50.64
20260924,533329,1082,77.67
20260924,533333,515240,47.09
20260924,533336,105,32.51
20260924,533339,12185,54.8
20260924,533343,65,71.43
20260924,533344,19099,72.55
20260924,533385,40829,68.31
20260924,533398,3870,41.59
20260924,533407,2872,100.0
20260924,533408,2469,65.13
20260924,533427,10714,86.55
20260924,533451,759,89.82
20260924,533452,3009,100.0
20260924,533470,38742,92.09
20260924,533477,195,100.0
20260924,533482,16632,83.76
20260924,533506,399142,84.16
20260924,533519,581353,34.73
20260924,533520,401076,48.87
20260924,533540,3569,99.75
20260924,533543,3622,89.12
20260924,533552,4611,78.15
20260924,533553,40530,48.94
20260924,533570,11703,66.76
20260924,533573,190645,95.29
20260924,533576,6063,79.54
20260924,533581,26441,43.59
20260924,533602,328241,93.14
20260924,533608,4674,72.53
20260924,533629,9479,100.0
20260924,533632,3190,100.0
20260924,533638,5164,100.0
20260924,533644,1727,86.26
20260924,533655,16416,66.85
20260924,533676,300034,52.63
20260924,533704,3546,92.68
20260924,533719,1128,63.51
20260924,533758,144438,87.46
20260924,533761,8567,84.05
20260924,533896,328,100.0
20260924,533941,529,68.26
20260924,533982,7798,80.16
20260924,534060,2102576,78.49
20260924,534063,1,100.0
20260924,534064,882590,100.0
20260924,534076,8637,50.08
20260924,534091,73664,36.18
20260924,534139,9858,63.59
20260924,534190,90,100.0
20260924,534309,227750,59.28
20260924,534312,191,100.0
20260924,534328,200,100.0
20260924,534338,570,91.35
20260924,534369,38627,100.0
20260924,534392,4318,55.22
20260924,534422,2664,99.59
20260924,534425,996,100.0
20260924,534532,2057,99.76
20260924,534535,1120903,100.0
20260924,534597,52949,56.96
20260924,534598,1414,92.72
20260924,534600,92396,46.87
20260924,534612,971,97.69
20260924,534615,15002,100.0
20260924,534618,8886,42.8
20260924,534623,1385,82.0
20260924,534674,2178925,77.42
20260924,534675,17554,51.3
20260924,534680,644,62.28
20260924,534691,1748,89.73
20260924,534732,1569,60.35
20260924,534733,160782,100.0
20260924,534741,51223,100.0
20260924,534742,1856,60.26
20260924,534748,563045,41.18
20260924,534755,34990,100.0
20260924,534796,49,100.0
20260924,534804,793,84.54
20260924,534809,10626899,40.38
20260924,534816,29999,55.36
20260924,534976,11049,87.91
20260924,535136,4349,72.68
20260924,535204,30350,100.0
20260924,535205,8012,66.25
20260924,535267,42524,71.18
20260924,535276,5721,93.68
20260924,535322,1354,78.58
20260924,535387,1444,95.44
20260924,535431,25956,75.03
20260924,535458,923,89.79
20260924,535601,6069,100.0
20260924,535602,2814,51.94
20260924,535620,137,100.0
20260924,535621,139,92.67
20260924,535648,3739,61.18
20260924,535657,1919,99.95
20260924,535667,104,99.05
20260924,535693,2754,91.07
20260924,535719,8031,59.45
20260924,535730,1190488,72.22
20260924,535754,5529,79.63
20260924,535755,183447,66.76
20260924,535789,88705,46.78
20260924,535910,33131,100.0
20260924,535916,34603,92.43
20260924,535958,426948,71.37
20260924,536073,28510,91.97
20260924,536264,4166,77.01
20260924,536493,1382,87.47
20260924,536507,3714,100.0
20260924,536565,4641,95.71
20260924,536659,1231802,63.35
20260924,536672,13333,89.33
20260924,536709,69662,100.0
20260924,536737,2400,100.0
20260924,536773,76,86.36
20260924,536846,100,99.01
20260924,536960,40042,78.95
20260924,536974,37,100.0
20260924,537007,14132,85.29
20260924,537008,4023,50.45
20260924,537069,52402,100.0
20260924,537253,1876,85.7
20260924,537254,225,100.0
20260924,537259,167,75.23
20260924,537291,968,90.55
20260924,537292,132,97.06
20260924,537326,9663,87.77
20260924,537392,3702,100.0
20260924,537483,924,50.33
20260924,537536,8193,79.27
20260924,537707,190365,94.38
20260924,537708,5691,89.33
20260924,537709,3582,100.0
20260924,537750,852,86.5
20260924,537766,123072,51.91
20260924,537785,1681,50.37
20260924,537800,1696569,56.98
20260924,537820,658417,100.0
20260924,537839,6368,86.67
20260924,537985,328,99.7
20260924,538057,27779,74.74
20260924,538081,344,100.0
20260924,538092,101,99.02
20260924,538119,51061,100.0
20260924,538212,230014,100.0
20260924,538268,1766,67.64
20260924,538273,569,94.99
20260924,538351,8498,100.0
20260924,538365,2,100.0
20260924,538382,1063,100.0
20260924,538401,7527,83.33
20260924,538422,119294,74.62
20260924,538446,2271,83.55
20260924,538451,5170482,61.27
20260924,538464,213,100.0
20260924,538476,33330,100.0
20260924,538496,3000,100.0
20260924,538520,112,100.0
20260924,538521,2889,56.87
20260924,538539,25829,63.37
20260924,538540,255790,100.0
20260924,538542,3205,99.84
20260924,538546,8917,73.93
20260924,538556,948,55.05
20260924,538562,21871,43.96
20260924,538563,1283,92.24
20260924,538564,533,93.84
20260924,538565,2654,89.51
20260924,538567,1112,46.43
20260924,538568,28,100.0
20260924,538569,6596,100.0
20260924,538576,3600,100.0
20260924,538596,232,100.0
20260924,538597,2351,95.34
20260924,538598,6994,96.79
20260924,538607,473149,81.15
20260924,538609,82,82.0
20260924,538610,956008,100.0
20260924,538611,25,100.0
20260924,538634,239,78.36
20260924,538635,10350,74.83
20260924,538646,5728,99.24
20260924,538647,2,100.0
20260924,538666,6275,83.85
20260924,538668,6900,36.87
20260924,538674,2002,100.0
20260924,538683,14046,91.79
20260924,538685,551,100.0
20260924,538706,166273,64.96
20260924,538707,1,50.0
20260924,538708,5573,99.87
20260924,538713,1298,57.97
20260924,538714,6921,73.75
20260924,538715,934,100.0
20260924,538716,31,50.0
20260924,538730,3115,94.94
20260924,538732,103,100.0
20260924,538734,1348,42.93
20260924,538742,5902,100.0
20260924,538743,2239,100.0
20260924,538770,427,81.33
20260924,538772,12709,62.11
20260924,538777,69,100.0
20260924,538778,9649,56.74
20260924,538786,814,99.88
20260924,538787,37906,80.94
20260924,538788,187,85.78
20260924,538794,4000,100.0
20260924,538795,1,100.0
20260924,538812,1516,100.0
20260924,538817,69717,70.58
20260924,538833,1006,100.0
20260924,538834,369741,98.05
20260924,538835,8472,64.69
20260924,538836,2654,86.39
20260924,538837,89853,95.65
20260924,538838,2001,99.95
20260924,538857,459,98.08
20260924,538860,20240,100.0
20260924,538862,756,90.43
20260924,538868,212370,100.0
20260924,538874,2929,100.0
20260924,538882,43410,83.45
20260924,538890,29782,91.54
20260924,538891,47974,63.75
20260924,538894,1,100.0
20260924,538895,349678,100.0
20260924,538896,316,100.0
20260924,538897,1537,100.0
20260924,538902,3643,100.0
20260924,538918,219465,100.0
20260924,538920,92533,37.76
20260924,538922,702,95.9
20260924,538923,83444,100.0
20260924,538926,15660,75.65
20260924,538928,7106,67.09
20260924,538935,14,100.0
20260924,538942,150,100.0
20260924,538952,6540,53.26
20260924,538961,5924,89.76
20260924,538962,8521,76.94
20260924,538964,143,99.31
20260924,538965,5930,77.29
20260924,538970,64061,84.38
20260924,538975,441424,100.0
20260924,538979,228,40.14
20260924,538987,252,70.79
20260924,538992,1420,100.0
20260924,539006,223,53.61
20260924,539011,280,74.27
20260924,539013,538,100.0
20260924,539014,403,99.75
20260924,539016,719,77.98
20260924,539017,116105,79.3
20260924,539018,157,100.0
20260924,539026,8000,100.0
20260924,539031,1698,100.0
20260924,539032,19154,96.22
20260924,539040,25770,62.53
20260924,539041,17500,100.0
20260924,539042,20465,62.59
20260924,539044,6220,100.0
20260924,539045,5918,94.96
20260924,539046,7720,68.56
20260924,539056,64122,77.46
20260924,539083,316345,47.67
20260924,539091,752260,100.0
20260924,539097,98825,100.0
20260924,539110,1,100.0
20260924,539111,663,100.0
20260924,539113,11,100.0
20260924,539115,13349,100.0
20260924,539117,4546,15.54
20260924,539118,18866,91.63
20260924,539120,304,100.0
20260924,539121,1820,97.53
20260924,539122,2403,97.76
20260924,539123,3953,49.69
20260924,539126,59314,100.0
20260924,539132,131088,80.58
20260924,539141,2259,88.66
20260924,539143,60949,83.92
20260924,539148,3416,53.74
20260924,539149,3573,78.01
20260924,539150,68281,67.46
20260924,539151,26433,74.31
20260924,539167,116,100.0
20260924,539176,235,100.0
20260924,539177,15272,67.83
20260924,539189,120,62.18
20260924,539190,3479,99.68
20260924,539195,11247,66.42
20260924,539196,3094,87.57
20260924,539199,14385,56.34
20260924,539200,8996,100.0
20260924,539201,4419,81.07
20260924,539216,259966,83.11
20260924,539217,3269219,74.14
20260924,539218,10,83.33
20260924,539219,34410,65.94
20260924,539220,8238,99.88
20260924,539221,7194,73.43
20260924,539222,4931110,66.53
20260924,539224,375,100.0
20260924,539225,1,100.0
20260924,539226,5837,58.99
20260924,539227,411,94.92
20260924,539228,27126,100.0
20260924,539251,819,86.21
20260924,539252,21494,100.0
20260924,539254,14231,42.07
20260924,539255,1332,86.27
20260924,539265,2400,100.0
20260924,539267,118,100.0
20260924,539268,6818,44.81
20260924,539275,71,100.0
20260924,539276,41,100.0
20260924,539278,3037,100.0
20260924,539287,1521,100.0
20260924,539289,589,97.36
20260924,539290,4633,96.0
20260924,539300,1815,82.84
20260924,539301,9978,40.84
20260924,539302,936,55.58
20260924,539309,86935,100.0
20260924,539310,189816,100.0
20260924,539312,627,100.0
20260924,539313,4309,67.36
20260924,539314,6476,85.51
20260924,539331,9783,79.76
20260924,539332,12163,58.77
20260924,539334,4128,56.39
20260924,539335,44182,100.0
20260924,539336,40430,58.45
20260924,539337,3675,72.41
20260924,539346,9203,88.47
20260924,539353,18,72.0
20260924,539354,1368,81.24
20260924,539359,102180,100.0
20260924,539383,101,100.0
20260924,539391,78,100.0
20260924,539398,919,91.99
20260924,539399,1722,54.12
20260924,539400,10,100.0
20260924,539402,2981,100.0
20260924,539404,4384,61.97
20260924,539405,1096,100.0
20260924,539406,3,100.0
20260924,539407,5725,52.57
20260924,539408,16225,100.0
20260924,539409,10,50.0
20260924,539428,5486,96.5
20260924,539435,451,83.52
20260924,539436,45617,77.45
20260924,539437,517369,53.8
20260924,539448,8731,38.05
20260924,539449,12427,93.77
20260924,539450,8746,62.83
20260924,539455,2305,96.32
20260924,539469,45015,52.02
20260924,539470,332572,52.99
20260924,539479,24731,66.62
20260924,539492,310,85.64
20260924,539494,6184,82.84
20260924,539506,75957,68.81
20260924,539515,2219,100.0
20260924,539516,2528,96.64
20260924,539517,5785,95.19
20260924,539518,5269,58.52
20260924,539519,718979,100.0
20260924,539522,2076,100.0
20260924,539523,930,29.78
20260924,539524,5651,36.51
20260924,539526,374011,78.9
20260924,539527,433,97.09
20260924,539528,82735,86.43
20260924,539533,3696129,76.81
20260924,539542,408,56.2
20260924,539545,1003,99.6
20260924,539546,5813,60.6
20260924,539551,5849,56.9
20260924,539552,84809,90.89
20260924,539559,389947,100.0
20260924,539561,1517615,100.0
20260924,539562,10454,100.0
20260924,539593,4777,100.0
20260924,539594,485665,70.38
20260924,539596,3192,94.35
20260924,539598,25414,78.98
20260924,539607,453496,57.5
20260924,539620,2425,68.02
20260924,539621,65252,100.0
20260924,539636,9733,62.32
20260924,539658,433,78.02
20260924,539659,118,59.9
20260924,539660,34271,67.22
20260924,539661,67505,65.31
20260924,539662,3501,88.63
20260924,539669,4097243,87.59
20260924,539673,10777,100.0
20260924,539678,10947,64.32
20260924,539679,707306,100.0
20260924,539682,1873,6.36
20260924,539686,19741,65.72
20260924,539692,35001,93.08
20260924,539697,3896,100.0
20260924,539724,26994,100.0
20260924,539725,26577,53.66
20260924,539730,9664,81.11
20260924,539742,1,100.0
20260924,539760,2405,73.17
20260924,539761,170474,67.75
20260924,539762,33473,80.38
20260924,539767,17189,52.55
20260924,539770,481,99.59
20260924,539773,54623,87.05
20260924,539784,17,94.44
20260924,539785,15456,63.19
20260924,539787,1729,74.46
20260924,539798,470,97.31
20260924,539799,6411,52.92
20260924,539800,3665,100.0
20260924,539807,519750,60.19
20260924,539814,3096,57.0
20260924,539834,8,66.67
20260924,539835,1692,100.0
20260924,539837,1847,43.89
20260924,539841,58356,79.4
20260924,539843,69,97.18
20260924,539854,770,73.68
20260924,539871,2680,70.71
20260924,539872,15962,60.89
20260924,539875,16,100.0
20260924,539876,81322,54.47
20260924,539883,99,87.61
20260924,539884,93928,94.18
20260924,539889,69563,57.3
20260924,539894,98544,85.43
20260924,539895,28602,100.0
20260924,539900,2869,84.91
20260924,539921,26900,64.15
20260924,539922,361,100.0
20260924,539938,627,100.0
20260924,539939,317,93.79
20260924,539945,25434,72.9
20260924,539946,1342,100.0
20260924,539947,168,100.0
20260924,539956,8538,60.37
20260924,539957,2615,61.08
20260924,539963,45919,89.95
20260924,539978,10970,54.5
20260924,539979,240,100.0
20260924,539980,7266,79.36
20260924,539985,2000,100.0
20260924,539986,20767,68.37
20260924,539991,3297,100.0
20260924,539992,258210,35.73
20260924,539997,3079,57.79
20260924,540005,2286,51.13
20260924,540006,3375,100.0
20260924,540008,90,91.84
20260924,540023,1226,98.24
20260924,540025,3493,55.25
20260924,540026,619,100.0
20260924,540047,1963,68.33
20260924,540048,667,54.01
20260924,540061,2151,89.55
20260924,540065,40795,32.61
20260924,540073,111668,62.99
20260924,540078,17227,69.55
20260924,540079,65754,82.6
20260924,540080,13865,71.4
20260924,540082,450,100.0
20260924,540083,2,100.0
20260924,540097,2610,95.39
20260924,540115,1870,55.19
20260924,540124,180238,40.68
20260924,540125,31908,100.0
20260924,540132,109783,100.0
20260924,540133,362628,55.06
20260924,540135,634030,37.64
20260924,540136,5102,64.95
20260924,540143,12,100.0
20260924,540144,2500,100.0
20260924,540145,3183,82.08
20260924,540147,11817,82.84
20260924,540153,1326,49.61
20260924,540154,16,100.0
20260924,540159,19308,100.0
20260924,540168,49518,70.15
20260924,540173,297588,93.38
20260924,540174,1225,99.19
20260924,540175,50927,100.0
20260924,540180,70464,48.95
20260924,540181,2153,88.02
20260924,540190,1585487,73.68
20260924,540192,2060,76.58
20260924,540198,18264,66.04
20260924,540199,70,98.59
20260924,540203,1746,37.34
20260924,540204,47136,74.9
20260924,540205,3118,56.41
20260924,540210,300,99.34
20260924,540212,1728,74.45
20260924,540222,45121,59.49
20260924,540243,42730,100.0
20260924,540252,68062,84.43
20260924,540254,219039,100.0
20260924,540259,497094,48.54
20260924,540266,15008,66.51
20260924,540268,6231,90.55
20260924,540269,10000,100.0
20260924,540293,7795,53.62
20260924,540310,22492,100.0
20260924,540311,1134,84.5
20260924,540332,2000,66.67
20260924,540358,1308,59.7
20260924,540360,92982,100.0
20260924,540361,151553,100.0
20260924,540366,1011,80.94
20260924,540376,10811,63.55
20260924,540377,1773014,80.48
20260924,540386,9775,100.0
20260924,540393,30,100.0
20260924,540395,1617,98.72
20260924,540396,11445,41.24
20260924,540401,24970,75.47
20260924,540403,359,59.73
20260924,540404,42704,63.38
20260924,540405,4211,92.57
20260924,540425,830,93.05
20260924,540455,41216,96.0
20260924,540467,116,100.0
20260924,540481,2165,99.49
20260924,540492,129408,61.26
20260924,540497,2109,87.88
20260924,540515,4001,100.0
20260924,540519,11810,67.8
20260924,540526,34596,74.14
20260924,540530,115581,48.08
20260924,540544,2246,47.54
20260924,540545,56703,100.0
20260924,540565,31570,83.88
20260924,540570,120559,61.4
20260924,540575,2791,44.65
20260924,540590,653,96.88
20260924,540595,40714,42.3
20260924,540596,964,79.21
20260924,540597,5024,64.61
20260924,540602,5722,90.78
20260924,540611,106455,68.28
20260924,540612,11401,78.78
20260924,540615,107138,100.0
20260924,540642,184677,77.88
20260924,540647,102,100.0
20260924,540648,128,100.0
20260924,540649,1466,56.02
20260924,540650,464,83.75
20260924,540652,2250,100.0
20260924,540654,6803,70.88
20260924,540669,805,99.02
20260924,540673,3637,56.31
20260924,540678,44462,53.43
20260924,540679,30,100.0
20260924,540680,2906,62.93
20260924,540686,4142,58.47
20260924,540691,20866,38.77
20260924,540692,3148,71.0
20260924,540693,1324184,81.36
20260924,540694,2984,100.0
20260924,540696,7699,100.0
20260924,540699,3588,34.21
20260924,540700,1387,90.48
20260924,540701,4132,64.62
20260924,540703,46401,94.22
20260924,540704,15,83.33
20260924,540709,145376,100.0
20260924,540710,6595,55.56
20260924,540716,223579,59.52
20260924,540717,36527,63.27
20260924,540718,64875,88.57
20260924,540719,270308,83.69
20260924,540724,384,72.18
20260924,540725,43507,49.94
20260924,540726,16246,62.03
20260924,540727,48882,98.22
20260924,540728,113,49.78
20260924,540729,2250,100.0
20260924,540730,592691,90.89
20260924,540735,3158,92.64
20260924,540737,2684,61.56
20260924,540738,76203,65.58
20260924,540743,16446,36.06
20260924,540749,5841,69.99
20260924,540750,218705,63.27
20260924,540755,17895,53.31
20260924,540756,6000,100.0
20260924,540757,1132,100.0
20260924,540762,1974,50.36
20260924,540767,61272,73.26
20260924,540768,18824,69.2
20260924,540769,96611,33.38
20260924,540774,245,93.87
20260924,540775,977,100.0
20260924,540776,7164,91.7
20260924,540777,269116,40.05
20260924,540786,84966,100.0
20260924,540787,7781,58.9
20260924,540788,2642,75.9
20260924,540789,6003,90.78
20260924,540795,18852,49.5
20260924,540797,3982,63.5
20260924,540809,170487,86.02
20260924,540811,35000,77.78
20260924,540821,12959,87.65
20260924,540824,8477,100.0
20260924,540829,8122,100.0
20260924,540850,2000,100.0
20260924,540874,19633,64.97
20260924,540879,172594,43.11
20260924,540900,36652,53.06
20260924,540901,3896,78.14
20260924,540902,1254,47.9
20260924,540904,23352,100.0
20260924,540914,37055,88.84
20260924,540923,8825,43.71
20260924,540935,635,74.36
20260924,540936,8222,58.93
20260924,540937,9263,59.6
20260924,540938,20000,100.0
20260924,540952,24081,84.78
20260924,540953,21576,66.59
20260924,540954,8417,99.34
20260924,540955,10477,100.0
20260924,540956,176794,71.52
20260924,540961,1000,100.0
20260924,540975,84648,73.83
20260924,540980,4,100.0
20260924,541005,50,50.0
20260924,541019,316889,33.38
20260924,541083,2500,58.82
20260924,541096,448,89.6
20260924,541097,1182,66.26
20260924,541143,96673,42.02
20260924,541144,3365,75.28
20260924,541152,5512,91.56
20260924,541153,460308,43.68
20260924,541154,6774,41.12
20260924,541161,33721,100.0
20260924,541163,6063,54.49
20260924,541167,459,34.51
20260924,541178,2000,100.0
20260924,541195,7537,35.17
20260924,541206,101,100.0
20260924,541228,4656,100.0
20260924,541233,40337,46.13
20260924,541269,206,70.07
20260924,541276,22806,80.31
20260924,541301,13041,77.13
20260924,541302,795,95.44
20260924,541303,205351,98.09
20260924,541304,500,100.0
20260924,541313,4267,83.57
20260924,541336,2510,60.76
20260924,541338,74526,71.59
20260924,541347,33988,100.0
20260924,541352,728,79.65
20260924,541353,8800,73.33
20260924,541358,1697,100.0
20260924,541400,10398,81.85
20260924,541402,25805,83.55
20260924,541403,4216,74.55
20260924,541418,288,99.31
20260924,541444,795,100.0
20260924,541445,4000,71.43
20260924,541450,23999,46.76
20260924,541540,9828,42.02
20260924,541546,114002,99.99
20260924,541556,34258,55.39
20260924,541557,153,69.86
20260924,541578,6093,56.85
20260924,541601,1364052,83.22
20260924,541627,998,100.0
20260924,541634,2605,37.13
20260924,541702,298544,100.0
20260924,541729,10782,57.68
20260924,541735,47038,72.29
20260924,541741,10776,100.0
20260924,541770,4921,56.82
20260924,541771,462013,100.0
20260924,541778,2318,100.0
20260924,541809,11904,69.42
20260924,541865,38631,70.74
20260924,541890,61648,100.0
20260924,541929,1548,75.22
20260924,541946,207347,99.95
20260924,541956,195555,74.97
20260924,541967,17521,46.25
20260924,541972,232,99.57
20260924,541973,1500,100.0
20260924,541974,4002,59.77
20260924,541983,3000,100.0
20260924,541988,40484,92.27
20260924,542011,16288,54.82
20260924,542012,1375432,100.0
20260924,542013,1649,93.32
20260924,542019,639,86.47
20260924,542020,61734,100.0
20260924,542025,48000,100.0
20260924,542034,35922,65.88
20260924,542046,93277,76.37
20260924,542057,9697,92.2
20260924,542066,14281,48.62
20260924,542123,3391,76.51
20260924,542131,24482,95.73
20260924,542141,9700,60.86
20260924,542146,2500,100.0
20260924,542155,30000,100.0
20260924,542176,26,100.0
20260924,542206,47498,100.0
20260924,542216,594,60.24
20260924,542230,2586,95.67
20260924,542231,55678,43.27
20260924,542232,112,69.14
20260924,542233,1002,99.6
20260924,542248,8555,84.15
20260924,542285,122804,67.05
20260924,542323,51246,38.05
20260924,542333,225,80.94
20260924,542337,1146,64.17
20260924,542351,3,100.0
20260924,542367,285,95.96
20260924,542383,2275,88.59
20260924,542399,1820,49.93
20260924,542437,6500,100.0
20260924,542446,68497,78.57
20260924,542459,2123,20.54
20260924,542460,559,45.67
20260924,542484,3501,60.89
20260924,542513,170,90.43
20260924,542524,254,100.0
20260924,542543,200000,88.89
20260924,542579,1392696,52.09
20260924,542580,105,100.0
20260924,542597,14406,70.25
20260924,542602,27556,82.12
20260924,542627,23313,100.0
20260924,542628,2166,66.93
20260924,542649,130535,59.59
20260924,542650,2845,57.77
20260924,542651,89010,56.49
20260924,542652,4545,57.51
20260924,542654,1936,92.76
20260924,542655,228315,76.22
20260924,542665,6406,50.41
20260924,542666,6040,58.66
20260924,542668,13000,100.0
20260924,542669,66954,67.71
20260924,542670,4365,88.2
20260924,542677,1346,100.0
20260924,542678,17947,100.0
20260924,542679,1,50.0
20260924,542682,589,95.77
20260924,542684,1599,100.0
20260924,542685,2349,99.75
20260924,542721,57602,100.0
20260924,542725,992444,83.16
20260924,542726,2084,61.11
20260924,542727,148300,91.94
20260924,542728,6000,100.0
20260924,542729,103,100.0
20260924,542730,23887,75.67
20260924,542747,8366,99.19
20260924,542752,3770,62.21
20260924,542758,49753,85.86
20260924,542759,4595,80.47
20260924,542760,57607,42.32
20260924,542770,959,71.67
20260924,542772,995810,98.17
20260924,542773,111421,89.09
20260924,542774,9220,64.77
20260924,542802,29999,52.74
20260924,542803,1276,60.94
20260924,542812,1734,64.99
20260924,542830,60975,59.21
20260924,542850,4000,100.0
20260924,542851,23997,100.0
20260924,542852,17557,84.78
20260924,542857,4717,49.5
20260924,542862,6205,99.98
20260924,542863,2121,74.53
20260924,542865,9990,87.39
20260924,542867,18869,70.73
20260924,542904,3476964,83.45
20260924,542905,18810,81.35
20260924,542907,3371,84.15
20260924,542909,390,77.38
20260924,542918,7527,100.0
20260924,542919,8463,65.76
20260924,542920,6645,67.91
20260924,542921,61692,72.67
20260924,542922,1330,92.11
20260924,542933,122,100.0
20260924,543064,18791,53.69
20260924,543065,8000,100.0
20260924,543066,18723,45.15
20260924,543079,118,100.0
20260924,543083,1,100.0
20260924,543092,51,68.92
20260924,543110,1024,100.0
20260924,543144,1246,96.66
20260924,543150,11355,69.42
20260924,543161,8,100.0
20260924,543165,100,100.0
20260924,543167,4584,78.98
20260924,543171,15458,100.0
20260924,543172,1125,100.0
20260924,543173,879,96.7
20260924,543174,8154,94.77
20260924,543175,138,97.87
20260924,543176,18,100.0
20260924,543177,37055,88.07
20260924,543178,103,90.35
20260924,543181,372,62.21
20260924,543182,401,56.08
20260924,543184,1,50.0
20260924,543186,302,69.27
20260924,543187,1523,45.34
20260924,543193,2483,84.48
20260924,543207,23647,91.89
20260924,543208,24572,87.61
20260924,543209,27000,75.0
20260924,543210,607,100.0
20260924,543211,16093,41.7
20260924,543212,7726,48.23
20260924,543213,1951,64.88
20260924,543214,1548,65.79
20260924,543217,6683,76.6
20260924,543218,18581,66.71
20260924,543219,7975,83.06
20260924,543220,17725,38.41
20260924,543221,151141,91.42
20260924,543223,682,78.21
20260924,543224,2393,99.5
20260924,543225,25000,100.0
20260924,543226,5645,98.07
20260924,543227,23350,57.81
20260924,543228,4623,65.4
20260924,543229,9,100.0
20260924,543230,3519,72.98
20260924,543231,102,100.0
20260924,543232,40091,45.23
20260924,543233,2948,100.0
20260924,543235,67822,43.63
20260924,543236,1606,99.63
20260924,543237,27530,43.74
20260924,543238,2322,57.66
20260924,543239,65100,100.0
20260924,543240,3168,81.11
20260924,543241,271,94.1
20260924,543242,15004,58.54
20260924,543243,166695,63.05
20260924,543244,4000,50.0
20260924,543245,103322,95.03
20260924,543246,556,79.43
20260924,543248,43174,45.83
20260924,543249,6742,65.63
20260924,543250,1061,53.29
20260924,543251,2258,100.0
20260924,543252,147,100.0
20260924,543253,14463,49.68
20260924,543254,3903,58.74
20260924,543255,56,73.68
20260924,543256,34969,100.0
20260924,543257,426621,59.62
20260924,543258,967,65.25
20260924,543259,1502,55.06
20260924,543260,1189,63.18
20260924,543261,10687,76.84
20260924,543262,7000,100.0
20260924,543263,23960,54.26
20260924,543264,589,100.0
20260924,543265,8276,55.78
20260924,543266,2463,74.05
20260924,543267,971533,76.71
20260924,543268,11613,70.82
20260924,543270,4065,100.0
20260924,543271,5312,57.71
20260924,543272,790907,68.89
20260924,543273,2719,43.21
20260924,543275,7812,67.64
20260924,543276,1310,57.13
20260924,543277,35002,58.54
20260924,543278,63506,37.25
20260924,543279,15716,73.33
20260924,543280,18723,40.99
20260924,543281,12030,32.21
20260924,543283,1819,100.0
20260924,543284,171650,64.85
20260924,543287,22049,54.29
20260924,543288,11129,41.04
20260924,543290,62700,74.96
20260924,543291,53299,65.82
20260924,543292,3334,48.07
20260924,543298,523519,97.85
20260924,543299,36342,46.6
20260924,543300,134630,54.32
20260924,543306,155,79.9
20260924,543308,11881,62.84
20260924,543311,14320,76.55
20260924,543317,46324,99.0
20260924,543318,6710,33.48
20260924,543320,1242086,64.34
20260924,543321,1549,44.65
20260924,543322,2908,63.4
20260924,543323,25228,95.1
20260924,543324,3817,23.95
20260924,543325,37876,44.88
20260924,543326,22614,68.07
20260924,543327,11069,88.99
20260924,543328,962,57.26
20260924,543329,2730,65.11
20260924,543330,42776,47.21
20260924,543331,28645,56.67
20260924,543332,1419,65.36
20260924,543333,12815,47.93
20260924,543334,8640,71.09
20260924,543335,48995,44.8
20260924,543336,13859,44.19
20260924,543341,5572,73.2
20260924,543346,1000,100.0
20260924,543347,351,98.04
20260924,543348,48,87.27
20260924,543349,20308,63.7
20260924,543350,4666,52.27
20260924,543351,6000,100.0
20260924,543358,15850,61.9
20260924,543363,6400,60.38
20260924,543364,3016,34.56
20260924,543365,67570,38.38
20260924,543366,8400,100.0
20260924,543367,15987,46.95
20260924,543373,13637,100.0
20260924,543374,5359,65.35
20260924,543375,2500,100.0
20260924,543376,6,100.0
20260924,543377,40000,66.67
20260924,543378,15000,96.77
20260924,543383,728,77.12
20260924,543384,31228,32.78
20260924,543386,3902,65.93
20260924,543387,2762,70.03
20260924,543388,672,99.56
20260924,543389,72157,71.77
20260924,543390,268918,46.15
20260924,543396,44829,34.94
20260924,543397,12331,28.79
20260924,543398,10443,68.3
20260924,543399,7618,69.03
20260924,543400,34000,85.0
20260924,543401,1507,45.19
20260924,543410,19500,90.91
20260924,543411,25530,79.52
20260924,543412,31991,61.3
20260924,543413,5287,29.19
20260924,543414,32554,69.93
20260924,543415,12509,68.11
20260924,543416,968,97.48
20260924,543417,7131,65.98
20260924,543418,5,100.0
20260924,543419,12080,72.5
20260924,543420,3489,71.41
20260924,543425,5998,54.35
20260924,543426,29725,92.22
20260924,543427,7939,86.33
20260924,543428,22657,51.32
20260924,543433,1665,95.8
20260924,543434,8190,49.83
20260924,543437,209489,41.28
20260924,543438,1352,100.0
20260924,543440,375,98.94
20260924,543441,17770,66.24
20260924,543442,184,100.0
20260924,543449,14246,62.83
20260924,543450,19524,72.46
20260924,543451,156670,100.0
20260924,543452,63426,72.21
20260924,543454,382,95.02
20260924,543458,98631,36.45
20260924,543460,500,50.0
20260924,543461,10000,100.0
20260924,543462,6865,73.9
20260924,543463,14333,55.14
20260924,543464,13000,100.0
20260924,543465,2257,99.96
20260924,543470,228,89.06
20260924,543471,42258,57.9
20260924,543472,4011,51.73
20260924,543473,21632,86.36
20260924,543474,20254,78.85
20260924,543480,2356,79.35
20260924,543481,132899,88.14
20260924,543482,4459,62.09
20260924,543489,26871,73.18
20260924,543490,94281,48.73
20260924,543497,6000,68.18
20260924,543498,343970,58.52
20260924,543499,33378,100.0
20260924,543500,32000,100.0
20260924,543501,428,87.88
20260924,543512,24200,81.19
20260924,543513,3455,100.0
20260924,543514,9727,56.31
20260924,543515,13875,86.05
20260924,543516,103600,100.0
20260924,543517,2991,68.21
20260924,543519,27000,90.0
20260924,543520,63000,100.0
20260924,543522,750,100.0
20260924,543523,11362,79.12
20260924,543524,77906,93.17
20260924,543525,15937,49.95
20260924,543526,158510,39.28
20260924,543527,1114,64.47
20260924,543528,3129,57.16
20260924,543529,10577,40.77
20260924,543530,51571,38.62
20260924,543531,19987,93.68
20260924,543532,1806,43.33
20260924,543533,14586,40.45
20260924,543534,6618,73.33
20260924,543535,567,100.0
20260924,543538,2000,100.0
20260924,543539,1622,69.26
20260924,543542,5900,32.24
20260924,543543,1200,60.0
20260924,543544,2250,100.0
20260924,543545,66800,57.14
20260924,543546,52000,92.86
20260924,543547,4762,73.53
20260924,543563,5658,83.65
20260924,543568,84671,88.8
20260924,543569,4629,91.57
20260924,543570,6511,62.43
20260924,543571,2957,69.87
20260924,543572,85677,71.43
20260924,543573,43559,35.95
20260924,543574,973,51.78
20260924,543575,1317,98.58
20260924,543576,1258,61.94
20260924,543577,6,100.0
20260924,543578,3700,80.0
20260924,543590,74714,100.0
20260924,543591,2655,84.66
20260924,543592,104419,66.98
20260924,543593,8490,74.5
20260924,543594,21000,58.33
20260924,543595,500,50.0
20260924,543596,5871,55.46
20260924,543597,3194,51.02
20260924,543599,2014,90.35
20260924,543600,3860,56.34
20260924,543606,8000,88.89
20260924,543607,205,95.35
20260924,543608,278,100.0
20260924,543614,411,99.76
20260924,543615,17600,81.48
20260924,543616,85800,70.1
20260924,543618,1500,100.0
20260924,543619,4350,91.58
20260924,543620,29670,61.82
20260924,543623,3000,100.0
20260924,543626,63797,46.87
20260924,543627,863,100.0
20260924,543628,11258,86.51
20260924,543635,113514,37.09
20260924,543636,37992,42.07
20260924,543637,78000,87.84
20260924,543638,7381,79.18
20260924,543643,12512,72.24
20260924,543644,3845,71.63
20260924,543645,55,91.67
20260924,543650,11422,60.48
20260924,543651,8000,22.22
20260924,543652,24658,73.14
20260924,543653,8139,51.46
20260924,543654,2377,43.14
20260924,543655,100000,100.0
20260924,543657,20090,47.07
20260924,543663,40378,41.79
20260924,543664,40982,40.55
20260924,543665,4898,94.92
20260924,543666,1452,99.66
20260924,543667,11322,53.64
20260924,543668,623,70.48
20260924,543669,464,58.51
20260924,543670,37677,82.37
20260924,543671,5997,88.06
20260924,543677,54530,86.25
20260924,543678,13000,92.86
20260924,543686,8928,71.37
20260924,543687,2426,65.78
20260924,543688,78443,69.35
20260924,543689,5122,71.16
20260924,543700,82,100.0
20260924,543709,7625,53.04
20260924,543710,1722,59.98
20260924,543711,8520,68.6
20260924,543712,144,100.0
20260924,543713,61000,81.33
20260924,543714,1123,66.25
20260924,543720,108661,89.72
20260924,543725,5339,84.87
20260924,543732,3866,78.37
20260924,543737,1755,99.94
20260924,543738,62,93.94
20260924,543743,11229,82.25
20260924,543744,1000,100.0
20260924,543745,6000,100.0
20260924,543746,6000,33.33
20260924,543747,126343,85.61
20260924,543748,16772,35.07
20260924,543753,39000,100.0
20260924,543754,2400,100.0
20260924,543766,313,100.0
20260924,543767,19311,55.84
20260924,543768,158436,48.65
20260924,543769,16000,100.0
20260924,543774,2511,97.06
20260924,543775,17360,68.78
20260924,543776,21178,86.94
20260924,543781,12064,65.98
20260924,543782,4500,86.21
20260924,543787,1155,58.33
20260924,543798,8000,100.0
20260924,543804,12000,100.0
20260924,543805,12000,80.0
20260924,543806,64400,74.19
20260924,543811,3881,92.43
20260924,543812,2501,61.75
20260924,543819,13939,86.55
20260924,543828,120000,68.18
20260924,543829,20685,88.83
20260924,543831,25875,95.83
20260924,543848,8000,100.0
20260924,543853,137,99.28
20260924,543858,3,50.0
20260924,543860,433,100.0
20260924,543861,7509,97.77
20260924,543874,12000,63.16
20260924,543895,34000,87.18
20260924,543896,8972,43.12
20260924,543898,5420,86.43
20260924,543899,60268,99.21
20260924,543900,7789,53.41
20260924,543901,200,100.0
20260924,543902,28000,73.68
20260924,543903,23526,65.87
20260924,543904,6174,46.48
20260924,543910,453,100.0
20260924,543911,102528,47.44
20260924,543912,4108,73.49
20260924,543913,9923,55.87
20260924,543914,24730,100.0
20260924,543915,6548,96.62
20260924,543916,53200,54.73
20260924,543917,11894,84.78
20260924,543918,29832,75.08
20260924,543919,7759,99.99
20260924,543920,23874,55.46
20260924,543922,5230,63.53
20260924,543923,8682,60.7
20260924,543926,19200,50.0
20260924,543927,983,99.9
20260924,543928,3900,86.67
20260924,543929,20217,60.4
20260924,543930,29,100.0
20260924,543931,14000,17.81
20260924,543932,13477,49.6
20260924,543933,9241,45.28
20260924,543934,15,100.0
20260924,543935,1683,94.18
20260924,543936,41741,76.06
20260924,543939,4000,72.73
20260924,543940,340031,64.26
20260924,543942,318733,72.54
20260924,543943,38000,90.48
20260924,543944,935,99.79
20260924,543945,33531,41.13
20260924,543946,72885,99.7
20260924,543947,3283,99.73
20260924,543948,180,31.97
20260924,543949,3771,99.92
20260924,543950,8684,32.9
20260924,543952,1294,49.15
20260924,543953,7000,32.18
20260924,543954,34951,78.73
20260924,543955,23542,93.62
20260924,543956,822,100.0
20260924,543957,20331,44.63
20260924,543958,6375,83.72
20260924,543959,75539,64.43
20260924,543960,10903,46.79
20260924,543962,2730,100.0
20260924,543963,9000,100.0
20260924,543965,9764,32.78
20260924,543969,4664,80.22
20260924,543971,65200,55.44
20260924,543972,37532,46.77
20260924,543973,533,99.81
20260924,543974,11967,59.03
20260924,543976,11363,57.11
20260924,543977,3538,51.63
20260924,543978,41390,48.78
20260924,543980,67515,95.12
20260924,543981,7282,44.7
20260924,543982,26000,92.86
20260924,543983,5084,66.07
20260924,543984,36695,59.25
20260924,543985,36577,69.08
20260924,543986,4682,76.94
20260924,543988,4310,56.02
20260924,543989,12364,61.71
20260924,543990,14214,30.06
20260924,543991,4400,61.11
20260924,543992,33837,67.2
20260924,543993,2499,64.32
20260924,543994,3201186,92.92
20260924,543995,17933,65.4
20260924,543996,560,50.82
20260924,543997,19800,33.85
20260924,543998,2801,100.0
20260924,543999,5911,98.76
20260924,544001,22125,100.0
20260924,544003,11411,86.16
20260924,544004,2086,60.18
20260924,544006,32959,66.23
20260924,544007,32358,51.32
20260924,544008,32063,37.59
20260924,544009,9006,52.06
20260924,544010,156,100.0
20260924,544012,54732,38.76
20260924,544013,3000,100.0
20260924,544014,13910,49.67
20260924,544015,500,100.0
20260924,544020,143017,100.0
20260924,544021,109703,46.42
20260924,544022,3259,49.37
20260924,544023,33000,100.0
20260924,544025,2400,66.67
20260924,544026,191021,55.35
20260924,544027,26821,57.68
20260924,544028,27621,36.49
20260924,544029,28817,59.93
20260924,544030,5535,41.27
20260924,544035,24000,93.75
20260924,544036,3200,80.0
20260924,544037,13600,78.16
20260924,544042,3491,66.21
20260924,544043,996,100.0
20260924,544044,18197,93.7
20260924,544045,239,62.24
20260924,544046,4201,42.17
20260924,544047,27000,85.71
20260924,544052,2000,100.0
20260924,544053,1377095,31.77
20260924,544054,12922,54.08
20260924,544055,10739,80.12
20260924,544057,4127,64.87
20260924,544058,454,84.54
20260924,544060,4564,100.0
20260924,544061,4156,50.78
20260924,544066,57,86.36
20260924,544067,4462,45.08
20260924,544072,3200,100.0
20260924,544073,3000,100.0
20260924,544074,1800,100.0
20260924,544079,257,100.0
20260924,544081,15084,47.32
20260924,544082,4000,66.67
20260924,544083,1000,100.0
20260924,544088,7501,55.0
20260924,544089,753101,76.42
20260924,544090,12,92.31
20260924,544091,132800,100.0
20260924,544092,137,100.0
20260924,544093,1215,97.36
20260924,544094,2400,66.67
20260924,544095,15549,71.13
20260924,544100,4524,81.51
20260924,544101,9600,100.0
20260924,544105,1500,100.0
20260924,544106,3600,100.0
20260924,544107,6013,57.29
20260924,544108,24000,78.43
20260924,544109,1063,100.0
20260924,544110,10001,86.4
20260924,544111,6559,69.45
20260924,544112,123,61.19
20260924,544117,4303,54.86
20260924,544118,10779,42.3
20260924,544119,12925,45.38
20260924,544120,866,85.74
20260924,544121,1000,50.0
20260924,544122,3584,46.29
20260924,544123,60,100.0
20260924,544124,154,99.35
20260924,544129,4579,65.33
20260924,544130,30702,80.08
20260924,544131,3474,77.58
20260924,544132,245794,86.77
20260924,544133,424762,94.6
20260924,544134,1869,94.39
20260924,544135,17091,100.0
20260924,544136,1221,84.56
20260924,544137,12760,79.24
20260924,544138,8593,38.67
20260924,544139,8000,100.0
20260924,544140,6437,38.77
20260924,544141,27200,80.95
20260924,544142,32461,83.62
20260924,544143,2500,100.0
20260924,544144,501,76.96
20260924,544149,368,98.13
20260924,544150,38000,59.84
20260924,544151,2000,100.0
20260924,544157,10000,54.05
20260924,544158,1667,82.85
20260924,544159,47700,70.83
20260924,544160,88000,100.0
20260924,544161,660,60.94
20260924,544162,730,38.12
20260924,544164,14000,100.0
20260924,544165,58500,60.94
20260924,544166,6000,100.0
20260924,544167,4595,54.14
20260924,544169,12000,66.67
20260924,544170,2000,50.0
20260924,544172,589254,95.86
20260924,544173,9000,100.0
20260924,544174,3123,52.15
20260924,544175,1200,100.0
20260924,544176,9134,69.66
20260924,544178,1200,100.0
20260924,544179,1223358,64.75
20260924,544180,17141,86.77
20260924,544181,10627,48.41
20260924,544182,100,98.04
20260924,544183,500,100.0
20260924,544184,5531,77.16
20260924,544185,2506,71.52
20260924,544186,21071,77.9
20260924,544187,4862,100.0
20260924,544189,3500,50.0
20260924,544190,4000,100.0
20260924,544191,16351,71.52
20260924,544192,38614,59.6
20260924,544193,17702,99.91
20260924,544194,106712,69.49
20260924,544196,45,100.0
20260924,544197,252,93.68
20260924,544198,11409,67.09
20260924,544199,25600,94.12
20260924,544200,8938,88.57
20260924,544201,62000,100.0
20260924,544202,3740,81.77
20260924,544203,210510,45.56
20260924,544204,2319,92.87
20260924,544205,1193,100.0
20260924,544206,34014,53.2
20260924,544207,1475,97.3
20260924,544209,6141,57.47
20260924,544210,1825,51.12
20260924,544212,11731,63.63
20260924,544213,7200,54.55
20260924,544214,4000,100.0
20260924,544215,8140,59.28
20260924,544216,8032,75.95
20260924,544217,5954,79.07
20260924,544218,3958,92.93
20260924,544219,3600,60.0
20260924,544221,3000,100.0
20260924,544222,8054,50.42
20260924,544223,5394,52.57
20260924,544224,25680,79.85
20260924,544225,10726789,43.03
20260924,544226,481373,30.7
20260924,544227,15355,63.12
20260924,544229,147921,67.55
20260924,544230,3108,46.73
20260924,544232,699,67.47
20260924,544233,2564,99.19
20260924,544235,6700,55.31
20260924,544237,800,100.0
20260924,544238,12674,37.62
20260924,544239,7899,95.11
20260924,544240,17051,32.66
20260924,544241,14831,65.5
20260924,544242,3000,100.0
20260924,544243,9756,49.46
20260924,544244,6123,59.19
20260924,544245,4800,100.0
20260924,544246,38,79.17
20260924,544247,5556,95.23
20260924,544248,7800,72.22
20260924,544249,2830,72.3
20260924,544250,233,68.93
20260924,544251,56000,100.0
20260924,544252,842924,87.57
20260924,544253,62069,48.67
20260924,544254,5188,77.17
20260924,544256,13140,57.19
20260924,544258,8975,79.54
20260924,544259,3000,100.0
20260924,544260,724426,95.71
20260924,544261,5728,66.98
20260924,544262,8107,41.73
20260924,544263,7961,59.18
20260924,544264,6438,60.51
20260924,544265,1200,50.0
20260924,544266,33,100.0
20260924,544267,35200,77.19
20260924,544268,98547,62.23
20260924,544270,1200,100.0
20260924,544271,22480,64.82
20260924,544272,4400,84.62
20260924,544273,29558,86.58
20260924,544274,8570,41.28
20260924,544275,1359,98.05
20260924,544276,115247,85.61
20260924,544277,20784,61.83
20260924,544278,7555,100.0
20260924,544279,4606,61.18
20260924,544280,32679,40.41
20260924,544281,8313,100.0
20260924,544282,301989,51.65
20260924,544283,17124,27.65
20260924,544284,2254,99.47
20260924,544285,130986,36.04
20260924,544286,32257,51.4
20260924,544287,3000,100.0
20260924,544288,21619,55.55
20260924,544289,193922,63.26
20260924,544290,20507,54.86
20260924,544291,10400,81.89
20260924,544292,3492,75.58
20260924,544293,2803,77.52
20260924,544294,6631,60.43
20260924,544296,10000,64.1
20260924,544301,3196,87.3
20260924,544302,246,3.05
20260924,544303,600,100.0
20260924,544304,3200,100.0
20260924,544305,52182,58.38
20260924,544306,62558,67.18
20260924,544307,581790,58.97
20260924,544308,5577,99.62
20260924,544309,4557,42.47
20260924,544310,50500,56.27
20260924,544311,30794,66.1
20260924,544312,12000,75.0
20260924,544314,28281,52.62
20260924,544315,1926,61.61
20260924,544316,17206,68.04
20260924,544317,45344,45.75
20260924,544318,13649,73.26
20260924,544319,3975,45.13
20260924,544320,3200,63.52
20260924,544321,2028,93.89
20260924,544322,5112,47.78
20260924,544323,13942,99.56
20260924,544324,6000,100.0
20260924,544325,280989,68.65
20260924,544326,3088,75.91
20260924,544327,12000,100.0
20260924,544328,4144,55.48
20260924,544329,4000,100.0
20260924,544330,20000,100.0
20260924,544331,36000,90.0
20260924,544332,15600,84.78
20260924,544333,19017,50.39
20260924,544334,16500,100.0
20260924,544335,9000,100.0
20260924,544336,15329,49.82
20260924,544337,13000,100.0
20260924,544338,31518,85.55
20260924,544339,4108,68.86
20260924,544340,94400,88.06
20260924,544341,14400,75.0
20260924,544342,22374,100.0
20260924,544343,18000,73.77
20260924,544344,2026,48.81
20260924,544345,5390,76.93
20260924,544346,666,86.95
20260924,544347,1000,100.0
20260924,544348,19200,66.67
20260924,544349,17600,84.62
20260924,544350,75034,90.57
20260924,544351,4800,75.0
20260924,544354,17400,82.86
20260924,544355,136,37.57
20260924,544356,9094,64.16
20260924,544361,582,50.83
20260924,544362,5865,62.75
20260924,544363,39,97.5
20260924,544364,1993,69.35
20260924,544365,2000,100.0
20260924,544367,19094,66.55
20260924,544368,2400,66.67
20260924,544369,8000,100.0
20260924,544370,1200,100.0
20260924,544371,21386,100.0
20260924,544372,15000,83.33
20260924,544373,11200,100.0
20260924,544375,1897,87.78
20260924,544376,998,90.56
20260924,544377,906,100.0
20260924,544379,6162,68.93
20260924,544380,168529,100.0
20260924,544381,1200,100.0
20260924,544382,1564,66.1
20260924,544383,1200,100.0
20260924,544384,292971,54.96
20260924,544385,5395,95.69
20260924,544386,571,100.0
20260924,544387,18000,61.02
20260924,544389,632,89.52
20260924,544390,6839,44.08
20260924,544392,4000,100.0
20260924,544394,4107,70.64
20260924,544395,1069732,54.67
20260924,544396,1622,59.9
20260924,544397,149871,39.16
20260924,544399,8400,100.0
20260924,544400,12000,75.0
20260924,544401,438,99.77
20260924,544402,14096,66.49
20260924,544403,60194,70.62
20260924,544404,1768,87.83
20260924,544405,79084,60.37
20260924,544406,40000,64.52
20260924,544407,55310,38.89
20260924,544408,3455,54.01
20260924,544409,1000,100.0
20260924,544410,25872,43.81
20260924,544411,171115,96.28
20260924,544412,12000,66.67
20260924,544413,5022,58.21
20260924,544414,59805,58.18
20260924,544415,383,100.0
20260924,544416,627,99.05
20260924,544417,10800,81.82
20260924,544418,26224,64.56
20260924,544419,50997,54.92
20260924,544420,509187,37.18
20260924,544421,22587,47.6
20260924,544423,13412,55.96
20260924,544424,2128,97.93
20260924,544425,2400,100.0
20260924,544426,1200,100.0
20260924,544427,28157,98.26
20260924,544428,14400,70.59
20260924,544429,4846,57.43
20260924,544430,120075,59.64
20260924,544431,13000,100.0
20260924,544432,625,69.37
20260924,544433,9600,100.0
20260924,544434,61600,100.0
20260924,544435,10400,100.0
20260924,544436,3600,100.0
20260924,544437,2400,100.0
20260924,544438,429758,58.98
20260924,544439,17375,44.59
20260924,544440,6000,100.0
20260924,544441,9600,75.0
20260924,544442,19800,67.35
20260924,544443,1454,69.11
20260924,544444,26400,100.0
20260924,544445,15000,100.0
20260924,544446,953,79.15
20260924,940709,15,100.0
20260924,940713,134,93.06
20260924,940715,343,100.0
20260924,940717,235,92.16
20260924,940719,10,100.0
20260924,940721,150,100.0
20260924,940725,4,100.0
20260924,940731,100,100.0
20260924,940757,69,56.56
20260924,940767,78,100.0
20260924,940777,650,99.85
20260924,940779,10,100.0
20260924,940789,100,100.0
20260924,940799,4,36.36
20260924,940813,174,100.0
20260924,940821,254,100.0
20260924,940837,60,100.0
20260924,940841,477,100.0
20260924,940843,3,100.0
20260924,940849,94,100.0
20260924,940859,55,100.0
20260924,940861,50,100.0
20260924,940868,20,100.0
20260924,940886,112,73.2
20260924,940915,23,100.0
20260924,940939,81,100.0
20260924,940943,54,100.0
20260924,940951,10,100.0
20260924,940955,270,66.5
20260924,940975,10,100.0
20260924,940977,190,100.0
20260924,940989,60,100.0
20260924,940991,13,100.0
20260924,940997,18,100.0
20260924,941015,93,100.0
20260924,941023,34,100.0
20260924,941035,71,100.0
20260924,941041,10,100.0
20260924,941043,50,100.0
20260924,941047,125,100.0
20260924,941049,250,76.22
20260924,941051,80,100.0
20260924,941057,60,100.0
20260924,941063,50,100.0
20260924,941069,50,100.0
20260924,941085,10,100.0
20260924,941089,45,100.0
20260924,941111,255,100.0
20260924,941113,111,100.0
20260924,941115,60,100.0
20260924,941119,1019,74.76
20260924,941121,10,100.0
20260924,941123,20,100.0
20260924,941125,548,99.82
20260924,941127,105,76.09
20260924,941129,323,100.0
20260924,941131,50,100.0
20260924,941135,200,100.0
20260924,941137,25,100.0
20260924,941141,50,100.0
20260924,941143,151,93.79
20260924,941145,10,100.0
20260924,941151,236,100.0
20260924,941159,100,54.05
20260924,941165,30,85.71
20260924,941167,500,100.0
20260924,941173,519,100.0
20260924,941185,170,77.27
20260924,941189,347,100.0
20260924,941193,495,95.56
20260924,941195,301,85.27
20260924,941199,7,100.0
20260924,941201,5,100.0
20260924,941231,114,100.0
20260924,957209,1,100.0
20260924,959320,2,100.0
20260924,961728,220,100.0
20260924,961730,120,100.0
20260924,961753,100,100.0
20260924,961767,25,96.15
20260924,961779,1000,98.04
20260924,961785,300,100.0
20260924,961791,25,100.0
20260924,961792,100,100.0
20260924,961798,40,100.0
20260924,961803,1000,70.37
20260924,961804,139,100.0
20260924,961822,77,100.0
20260924,961830,25,100.0
20260924,961839,1,100.0
20260924,961851,24,100.0
20260924,961875,1000,100.0
20260924,961895,419,100.0
20260924,961921,3724,100.0
20260924,972715,176,100.0
20260924,972773,4,100.0
20260924,973491,3547,96.18
20260924,973987,1,100.0
20260924,973990,1,100.0
20260924,974634,2,100.0
20260924,974914,10,100.0
20260924,974999,5,100.0
20260924,975000,10,100.0
20260924,975057,6,100.0
20260924,975251,1,100.0
20260924,975375,10,100.0
20260924,975572,1,50.0
20260924,975802,1,100.0
20260924,975848,3,100.0
20260924,975913,1,100.0
20260924,976020,0,0.0
20260924,976148,1,100.0
20260924,976248,268,100.0
20260924,976261,1,100.0
20260924,976325,151,71.9
20260924,976437,24,100.0
20260924,976483,1,100.0
20260924,976492,1,100.0
20260924,976675,1,100.0
20260924,976702,1,100.0
20260924,976712,1,100.0
20260924,976757,1,50.0
20260924,976808,177,75.64
20260924,976875,2,100.0
20260924,976928,4,100.0
20260924,976968,1,100.0
20260924,976970,17,100.0
20260924,976976,3,100.0
20260924,976985,27,100.0
20260924,977017,42,100.0
20260924,977029,1,100.0
20260924,977040,1,100.0
20260924,977044,15,100.0
20260924,977093,45,100.0
20260924,977107,1,100.0
20260924,977117,4,100.0
20260924,977123,1,100.0
20260924,977134,1,100.0
20260924,977144,5,100.0
20260924,977160,2,100.0
20260924,977172,4,100.0
20260924,977186,1,100.0
20260924,977187,1,100.0
20260924,977200,34,100.0
20260924,977226,4,100.0
20260924,977241,5,50.0
20260924,977250,8,100.0
20260924,977261,4,57.14
20260924,977289,1,100.0
20260924,977309,79,71.82
20260924,977315,1,100.0
20260924,977325,1,100.0
20260924,977331,1,100.0
20260924,977356,120,100.0
20260924,977367,24,100.0
20260924,977379,31,100.0
20260924,977380,1,100.0
20260924,977382,5,100.0
20260924,977397,2,100.0
20260924,977417,4,100.0
20260924,977418,2,100.0
20260924,977424,130,99.24
20260924,977438,1,100.0
20260924,977440,14,100.0
20260924,977445,7,100.0
20260924,977453,20,100.0
20260924,977456,140,100.0
20260924,977468,16,100.0
20260924,977473,17,100.0
20260924,977477,54,100.0
20260924,977488,2,100.0
20260924,977502,1,100.0
20260924,977508,30,100.0
20260924,977531,35,100.0
20260924,977532,508,99.8
20260924,977534,20,100.0
20260924,977541,230,100.0
20260924,977546,1,100.0
20260924,977558,17,100.0
20260924,977564,50,100.0
20260924,977575,34,100.0
20260924,977576,10,100.0
20260924,977583,20,100.0
20260924,977596,1,100.0
20260924,977598,19,100.0
20260924,977633,5,100.0
20260924,977642,1,100.0
20260924,977648,3,100.0
20260924,977649,5,50.0
20260924,977662,14,100.0
20260924,977671,3,100.0
20260924,977700,3,100.0
20260924,977706,1,100.0
20260924,977730,69,100.0
20260924,977732,131,85.06
20260924,977733,3,100.0
20260924,977740,46,97.87
20260924,977753,44,83.02
20260924,977773,71,100.0
20260924,977774,1,100.0
20260924,977801,20,100.0
20260924,977803,1,100.0
20260924,977806,5,100.0
20260924,977815,2,50.0
20260924,977818,1,100.0
20260924,977846,61,95.31
20260924,977855,3,100.0
20260924,977868,281,96.9
20260924,977869,38,84.44
20260924,977875,12,100.0
20260924,977913,420,100.0
20260924,977935,39,100.0
20260924,977948,150,100.0
20260924,977979,1,100.0
20260924,977984,2,100.0
20260924,977986,5,55.56
20260924,977991,1,100.0
20260924,977993,4,100.0
20260924,977996,3,100.0
20260924,978006,51,100.0
20260924,978007,8,100.0
20260924,978019,20,100.0
20260924,978024,5,100.0
20260924,978025,18,100.0
20260924,978033,10,100.0
20260924,978034,609,100.0
20260924,978035,15,100.0
20260924,978037,5,100.0
20260924,978039,21,100.0
20260924,978051,7,100.0
20260924,978068,5,100.0
20260924,978075,40,100.0
20260924,978086,1,100.0
20260924,978094,104,86.67
20260924,978096,1,100.0
20260924,978115,5,100.0
20260924,978120,1,100.0
20260924,978167,34,100.0
20260924,978169,106,100.0
